ticker,tier,complete_lenses_count,latest_fiscal_year,latest_quarter,latest_mode,capital-allocation,customer-distribution,competition,disclosure-honesty,guidance-credibility,earning-quality,earnings-forecast,financial-strength,promoter-activity,industry-analysis
"20MICRONS","Tier 1","10","FY2026","Q4","Historic","FY2026 Q4 [Historic]","FY2026 Q4 [Historic]","FY2026 Q4 [Historic]","FY2026 Q4 [Historic]","FY2026 Q4 [Historic]","FY2026 Q4 [Historic]","FY2026 Q4 [Historic]","FY2026 Q4 [Historic]","FY2026 Q4 [Historic]","FY2026 Q4 [Historic]"
"5PAISA","Tier 1","10","FY2026","Q4","Historic","FY2026 Q4 [Historic]","FY2026 Q4 [Historic]","FY2026 Q4 [Historic]","FY2026 Q4 [Historic]","FY2026 Q4 [Historic]","FY2026 Q4 [Historic]","FY2026 Q4 [Historic]","FY2026 Q4 [Historic]","FY2026 Q4 [Historic]","FY2026 Q4 [Historic]"
"AADHARHFC","Tier 1","10","FY2026","Q4","Historic","FY2026 Q4 [Historic]","FY2026 Q4 [Historic]","FY2026 Q4 [Historic]","FY2026 Q4 [Historic]","FY2026 Q4 [Historic]","FY2026 Q4 [Historic]","FY2026 Q4 [Historic]","FY2026 Q4 [Historic]","FY2026 Q4 [Historic]","FY2026 Q4 [Historic]"
"AARTIPHARM","Tier 1","10","FY2026","Q4","Historic","FY2026 Q4 [Historic]","FY2026 Q4 [Historic]","FY2026 Q4 [Historic]","FY2026 Q4 [Historic]","FY2026 Q4 [Historic]","FY2026 Q4 [Historic]","FY2026 Q4 [Historic]","FY2026 Q4 [Historic]","FY2026 Q4 [Historic]","FY2026 Q4 [Historic]"
"ABDL","Tier 1","10","FY2027","Q1","Incremental","FY2027 Q1 [Incremental]","FY2027 Q1 [Incremental]","FY2027 Q1 [Incremental]","FY2027 Q1 [Incremental]","FY2027 Q1 [Incremental]","FY2027 Q1 [Incremental]","FY2027 Q1 [Incremental]","FY2027 Q1 [Incremental]","FY2027 Q1 [Incremental]","FY2027 Q1 [Incremental]"
"ABFRL","Tier 1","10","FY2026","Q4","Historic","FY2026 Q4 [Historic]","FY2026 Q4 [Historic]","FY2026 Q4 [Historic]","FY2026 Q4 [Historic]","FY2026 Q4 [Historic]","FY2026 Q4 [Historic]","FY2026 Q4 [Historic]","FY2026 Q4 [Historic]","FY2026 Q4 [Historic]","FY2026 Q4 [Historic]"
"ABLBL","Tier 1","10","FY2026","Q4","Historic","FY2026 Q4 [Historic]","FY2026 Q4 [Historic]","FY2026 Q4 [Historic]","FY2026 Q4 [Historic]","FY2026 Q4 [Historic]","FY2026 Q4 [Historic]","FY2026 Q4 [Historic]","FY2026 Q4 [Historic]","FY2026 Q4 [Historic]","FY2026 Q4 [Historic]"
"ABREL","Tier 1","10","FY2026","Q4","Historic","FY2026 Q4 [Historic]","FY2026 Q4 [Historic]","FY2026 Q4 [Historic]","FY2026 Q4 [Historic]","FY2026 Q4 [Historic]","FY2026 Q4 [Historic]","FY2026 Q4 [Historic]","FY2026 Q4 [Historic]","FY2026 Q4 [Historic]","FY2026 Q4 [Historic]"
"ABSLAMC","Tier 1","10","FY2026","Q4","Historic","FY2026 Q4 [Historic]","FY2026 Q4 [Historic]","FY2026 Q4 [Historic]","FY2026 Q4 [Historic]","FY2026 Q4 [Historic]","FY2026 Q4 [Historic]","FY2026 Q4 [Historic]","FY2026 Q4 [Historic]","FY2026 Q4 [Historic]","FY2026 Q4 [Historic]"
"ACC","Tier 1","10","FY2026","Q4","Historic","FY2026 Q4 [Historic]","FY2026 Q4 [Historic]","FY2026 Q4 [Historic]","FY2026 Q4 [Historic]","FY2026 Q4 [Historic]","FY2026 Q4 [Historic]","FY2026 Q4 [Historic]","FY2026 Q4 [Historic]","FY2026 Q4 [Historic]","FY2026 Q4 [Historic]"
"ACI","Tier 1","10","FY2026","Q4","Historic","FY2026 Q4 [Historic]","FY2026 Q4 [Historic]","FY2026 Q4 [Historic]","FY2026 Q4 [Historic]","FY2026 Q4 [Historic]","FY2026 Q4 [Historic]","FY2026 Q4 [Historic]","FY2026 Q4 [Historic]","FY2026 Q4 [Historic]","FY2026 Q4 [Historic]"
"ACMESOLAR","Tier 1","10","FY2026","Q4","Historic","FY2026 Q4 [Historic]","FY2026 Q4 [Historic]","FY2026 Q4 [Historic]","FY2026 Q4 [Historic]","FY2026 Q4 [Historic]","FY2026 Q4 [Historic]","FY2026 Q4 [Historic]","FY2026 Q4 [Historic]","FY2026 Q4 [Historic]","FY2026 Q4 [Historic]"
"ADANIENSOL","Tier 1","10","FY2027","Q1","Incremental","FY2027 Q1 [Incremental]","FY2027 Q1 [Incremental]","FY2027 Q1 [Incremental]","FY2027 Q1 [Incremental]","FY2027 Q1 [Incremental]","FY2027 Q1 [Incremental]","FY2027 Q1 [Incremental]","FY2027 Q1 [Incremental]","FY2027 Q1 [Incremental]","FY2027 Q1 [Incremental]"
"ADANIENT","Tier 1","10","FY2027","Q1","Incremental","FY2027 Q1 [Incremental]","FY2027 Q1 [Incremental]","FY2027 Q1 [Incremental]","FY2027 Q1 [Incremental]","FY2027 Q1 [Incremental]","FY2027 Q1 [Incremental]","FY2027 Q1 [Incremental]","FY2027 Q1 [Incremental]","FY2027 Q1 [Incremental]","FY2027 Q1 [Incremental]"
"ADANIGREEN","Tier 1","10","FY2026","Q4","Historic","FY2026 Q4 [Historic]","FY2026 Q4 [Historic]","FY2026 Q4 [Historic]","FY2026 Q4 [Historic]","FY2026 Q4 [Historic]","FY2026 Q4 [Historic]","FY2026 Q4 [Historic]","FY2026 Q4 [Historic]","FY2026 Q4 [Historic]","FY2026 Q4 [Historic]"
"ADANIPORTS","Tier 1","10","FY2026","Q4","Historic","FY2026 Q4 [Historic]","FY2026 Q4 [Historic]","FY2026 Q4 [Historic]","FY2026 Q4 [Historic]","FY2026 Q4 [Historic]","FY2026 Q4 [Historic]","FY2026 Q4 [Historic]","FY2026 Q4 [Historic]","FY2026 Q4 [Historic]","FY2026 Q4 [Historic]"
"ADANIPOWER","Tier 1","10","FY2026","Q4","Historic","FY2026 Q4 [Historic]","FY2026 Q4 [Historic]","FY2026 Q4 [Historic]","FY2026 Q4 [Historic]","FY2026 Q4 [Historic]","FY2026 Q4 [Historic]","FY2026 Q4 [Historic]","FY2026 Q4 [Historic]","FY2026 Q4 [Historic]","FY2026 Q4 [Historic]"
"ADFFOODS","Tier 1","10","FY2026","Q4","Historic","FY2026 Q4 [Historic]","FY2026 Q4 [Historic]","FY2026 Q4 [Historic]","FY2026 Q4 [Historic]","FY2026 Q4 [Historic]","FY2026 Q4 [Historic]","FY2026 Q4 [Historic]","FY2026 Q4 [Historic]","FY2026 Q4 [Historic]","FY2026 Q4 [Historic]"
"ADOR","Tier 1","10","FY2026","Q4","Historic","FY2026 Q4 [Historic]","FY2026 Q4 [Historic]","FY2026 Q4 [Historic]","FY2026 Q4 [Historic]","FY2026 Q4 [Historic]","FY2026 Q4 [Historic]","FY2026 Q4 [Historic]","FY2026 Q4 [Historic]","FY2026 Q4 [Historic]","FY2026 Q4 [Historic]"
"ADSL","Tier 1","10","FY2026","Q4","Historic","FY2026 Q4 [Historic]","FY2026 Q4 [Historic]","FY2026 Q4 [Historic]","FY2026 Q4 [Historic]","FY2026 Q4 [Historic]","FY2026 Q4 [Historic]","FY2026 Q4 [Historic]","FY2026 Q4 [Historic]","FY2026 Q4 [Historic]","FY2026 Q4 [Historic]"
"ADVAIT","Tier 1","10","FY2026","Q4","Historic","FY2026 Q4 [Historic]","FY2026 Q4 [Historic]","FY2026 Q4 [Historic]","FY2026 Q4 [Historic]","FY2026 Q4 [Historic]","FY2026 Q4 [Historic]","FY2026 Q4 [Historic]","FY2026 Q4 [Historic]","FY2026 Q4 [Historic]","FY2026 Q4 [Historic]"
"ADVENZYMES","Tier 1","10","FY2026","Q4","Historic","FY2026 Q4 [Historic]","FY2026 Q4 [Historic]","FY2026 Q4 [Historic]","FY2026 Q4 [Historic]","FY2026 Q4 [Historic]","FY2026 Q4 [Historic]","FY2026 Q4 [Historic]","FY2026 Q4 [Historic]","FY2026 Q4 [Historic]","FY2026 Q4 [Historic]"
"AEGISLOG","Tier 1","10","FY2026","Q4","Historic","FY2026 Q4 [Historic]","FY2026 Q4 [Historic]","FY2026 Q4 [Historic]","FY2026 Q4 [Historic]","FY2026 Q4 [Historic]","FY2026 Q4 [Historic]","FY2026 Q4 [Historic]","FY2026 Q4 [Historic]","FY2026 Q4 [Historic]","FY2026 Q4 [Historic]"
"AEGISVOPAK","Tier 1","10","FY2026","Q4","Historic","FY2026 Q4 [Historic]","FY2026 Q4 [Historic]","FY2026 Q4 [Historic]","FY2026 Q4 [Historic]","FY2026 Q4 [Historic]","FY2026 Q4 [Historic]","FY2026 Q4 [Historic]","FY2026 Q4 [Historic]","FY2026 Q4 [Historic]","FY2026 Q4 [Historic]"
"AEROFLEX","Tier 1","10","FY2026","Q4","Historic","FY2026 Q4 [Historic]","FY2026 Q4 [Historic]","FY2026 Q4 [Historic]","FY2026 Q4 [Historic]","FY2026 Q4 [Historic]","FY2026 Q4 [Historic]","FY2026 Q4 [Historic]","FY2026 Q4 [Historic]","FY2026 Q4 [Historic]","FY2026 Q4 [Historic]"
"AETHER","Tier 1","10","FY2026","Q4","Historic","FY2026 Q4 [Historic]","FY2026 Q4 [Historic]","FY2026 Q4 [Historic]","FY2026 Q4 [Historic]","FY2026 Q4 [Historic]","FY2026 Q4 [Historic]","FY2026 Q4 [Historic]","FY2026 Q4 [Historic]","FY2026 Q4 [Historic]","FY2026 Q4 [Historic]"
"AFCONS","Tier 1","10","FY2026","Q4","Historic","FY2026 Q4 [Historic]","FY2026 Q4 [Historic]","FY2026 Q4 [Historic]","FY2026 Q4 [Historic]","FY2026 Q4 [Historic]","FY2026 Q4 [Historic]","FY2026 Q4 [Historic]","FY2026 Q4 [Historic]","FY2026 Q4 [Historic]","FY2026 Q4 [Historic]"
"AFFLE","Tier 1","10","FY2026","Q4","Historic","FY2026 Q4 [Historic]","FY2026 Q4 [Historic]","FY2026 Q4 [Historic]","FY2026 Q4 [Historic]","FY2026 Q4 [Historic]","FY2026 Q4 [Historic]","FY2026 Q4 [Historic]","FY2026 Q4 [Historic]","FY2026 Q4 [Historic]","FY2026 Q4 [Historic]"
"AGARWALEYE","Tier 1","10","FY2026","Q4","Historic","FY2026 Q4 [Historic]","FY2026 Q4 [Historic]","FY2026 Q4 [Historic]","FY2026 Q4 [Historic]","FY2026 Q4 [Historic]","FY2026 Q4 [Historic]","FY2026 Q4 [Historic]","FY2026 Q4 [Historic]","FY2026 Q4 [Historic]","FY2026 Q4 [Historic]"
"AHLUCONT","Tier 1","10","FY2026","Q4","Historic","FY2026 Q4 [Historic]","FY2026 Q4 [Historic]","FY2026 Q4 [Historic]","FY2026 Q4 [Historic]","FY2026 Q4 [Historic]","FY2026 Q4 [Historic]","FY2026 Q4 [Historic]","FY2026 Q4 [Historic]","FY2026 Q4 [Historic]","FY2026 Q4 [Historic]"
"AIAENG","Tier 1","10","FY2026","Q4","Historic","FY2026 Q4 [Historic]","FY2026 Q4 [Historic]","FY2026 Q4 [Historic]","FY2026 Q4 [Historic]","FY2026 Q4 [Historic]","FY2026 Q4 [Historic]","FY2026 Q4 [Historic]","FY2026 Q4 [Historic]","FY2026 Q4 [Historic]","FY2026 Q4 [Historic]"
"AJANTPHARM","Tier 1","10","FY2027","Q1","Incremental","FY2027 Q1 [Incremental]","FY2027 Q1 [Incremental]","FY2027 Q1 [Incremental]","FY2027 Q1 [Incremental]","FY2027 Q1 [Incremental]","FY2027 Q1 [Incremental]","FY2027 Q1 [Incremental]","FY2027 Q1 [Incremental]","FY2027 Q1 [Incremental]","FY2027 Q1 [Incremental]"
"AJAXENGG","Tier 1","10","FY2026","Q4","Historic","FY2026 Q4 [Historic]","FY2026 Q4 [Historic]","FY2026 Q4 [Historic]","FY2026 Q4 [Historic]","FY2026 Q4 [Historic]","FY2026 Q4 [Historic]","FY2026 Q4 [Historic]","FY2026 Q4 [Historic]","FY2026 Q4 [Historic]","FY2026 Q4 [Historic]"
"AJMERA","Tier 1","10","FY2026","Q4","Historic","FY2026 Q4 [Historic]","FY2026 Q4 [Historic]","FY2026 Q4 [Historic]","FY2026 Q4 [Historic]","FY2026 Q4 [Historic]","FY2026 Q4 [Historic]","FY2026 Q4 [Historic]","FY2026 Q4 [Historic]","FY2026 Q4 [Historic]","FY2026 Q4 [Historic]"
"AKUMS","Tier 1","10","FY2026","Q4","Historic","FY2026 Q4 [Historic]","FY2026 Q4 [Historic]","FY2026 Q4 [Historic]","FY2026 Q4 [Historic]","FY2026 Q4 [Historic]","FY2026 Q4 [Historic]","FY2026 Q4 [Historic]","FY2026 Q4 [Historic]","FY2026 Q4 [Historic]","FY2026 Q4 [Historic]"
"ALICON","Tier 1","10","FY2026","Q4","Historic","FY2026 Q4 [Historic]","FY2026 Q4 [Historic]","FY2026 Q4 [Historic]","FY2026 Q4 [Historic]","FY2026 Q4 [Historic]","FY2026 Q4 [Historic]","FY2026 Q4 [Historic]","FY2026 Q4 [Historic]","FY2026 Q4 [Historic]","FY2026 Q4 [Historic]"
"ALIVUS","Tier 1","10","FY2026","Q4","Historic","FY2026 Q4 [Historic]","FY2026 Q4 [Historic]","FY2026 Q4 [Historic]","FY2026 Q4 [Historic]","FY2026 Q4 [Historic]","FY2026 Q4 [Historic]","FY2026 Q4 [Historic]","FY2026 Q4 [Historic]","FY2026 Q4 [Historic]","FY2026 Q4 [Historic]"
"ALKEM","Tier 1","10","FY2026","Q4","Historic","FY2026 Q4 [Historic]","FY2026 Q4 [Historic]","FY2026 Q4 [Historic]","FY2026 Q4 [Historic]","FY2026 Q4 [Historic]","FY2026 Q4 [Historic]","FY2026 Q4 [Historic]","FY2026 Q4 [Historic]","FY2026 Q4 [Historic]","FY2026 Q4 [Historic]"
"ALLDIGI","Tier 1","10","FY2026","Q4","Historic","FY2026 Q4 [Historic]","FY2026 Q4 [Historic]","FY2026 Q4 [Historic]","FY2026 Q4 [Historic]","FY2026 Q4 [Historic]","FY2026 Q4 [Historic]","FY2026 Q4 [Historic]","FY2026 Q4 [Historic]","FY2026 Q4 [Historic]","FY2026 Q4 [Historic]"
"AMBUJACEM","Tier 1","10","FY2026","Q4","Historic","FY2026 Q4 [Historic]","FY2026 Q4 [Historic]","FY2026 Q4 [Historic]","FY2026 Q4 [Historic]","FY2026 Q4 [Historic]","FY2026 Q4 [Historic]","FY2026 Q4 [Historic]","FY2026 Q4 [Historic]","FY2026 Q4 [Historic]","FY2026 Q4 [Historic]"
"ANANDRATHI","Tier 1","10","FY2026","Q4","Historic","FY2026 Q4 [Historic]","FY2026 Q4 [Historic]","FY2026 Q4 [Historic]","FY2026 Q4 [Historic]","FY2026 Q4 [Historic]","FY2026 Q4 [Historic]","FY2026 Q4 [Historic]","FY2026 Q4 [Historic]","FY2026 Q4 [Historic]","FY2026 Q4 [Historic]"
"ANGELONE","Tier 1","10","FY2027","Q1","Incremental","FY2027 Q1 [Incremental]","FY2027 Q1 [Incremental]","FY2027 Q1 [Incremental]","FY2027 Q1 [Incremental]","FY2027 Q1 [Incremental]","FY2027 Q1 [Incremental]","FY2027 Q1 [Incremental]","FY2027 Q1 [Incremental]","FY2027 Q1 [Incremental]","FY2027 Q1 [Incremental]"
"ANTHEM","Tier 1","10","FY2026","Q4","Historic","FY2026 Q4 [Historic]","FY2026 Q4 [Historic]","FY2026 Q4 [Historic]","FY2026 Q4 [Historic]","FY2026 Q4 [Historic]","FY2026 Q4 [Historic]","FY2026 Q4 [Historic]","FY2026 Q4 [Historic]","FY2026 Q4 [Historic]","FY2026 Q4 [Historic]"
"ANUP","Tier 1","10","FY2026","Q4","Historic","FY2026 Q4 [Historic]","FY2026 Q4 [Historic]","FY2026 Q4 [Historic]","FY2026 Q4 [Historic]","FY2026 Q4 [Historic]","FY2026 Q4 [Historic]","FY2026 Q4 [Historic]","FY2026 Q4 [Historic]","FY2026 Q4 [Historic]","FY2026 Q4 [Historic]"
"ANURAS","Tier 1","10","FY2026","Q4","Historic","FY2026 Q4 [Historic]","FY2026 Q4 [Historic]","FY2026 Q4 [Historic]","FY2026 Q4 [Historic]","FY2026 Q4 [Historic]","FY2026 Q4 [Historic]","FY2026 Q4 [Historic]","FY2026 Q4 [Historic]","FY2026 Q4 [Historic]","FY2026 Q4 [Historic]"
"APARINDS","Tier 1","10","FY2026","Q4","Historic","FY2026 Q4 [Historic]","FY2026 Q4 [Historic]","FY2026 Q4 [Historic]","FY2026 Q4 [Historic]","FY2026 Q4 [Historic]","FY2026 Q4 [Historic]","FY2026 Q4 [Historic]","FY2026 Q4 [Historic]","FY2026 Q4 [Historic]","FY2026 Q4 [Historic]"
"APCOTEXIND","Tier 1","10","FY2026","Q4","Historic","FY2026 Q4 [Historic]","FY2026 Q4 [Historic]","FY2026 Q4 [Historic]","FY2026 Q4 [Historic]","FY2026 Q4 [Historic]","FY2026 Q4 [Historic]","FY2026 Q4 [Historic]","FY2026 Q4 [Historic]","FY2026 Q4 [Historic]","FY2026 Q4 [Historic]"
"APEX","Tier 1","10","FY2026","Q4","Historic","FY2026 Q4 [Historic]","FY2026 Q4 [Historic]","FY2026 Q4 [Historic]","FY2026 Q4 [Historic]","FY2026 Q4 [Historic]","FY2026 Q4 [Historic]","FY2026 Q4 [Historic]","FY2026 Q4 [Historic]","FY2026 Q4 [Historic]","FY2026 Q4 [Historic]"
"APLLTD","Tier 1","10","FY2026","Q4","Historic","FY2026 Q4 [Historic]","FY2026 Q4 [Historic]","FY2026 Q4 [Historic]","FY2026 Q4 [Historic]","FY2026 Q4 [Historic]","FY2026 Q4 [Historic]","FY2026 Q4 [Historic]","FY2026 Q4 [Historic]","FY2026 Q4 [Historic]","FY2026 Q4 [Historic]"
"APOLLO","Tier 1","10","FY2026","Q4","Historic","FY2026 Q4 [Historic]","FY2026 Q4 [Historic]","FY2026 Q4 [Historic]","FY2026 Q4 [Historic]","FY2026 Q4 [Historic]","FY2026 Q4 [Historic]","FY2026 Q4 [Historic]","FY2026 Q4 [Historic]","FY2026 Q4 [Historic]","FY2026 Q4 [Historic]"
"APOLLOHOSP","Tier 1","10","FY2026","Q4","Historic","FY2026 Q4 [Historic]","FY2026 Q4 [Historic]","FY2026 Q4 [Historic]","FY2026 Q4 [Historic]","FY2026 Q4 [Historic]","FY2026 Q4 [Historic]","FY2026 Q4 [Historic]","FY2026 Q4 [Historic]","FY2026 Q4 [Historic]","FY2026 Q4 [Historic]"
"APOLLOPIPE","Tier 1","10","FY2026","Q4","Historic","FY2026 Q4 [Historic]","FY2026 Q4 [Historic]","FY2026 Q4 [Historic]","FY2026 Q4 [Historic]","FY2026 Q4 [Historic]","FY2026 Q4 [Historic]","FY2026 Q4 [Historic]","FY2026 Q4 [Historic]","FY2026 Q4 [Historic]","FY2026 Q4 [Historic]"
"APOLLOTYRE","Tier 1","10","FY2027","Q1","Incremental","FY2027 Q1 [Historic]","FY2027 Q1 [Incremental]","FY2027 Q1 [Incremental]","FY2027 Q1 [Historic]","FY2027 Q1 [Incremental]","FY2027 Q1 [Incremental]","FY2027 Q1 [Incremental]","FY2027 Q1 [Incremental]","FY2027 Q1 [Incremental]","FY2027 Q1 [Incremental]"
"APTUS","Tier 1","10","FY2026","Q4","Historic","FY2026 Q4 [Historic]","FY2026 Q4 [Historic]","FY2026 Q4 [Historic]","FY2026 Q4 [Historic]","FY2026 Q4 [Historic]","FY2026 Q4 [Historic]","FY2026 Q4 [Historic]","FY2026 Q4 [Historic]","FY2026 Q4 [Historic]","FY2026 Q4 [Historic]"
"ARE&M","Tier 1","10","FY2026","Q4","Historic","FY2026 Q4 [Historic]","FY2026 Q4 [Historic]","FY2026 Q4 [Historic]","FY2026 Q4 [Historic]","FY2026 Q4 [Historic]","FY2026 Q4 [Historic]","FY2026 Q4 [Historic]","FY2026 Q4 [Historic]","FY2026 Q4 [Historic]","FY2026 Q4 [Historic]"
"ARIHANTSUP","Tier 1","10","FY2026","Q4","Historic","FY2026 Q4 [Historic]","FY2026 Q4 [Historic]","FY2026 Q4 [Historic]","FY2026 Q4 [Historic]","FY2026 Q4 [Historic]","FY2026 Q4 [Historic]","FY2026 Q4 [Historic]","FY2026 Q4 [Historic]","FY2026 Q4 [Historic]","FY2026 Q4 [Historic]"
"ARKADE","Tier 1","10","FY2026","Q4","Historic","FY2026 Q4 [Historic]","FY2026 Q4 [Historic]","FY2026 Q4 [Historic]","FY2026 Q4 [Historic]","FY2026 Q4 [Historic]","FY2026 Q4 [Historic]","FY2026 Q4 [Historic]","FY2026 Q4 [Historic]","FY2026 Q4 [Historic]","FY2026 Q4 [Historic]"
"ARVIND","Tier 1","10","FY2026","Q4","Historic","FY2026 Q4 [Historic]","FY2026 Q4 [Historic]","FY2026 Q4 [Historic]","FY2026 Q4 [Historic]","FY2026 Q4 [Historic]","FY2026 Q4 [Historic]","FY2026 Q4 [Historic]","FY2026 Q4 [Historic]","FY2026 Q4 [Historic]","FY2026 Q4 [Historic]"
"ARVINDFASN","Tier 1","10","FY2026","Q4","Historic","FY2026 Q4 [Historic]","FY2026 Q4 [Historic]","FY2026 Q4 [Historic]","FY2026 Q4 [Historic]","FY2026 Q4 [Historic]","FY2026 Q4 [Historic]","FY2026 Q4 [Historic]","FY2026 Q4 [Historic]","FY2026 Q4 [Historic]","FY2026 Q4 [Historic]"
"ARVSMART","Tier 1","10","FY2026","Q4","Historic","FY2026 Q4 [Historic]","FY2026 Q4 [Historic]","FY2026 Q4 [Historic]","FY2026 Q4 [Historic]","FY2026 Q4 [Historic]","FY2026 Q4 [Historic]","FY2026 Q4 [Historic]","FY2026 Q4 [Historic]","FY2026 Q4 [Historic]","FY2026 Q4 [Historic]"
"ASAHISONG","Tier 1","10","FY2026","Q4","Historic","FY2026 Q4 [Historic]","FY2026 Q4 [Historic]","FY2026 Q4 [Historic]","FY2026 Q4 [Historic]","FY2026 Q4 [Historic]","FY2026 Q4 [Historic]","FY2026 Q4 [Historic]","FY2026 Q4 [Historic]","FY2026 Q4 [Historic]","FY2026 Q4 [Historic]"
"ASALCBR","Tier 1","10","FY2026","Q4","Historic","FY2026 Q4 [Historic]","FY2026 Q4 [Historic]","FY2026 Q4 [Historic]","FY2026 Q4 [Historic]","FY2026 Q4 [Historic]","FY2026 Q4 [Historic]","FY2026 Q4 [Historic]","FY2026 Q4 [Historic]","FY2026 Q4 [Historic]","FY2026 Q4 [Historic]"
"ASHAPURMIN","Tier 1","10","FY2026","Q4","Historic","FY2026 Q4 [Historic]","FY2026 Q4 [Historic]","FY2026 Q4 [Historic]","FY2026 Q4 [Historic]","FY2026 Q4 [Historic]","FY2026 Q4 [Historic]","FY2026 Q4 [Historic]","FY2026 Q4 [Historic]","FY2026 Q4 [Historic]","FY2026 Q4 [Historic]"
"ASHOKLEY","Tier 1","10","FY2026","Q4","Historic","FY2026 Q4 [Historic]","FY2026 Q4 [Historic]","FY2026 Q4 [Historic]","FY2026 Q4 [Historic]","FY2026 Q4 [Historic]","FY2026 Q4 [Historic]","FY2026 Q4 [Historic]","FY2026 Q4 [Historic]","FY2026 Q4 [Historic]","FY2026 Q4 [Historic]"
"ASIANENE","Tier 1","10","FY2026","Q4","Historic","FY2026 Q4 [Historic]","FY2026 Q4 [Historic]","FY2026 Q4 [Historic]","FY2026 Q4 [Historic]","FY2026 Q4 [Historic]","FY2026 Q4 [Historic]","FY2026 Q4 [Historic]","FY2026 Q4 [Historic]","FY2026 Q4 [Historic]","FY2026 Q4 [Historic]"
"ASIANPAINT","Tier 1","10","FY2026","Q4","Historic","FY2026 Q4 [Historic]","FY2026 Q4 [Historic]","FY2026 Q4 [Historic]","FY2026 Q4 [Historic]","FY2026 Q4 [Historic]","FY2026 Q4 [Historic]","FY2026 Q4 [Historic]","FY2026 Q4 [Historic]","FY2026 Q4 [Historic]","FY2026 Q4 [Historic]"
"ASKAUTOLTD","Tier 1","10","FY2026","Q4","Historic","FY2026 Q4 [Historic]","FY2026 Q4 [Historic]","FY2026 Q4 [Historic]","FY2026 Q4 [Historic]","FY2026 Q4 [Historic]","FY2026 Q4 [Historic]","FY2026 Q4 [Historic]","FY2026 Q4 [Historic]","FY2026 Q4 [Historic]","FY2026 Q4 [Historic]"
"ASTRAL","Tier 1","10","FY2026","Q4","Historic","FY2026 Q4 [Historic]","FY2026 Q4 [Historic]","FY2026 Q4 [Historic]","FY2026 Q4 [Historic]","FY2026 Q4 [Historic]","FY2026 Q4 [Historic]","FY2026 Q4 [Historic]","FY2026 Q4 [Historic]","FY2026 Q4 [Historic]","FY2026 Q4 [Historic]"
"ATGL","Tier 1","10","FY2026","Q4","Historic","FY2026 Q4 [Historic]","FY2026 Q4 [Historic]","FY2026 Q4 [Historic]","FY2026 Q4 [Historic]","FY2026 Q4 [Historic]","FY2026 Q4 [Historic]","FY2026 Q4 [Historic]","FY2026 Q4 [Historic]","FY2026 Q4 [Historic]","FY2026 Q4 [Historic]"
"ATHERENERG","Tier 1","10","FY2026","Q4","Historic","FY2026 Q4 [Historic]","FY2026 Q4 [Historic]","FY2026 Q4 [Historic]","FY2026 Q4 [Historic]","FY2026 Q4 [Historic]","FY2026 Q4 [Historic]","FY2026 Q4 [Historic]","FY2026 Q4 [Historic]","FY2026 Q4 [Historic]","FY2026 Q4 [Historic]"
"ATL","Tier 1","10","FY2026","Q4","Historic","FY2026 Q4 [Historic]","FY2026 Q4 [Historic]","FY2026 Q4 [Historic]","FY2026 Q4 [Historic]","FY2026 Q4 [Historic]","FY2026 Q4 [Historic]","FY2026 Q4 [Historic]","FY2026 Q4 [Historic]","FY2026 Q4 [Historic]","FY2026 Q4 [Historic]"
"AUBANK","Tier 1","10","FY2026","Q4","Historic","FY2026 Q4 [Historic]","FY2026 Q4 [Historic]","FY2026 Q4 [Historic]","FY2026 Q4 [Historic]","FY2026 Q4 [Historic]","FY2026 Q4 [Historic]","FY2026 Q4 [Historic]","FY2026 Q4 [Historic]","FY2026 Q4 [Historic]","FY2026 Q4 [Historic]"
"AURIONPRO","Tier 1","10","FY2026","Q4","Historic","FY2026 Q4 [Historic]","FY2026 Q4 [Historic]","FY2026 Q4 [Historic]","FY2026 Q4 [Historic]","FY2026 Q4 [Historic]","FY2026 Q4 [Historic]","FY2026 Q4 [Historic]","FY2026 Q4 [Historic]","FY2026 Q4 [Historic]","FY2026 Q4 [Historic]"
"AUROPHARMA","Tier 1","10","FY2026","Q4","Historic","FY2026 Q4 [Historic]","FY2026 Q4 [Historic]","FY2026 Q4 [Historic]","FY2026 Q4 [Historic]","FY2026 Q4 [Historic]","FY2026 Q4 [Historic]","FY2026 Q4 [Historic]","FY2026 Q4 [Historic]","FY2026 Q4 [Historic]","FY2026 Q4 [Historic]"
"AURUM","Tier 1","10","FY2026","Q4","Historic","FY2026 Q4 [Historic]","FY2026 Q4 [Historic]","FY2026 Q4 [Historic]","FY2026 Q4 [Historic]","FY2026 Q4 [Historic]","FY2026 Q4 [Historic]","FY2026 Q4 [Historic]","FY2026 Q4 [Historic]","FY2026 Q4 [Historic]","FY2026 Q4 [Historic]"
"AVALON","Tier 1","10","FY2026","Q4","Historic","FY2026 Q4 [Historic]","FY2026 Q4 [Historic]","FY2026 Q4 [Historic]","FY2026 Q4 [Historic]","FY2026 Q4 [Historic]","FY2026 Q4 [Historic]","FY2026 Q4 [Historic]","FY2026 Q4 [Historic]","FY2026 Q4 [Historic]","FY2026 Q4 [Historic]"
"AVANTIFEED","Tier 1","10","FY2026","Q4","Historic","FY2026 Q4 [Historic]","FY2026 Q4 [Historic]","FY2026 Q4 [Historic]","FY2026 Q4 [Historic]","FY2026 Q4 [Historic]","FY2026 Q4 [Historic]","FY2026 Q4 [Historic]","FY2026 Q4 [Historic]","FY2026 Q4 [Historic]","FY2026 Q4 [Historic]"
"AVG","Tier 1","10","FY2026","Q4","Historic","FY2026 Q4 [Historic]","FY2026 Q4 [Historic]","FY2026 Q4 [Historic]","FY2026 Q4 [Historic]","FY2026 Q4 [Historic]","FY2026 Q4 [Historic]","FY2026 Q4 [Historic]","FY2026 Q4 [Historic]","FY2026 Q4 [Historic]","FY2026 Q4 [Historic]"
"AVL","Tier 1","10","FY2026","Q4","Historic","FY2026 Q4 [Historic]","FY2026 Q4 [Historic]","FY2026 Q4 [Historic]","FY2026 Q4 [Historic]","FY2026 Q4 [Historic]","FY2026 Q4 [Historic]","FY2026 Q4 [Historic]","FY2026 Q4 [Historic]","FY2026 Q4 [Historic]","FY2026 Q4 [Historic]"
"AWFIS","Tier 1","10","FY2026","Q4","Historic","FY2026 Q4 [Historic]","FY2026 Q4 [Historic]","FY2026 Q4 [Historic]","FY2026 Q4 [Historic]","FY2026 Q4 [Historic]","FY2026 Q4 [Historic]","FY2026 Q4 [Historic]","FY2026 Q4 [Historic]","FY2026 Q4 [Historic]","FY2026 Q4 [Historic]"
"AWHCL","Tier 1","10","FY2026","Q4","Historic","FY2026 Q4 [Historic]","FY2026 Q4 [Historic]","FY2026 Q4 [Historic]","FY2026 Q4 [Historic]","FY2026 Q4 [Historic]","FY2026 Q4 [Historic]","FY2026 Q4 [Historic]","FY2026 Q4 [Historic]","FY2026 Q4 [Historic]","FY2026 Q4 [Historic]"
"AWL","Tier 1","10","FY2026","Q4","Historic","FY2026 Q4 [Historic]","FY2026 Q4 [Historic]","FY2026 Q4 [Historic]","FY2026 Q4 [Historic]","FY2026 Q4 [Historic]","FY2026 Q4 [Historic]","FY2026 Q4 [Historic]","FY2026 Q4 [Historic]","FY2026 Q4 [Historic]","FY2026 Q4 [Historic]"
"AXISBANK","Tier 1","10","FY2027","Q1","Incremental","FY2027 Q1 [Incremental]","FY2027 Q1 [Incremental]","FY2027 Q1 [Incremental]","FY2027 Q1 [Incremental]","FY2027 Q1 [Incremental]","FY2027 Q1 [Incremental]","FY2027 Q1 [Incremental]","FY2027 Q1 [Incremental]","FY2027 Q1 [Incremental]","FY2027 Q1 [Incremental]"
"AXISCADES","Tier 1","10","FY2026","Q4","Historic","FY2026 Q4 [Historic]","FY2026 Q4 [Historic]","FY2026 Q4 [Historic]","FY2026 Q4 [Historic]","FY2026 Q4 [Historic]","FY2026 Q4 [Historic]","FY2026 Q4 [Historic]","FY2026 Q4 [Historic]","FY2026 Q4 [Historic]","FY2026 Q4 [Historic]"
"BAJAJCON","Tier 1","10","FY2026","Q4","Historic","FY2026 Q4 [Historic]","FY2026 Q4 [Historic]","FY2026 Q4 [Historic]","FY2026 Q4 [Historic]","FY2026 Q4 [Historic]","FY2026 Q4 [Historic]","FY2026 Q4 [Historic]","FY2026 Q4 [Historic]","FY2026 Q4 [Historic]","FY2026 Q4 [Historic]"
"BAJAJELEC","Tier 1","10","FY2026","Q4","Historic","FY2026 Q4 [Historic]","FY2026 Q4 [Historic]","FY2026 Q4 [Historic]","FY2026 Q4 [Historic]","FY2026 Q4 [Historic]","FY2026 Q4 [Historic]","FY2026 Q4 [Historic]","FY2026 Q4 [Historic]","FY2026 Q4 [Historic]","FY2026 Q4 [Historic]"
"BAJAJFINSV","Tier 1","10","FY2026","Q4","Historic","FY2026 Q4 [Historic]","FY2026 Q4 [Historic]","FY2026 Q4 [Historic]","FY2026 Q4 [Historic]","FY2026 Q4 [Historic]","FY2026 Q4 [Historic]","FY2026 Q4 [Historic]","FY2026 Q4 [Historic]","FY2026 Q4 [Historic]","FY2026 Q4 [Historic]"
"BAJAJHFL","Tier 1","10","FY2026","Q4","Historic","FY2026 Q4 [Historic]","FY2026 Q4 [Historic]","FY2026 Q4 [Historic]","FY2026 Q4 [Historic]","FY2026 Q4 [Historic]","FY2026 Q4 [Historic]","FY2026 Q4 [Historic]","FY2026 Q4 [Historic]","FY2026 Q4 [Historic]","FY2026 Q4 [Historic]"
"BAJFINANCE","Tier 1","10","FY2026","Q4","Historic","FY2026 Q4 [Historic]","FY2026 Q4 [Historic]","FY2026 Q4 [Historic]","FY2026 Q4 [Historic]","FY2026 Q4 [Historic]","FY2026 Q4 [Historic]","FY2026 Q4 [Historic]","FY2026 Q4 [Historic]","FY2026 Q4 [Historic]","FY2026 Q4 [Historic]"
"BALAMINES","Tier 1","10","FY2026","Q4","Historic","FY2026 Q4 [Historic]","FY2026 Q4 [Historic]","FY2026 Q4 [Historic]","FY2026 Q4 [Historic]","FY2026 Q4 [Historic]","FY2026 Q4 [Historic]","FY2026 Q4 [Historic]","FY2026 Q4 [Historic]","FY2026 Q4 [Historic]","FY2026 Q4 [Historic]"
"BALKRISIND","Tier 1","10","FY2026","Q4","Historic","FY2026 Q4 [Historic]","FY2026 Q4 [Historic]","FY2026 Q4 [Historic]","FY2026 Q4 [Historic]","FY2026 Q4 [Historic]","FY2026 Q4 [Historic]","FY2026 Q4 [Historic]","FY2026 Q4 [Historic]","FY2026 Q4 [Historic]","FY2026 Q4 [Historic]"
"BANDHANBNK","Tier 1","10","FY2027","Q1","Incremental","FY2027 Q1 [Incremental]","FY2027 Q1 [Incremental]","FY2027 Q1 [Incremental]","FY2027 Q1 [Incremental]","FY2027 Q1 [Incremental]","FY2027 Q1 [Incremental]","FY2027 Q1 [Incremental]","FY2027 Q1 [Incremental]","FY2027 Q1 [Incremental]","FY2027 Q1 [Incremental]"
"BANKBARODA","Tier 1","10","FY2026","Q4","Historic","FY2026 Q4 [Historic]","FY2026 Q4 [Historic]","FY2026 Q4 [Historic]","FY2026 Q4 [Historic]","FY2026 Q4 [Historic]","FY2026 Q4 [Historic]","FY2026 Q4 [Historic]","FY2026 Q4 [Historic]","FY2026 Q4 [Historic]","FY2026 Q4 [Historic]"
"BANKINDIA","Tier 1","10","FY2026","Q4","Historic","FY2026 Q4 [Historic]","FY2026 Q4 [Historic]","FY2026 Q4 [Historic]","FY2026 Q4 [Historic]","FY2026 Q4 [Historic]","FY2026 Q4 [Historic]","FY2026 Q4 [Historic]","FY2026 Q4 [Historic]","FY2026 Q4 [Historic]","FY2026 Q4 [Historic]"
"BANSALWIRE","Tier 1","10","FY2026","Q4","Historic","FY2026 Q4 [Historic]","FY2026 Q4 [Historic]","FY2026 Q4 [Historic]","FY2026 Q4 [Historic]","FY2026 Q4 [Historic]","FY2026 Q4 [Historic]","FY2026 Q4 [Historic]","FY2026 Q4 [Historic]","FY2026 Q4 [Historic]","FY2026 Q4 [Historic]"
"BASF","Tier 1","10","FY2026","Q4","Historic","FY2026 Q4 [Historic]","FY2026 Q4 [Historic]","FY2026 Q4 [Historic]","FY2026 Q4 [Historic]","FY2026 Q4 [Historic]","FY2026 Q4 [Historic]","FY2026 Q4 [Historic]","FY2026 Q4 [Historic]","FY2026 Q4 [Historic]","FY2026 Q4 [Historic]"
"BATAINDIA","Tier 1","10","FY2026","Q4","Historic","FY2026 Q4 [Historic]","FY2026 Q4 [Historic]","FY2026 Q4 [Historic]","FY2026 Q4 [Historic]","FY2026 Q4 [Historic]","FY2026 Q4 [Historic]","FY2026 Q4 [Historic]","FY2026 Q4 [Historic]","FY2026 Q4 [Historic]","FY2026 Q4 [Historic]"
"BCLIND","Tier 1","10","FY2026","Q4","Historic","FY2026 Q4 [Historic]","FY2026 Q4 [Historic]","FY2026 Q4 [Historic]","FY2026 Q4 [Historic]","FY2026 Q4 [Historic]","FY2026 Q4 [Historic]","FY2026 Q4 [Historic]","FY2026 Q4 [Historic]","FY2026 Q4 [Historic]","FY2026 Q4 [Historic]"
"BERGEPAINT","Tier 1","10","FY2026","Q4","Historic","FY2026 Q4 [Historic]","FY2026 Q4 [Historic]","FY2026 Q4 [Historic]","FY2026 Q4 [Historic]","FY2026 Q4 [Historic]","FY2026 Q4 [Historic]","FY2026 Q4 [Historic]","FY2026 Q4 [Historic]","FY2026 Q4 [Historic]","FY2026 Q4 [Historic]"
"BESTAGRO","Tier 1","10","FY2026","Q4","Historic","FY2026 Q4 [Historic]","FY2026 Q4 [Historic]","FY2026 Q4 [Historic]","FY2026 Q4 [Historic]","FY2026 Q4 [Historic]","FY2026 Q4 [Historic]","FY2026 Q4 [Historic]","FY2026 Q4 [Historic]","FY2026 Q4 [Historic]","FY2026 Q4 [Historic]"
"BETA","Tier 1","10","FY2026","Q4","Historic","FY2026 Q4 [Historic]","FY2026 Q4 [Historic]","FY2026 Q4 [Historic]","FY2026 Q4 [Historic]","FY2026 Q4 [Historic]","FY2026 Q4 [Historic]","FY2026 Q4 [Historic]","FY2026 Q4 [Historic]","FY2026 Q4 [Historic]","FY2026 Q4 [Historic]"
"BHARATFORG","Tier 1","10","FY2026","Q4","Historic","FY2026 Q4 [Historic]","FY2026 Q4 [Historic]","FY2026 Q4 [Historic]","FY2026 Q4 [Historic]","FY2026 Q4 [Historic]","FY2026 Q4 [Historic]","FY2026 Q4 [Historic]","FY2026 Q4 [Historic]","FY2026 Q4 [Historic]","FY2026 Q4 [Historic]"
"BHARTIARTL","Tier 1","10","FY2026","Q4","Historic","FY2026 Q4 [Historic]","FY2026 Q4 [Historic]","FY2026 Q4 [Historic]","FY2026 Q4 [Historic]","FY2026 Q4 [Historic]","FY2026 Q4 [Historic]","FY2026 Q4 [Historic]","FY2026 Q4 [Historic]","FY2026 Q4 [Historic]","FY2026 Q4 [Historic]"
"BIGBLOC","Tier 1","10","FY2026","Q4","Historic","FY2026 Q4 [Historic]","FY2026 Q4 [Historic]","FY2026 Q4 [Historic]","FY2026 Q4 [Historic]","FY2026 Q4 [Historic]","FY2026 Q4 [Historic]","FY2026 Q4 [Historic]","FY2026 Q4 [Historic]","FY2026 Q4 [Historic]","FY2026 Q4 [Historic]"
"BIKAJI","Tier 1","10","FY2026","Q4","Historic","FY2026 Q4 [Historic]","FY2026 Q4 [Historic]","FY2026 Q4 [Historic]","FY2026 Q4 [Historic]","FY2026 Q4 [Historic]","FY2026 Q4 [Historic]","FY2026 Q4 [Historic]","FY2026 Q4 [Historic]","FY2026 Q4 [Historic]","FY2026 Q4 [Historic]"
"BIOCON","Tier 1","10","FY2026","Q4","Historic","FY2026 Q4 [Historic]","FY2026 Q4 [Historic]","FY2026 Q4 [Historic]","FY2026 Q4 [Historic]","FY2026 Q4 [Historic]","FY2026 Q4 [Historic]","FY2026 Q4 [Historic]","FY2026 Q4 [Historic]","FY2026 Q4 [Historic]","FY2026 Q4 [Historic]"
"BIRLANU","Tier 1","10","FY2026","Q4","Historic","FY2026 Q4 [Historic]","FY2026 Q4 [Historic]","FY2026 Q4 [Historic]","FY2026 Q4 [Historic]","FY2026 Q4 [Historic]","FY2026 Q4 [Historic]","FY2026 Q4 [Historic]","FY2026 Q4 [Historic]","FY2026 Q4 [Historic]","FY2026 Q4 [Historic]"
"BLACKBUCK","Tier 1","10","FY2026","Q4","Historic","FY2026 Q4 [Historic]","FY2026 Q4 [Historic]","FY2026 Q4 [Historic]","FY2026 Q4 [Historic]","FY2026 Q4 [Historic]","FY2026 Q4 [Historic]","FY2026 Q4 [Historic]","FY2026 Q4 [Historic]","FY2026 Q4 [Historic]","FY2026 Q4 [Historic]"
"BLACKROSE","Tier 1","10","FY2026","Q4","Historic","FY2026 Q4 [Historic]","FY2026 Q4 [Historic]","FY2026 Q4 [Historic]","FY2026 Q4 [Historic]","FY2026 Q4 [Historic]","FY2026 Q4 [Historic]","FY2026 Q4 [Historic]","FY2026 Q4 [Historic]","FY2026 Q4 [Historic]","FY2026 Q4 [Historic]"
"BLUEDART","Tier 1","10","FY2026","Q4","Historic","FY2026 Q4 [Historic]","FY2026 Q4 [Historic]","FY2026 Q4 [Historic]","FY2026 Q4 [Historic]","FY2026 Q4 [Historic]","FY2026 Q4 [Historic]","FY2026 Q4 [Historic]","FY2026 Q4 [Historic]","FY2026 Q4 [Historic]","FY2026 Q4 [Historic]"
"BLUEJET","Tier 1","10","FY2027","Q1","Incremental","FY2027 Q1 [Incremental]","FY2027 Q1 [Incremental]","FY2027 Q1 [Incremental]","FY2027 Q1 [Incremental]","FY2027 Q1 [Incremental]","FY2027 Q1 [Incremental]","FY2027 Q1 [Incremental]","FY2027 Q1 [Incremental]","FY2027 Q1 [Incremental]","FY2027 Q1 [Incremental]"
"BLUESTARCO","Tier 1","10","FY2026","Q4","Historic","FY2026 Q4 [Historic]","FY2026 Q4 [Historic]","FY2026 Q4 [Historic]","FY2026 Q4 [Historic]","FY2026 Q4 [Historic]","FY2026 Q4 [Historic]","FY2026 Q4 [Historic]","FY2026 Q4 [Historic]","FY2026 Q4 [Historic]","FY2026 Q4 [Historic]"
"BLUESTONE","Tier 1","10","FY2027","Q1","Incremental","FY2027 Q1 [Incremental]","FY2027 Q1 [Incremental]","FY2027 Q1 [Incremental]","FY2027 Q1 [Incremental]","FY2027 Q1 [Incremental]","FY2027 Q1 [Incremental]","FY2027 Q1 [Incremental]","FY2027 Q1 [Incremental]","FY2027 Q1 [Incremental]","FY2027 Q1 [Incremental]"
"BLUSPRING","Tier 1","10","FY2026","Q4","Historic","FY2026 Q4 [Historic]","FY2026 Q4 [Historic]","FY2026 Q4 [Historic]","FY2026 Q4 [Historic]","FY2026 Q4 [Historic]","FY2026 Q4 [Historic]","FY2026 Q4 [Historic]","FY2026 Q4 [Historic]","FY2026 Q4 [Historic]","FY2026 Q4 [Historic]"
"BOROLTD","Tier 1","10","FY2026","Q4","Historic","FY2026 Q4 [Historic]","FY2026 Q4 [Historic]","FY2026 Q4 [Historic]","FY2026 Q4 [Historic]","FY2026 Q4 [Historic]","FY2026 Q4 [Historic]","FY2026 Q4 [Historic]","FY2026 Q4 [Historic]","FY2026 Q4 [Historic]","FY2026 Q4 [Historic]"
"BORORENEW","Tier 1","10","FY2026","Q4","Historic","FY2026 Q4 [Historic]","FY2026 Q4 [Historic]","FY2026 Q4 [Historic]","FY2026 Q4 [Historic]","FY2026 Q4 [Historic]","FY2026 Q4 [Historic]","FY2026 Q4 [Historic]","FY2026 Q4 [Historic]","FY2026 Q4 [Historic]","FY2026 Q4 [Historic]"
"BOSCHLTD","Tier 1","10","FY2026","Q4","Historic","FY2026 Q4 [Historic]","FY2026 Q4 [Historic]","FY2026 Q4 [Historic]","FY2026 Q4 [Historic]","FY2026 Q4 [Historic]","FY2026 Q4 [Historic]","FY2026 Q4 [Historic]","FY2026 Q4 [Historic]","FY2026 Q4 [Historic]","FY2026 Q4 [Historic]"
"BPCL","Tier 1","10","FY2026","Q4","Historic","FY2026 Q4 [Historic]","FY2026 Q4 [Historic]","FY2026 Q4 [Historic]","FY2026 Q4 [Historic]","FY2026 Q4 [Historic]","FY2026 Q4 [Historic]","FY2026 Q4 [Historic]","FY2026 Q4 [Historic]","FY2026 Q4 [Historic]","FY2026 Q4 [Historic]"
"BRIGADE","Tier 1","10","FY2026","Q4","Historic","FY2026 Q4 [Historic]","FY2026 Q4 [Historic]","FY2026 Q4 [Historic]","FY2026 Q4 [Historic]","FY2026 Q4 [Historic]","FY2026 Q4 [Historic]","FY2026 Q4 [Historic]","FY2026 Q4 [Historic]","FY2026 Q4 [Historic]","FY2026 Q4 [Historic]"
"BRIGHOTEL","Tier 1","10","FY2026","Q4","Historic","FY2026 Q4 [Historic]","FY2026 Q4 [Historic]","FY2026 Q4 [Historic]","FY2026 Q4 [Historic]","FY2026 Q4 [Historic]","FY2026 Q4 [Historic]","FY2026 Q4 [Historic]","FY2026 Q4 [Historic]","FY2026 Q4 [Historic]","FY2026 Q4 [Historic]"
"BRITANNIA","Tier 1","10","FY2026","Q4","Historic","FY2026 Q4 [Historic]","FY2026 Q4 [Historic]","FY2026 Q4 [Historic]","FY2026 Q4 [Historic]","FY2026 Q4 [Historic]","FY2026 Q4 [Historic]","FY2026 Q4 [Historic]","FY2026 Q4 [Historic]","FY2026 Q4 [Historic]","FY2026 Q4 [Historic]"
"BSE","Tier 1","10","FY2026","Q4","Historic","FY2026 Q4 [Historic]","FY2026 Q4 [Historic]","FY2026 Q4 [Historic]","FY2026 Q4 [Historic]","FY2026 Q4 [Historic]","FY2026 Q4 [Historic]","FY2026 Q4 [Historic]","FY2026 Q4 [Historic]","FY2026 Q4 [Historic]","FY2026 Q4 [Historic]"
"BSOFT","Tier 1","10","FY2026","Q4","Historic","FY2026 Q4 [Historic]","FY2026 Q4 [Historic]","FY2026 Q4 [Historic]","FY2026 Q4 [Historic]","FY2026 Q4 [Historic]","FY2026 Q4 [Historic]","FY2026 Q4 [Historic]","FY2026 Q4 [Historic]","FY2026 Q4 [Historic]","FY2026 Q4 [Historic]"
"CAMLINFINE","Tier 1","10","FY2026","Q4","Historic","FY2026 Q4 [Historic]","FY2026 Q4 [Historic]","FY2026 Q4 [Historic]","FY2026 Q4 [Historic]","FY2026 Q4 [Historic]","FY2026 Q4 [Historic]","FY2026 Q4 [Historic]","FY2026 Q4 [Historic]","FY2026 Q4 [Historic]","FY2026 Q4 [Historic]"
"CAMPUS","Tier 1","10","FY2027","Q1","Incremental","FY2027 Q1 [Incremental]","FY2027 Q1 [Incremental]","FY2027 Q1 [Incremental]","FY2027 Q1 [Incremental]","FY2027 Q1 [Incremental]","FY2027 Q1 [Incremental]","FY2027 Q1 [Incremental]","FY2027 Q1 [Incremental]","FY2027 Q1 [Incremental]","FY2027 Q1 [Incremental]"
"CAMS","Tier 1","10","FY2026","Q4","Historic","FY2026 Q4 [Historic]","FY2026 Q4 [Historic]","FY2026 Q4 [Historic]","FY2026 Q4 [Historic]","FY2026 Q4 [Historic]","FY2026 Q4 [Historic]","FY2026 Q4 [Historic]","FY2026 Q4 [Historic]","FY2026 Q4 [Historic]","FY2026 Q4 [Historic]"
"CANBK","Tier 1","10","FY2026","Q4","Historic","FY2026 Q4 [Historic]","FY2026 Q4 [Historic]","FY2026 Q4 [Historic]","FY2026 Q4 [Historic]","FY2026 Q4 [Historic]","FY2026 Q4 [Historic]","FY2026 Q4 [Historic]","FY2026 Q4 [Historic]","FY2026 Q4 [Historic]","FY2026 Q4 [Historic]"
"CANFINHOME","Tier 1","10","FY2026","Q4","Historic","FY2026 Q4 [Historic]","FY2026 Q4 [Historic]","FY2026 Q4 [Historic]","FY2026 Q4 [Historic]","FY2026 Q4 [Historic]","FY2026 Q4 [Historic]","FY2026 Q4 [Historic]","FY2026 Q4 [Historic]","FY2026 Q4 [Historic]","FY2026 Q4 [Historic]"
"CANTABIL","Tier 1","10","FY2026","Q4","Historic","FY2026 Q4 [Historic]","FY2026 Q4 [Historic]","FY2026 Q4 [Historic]","FY2026 Q4 [Historic]","FY2026 Q4 [Historic]","FY2026 Q4 [Historic]","FY2026 Q4 [Historic]","FY2026 Q4 [Historic]","FY2026 Q4 [Historic]","FY2026 Q4 [Historic]"
"CAPACITE","Tier 1","10","FY2026","Q4","Historic","FY2026 Q4 [Historic]","FY2026 Q4 [Historic]","FY2026 Q4 [Historic]","FY2026 Q4 [Historic]","FY2026 Q4 [Historic]","FY2026 Q4 [Historic]","FY2026 Q4 [Historic]","FY2026 Q4 [Historic]","FY2026 Q4 [Historic]","FY2026 Q4 [Historic]"
"CAPITALSFB","Tier 1","10","FY2026","Q4","Historic","FY2026 Q4 [Historic]","FY2026 Q4 [Historic]","FY2026 Q4 [Historic]","FY2026 Q4 [Historic]","FY2026 Q4 [Historic]","FY2026 Q4 [Historic]","FY2026 Q4 [Historic]","FY2026 Q4 [Historic]","FY2026 Q4 [Historic]","FY2026 Q4 [Historic]"
"CAPLIPOINT","Tier 1","10","FY2026","Q4","Historic","FY2026 Q4 [Historic]","FY2026 Q4 [Historic]","FY2026 Q4 [Historic]","FY2026 Q4 [Historic]","FY2026 Q4 [Historic]","FY2026 Q4 [Historic]","FY2026 Q4 [Historic]","FY2026 Q4 [Historic]","FY2026 Q4 [Historic]","FY2026 Q4 [Historic]"
"CARRARO","Tier 1","10","FY2026","Q4","Historic","FY2026 Q4 [Historic]","FY2026 Q4 [Historic]","FY2026 Q4 [Historic]","FY2026 Q4 [Historic]","FY2026 Q4 [Historic]","FY2026 Q4 [Historic]","FY2026 Q4 [Historic]","FY2026 Q4 [Historic]","FY2026 Q4 [Historic]","FY2026 Q4 [Historic]"
"CARTRADE","Tier 1","10","FY2026","Q4","Historic","FY2026 Q4 [Historic]","FY2026 Q4 [Historic]","FY2026 Q4 [Historic]","FY2026 Q4 [Historic]","FY2026 Q4 [Historic]","FY2026 Q4 [Historic]","FY2026 Q4 [Historic]","FY2026 Q4 [Historic]","FY2026 Q4 [Historic]","FY2026 Q4 [Historic]"
"CDSL","Tier 1","10","FY2026","Q4","Historic","FY2026 Q4 [Historic]","FY2026 Q4 [Historic]","FY2026 Q4 [Historic]","FY2026 Q4 [Historic]","FY2026 Q4 [Historic]","FY2026 Q4 [Historic]","FY2026 Q4 [Historic]","FY2026 Q4 [Historic]","FY2026 Q4 [Historic]","FY2026 Q4 [Historic]"
"CEATLTD","Tier 1","10","FY2026","Q4","Historic","FY2026 Q4 [Historic]","FY2026 Q4 [Historic]","FY2026 Q4 [Historic]","FY2026 Q4 [Historic]","FY2026 Q4 [Historic]","FY2026 Q4 [Historic]","FY2026 Q4 [Historic]","FY2026 Q4 [Historic]","FY2026 Q4 [Historic]","FY2026 Q4 [Historic]"
"CEIGALL","Tier 1","10","FY2026","Q4","Historic","FY2026 Q4 [Historic]","FY2026 Q4 [Historic]","FY2026 Q4 [Historic]","FY2026 Q4 [Historic]","FY2026 Q4 [Historic]","FY2026 Q4 [Historic]","FY2026 Q4 [Historic]","FY2026 Q4 [Historic]","FY2026 Q4 [Historic]","FY2026 Q4 [Historic]"
"CEINSYS","Tier 1","10","FY2026","Q4","Historic","FY2026 Q4 [Historic]","FY2026 Q4 [Historic]","FY2026 Q4 [Historic]","FY2026 Q4 [Historic]","FY2026 Q4 [Historic]","FY2026 Q4 [Historic]","FY2026 Q4 [Historic]","FY2026 Q4 [Historic]","FY2026 Q4 [Historic]","FY2026 Q4 [Historic]"
"CELLO","Tier 1","10","FY2026","Q4","Historic","FY2026 Q4 [Historic]","FY2026 Q4 [Historic]","FY2026 Q4 [Historic]","FY2026 Q4 [Historic]","FY2026 Q4 [Historic]","FY2026 Q4 [Historic]","FY2026 Q4 [Historic]","FY2026 Q4 [Historic]","FY2026 Q4 [Historic]","FY2026 Q4 [Historic]"
"CEMPRO","Tier 1","10","FY2026","Q4","Historic","FY2026 Q4 [Historic]","FY2026 Q4 [Historic]","FY2026 Q4 [Historic]","FY2026 Q4 [Historic]","FY2026 Q4 [Historic]","FY2026 Q4 [Historic]","FY2026 Q4 [Historic]","FY2026 Q4 [Historic]","FY2026 Q4 [Historic]","FY2026 Q4 [Historic]"
"CENTENKA","Tier 1","10","FY2026","Q4","Historic","FY2026 Q4 [Historic]","FY2026 Q4 [Historic]","FY2026 Q4 [Historic]","FY2026 Q4 [Historic]","FY2026 Q4 [Historic]","FY2026 Q4 [Historic]","FY2026 Q4 [Historic]","FY2026 Q4 [Historic]","FY2026 Q4 [Historic]","FY2026 Q4 [Historic]"
"CENTUM","Tier 1","10","FY2026","Q4","Historic","FY2026 Q4 [Historic]","FY2026 Q4 [Historic]","FY2026 Q4 [Historic]","FY2026 Q4 [Historic]","FY2026 Q4 [Historic]","FY2026 Q4 [Historic]","FY2026 Q4 [Historic]","FY2026 Q4 [Historic]","FY2026 Q4 [Historic]","FY2026 Q4 [Historic]"
"CERA","Tier 1","10","FY2026","Q4","Historic","FY2026 Q4 [Historic]","FY2026 Q4 [Historic]","FY2026 Q4 [Historic]","FY2026 Q4 [Historic]","FY2026 Q4 [Historic]","FY2026 Q4 [Historic]","FY2026 Q4 [Historic]","FY2026 Q4 [Historic]","FY2026 Q4 [Historic]","FY2026 Q4 [Historic]"
"CGCL","Tier 1","10","FY2026","Q4","Historic","FY2026 Q4 [Historic]","FY2026 Q4 [Historic]","FY2026 Q4 [Historic]","FY2026 Q4 [Historic]","FY2026 Q4 [Historic]","FY2026 Q4 [Historic]","FY2026 Q4 [Historic]","FY2026 Q4 [Historic]","FY2026 Q4 [Historic]","FY2026 Q4 [Historic]"
"CGPOWER","Tier 1","10","FY2026","Q4","Historic","FY2026 Q4 [Historic]","FY2026 Q4 [Historic]","FY2026 Q4 [Historic]","FY2026 Q4 [Historic]","FY2026 Q4 [Historic]","FY2026 Q4 [Historic]","FY2026 Q4 [Historic]","FY2026 Q4 [Historic]","FY2026 Q4 [Historic]","FY2026 Q4 [Historic]"
"CHAMBLFERT","Tier 1","10","FY2026","Q4","Historic","FY2026 Q4 [Historic]","FY2026 Q4 [Historic]","FY2026 Q4 [Historic]","FY2026 Q4 [Historic]","FY2026 Q4 [Historic]","FY2026 Q4 [Historic]","FY2026 Q4 [Historic]","FY2026 Q4 [Historic]","FY2026 Q4 [Historic]","FY2026 Q4 [Historic]"
"CHEMPLASTS","Tier 1","10","FY2026","Q4","Historic","FY2026 Q4 [Historic]","FY2026 Q4 [Historic]","FY2026 Q4 [Historic]","FY2026 Q4 [Historic]","FY2026 Q4 [Historic]","FY2026 Q4 [Historic]","FY2026 Q4 [Historic]","FY2026 Q4 [Historic]","FY2026 Q4 [Historic]","FY2026 Q4 [Historic]"
"CHOICEIN","Tier 1","10","FY2026","Q4","Historic","FY2026 Q4 [Historic]","FY2026 Q4 [Historic]","FY2026 Q4 [Historic]","FY2026 Q4 [Historic]","FY2026 Q4 [Historic]","FY2026 Q4 [Historic]","FY2026 Q4 [Historic]","FY2026 Q4 [Historic]","FY2026 Q4 [Historic]","FY2026 Q4 [Historic]"
"CHOLAFIN","Tier 1","10","FY2026","Q4","Historic","FY2026 Q4 [Historic]","FY2026 Q4 [Historic]","FY2026 Q4 [Historic]","FY2026 Q4 [Historic]","FY2026 Q4 [Historic]","FY2026 Q4 [Historic]","FY2026 Q4 [Historic]","FY2026 Q4 [Historic]","FY2026 Q4 [Historic]","FY2026 Q4 [Historic]"
"CHOLAHLDNG","Tier 1","10","FY2026","Q4","Historic","FY2026 Q4 [Historic]","FY2026 Q4 [Historic]","FY2026 Q4 [Historic]","FY2026 Q4 [Historic]","FY2026 Q4 [Historic]","FY2026 Q4 [Historic]","FY2026 Q4 [Historic]","FY2026 Q4 [Historic]","FY2026 Q4 [Historic]","FY2026 Q4 [Historic]"
"CIPLA","Tier 1","10","FY2026","Q4","Historic","FY2026 Q4 [Historic]","FY2026 Q4 [Historic]","FY2026 Q4 [Historic]","FY2026 Q4 [Historic]","FY2026 Q4 [Historic]","FY2026 Q4 [Historic]","FY2026 Q4 [Historic]","FY2026 Q4 [Historic]","FY2026 Q4 [Historic]","FY2026 Q4 [Historic]"
"CLEAN","Tier 1","10","FY2026","Q4","Historic","FY2026 Q4 [Historic]","FY2026 Q4 [Historic]","FY2026 Q4 [Historic]","FY2026 Q4 [Historic]","FY2026 Q4 [Historic]","FY2026 Q4 [Historic]","FY2026 Q4 [Historic]","FY2026 Q4 [Historic]","FY2026 Q4 [Historic]","FY2026 Q4 [Historic]"
"CLSEL","Tier 1","10","FY2026","Q4","Historic","FY2026 Q4 [Historic]","FY2026 Q4 [Historic]","FY2026 Q4 [Historic]","FY2026 Q4 [Historic]","FY2026 Q4 [Historic]","FY2026 Q4 [Historic]","FY2026 Q4 [Historic]","FY2026 Q4 [Historic]","FY2026 Q4 [Historic]","FY2026 Q4 [Historic]"
"CMSINFO","Tier 1","10","FY2026","Q4","Historic","FY2026 Q4 [Historic]","FY2026 Q4 [Historic]","FY2026 Q4 [Historic]","FY2026 Q4 [Historic]","FY2026 Q4 [Historic]","FY2026 Q4 [Historic]","FY2026 Q4 [Historic]","FY2026 Q4 [Historic]","FY2026 Q4 [Historic]","FY2026 Q4 [Historic]"
"COFORGE","Tier 1","10","FY2026","Q4","Historic","FY2026 Q4 [Historic]","FY2026 Q4 [Historic]","FY2026 Q4 [Historic]","FY2026 Q4 [Historic]","FY2026 Q4 [Historic]","FY2026 Q4 [Historic]","FY2026 Q4 [Historic]","FY2026 Q4 [Historic]","FY2026 Q4 [Historic]","FY2026 Q4 [Historic]"
"COLPAL","Tier 1","10","FY2027","Q1","Incremental","FY2027 Q1 [Incremental]","FY2027 Q1 [Incremental]","FY2027 Q1 [Incremental]","FY2027 Q1 [Incremental]","FY2027 Q1 [Incremental]","FY2027 Q1 [Incremental]","FY2027 Q1 [Incremental]","FY2027 Q1 [Incremental]","FY2027 Q1 [Incremental]","FY2027 Q1 [Incremental]"
"CONCORDBIO","Tier 1","10","FY2026","Q4","Historic","FY2026 Q4 [Historic]","FY2026 Q4 [Historic]","FY2026 Q4 [Historic]","FY2026 Q4 [Historic]","FY2026 Q4 [Historic]","FY2026 Q4 [Historic]","FY2026 Q4 [Historic]","FY2026 Q4 [Historic]","FY2026 Q4 [Historic]","FY2026 Q4 [Historic]"
"CONTROLPR","Tier 1","10","FY2026","Q4","Historic","FY2026 Q4 [Historic]","FY2026 Q4 [Historic]","FY2026 Q4 [Historic]","FY2026 Q4 [Historic]","FY2026 Q4 [Historic]","FY2026 Q4 [Historic]","FY2026 Q4 [Historic]","FY2026 Q4 [Historic]","FY2026 Q4 [Historic]","FY2026 Q4 [Historic]"
"COROMANDEL","Tier 1","10","FY2026","Q4","Historic","FY2026 Q4 [Historic]","FY2026 Q4 [Historic]","FY2026 Q4 [Historic]","FY2026 Q4 [Historic]","FY2026 Q4 [Historic]","FY2026 Q4 [Historic]","FY2026 Q4 [Historic]","FY2026 Q4 [Historic]","FY2026 Q4 [Historic]","FY2026 Q4 [Historic]"
"COSMOFIRST","Tier 1","10","FY2026","Q4","Historic","FY2026 Q4 [Historic]","FY2026 Q4 [Historic]","FY2026 Q4 [Historic]","FY2026 Q4 [Historic]","FY2026 Q4 [Historic]","FY2026 Q4 [Historic]","FY2026 Q4 [Historic]","FY2026 Q4 [Historic]","FY2026 Q4 [Historic]","FY2026 Q4 [Historic]"
"CPPLUS","Tier 1","10","FY2026","Q4","Historic","FY2026 Q4 [Historic]","FY2026 Q4 [Historic]","FY2026 Q4 [Historic]","FY2026 Q4 [Historic]","FY2026 Q4 [Historic]","FY2026 Q4 [Historic]","FY2026 Q4 [Historic]","FY2026 Q4 [Historic]","FY2026 Q4 [Historic]","FY2026 Q4 [Historic]"
"CRAFTSMAN","Tier 1","10","FY2026","Q4","Historic","FY2026 Q4 [Historic]","FY2026 Q4 [Historic]","FY2026 Q4 [Historic]","FY2026 Q4 [Historic]","FY2026 Q4 [Historic]","FY2026 Q4 [Historic]","FY2026 Q4 [Historic]","FY2026 Q4 [Historic]","FY2026 Q4 [Historic]","FY2026 Q4 [Historic]"
"CREDITACC","Tier 1","10","FY2026","Q4","Historic","FY2026 Q4 [Historic]","FY2026 Q4 [Historic]","FY2026 Q4 [Historic]","FY2026 Q4 [Historic]","FY2026 Q4 [Historic]","FY2026 Q4 [Historic]","FY2026 Q4 [Historic]","FY2026 Q4 [Historic]","FY2026 Q4 [Historic]","FY2026 Q4 [Historic]"
"CRIZAC","Tier 1","10","FY2026","Q4","Historic","FY2026 Q4 [Historic]","FY2026 Q4 [Historic]","FY2026 Q4 [Historic]","FY2026 Q4 [Historic]","FY2026 Q4 [Historic]","FY2026 Q4 [Historic]","FY2026 Q4 [Historic]","FY2026 Q4 [Historic]","FY2026 Q4 [Historic]","FY2026 Q4 [Historic]"
"CROMPTON","Tier 1","10","FY2026","Q4","Historic","FY2026 Q4 [Historic]","FY2026 Q4 [Historic]","FY2026 Q4 [Historic]","FY2026 Q4 [Historic]","FY2026 Q4 [Historic]","FY2026 Q4 [Historic]","FY2026 Q4 [Historic]","FY2026 Q4 [Historic]","FY2026 Q4 [Historic]","FY2026 Q4 [Historic]"
"CSBBANK","Tier 1","10","FY2026","Q4","Historic","FY2026 Q4 [Historic]","FY2026 Q4 [Historic]","FY2026 Q4 [Historic]","FY2026 Q4 [Historic]","FY2026 Q4 [Historic]","FY2026 Q4 [Historic]","FY2026 Q4 [Historic]","FY2026 Q4 [Historic]","FY2026 Q4 [Historic]","FY2026 Q4 [Historic]"
"CUB","Tier 1","10","FY2026","Q4","Historic","FY2026 Q4 [Historic]","FY2026 Q4 [Historic]","FY2026 Q4 [Historic]","FY2026 Q4 [Historic]","FY2026 Q4 [Historic]","FY2026 Q4 [Historic]","FY2026 Q4 [Historic]","FY2026 Q4 [Historic]","FY2026 Q4 [Historic]","FY2026 Q4 [Historic]"
"CUMMINSIND","Tier 1","10","FY2026","Q4","Historic","FY2026 Q4 [Historic]","FY2026 Q4 [Historic]","FY2026 Q4 [Historic]","FY2026 Q4 [Historic]","FY2026 Q4 [Historic]","FY2026 Q4 [Historic]","FY2026 Q4 [Historic]","FY2026 Q4 [Historic]","FY2026 Q4 [Historic]","FY2026 Q4 [Historic]"
"CYIENT","Tier 1","10","FY2026","Q4","Historic","FY2026 Q4 [Historic]","FY2026 Q4 [Historic]","FY2026 Q4 [Historic]","FY2026 Q4 [Historic]","FY2026 Q4 [Historic]","FY2026 Q4 [Historic]","FY2026 Q4 [Historic]","FY2026 Q4 [Historic]","FY2026 Q4 [Historic]","FY2026 Q4 [Historic]"
"CYIENTDLM","Tier 1","10","FY2026","Q4","Historic","FY2026 Q4 [Historic]","FY2026 Q4 [Historic]","FY2026 Q4 [Historic]","FY2026 Q4 [Historic]","FY2026 Q4 [Historic]","FY2026 Q4 [Historic]","FY2026 Q4 [Historic]","FY2026 Q4 [Historic]","FY2026 Q4 [Historic]","FY2026 Q4 [Historic]"
"DABUR","Tier 1","10","FY2026","Q4","Historic","FY2026 Q4 [Historic]","FY2026 Q4 [Historic]","FY2026 Q4 [Historic]","FY2026 Q4 [Historic]","FY2026 Q4 [Historic]","FY2026 Q4 [Historic]","FY2026 Q4 [Historic]","FY2026 Q4 [Historic]","FY2026 Q4 [Historic]","FY2026 Q4 [Historic]"
"DALBHARAT","Tier 1","10","FY2026","Q4","Historic","FY2026 Q4 [Historic]","FY2026 Q4 [Historic]","FY2026 Q4 [Historic]","FY2026 Q4 [Historic]","FY2026 Q4 [Historic]","FY2026 Q4 [Historic]","FY2026 Q4 [Historic]","FY2026 Q4 [Historic]","FY2026 Q4 [Historic]","FY2026 Q4 [Historic]"
"DATAMATICS","Tier 1","10","FY2026","Q4","Historic","FY2026 Q4 [Historic]","FY2026 Q4 [Historic]","FY2026 Q4 [Historic]","FY2026 Q4 [Historic]","FY2026 Q4 [Historic]","FY2026 Q4 [Historic]","FY2026 Q4 [Historic]","FY2026 Q4 [Historic]","FY2026 Q4 [Historic]","FY2026 Q4 [Historic]"
"DATAPATTNS","Tier 1","10","FY2026","Q4","Historic","FY2026 Q4 [Historic]","FY2026 Q4 [Historic]","FY2026 Q4 [Historic]","FY2026 Q4 [Historic]","FY2026 Q4 [Historic]","FY2026 Q4 [Historic]","FY2026 Q4 [Historic]","FY2026 Q4 [Historic]","FY2026 Q4 [Historic]","FY2026 Q4 [Historic]"
"DBCORP","Tier 1","10","FY2026","Q4","Historic","FY2026 Q4 [Historic]","FY2026 Q4 [Historic]","FY2026 Q4 [Historic]","FY2026 Q4 [Historic]","FY2026 Q4 [Historic]","FY2026 Q4 [Historic]","FY2026 Q4 [Historic]","FY2026 Q4 [Historic]","FY2026 Q4 [Historic]","FY2026 Q4 [Historic]"
"DBOL","Tier 1","10","FY2026","Q4","Historic","FY2026 Q4 [Historic]","FY2026 Q4 [Historic]","FY2026 Q4 [Historic]","FY2026 Q4 [Historic]","FY2026 Q4 [Historic]","FY2026 Q4 [Historic]","FY2026 Q4 [Historic]","FY2026 Q4 [Historic]","FY2026 Q4 [Historic]","FY2026 Q4 [Historic]"
"DCAL","Tier 1","10","FY2026","Q4","Historic","FY2026 Q4 [Historic]","FY2026 Q4 [Historic]","FY2026 Q4 [Historic]","FY2026 Q4 [Historic]","FY2026 Q4 [Historic]","FY2026 Q4 [Historic]","FY2026 Q4 [Historic]","FY2026 Q4 [Historic]","FY2026 Q4 [Historic]","FY2026 Q4 [Historic]"
"DCBBANK","Tier 1","10","FY2026","Q4","Historic","FY2026 Q4 [Historic]","FY2026 Q4 [Historic]","FY2026 Q4 [Historic]","FY2026 Q4 [Historic]","FY2026 Q4 [Historic]","FY2026 Q4 [Historic]","FY2026 Q4 [Historic]","FY2026 Q4 [Historic]","FY2026 Q4 [Historic]","FY2026 Q4 [Historic]"
"DCMSHRIRAM","Tier 1","10","FY2026","Q4","Historic","FY2026 Q4 [Historic]","FY2026 Q4 [Historic]","FY2026 Q4 [Historic]","FY2026 Q4 [Historic]","FY2026 Q4 [Historic]","FY2026 Q4 [Historic]","FY2026 Q4 [Historic]","FY2026 Q4 [Historic]","FY2026 Q4 [Historic]","FY2026 Q4 [Historic]"
"DCW","Tier 1","10","FY2026","Q4","Historic","FY2026 Q4 [Historic]","FY2026 Q4 [Historic]","FY2026 Q4 [Historic]","FY2026 Q4 [Historic]","FY2026 Q4 [Historic]","FY2026 Q4 [Historic]","FY2026 Q4 [Historic]","FY2026 Q4 [Historic]","FY2026 Q4 [Historic]","FY2026 Q4 [Historic]"
"DDEVPLSTIK","Tier 1","10","FY2026","Q4","Historic","FY2026 Q4 [Historic]","FY2026 Q4 [Historic]","FY2026 Q4 [Historic]","FY2026 Q4 [Historic]","FY2026 Q4 [Historic]","FY2026 Q4 [Historic]","FY2026 Q4 [Historic]","FY2026 Q4 [Historic]","FY2026 Q4 [Historic]","FY2026 Q4 [Historic]"
"DEEDEV","Tier 1","10","FY2026","Q4","Historic","FY2026 Q4 [Historic]","FY2026 Q4 [Historic]","FY2026 Q4 [Historic]","FY2026 Q4 [Historic]","FY2026 Q4 [Historic]","FY2026 Q4 [Historic]","FY2026 Q4 [Historic]","FY2026 Q4 [Historic]","FY2026 Q4 [Historic]","FY2026 Q4 [Historic]"
"DEEPAKFERT","Tier 1","10","FY2026","Q4","Historic","FY2026 Q4 [Historic]","FY2026 Q4 [Historic]","FY2026 Q4 [Historic]","FY2026 Q4 [Historic]","FY2026 Q4 [Historic]","FY2026 Q4 [Historic]","FY2026 Q4 [Historic]","FY2026 Q4 [Historic]","FY2026 Q4 [Historic]","FY2026 Q4 [Historic]"
"DEEPAKNTR","Tier 1","10","FY2026","Q4","Historic","FY2026 Q4 [Historic]","FY2026 Q4 [Historic]","FY2026 Q4 [Historic]","FY2026 Q4 [Historic]","FY2026 Q4 [Historic]","FY2026 Q4 [Historic]","FY2026 Q4 [Historic]","FY2026 Q4 [Historic]","FY2026 Q4 [Historic]","FY2026 Q4 [Historic]"
"DEEPINDS","Tier 1","10","FY2026","Q4","Historic","FY2026 Q4 [Historic]","FY2026 Q4 [Historic]","FY2026 Q4 [Historic]","FY2026 Q4 [Historic]","FY2026 Q4 [Historic]","FY2026 Q4 [Historic]","FY2026 Q4 [Historic]","FY2026 Q4 [Historic]","FY2026 Q4 [Historic]","FY2026 Q4 [Historic]"
"DEVYANI","Tier 1","10","FY2026","Q4","Historic","FY2026 Q4 [Historic]","FY2026 Q4 [Historic]","FY2026 Q4 [Historic]","FY2026 Q4 [Historic]","FY2026 Q4 [Historic]","FY2026 Q4 [Historic]","FY2026 Q4 [Historic]","FY2026 Q4 [Historic]","FY2026 Q4 [Historic]","FY2026 Q4 [Historic]"
"DHAMPURSUG","Tier 1","10","FY2026","Q4","Historic","FY2026 Q4 [Historic]","FY2026 Q4 [Historic]","FY2026 Q4 [Historic]","FY2026 Q4 [Historic]","FY2026 Q4 [Historic]","FY2026 Q4 [Historic]","FY2026 Q4 [Historic]","FY2026 Q4 [Historic]","FY2026 Q4 [Historic]","FY2026 Q4 [Historic]"
"DHANUKA","Tier 1","10","FY2026","Q4","Historic","FY2026 Q4 [Historic]","FY2026 Q4 [Historic]","FY2026 Q4 [Historic]","FY2026 Q4 [Historic]","FY2026 Q4 [Historic]","FY2026 Q4 [Historic]","FY2026 Q4 [Historic]","FY2026 Q4 [Historic]","FY2026 Q4 [Historic]","FY2026 Q4 [Historic]"
"DIFFNKG","Tier 1","10","FY2026","Q4","Historic","FY2026 Q4 [Historic]","FY2026 Q4 [Historic]","FY2026 Q4 [Historic]","FY2026 Q4 [Historic]","FY2026 Q4 [Historic]","FY2026 Q4 [Historic]","FY2026 Q4 [Historic]","FY2026 Q4 [Historic]","FY2026 Q4 [Historic]","FY2026 Q4 [Historic]"
"DIGITIDE","Tier 1","10","FY2026","Q4","Historic","FY2026 Q4 [Historic]","FY2026 Q4 [Historic]","FY2026 Q4 [Historic]","FY2026 Q4 [Historic]","FY2026 Q4 [Historic]","FY2026 Q4 [Historic]","FY2026 Q4 [Historic]","FY2026 Q4 [Historic]","FY2026 Q4 [Historic]","FY2026 Q4 [Historic]"
"DIVGIITTS","Tier 1","10","FY2026","Q4","Historic","FY2026 Q4 [Historic]","FY2026 Q4 [Historic]","FY2026 Q4 [Historic]","FY2026 Q4 [Historic]","FY2026 Q4 [Historic]","FY2026 Q4 [Historic]","FY2026 Q4 [Historic]","FY2026 Q4 [Historic]","FY2026 Q4 [Historic]","FY2026 Q4 [Historic]"
"DLF","Tier 1","10","FY2026","Q4","Historic","FY2026 Q4 [Historic]","FY2026 Q4 [Historic]","FY2026 Q4 [Historic]","FY2026 Q4 [Historic]","FY2026 Q4 [Historic]","FY2026 Q4 [Historic]","FY2026 Q4 [Historic]","FY2026 Q4 [Historic]","FY2026 Q4 [Historic]","FY2026 Q4 [Historic]"
"DMCC","Tier 1","10","FY2026","Q4","Historic","FY2026 Q4 [Historic]","FY2026 Q4 [Historic]","FY2026 Q4 [Historic]","FY2026 Q4 [Historic]","FY2026 Q4 [Historic]","FY2026 Q4 [Historic]","FY2026 Q4 [Historic]","FY2026 Q4 [Historic]","FY2026 Q4 [Historic]","FY2026 Q4 [Historic]"
"DODLA","Tier 1","10","FY2026","Q4","Historic","FY2026 Q4 [Historic]","FY2026 Q4 [Historic]","FY2026 Q4 [Historic]","FY2026 Q4 [Historic]","FY2026 Q4 [Historic]","FY2026 Q4 [Historic]","FY2026 Q4 [Historic]","FY2026 Q4 [Historic]","FY2026 Q4 [Historic]","FY2026 Q4 [Historic]"
"DOLLAR","Tier 1","10","FY2026","Q4","Historic","FY2026 Q4 [Historic]","FY2026 Q4 [Historic]","FY2026 Q4 [Historic]","FY2026 Q4 [Historic]","FY2026 Q4 [Historic]","FY2026 Q4 [Historic]","FY2026 Q4 [Historic]","FY2026 Q4 [Historic]","FY2026 Q4 [Historic]","FY2026 Q4 [Historic]"
"DOMS","Tier 1","10","FY2026","Q4","Historic","FY2026 Q4 [Historic]","FY2026 Q4 [Historic]","FY2026 Q4 [Historic]","FY2026 Q4 [Historic]","FY2026 Q4 [Historic]","FY2026 Q4 [Historic]","FY2026 Q4 [Historic]","FY2026 Q4 [Historic]","FY2026 Q4 [Historic]","FY2026 Q4 [Historic]"
"DPABHUSHAN","Tier 1","10","FY2026","Q4","Historic","FY2026 Q4 [Historic]","FY2026 Q4 [Historic]","FY2026 Q4 [Historic]","FY2026 Q4 [Historic]","FY2026 Q4 [Historic]","FY2026 Q4 [Historic]","FY2026 Q4 [Historic]","FY2026 Q4 [Historic]","FY2026 Q4 [Historic]","FY2026 Q4 [Historic]"
"DRREDDY","Tier 1","10","FY2026","Q4","Historic","FY2026 Q4 [Historic]","FY2026 Q4 [Historic]","FY2026 Q4 [Historic]","FY2026 Q4 [Historic]","FY2026 Q4 [Historic]","FY2026 Q4 [Historic]","FY2026 Q4 [Historic]","FY2026 Q4 [Historic]","FY2026 Q4 [Historic]","FY2026 Q4 [Historic]"
"DYCL","Tier 1","10","FY2026","Q4","Historic","FY2026 Q4 [Historic]","FY2026 Q4 [Historic]","FY2026 Q4 [Historic]","FY2026 Q4 [Historic]","FY2026 Q4 [Historic]","FY2026 Q4 [Historic]","FY2026 Q4 [Historic]","FY2026 Q4 [Historic]","FY2026 Q4 [Historic]","FY2026 Q4 [Historic]"
"E2E","Tier 1","10","FY2026","Q4","Historic","FY2026 Q4 [Historic]","FY2026 Q4 [Historic]","FY2026 Q4 [Historic]","FY2026 Q4 [Historic]","FY2026 Q4 [Historic]","FY2026 Q4 [Historic]","FY2026 Q4 [Historic]","FY2026 Q4 [Historic]","FY2026 Q4 [Historic]","FY2026 Q4 [Historic]"
"EBGNG","Tier 1","10","FY2026","Q4","Historic","FY2026 Q4 [Historic]","FY2026 Q4 [Historic]","FY2026 Q4 [Historic]","FY2026 Q4 [Historic]","FY2026 Q4 [Historic]","FY2026 Q4 [Historic]","FY2026 Q4 [Historic]","FY2026 Q4 [Historic]","FY2026 Q4 [Historic]","FY2026 Q4 [Historic]"
"ECLERX","Tier 1","10","FY2026","Q4","Historic","FY2026 Q4 [Historic]","FY2026 Q4 [Historic]","FY2026 Q4 [Historic]","FY2026 Q4 [Historic]","FY2026 Q4 [Historic]","FY2026 Q4 [Historic]","FY2026 Q4 [Historic]","FY2026 Q4 [Historic]","FY2026 Q4 [Historic]","FY2026 Q4 [Historic]"
"EFCIL","Tier 1","10","FY2026","Q4","Historic","FY2026 Q4 [Historic]","FY2026 Q4 [Historic]","FY2026 Q4 [Historic]","FY2026 Q4 [Historic]","FY2026 Q4 [Historic]","FY2026 Q4 [Historic]","FY2026 Q4 [Historic]","FY2026 Q4 [Historic]","FY2026 Q4 [Historic]","FY2026 Q4 [Historic]"
"EICHERMOT","Tier 1","10","FY2026","Q4","Historic","FY2026 Q4 [Historic]","FY2026 Q4 [Historic]","FY2026 Q4 [Historic]","FY2026 Q4 [Historic]","FY2026 Q4 [Historic]","FY2026 Q4 [Historic]","FY2026 Q4 [Historic]","FY2026 Q4 [Historic]","FY2026 Q4 [Historic]","FY2026 Q4 [Historic]"
"EIDPARRY","Tier 1","10","FY2026","Q4","Historic","FY2026 Q4 [Historic]","FY2026 Q4 [Historic]","FY2026 Q4 [Historic]","FY2026 Q4 [Historic]","FY2026 Q4 [Historic]","FY2026 Q4 [Historic]","FY2026 Q4 [Historic]","FY2026 Q4 [Historic]","FY2026 Q4 [Historic]","FY2026 Q4 [Historic]"
"EIEL","Tier 1","10","FY2026","Q4","Historic","FY2026 Q4 [Historic]","FY2026 Q4 [Historic]","FY2026 Q4 [Historic]","FY2026 Q4 [Historic]","FY2026 Q4 [Historic]","FY2026 Q4 [Historic]","FY2026 Q4 [Historic]","FY2026 Q4 [Historic]","FY2026 Q4 [Historic]","FY2026 Q4 [Historic]"
"EIHOTEL","Tier 1","10","FY2026","Q4","Historic","FY2026 Q4 [Historic]","FY2026 Q4 [Historic]","FY2026 Q4 [Historic]","FY2026 Q4 [Historic]","FY2026 Q4 [Historic]","FY2026 Q4 [Historic]","FY2026 Q4 [Historic]","FY2026 Q4 [Historic]","FY2026 Q4 [Historic]","FY2026 Q4 [Historic]"
"ELECON","Tier 1","10","FY2026","Q4","Historic","FY2026 Q4 [Historic]","FY2026 Q4 [Historic]","FY2026 Q4 [Historic]","FY2026 Q4 [Historic]","FY2026 Q4 [Historic]","FY2026 Q4 [Historic]","FY2026 Q4 [Historic]","FY2026 Q4 [Historic]","FY2026 Q4 [Historic]","FY2026 Q4 [Historic]"
"ELECTCAST","Tier 1","10","FY2026","Q4","Historic","FY2026 Q4 [Historic]","FY2026 Q4 [Historic]","FY2026 Q4 [Historic]","FY2026 Q4 [Historic]","FY2026 Q4 [Historic]","FY2026 Q4 [Historic]","FY2026 Q4 [Historic]","FY2026 Q4 [Historic]","FY2026 Q4 [Historic]","FY2026 Q4 [Historic]"
"ELGIEQUIP","Tier 1","10","FY2026","Q4","Historic","FY2026 Q4 [Historic]","FY2026 Q4 [Historic]","FY2026 Q4 [Historic]","FY2026 Q4 [Historic]","FY2026 Q4 [Historic]","FY2026 Q4 [Historic]","FY2026 Q4 [Historic]","FY2026 Q4 [Historic]","FY2026 Q4 [Historic]","FY2026 Q4 [Historic]"
"ELLEN","Tier 1","10","FY2026","Q4","Historic","FY2026 Q4 [Historic]","FY2026 Q4 [Historic]","FY2026 Q4 [Historic]","FY2026 Q4 [Historic]","FY2026 Q4 [Historic]","FY2026 Q4 [Historic]","FY2026 Q4 [Historic]","FY2026 Q4 [Historic]","FY2026 Q4 [Historic]","FY2026 Q4 [Historic]"
"EMAMILTD","Tier 1","10","FY2026","Q4","Historic","FY2026 Q4 [Historic]","FY2026 Q4 [Historic]","FY2026 Q4 [Historic]","FY2026 Q4 [Historic]","FY2026 Q4 [Historic]","FY2026 Q4 [Historic]","FY2026 Q4 [Historic]","FY2026 Q4 [Historic]","FY2026 Q4 [Historic]","FY2026 Q4 [Historic]"
"EMIL","Tier 1","10","FY2026","Q4","Historic","FY2026 Q4 [Historic]","FY2026 Q4 [Historic]","FY2026 Q4 [Historic]","FY2026 Q4 [Historic]","FY2026 Q4 [Historic]","FY2026 Q4 [Historic]","FY2026 Q4 [Historic]","FY2026 Q4 [Historic]","FY2026 Q4 [Historic]","FY2026 Q4 [Historic]"
"EMSLIMITED","Tier 1","10","FY2026","Q4","Historic","FY2026 Q4 [Historic]","FY2026 Q4 [Historic]","FY2026 Q4 [Historic]","FY2026 Q4 [Historic]","FY2026 Q4 [Historic]","FY2026 Q4 [Historic]","FY2026 Q4 [Historic]","FY2026 Q4 [Historic]","FY2026 Q4 [Historic]","FY2026 Q4 [Historic]"
"EMUDHRA","Tier 1","10","FY2026","Q4","Historic","FY2026 Q4 [Historic]","FY2026 Q4 [Historic]","FY2026 Q4 [Historic]","FY2026 Q4 [Historic]","FY2026 Q4 [Historic]","FY2026 Q4 [Historic]","FY2026 Q4 [Historic]","FY2026 Q4 [Historic]","FY2026 Q4 [Historic]","FY2026 Q4 [Historic]"
"ENDURANCE","Tier 1","10","FY2026","Q4","Historic","FY2026 Q4 [Historic]","FY2026 Q4 [Historic]","FY2026 Q4 [Historic]","FY2026 Q4 [Historic]","FY2026 Q4 [Historic]","FY2026 Q4 [Historic]","FY2026 Q4 [Historic]","FY2026 Q4 [Historic]","FY2026 Q4 [Historic]","FY2026 Q4 [Historic]"
"ENTERO","Tier 1","10","FY2026","Q4","Historic","FY2026 Q4 [Historic]","FY2026 Q4 [Historic]","FY2026 Q4 [Historic]","FY2026 Q4 [Historic]","FY2026 Q4 [Historic]","FY2026 Q4 [Historic]","FY2026 Q4 [Historic]","FY2026 Q4 [Historic]","FY2026 Q4 [Historic]","FY2026 Q4 [Historic]"
"EPACK","Tier 1","10","FY2026","Q4","Historic","FY2026 Q4 [Historic]","FY2026 Q4 [Historic]","FY2026 Q4 [Historic]","FY2026 Q4 [Historic]","FY2026 Q4 [Historic]","FY2026 Q4 [Historic]","FY2026 Q4 [Historic]","FY2026 Q4 [Historic]","FY2026 Q4 [Historic]","FY2026 Q4 [Historic]"
"EPIGRAL","Tier 1","10","FY2026","Q4","Historic","FY2026 Q4 [Historic]","FY2026 Q4 [Historic]","FY2026 Q4 [Historic]","FY2026 Q4 [Historic]","FY2026 Q4 [Historic]","FY2026 Q4 [Historic]","FY2026 Q4 [Historic]","FY2026 Q4 [Historic]","FY2026 Q4 [Historic]","FY2026 Q4 [Historic]"
"EQUITASBNK","Tier 1","10","FY2026","Q4","Historic","FY2026 Q4 [Historic]","FY2026 Q4 [Historic]","FY2026 Q4 [Historic]","FY2026 Q4 [Historic]","FY2026 Q4 [Historic]","FY2026 Q4 [Historic]","FY2026 Q4 [Historic]","FY2026 Q4 [Historic]","FY2026 Q4 [Historic]","FY2026 Q4 [Historic]"
"ESAFSFB","Tier 1","10","FY2026","Q4","Historic","FY2026 Q4 [Historic]","FY2026 Q4 [Historic]","FY2026 Q4 [Historic]","FY2026 Q4 [Historic]","FY2026 Q4 [Historic]","FY2026 Q4 [Historic]","FY2026 Q4 [Historic]","FY2026 Q4 [Historic]","FY2026 Q4 [Historic]","FY2026 Q4 [Historic]"
"ESCORTS","Tier 1","10","FY2026","Q4","Historic","FY2026 Q4 [Historic]","FY2026 Q4 [Historic]","FY2026 Q4 [Historic]","FY2026 Q4 [Historic]","FY2026 Q4 [Historic]","FY2026 Q4 [Historic]","FY2026 Q4 [Historic]","FY2026 Q4 [Historic]","FY2026 Q4 [Historic]","FY2026 Q4 [Historic]"
"ETERNAL","Tier 1","10","FY2026","Q4","Historic","FY2026 Q4 [Historic]","FY2026 Q4 [Historic]","FY2026 Q4 [Historic]","FY2026 Q4 [Historic]","FY2026 Q4 [Historic]","FY2026 Q4 [Historic]","FY2026 Q4 [Historic]","FY2026 Q4 [Historic]","FY2026 Q4 [Historic]","FY2026 Q4 [Historic]"
"EUREKAFORB","Tier 1","10","FY2026","Q4","Historic","FY2026 Q4 [Historic]","FY2026 Q4 [Historic]","FY2026 Q4 [Historic]","FY2026 Q4 [Historic]","FY2026 Q4 [Historic]","FY2026 Q4 [Historic]","FY2026 Q4 [Historic]","FY2026 Q4 [Historic]","FY2026 Q4 [Historic]","FY2026 Q4 [Historic]"
"EVEREADY","Tier 1","10","FY2026","Q4","Historic","FY2026 Q4 [Historic]","FY2026 Q4 [Historic]","FY2026 Q4 [Historic]","FY2026 Q4 [Historic]","FY2026 Q4 [Historic]","FY2026 Q4 [Historic]","FY2026 Q4 [Historic]","FY2026 Q4 [Historic]","FY2026 Q4 [Historic]","FY2026 Q4 [Historic]"
"EXICOM","Tier 1","10","FY2026","Q4","Historic","FY2026 Q4 [Historic]","FY2026 Q4 [Historic]","FY2026 Q4 [Historic]","FY2026 Q4 [Historic]","FY2026 Q4 [Historic]","FY2026 Q4 [Historic]","FY2026 Q4 [Historic]","FY2026 Q4 [Historic]","FY2026 Q4 [Historic]","FY2026 Q4 [Historic]"
"EXIDEIND","Tier 1","10","FY2026","Q4","Historic","FY2026 Q4 [Historic]","FY2026 Q4 [Historic]","FY2026 Q4 [Historic]","FY2026 Q4 [Historic]","FY2026 Q4 [Historic]","FY2026 Q4 [Historic]","FY2026 Q4 [Historic]","FY2026 Q4 [Historic]","FY2026 Q4 [Historic]","FY2026 Q4 [Historic]"
"EXPLEOSOL","Tier 1","10","FY2026","Q4","Historic","FY2026 Q4 [Historic]","FY2026 Q4 [Historic]","FY2026 Q4 [Historic]","FY2026 Q4 [Historic]","FY2026 Q4 [Historic]","FY2026 Q4 [Historic]","FY2026 Q4 [Historic]","FY2026 Q4 [Historic]","FY2026 Q4 [Historic]","FY2026 Q4 [Historic]"
"FAIRCHEMOR","Tier 1","10","FY2026","Q4","Historic","FY2026 Q4 [Historic]","FY2026 Q4 [Historic]","FY2026 Q4 [Historic]","FY2026 Q4 [Historic]","FY2026 Q4 [Historic]","FY2026 Q4 [Historic]","FY2026 Q4 [Historic]","FY2026 Q4 [Historic]","FY2026 Q4 [Historic]","FY2026 Q4 [Historic]"
"FCL","Tier 1","10","FY2026","Q4","Historic","FY2026 Q4 [Historic]","FY2026 Q4 [Historic]","FY2026 Q4 [Historic]","FY2026 Q4 [Historic]","FY2026 Q4 [Historic]","FY2026 Q4 [Historic]","FY2026 Q4 [Historic]","FY2026 Q4 [Historic]","FY2026 Q4 [Historic]","FY2026 Q4 [Historic]"
"FEDERALBNK","Tier 1","10","FY2026","Q4","Historic","FY2026 Q4 [Historic]","FY2026 Q4 [Historic]","FY2026 Q4 [Historic]","FY2026 Q4 [Historic]","FY2026 Q4 [Historic]","FY2026 Q4 [Historic]","FY2026 Q4 [Historic]","FY2026 Q4 [Historic]","FY2026 Q4 [Historic]","FY2026 Q4 [Historic]"
"FEDFINA","Tier 1","10","FY2026","Q4","Historic","FY2026 Q4 [Historic]","FY2026 Q4 [Historic]","FY2026 Q4 [Historic]","FY2026 Q4 [Historic]","FY2026 Q4 [Historic]","FY2026 Q4 [Historic]","FY2026 Q4 [Historic]","FY2026 Q4 [Historic]","FY2026 Q4 [Historic]","FY2026 Q4 [Historic]"
"FIEMIND","Tier 1","10","FY2026","Q4","Historic","FY2026 Q4 [Historic]","FY2026 Q4 [Historic]","FY2026 Q4 [Historic]","FY2026 Q4 [Historic]","FY2026 Q4 [Historic]","FY2026 Q4 [Historic]","FY2026 Q4 [Historic]","FY2026 Q4 [Historic]","FY2026 Q4 [Historic]","FY2026 Q4 [Historic]"
"FILATEX","Tier 1","10","FY2026","Q4","Historic","FY2026 Q4 [Historic]","FY2026 Q4 [Historic]","FY2026 Q4 [Historic]","FY2026 Q4 [Historic]","FY2026 Q4 [Historic]","FY2026 Q4 [Historic]","FY2026 Q4 [Historic]","FY2026 Q4 [Historic]","FY2026 Q4 [Historic]","FY2026 Q4 [Historic]"
"FINCABLES","Tier 1","10","FY2026","Q4","Historic","FY2026 Q4 [Historic]","FY2026 Q4 [Historic]","FY2026 Q4 [Historic]","FY2026 Q4 [Historic]","FY2026 Q4 [Historic]","FY2026 Q4 [Historic]","FY2026 Q4 [Historic]","FY2026 Q4 [Historic]","FY2026 Q4 [Historic]","FY2026 Q4 [Historic]"
"FINPIPE","Tier 1","10","FY2026","Q4","Historic","FY2026 Q4 [Historic]","FY2026 Q4 [Historic]","FY2026 Q4 [Historic]","FY2026 Q4 [Historic]","FY2026 Q4 [Historic]","FY2026 Q4 [Historic]","FY2026 Q4 [Historic]","FY2026 Q4 [Historic]","FY2026 Q4 [Historic]","FY2026 Q4 [Historic]"
"FIRSTCRY","Tier 1","10","FY2026","Q4","Historic","FY2026 Q4 [Historic]","FY2026 Q4 [Historic]","FY2026 Q4 [Historic]","FY2026 Q4 [Historic]","FY2026 Q4 [Historic]","FY2026 Q4 [Historic]","FY2026 Q4 [Historic]","FY2026 Q4 [Historic]","FY2026 Q4 [Historic]","FY2026 Q4 [Historic]"
"FIVESTAR","Tier 1","10","FY2026","Q4","Historic","FY2026 Q4 [Historic]","FY2026 Q4 [Historic]","FY2026 Q4 [Historic]","FY2026 Q4 [Historic]","FY2026 Q4 [Historic]","FY2026 Q4 [Historic]","FY2026 Q4 [Historic]","FY2026 Q4 [Historic]","FY2026 Q4 [Historic]","FY2026 Q4 [Historic]"
"FLAIR","Tier 1","10","FY2026","Q4","Historic","FY2026 Q4 [Historic]","FY2026 Q4 [Historic]","FY2026 Q4 [Historic]","FY2026 Q4 [Historic]","FY2026 Q4 [Historic]","FY2026 Q4 [Historic]","FY2026 Q4 [Historic]","FY2026 Q4 [Historic]","FY2026 Q4 [Historic]","FY2026 Q4 [Historic]"
"FLUOROCHEM","Tier 1","10","FY2026","Q4","Historic","FY2026 Q4 [Historic]","FY2026 Q4 [Historic]","FY2026 Q4 [Historic]","FY2026 Q4 [Historic]","FY2026 Q4 [Historic]","FY2026 Q4 [Historic]","FY2026 Q4 [Historic]","FY2026 Q4 [Historic]","FY2026 Q4 [Historic]","FY2026 Q4 [Historic]"
"FORTIS","Tier 1","10","FY2026","Q4","Historic","FY2026 Q4 [Historic]","FY2026 Q4 [Historic]","FY2026 Q4 [Historic]","FY2026 Q4 [Historic]","FY2026 Q4 [Historic]","FY2026 Q4 [Historic]","FY2026 Q4 [Historic]","FY2026 Q4 [Historic]","FY2026 Q4 [Historic]","FY2026 Q4 [Historic]"
"FRONTSP","Tier 1","10","FY2026","Q4","Historic","FY2026 Q4 [Historic]","FY2026 Q4 [Historic]","FY2026 Q4 [Historic]","FY2026 Q4 [Historic]","FY2026 Q4 [Historic]","FY2026 Q4 [Historic]","FY2026 Q4 [Historic]","FY2026 Q4 [Historic]","FY2026 Q4 [Historic]","FY2026 Q4 [Historic]"
"FSL","Tier 1","10","FY2026","Q4","Historic","FY2026 Q4 [Historic]","FY2026 Q4 [Historic]","FY2026 Q4 [Historic]","FY2026 Q4 [Historic]","FY2026 Q4 [Historic]","FY2026 Q4 [Historic]","FY2026 Q4 [Historic]","FY2026 Q4 [Historic]","FY2026 Q4 [Historic]","FY2026 Q4 [Historic]"
"FUSION","Tier 1","10","FY2026","Q4","Historic","FY2026 Q4 [Historic]","FY2026 Q4 [Historic]","FY2026 Q4 [Historic]","FY2026 Q4 [Historic]","FY2026 Q4 [Historic]","FY2026 Q4 [Historic]","FY2026 Q4 [Historic]","FY2026 Q4 [Historic]","FY2026 Q4 [Historic]","FY2026 Q4 [Historic]"
"GABRIEL","Tier 1","10","FY2026","Q4","Historic","FY2026 Q4 [Historic]","FY2026 Q4 [Historic]","FY2026 Q4 [Historic]","FY2026 Q4 [Historic]","FY2026 Q4 [Historic]","FY2026 Q4 [Historic]","FY2026 Q4 [Historic]","FY2026 Q4 [Historic]","FY2026 Q4 [Historic]","FY2026 Q4 [Historic]"
"GAIL","Tier 1","10","FY2026","Q4","Historic","FY2026 Q4 [Historic]","FY2026 Q4 [Historic]","FY2026 Q4 [Historic]","FY2026 Q4 [Historic]","FY2026 Q4 [Historic]","FY2026 Q4 [Historic]","FY2026 Q4 [Historic]","FY2026 Q4 [Historic]","FY2026 Q4 [Historic]","FY2026 Q4 [Historic]"
"GALAXYSURF","Tier 1","10","FY2026","Q4","Historic","FY2026 Q4 [Historic]","FY2026 Q4 [Historic]","FY2026 Q4 [Historic]","FY2026 Q4 [Historic]","FY2026 Q4 [Historic]","FY2026 Q4 [Historic]","FY2026 Q4 [Historic]","FY2026 Q4 [Historic]","FY2026 Q4 [Historic]","FY2026 Q4 [Historic]"
"GANDHAR","Tier 1","10","FY2026","Q4","Historic","FY2026 Q4 [Historic]","FY2026 Q4 [Historic]","FY2026 Q4 [Historic]","FY2026 Q4 [Historic]","FY2026 Q4 [Historic]","FY2026 Q4 [Historic]","FY2026 Q4 [Historic]","FY2026 Q4 [Historic]","FY2026 Q4 [Historic]","FY2026 Q4 [Historic]"
"GANESHHOU","Tier 1","10","FY2026","Q4","Historic","FY2026 Q4 [Historic]","FY2026 Q4 [Historic]","FY2026 Q4 [Historic]","FY2026 Q4 [Historic]","FY2026 Q4 [Historic]","FY2026 Q4 [Historic]","FY2026 Q4 [Historic]","FY2026 Q4 [Historic]","FY2026 Q4 [Historic]","FY2026 Q4 [Historic]"
"GESHIP","Tier 1","10","FY2026","Q4","Historic","FY2026 Q4 [Historic]","FY2026 Q4 [Historic]","FY2026 Q4 [Historic]","FY2026 Q4 [Historic]","FY2026 Q4 [Historic]","FY2026 Q4 [Historic]","FY2026 Q4 [Historic]","FY2026 Q4 [Historic]","FY2026 Q4 [Historic]","FY2026 Q4 [Historic]"
"GHCL","Tier 1","10","FY2026","Q4","Historic","FY2026 Q4 [Historic]","FY2026 Q4 [Historic]","FY2026 Q4 [Historic]","FY2026 Q4 [Historic]","FY2026 Q4 [Historic]","FY2026 Q4 [Historic]","FY2026 Q4 [Historic]","FY2026 Q4 [Historic]","FY2026 Q4 [Historic]","FY2026 Q4 [Historic]"
"GHCLTEXTIL","Tier 1","10","FY2026","Q4","Historic","FY2026 Q4 [Historic]","FY2026 Q4 [Historic]","FY2026 Q4 [Historic]","FY2026 Q4 [Historic]","FY2026 Q4 [Historic]","FY2026 Q4 [Historic]","FY2026 Q4 [Historic]","FY2026 Q4 [Historic]","FY2026 Q4 [Historic]","FY2026 Q4 [Historic]"
"GLAND","Tier 1","10","FY2026","Q4","Historic","FY2026 Q4 [Historic]","FY2026 Q4 [Historic]","FY2026 Q4 [Historic]","FY2026 Q4 [Historic]","FY2026 Q4 [Historic]","FY2026 Q4 [Historic]","FY2026 Q4 [Historic]","FY2026 Q4 [Historic]","FY2026 Q4 [Historic]","FY2026 Q4 [Historic]"
"GLAXO","Tier 1","10","FY2026","Q4","Historic","FY2026 Q4 [Historic]","FY2026 Q4 [Historic]","FY2026 Q4 [Historic]","FY2026 Q4 [Historic]","FY2026 Q4 [Historic]","FY2026 Q4 [Historic]","FY2026 Q4 [Historic]","FY2026 Q4 [Historic]","FY2026 Q4 [Historic]","FY2026 Q4 [Historic]"
"GLENMARK","Tier 1","10","FY2026","Q4","Historic","FY2026 Q4 [Historic]","FY2026 Q4 [Historic]","FY2026 Q4 [Historic]","FY2026 Q4 [Historic]","FY2026 Q4 [Historic]","FY2026 Q4 [Historic]","FY2026 Q4 [Historic]","FY2026 Q4 [Historic]","FY2026 Q4 [Historic]","FY2026 Q4 [Historic]"
"GLOBUSSPR","Tier 1","10","FY2026","Q4","Historic","FY2026 Q4 [Historic]","FY2026 Q4 [Historic]","FY2026 Q4 [Historic]","FY2026 Q4 [Historic]","FY2026 Q4 [Historic]","FY2026 Q4 [Historic]","FY2026 Q4 [Historic]","FY2026 Q4 [Historic]","FY2026 Q4 [Historic]","FY2026 Q4 [Historic]"
"GMMPFAUDLR","Tier 1","10","FY2026","Q4","Historic","FY2026 Q4 [Historic]","FY2026 Q4 [Historic]","FY2026 Q4 [Historic]","FY2026 Q4 [Historic]","FY2026 Q4 [Historic]","FY2026 Q4 [Historic]","FY2026 Q4 [Historic]","FY2026 Q4 [Historic]","FY2026 Q4 [Historic]","FY2026 Q4 [Historic]"
"GMRAIRPORT","Tier 1","10","FY2026","Q4","Historic","FY2026 Q4 [Historic]","FY2026 Q4 [Historic]","FY2026 Q4 [Historic]","FY2026 Q4 [Historic]","FY2026 Q4 [Historic]","FY2026 Q4 [Historic]","FY2026 Q4 [Historic]","FY2026 Q4 [Historic]","FY2026 Q4 [Historic]","FY2026 Q4 [Historic]"
"GNFC","Tier 1","10","FY2026","Q4","Historic","FY2026 Q4 [Historic]","FY2026 Q4 [Historic]","FY2026 Q4 [Historic]","FY2026 Q4 [Historic]","FY2026 Q4 [Historic]","FY2026 Q4 [Historic]","FY2026 Q4 [Historic]","FY2026 Q4 [Historic]","FY2026 Q4 [Historic]","FY2026 Q4 [Historic]"
"GOCOLORS","Tier 1","10","FY2026","Q4","Historic","FY2026 Q4 [Historic]","FY2026 Q4 [Historic]","FY2026 Q4 [Historic]","FY2026 Q4 [Historic]","FY2026 Q4 [Historic]","FY2026 Q4 [Historic]","FY2026 Q4 [Historic]","FY2026 Q4 [Historic]","FY2026 Q4 [Historic]","FY2026 Q4 [Historic]"
"GODAVARIB","Tier 1","10","FY2026","Q4","Historic","FY2026 Q4 [Historic]","FY2026 Q4 [Historic]","FY2026 Q4 [Historic]","FY2026 Q4 [Historic]","FY2026 Q4 [Historic]","FY2026 Q4 [Historic]","FY2026 Q4 [Historic]","FY2026 Q4 [Historic]","FY2026 Q4 [Historic]","FY2026 Q4 [Historic]"
"GODIGIT","Tier 1","10","FY2026","Q4","Historic","FY2026 Q4 [Historic]","FY2026 Q4 [Historic]","FY2026 Q4 [Historic]","FY2026 Q4 [Historic]","FY2026 Q4 [Historic]","FY2026 Q4 [Historic]","FY2026 Q4 [Historic]","FY2026 Q4 [Historic]","FY2026 Q4 [Historic]","FY2026 Q4 [Historic]"
"GODREJAGRO","Tier 1","10","FY2026","Q4","Historic","FY2026 Q4 [Historic]","FY2026 Q4 [Historic]","FY2026 Q4 [Historic]","FY2026 Q4 [Historic]","FY2026 Q4 [Historic]","FY2026 Q4 [Historic]","FY2026 Q4 [Historic]","FY2026 Q4 [Historic]","FY2026 Q4 [Historic]","FY2026 Q4 [Historic]"
"GODREJCP","Tier 1","10","FY2026","Q4","Historic","FY2026 Q4 [Historic]","FY2026 Q4 [Historic]","FY2026 Q4 [Historic]","FY2026 Q4 [Historic]","FY2026 Q4 [Historic]","FY2026 Q4 [Historic]","FY2026 Q4 [Historic]","FY2026 Q4 [Historic]","FY2026 Q4 [Historic]","FY2026 Q4 [Historic]"
"GODREJPROP","Tier 1","10","FY2026","Q4","Historic","FY2026 Q4 [Historic]","FY2026 Q4 [Historic]","FY2026 Q4 [Historic]","FY2026 Q4 [Historic]","FY2026 Q4 [Historic]","FY2026 Q4 [Historic]","FY2026 Q4 [Historic]","FY2026 Q4 [Historic]","FY2026 Q4 [Historic]","FY2026 Q4 [Historic]"
"GOKEX","Tier 1","10","FY2026","Q4","Historic","FY2026 Q4 [Historic]","FY2026 Q4 [Historic]","FY2026 Q4 [Historic]","FY2026 Q4 [Historic]","FY2026 Q4 [Historic]","FY2026 Q4 [Historic]","FY2026 Q4 [Historic]","FY2026 Q4 [Historic]","FY2026 Q4 [Historic]","FY2026 Q4 [Historic]"
"GOLDIAM","Tier 1","10","FY2026","Q4","Historic","FY2026 Q4 [Historic]","FY2026 Q4 [Historic]","FY2026 Q4 [Historic]","FY2026 Q4 [Historic]","FY2026 Q4 [Historic]","FY2026 Q4 [Historic]","FY2026 Q4 [Historic]","FY2026 Q4 [Historic]","FY2026 Q4 [Historic]","FY2026 Q4 [Historic]"
"GOODLUCK","Tier 1","10","FY2026","Q4","Historic","FY2026 Q4 [Historic]","FY2026 Q4 [Historic]","FY2026 Q4 [Historic]","FY2026 Q4 [Historic]","FY2026 Q4 [Historic]","FY2026 Q4 [Historic]","FY2026 Q4 [Historic]","FY2026 Q4 [Historic]","FY2026 Q4 [Historic]","FY2026 Q4 [Historic]"
"GOPAL","Tier 1","10","FY2026","Q4","Historic","FY2026 Q4 [Historic]","FY2026 Q4 [Historic]","FY2026 Q4 [Historic]","FY2026 Q4 [Historic]","FY2026 Q4 [Historic]","FY2026 Q4 [Historic]","FY2026 Q4 [Historic]","FY2026 Q4 [Historic]","FY2026 Q4 [Historic]","FY2026 Q4 [Historic]"
"GPPL","Tier 1","10","FY2026","Q4","Historic","FY2026 Q4 [Historic]","FY2026 Q4 [Historic]","FY2026 Q4 [Historic]","FY2026 Q4 [Historic]","FY2026 Q4 [Historic]","FY2026 Q4 [Historic]","FY2026 Q4 [Historic]","FY2026 Q4 [Historic]","FY2026 Q4 [Historic]","FY2026 Q4 [Historic]"
"GPTHEALTH","Tier 1","10","FY2026","Q4","Historic","FY2026 Q4 [Historic]","FY2026 Q4 [Historic]","FY2026 Q4 [Historic]","FY2026 Q4 [Historic]","FY2026 Q4 [Historic]","FY2026 Q4 [Historic]","FY2026 Q4 [Historic]","FY2026 Q4 [Historic]","FY2026 Q4 [Historic]","FY2026 Q4 [Historic]"
"GPTINFRA","Tier 1","10","FY2026","Q4","Historic","FY2026 Q4 [Historic]","FY2026 Q4 [Historic]","FY2026 Q4 [Historic]","FY2026 Q4 [Historic]","FY2026 Q4 [Historic]","FY2026 Q4 [Historic]","FY2026 Q4 [Historic]","FY2026 Q4 [Historic]","FY2026 Q4 [Historic]","FY2026 Q4 [Historic]"
"GRANULES","Tier 1","10","FY2026","Q4","Historic","FY2026 Q4 [Historic]","FY2026 Q4 [Historic]","FY2026 Q4 [Historic]","FY2026 Q4 [Historic]","FY2026 Q4 [Historic]","FY2026 Q4 [Historic]","FY2026 Q4 [Historic]","FY2026 Q4 [Historic]","FY2026 Q4 [Historic]","FY2026 Q4 [Historic]"
"GREAVESCOT","Tier 1","10","FY2026","Q4","Historic","FY2026 Q4 [Historic]","FY2026 Q4 [Historic]","FY2026 Q4 [Historic]","FY2026 Q4 [Historic]","FY2026 Q4 [Historic]","FY2026 Q4 [Historic]","FY2026 Q4 [Historic]","FY2026 Q4 [Historic]","FY2026 Q4 [Historic]","FY2026 Q4 [Historic]"
"GREENLAM","Tier 1","10","FY2026","Q4","Historic","FY2026 Q4 [Historic]","FY2026 Q4 [Historic]","FY2026 Q4 [Historic]","FY2026 Q4 [Historic]","FY2026 Q4 [Historic]","FY2026 Q4 [Historic]","FY2026 Q4 [Historic]","FY2026 Q4 [Historic]","FY2026 Q4 [Historic]","FY2026 Q4 [Historic]"
"GREENPANEL","Tier 1","10","FY2026","Q4","Historic","FY2026 Q4 [Historic]","FY2026 Q4 [Historic]","FY2026 Q4 [Historic]","FY2026 Q4 [Historic]","FY2026 Q4 [Historic]","FY2026 Q4 [Historic]","FY2026 Q4 [Historic]","FY2026 Q4 [Historic]","FY2026 Q4 [Historic]","FY2026 Q4 [Historic]"
"GREENPLY","Tier 1","10","FY2026","Q4","Historic","FY2026 Q4 [Historic]","FY2026 Q4 [Historic]","FY2026 Q4 [Historic]","FY2026 Q4 [Historic]","FY2026 Q4 [Historic]","FY2026 Q4 [Historic]","FY2026 Q4 [Historic]","FY2026 Q4 [Historic]","FY2026 Q4 [Historic]","FY2026 Q4 [Historic]"
"GRINFRA","Tier 1","10","FY2026","Q4","Historic","FY2026 Q4 [Historic]","FY2026 Q4 [Historic]","FY2026 Q4 [Historic]","FY2026 Q4 [Historic]","FY2026 Q4 [Historic]","FY2026 Q4 [Historic]","FY2026 Q4 [Historic]","FY2026 Q4 [Historic]","FY2026 Q4 [Historic]","FY2026 Q4 [Historic]"
"GRPLTD","Tier 1","10","FY2026","Q4","Historic","FY2026 Q4 [Historic]","FY2026 Q4 [Historic]","FY2026 Q4 [Historic]","FY2026 Q4 [Historic]","FY2026 Q4 [Historic]","FY2026 Q4 [Historic]","FY2026 Q4 [Historic]","FY2026 Q4 [Historic]","FY2026 Q4 [Historic]","FY2026 Q4 [Historic]"
"GRWRHITECH","Tier 1","10","FY2026","Q4","Historic","FY2026 Q4 [Historic]","FY2026 Q4 [Historic]","FY2026 Q4 [Historic]","FY2026 Q4 [Historic]","FY2026 Q4 [Historic]","FY2026 Q4 [Historic]","FY2026 Q4 [Historic]","FY2026 Q4 [Historic]","FY2026 Q4 [Historic]","FY2026 Q4 [Historic]"
"GUFICBIO","Tier 1","10","FY2026","Q4","Historic","FY2026 Q4 [Historic]","FY2026 Q4 [Historic]","FY2026 Q4 [Historic]","FY2026 Q4 [Historic]","FY2026 Q4 [Historic]","FY2026 Q4 [Historic]","FY2026 Q4 [Historic]","FY2026 Q4 [Historic]","FY2026 Q4 [Historic]","FY2026 Q4 [Historic]"
"GUJGASLTD","Tier 1","10","FY2026","Q4","Historic","FY2026 Q4 [Historic]","FY2026 Q4 [Historic]","FY2026 Q4 [Historic]","FY2026 Q4 [Historic]","FY2026 Q4 [Historic]","FY2026 Q4 [Historic]","FY2026 Q4 [Historic]","FY2026 Q4 [Historic]","FY2026 Q4 [Historic]","FY2026 Q4 [Historic]"
"GULFOILLUB","Tier 1","10","FY2026","Q4","Historic","FY2026 Q4 [Historic]","FY2026 Q4 [Historic]","FY2026 Q4 [Historic]","FY2026 Q4 [Historic]","FY2026 Q4 [Historic]","FY2026 Q4 [Historic]","FY2026 Q4 [Historic]","FY2026 Q4 [Historic]","FY2026 Q4 [Historic]","FY2026 Q4 [Historic]"
"GULPOLY","Tier 1","10","FY2026","Q4","Historic","FY2026 Q4 [Historic]","FY2026 Q4 [Historic]","FY2026 Q4 [Historic]","FY2026 Q4 [Historic]","FY2026 Q4 [Historic]","FY2026 Q4 [Historic]","FY2026 Q4 [Historic]","FY2026 Q4 [Historic]","FY2026 Q4 [Historic]","FY2026 Q4 [Historic]"
"GVPIL","Tier 1","10","FY2026","Q4","Historic","FY2026 Q4 [Historic]","FY2026 Q4 [Historic]","FY2026 Q4 [Historic]","FY2026 Q4 [Historic]","FY2026 Q4 [Historic]","FY2026 Q4 [Historic]","FY2026 Q4 [Historic]","FY2026 Q4 [Historic]","FY2026 Q4 [Historic]","FY2026 Q4 [Historic]"
"GVT&D","Tier 1","10","FY2026","Q4","Historic","FY2026 Q4 [Historic]","FY2026 Q4 [Historic]","FY2026 Q4 [Historic]","FY2026 Q4 [Historic]","FY2026 Q4 [Historic]","FY2026 Q4 [Historic]","FY2026 Q4 [Historic]","FY2026 Q4 [Historic]","FY2026 Q4 [Historic]","FY2026 Q4 [Historic]"
"HAPPSTMNDS","Tier 1","10","FY2026","Q4","Historic","FY2026 Q4 [Historic]","FY2026 Q4 [Historic]","FY2026 Q4 [Historic]","FY2026 Q4 [Historic]","FY2026 Q4 [Historic]","FY2026 Q4 [Historic]","FY2026 Q4 [Historic]","FY2026 Q4 [Historic]","FY2026 Q4 [Historic]","FY2026 Q4 [Historic]"
"HAPPYFORGE","Tier 1","10","FY2026","Q4","Historic","FY2026 Q4 [Historic]","FY2026 Q4 [Historic]","FY2026 Q4 [Historic]","FY2026 Q4 [Historic]","FY2026 Q4 [Historic]","FY2026 Q4 [Historic]","FY2026 Q4 [Historic]","FY2026 Q4 [Historic]","FY2026 Q4 [Historic]","FY2026 Q4 [Historic]"
"HARSHA","Tier 1","10","FY2026","Q4","Historic","FY2026 Q4 [Historic]","FY2026 Q4 [Historic]","FY2026 Q4 [Historic]","FY2026 Q4 [Historic]","FY2026 Q4 [Historic]","FY2026 Q4 [Historic]","FY2026 Q4 [Historic]","FY2026 Q4 [Historic]","FY2026 Q4 [Historic]","FY2026 Q4 [Historic]"
"HAVELLS","Tier 1","10","FY2026","Q4","Historic","FY2026 Q4 [Historic]","FY2026 Q4 [Historic]","FY2026 Q4 [Historic]","FY2026 Q4 [Historic]","FY2026 Q4 [Historic]","FY2026 Q4 [Historic]","FY2026 Q4 [Historic]","FY2026 Q4 [Historic]","FY2026 Q4 [Historic]","FY2026 Q4 [Historic]"
"HCC","Tier 1","10","FY2026","Q4","Historic","FY2026 Q4 [Historic]","FY2026 Q4 [Historic]","FY2026 Q4 [Historic]","FY2026 Q4 [Historic]","FY2026 Q4 [Historic]","FY2026 Q4 [Historic]","FY2026 Q4 [Historic]","FY2026 Q4 [Historic]","FY2026 Q4 [Historic]","FY2026 Q4 [Historic]"
"HCLTECH","Tier 1","10","FY2026","Q4","Historic","FY2026 Q4 [Historic]","FY2026 Q4 [Historic]","FY2026 Q4 [Historic]","FY2026 Q4 [Historic]","FY2026 Q4 [Historic]","FY2026 Q4 [Historic]","FY2026 Q4 [Historic]","FY2026 Q4 [Historic]","FY2026 Q4 [Historic]","FY2026 Q4 [Historic]"
"HDBFS","Tier 1","10","FY2026","Q4","Historic","FY2026 Q4 [Historic]","FY2026 Q4 [Historic]","FY2026 Q4 [Historic]","FY2026 Q4 [Historic]","FY2026 Q4 [Historic]","FY2026 Q4 [Historic]","FY2026 Q4 [Historic]","FY2026 Q4 [Historic]","FY2026 Q4 [Historic]","FY2026 Q4 [Historic]"
"HDFCAMC","Tier 1","10","FY2026","Q4","Historic","FY2026 Q4 [Historic]","FY2026 Q4 [Historic]","FY2026 Q4 [Historic]","FY2026 Q4 [Historic]","FY2026 Q4 [Historic]","FY2026 Q4 [Historic]","FY2026 Q4 [Historic]","FY2026 Q4 [Historic]","FY2026 Q4 [Historic]","FY2026 Q4 [Historic]"
"HDFCBANK","Tier 1","10","FY2027","Q1","Incremental","FY2027 Q1 [Incremental]","FY2027 Q1 [Incremental]","FY2027 Q1 [Incremental]","FY2027 Q1 [Incremental]","FY2027 Q1 [Incremental]","FY2027 Q1 [Incremental]","FY2027 Q1 [Incremental]","FY2027 Q1 [Incremental]","FY2027 Q1 [Incremental]","FY2027 Q1 [Incremental]"
"HDFCLIFE","Tier 1","10","FY2026","Q4","Historic","FY2026 Q4 [Historic]","FY2026 Q4 [Historic]","FY2026 Q4 [Historic]","FY2026 Q4 [Historic]","FY2026 Q4 [Historic]","FY2026 Q4 [Historic]","FY2026 Q4 [Historic]","FY2026 Q4 [Historic]","FY2026 Q4 [Historic]","FY2026 Q4 [Historic]"
"HEG","Tier 1","10","FY2026","Q4","Historic","FY2026 Q4 [Historic]","FY2026 Q4 [Historic]","FY2026 Q4 [Historic]","FY2026 Q4 [Historic]","FY2026 Q4 [Historic]","FY2026 Q4 [Historic]","FY2026 Q4 [Historic]","FY2026 Q4 [Historic]","FY2026 Q4 [Historic]","FY2026 Q4 [Historic]"
"HERITGFOOD","Tier 1","10","FY2026","Q4","Historic","FY2026 Q4 [Historic]","FY2026 Q4 [Historic]","FY2026 Q4 [Historic]","FY2026 Q4 [Historic]","FY2026 Q4 [Historic]","FY2026 Q4 [Historic]","FY2026 Q4 [Historic]","FY2026 Q4 [Historic]","FY2026 Q4 [Historic]","FY2026 Q4 [Historic]"
"HEROMOTOCO","Tier 1","10","FY2026","Q4","Historic","FY2026 Q4 [Historic]","FY2026 Q4 [Historic]","FY2026 Q4 [Historic]","FY2026 Q4 [Historic]","FY2026 Q4 [Historic]","FY2026 Q4 [Historic]","FY2026 Q4 [Historic]","FY2026 Q4 [Historic]","FY2026 Q4 [Historic]","FY2026 Q4 [Historic]"
"HESTERBIO","Tier 1","10","FY2026","Q4","Historic","FY2026 Q4 [Historic]","FY2026 Q4 [Historic]","FY2026 Q4 [Historic]","FY2026 Q4 [Historic]","FY2026 Q4 [Historic]","FY2026 Q4 [Historic]","FY2026 Q4 [Historic]","FY2026 Q4 [Historic]","FY2026 Q4 [Historic]","FY2026 Q4 [Historic]"
"HGINFRA","Tier 1","10","FY2026","Q4","Historic","FY2026 Q4 [Historic]","FY2026 Q4 [Historic]","FY2026 Q4 [Historic]","FY2026 Q4 [Historic]","FY2026 Q4 [Historic]","FY2026 Q4 [Historic]","FY2026 Q4 [Historic]","FY2026 Q4 [Historic]","FY2026 Q4 [Historic]","FY2026 Q4 [Historic]"
"HIMATSEIDE","Tier 1","10","FY2026","Q4","Historic","FY2026 Q4 [Historic]","FY2026 Q4 [Historic]","FY2026 Q4 [Historic]","FY2026 Q4 [Historic]","FY2026 Q4 [Historic]","FY2026 Q4 [Historic]","FY2026 Q4 [Historic]","FY2026 Q4 [Historic]","FY2026 Q4 [Historic]","FY2026 Q4 [Historic]"
"HINDALCO","Tier 1","10","FY2026","Q4","Historic","FY2026 Q4 [Historic]","FY2026 Q4 [Historic]","FY2026 Q4 [Historic]","FY2026 Q4 [Historic]","FY2026 Q4 [Historic]","FY2026 Q4 [Historic]","FY2026 Q4 [Historic]","FY2026 Q4 [Historic]","FY2026 Q4 [Historic]","FY2026 Q4 [Historic]"
"HINDPETRO","Tier 1","10","FY2026","Q4","Historic","FY2026 Q4 [Historic]","FY2026 Q4 [Historic]","FY2026 Q4 [Historic]","FY2026 Q4 [Historic]","FY2026 Q4 [Historic]","FY2026 Q4 [Historic]","FY2026 Q4 [Historic]","FY2026 Q4 [Historic]","FY2026 Q4 [Historic]","FY2026 Q4 [Historic]"
"HINDUNILVR","Tier 1","10","FY2026","Q4","Historic","FY2026 Q4 [Historic]","FY2026 Q4 [Historic]","FY2026 Q4 [Historic]","FY2026 Q4 [Historic]","FY2026 Q4 [Historic]","FY2026 Q4 [Historic]","FY2026 Q4 [Historic]","FY2026 Q4 [Historic]","FY2026 Q4 [Historic]","FY2026 Q4 [Historic]"
"HINDWAREAP","Tier 1","10","FY2026","Q4","Historic","FY2026 Q4 [Historic]","FY2026 Q4 [Historic]","FY2026 Q4 [Historic]","FY2026 Q4 [Historic]","FY2026 Q4 [Historic]","FY2026 Q4 [Historic]","FY2026 Q4 [Historic]","FY2026 Q4 [Historic]","FY2026 Q4 [Historic]","FY2026 Q4 [Historic]"
"HINDZINC","Tier 1","10","FY2026","Q4","Historic","FY2026 Q4 [Historic]","FY2026 Q4 [Historic]","FY2026 Q4 [Historic]","FY2026 Q4 [Historic]","FY2026 Q4 [Historic]","FY2026 Q4 [Historic]","FY2026 Q4 [Historic]","FY2026 Q4 [Historic]","FY2026 Q4 [Historic]","FY2026 Q4 [Historic]"
"HIRECT","Tier 1","10","FY2026","Q4","Historic","FY2026 Q4 [Historic]","FY2026 Q4 [Historic]","FY2026 Q4 [Historic]","FY2026 Q4 [Historic]","FY2026 Q4 [Historic]","FY2026 Q4 [Historic]","FY2026 Q4 [Historic]","FY2026 Q4 [Historic]","FY2026 Q4 [Historic]","FY2026 Q4 [Historic]"
"HOMEFIRST","Tier 1","10","FY2026","Q4","Historic","FY2026 Q4 [Historic]","FY2026 Q4 [Historic]","FY2026 Q4 [Historic]","FY2026 Q4 [Historic]","FY2026 Q4 [Historic]","FY2026 Q4 [Historic]","FY2026 Q4 [Historic]","FY2026 Q4 [Historic]","FY2026 Q4 [Historic]","FY2026 Q4 [Historic]"
"HONASA","Tier 1","10","FY2026","Q4","Historic","FY2026 Q4 [Historic]","FY2026 Q4 [Historic]","FY2026 Q4 [Historic]","FY2026 Q4 [Historic]","FY2026 Q4 [Historic]","FY2026 Q4 [Historic]","FY2026 Q4 [Historic]","FY2026 Q4 [Historic]","FY2026 Q4 [Historic]","FY2026 Q4 [Historic]"
"HSCL","Tier 1","10","FY2026","Q4","Historic","FY2026 Q4 [Historic]","FY2026 Q4 [Historic]","FY2026 Q4 [Historic]","FY2026 Q4 [Historic]","FY2026 Q4 [Historic]","FY2026 Q4 [Historic]","FY2026 Q4 [Historic]","FY2026 Q4 [Historic]","FY2026 Q4 [Historic]","FY2026 Q4 [Historic]"
"HUDCO","Tier 1","10","FY2026","Q4","Historic","FY2026 Q4 [Historic]","FY2026 Q4 [Historic]","FY2026 Q4 [Historic]","FY2026 Q4 [Historic]","FY2026 Q4 [Historic]","FY2026 Q4 [Historic]","FY2026 Q4 [Historic]","FY2026 Q4 [Historic]","FY2026 Q4 [Historic]","FY2026 Q4 [Historic]"
"HYUNDAI","Tier 1","10","FY2026","Q4","Historic","FY2026 Q4 [Historic]","FY2026 Q4 [Historic]","FY2026 Q4 [Historic]","FY2026 Q4 [Historic]","FY2026 Q4 [Historic]","FY2026 Q4 [Historic]","FY2026 Q4 [Historic]","FY2026 Q4 [Historic]","FY2026 Q4 [Historic]","FY2026 Q4 [Historic]"
"ICICIGI","Tier 1","10","FY2026","Q4","Historic","FY2026 Q4 [Historic]","FY2026 Q4 [Historic]","FY2026 Q4 [Historic]","FY2026 Q4 [Historic]","FY2026 Q4 [Historic]","FY2026 Q4 [Historic]","FY2026 Q4 [Historic]","FY2026 Q4 [Historic]","FY2026 Q4 [Historic]","FY2026 Q4 [Historic]"
"ICICIPRULI","Tier 1","10","FY2026","Q4","Historic","FY2026 Q4 [Historic]","FY2026 Q4 [Historic]","FY2026 Q4 [Historic]","FY2026 Q4 [Historic]","FY2026 Q4 [Historic]","FY2026 Q4 [Historic]","FY2026 Q4 [Historic]","FY2026 Q4 [Historic]","FY2026 Q4 [Historic]","FY2026 Q4 [Historic]"
"ICIL","Tier 1","10","FY2026","Q4","Historic","FY2026 Q4 [Historic]","FY2026 Q4 [Historic]","FY2026 Q4 [Historic]","FY2026 Q4 [Historic]","FY2026 Q4 [Historic]","FY2026 Q4 [Historic]","FY2026 Q4 [Historic]","FY2026 Q4 [Historic]","FY2026 Q4 [Historic]","FY2026 Q4 [Historic]"
"ICRA","Tier 1","10","FY2026","Q4","Historic","FY2026 Q4 [Historic]","FY2026 Q4 [Historic]","FY2026 Q4 [Historic]","FY2026 Q4 [Historic]","FY2026 Q4 [Historic]","FY2026 Q4 [Historic]","FY2026 Q4 [Historic]","FY2026 Q4 [Historic]","FY2026 Q4 [Historic]","FY2026 Q4 [Historic]"
"IDEA","Tier 1","10","FY2026","Q4","Historic","FY2026 Q4 [Historic]","FY2026 Q4 [Historic]","FY2026 Q4 [Historic]","FY2026 Q4 [Historic]","FY2026 Q4 [Historic]","FY2026 Q4 [Historic]","FY2026 Q4 [Historic]","FY2026 Q4 [Historic]","FY2026 Q4 [Historic]","FY2026 Q4 [Historic]"
"IDEAFORGE","Tier 1","10","FY2026","Q4","Historic","FY2026 Q4 [Historic]","FY2026 Q4 [Historic]","FY2026 Q4 [Historic]","FY2026 Q4 [Historic]","FY2026 Q4 [Historic]","FY2026 Q4 [Historic]","FY2026 Q4 [Historic]","FY2026 Q4 [Historic]","FY2026 Q4 [Historic]","FY2026 Q4 [Historic]"
"IDFCFIRSTB","Tier 1","10","FY2026","Q4","Historic","FY2026 Q4 [Historic]","FY2026 Q4 [Historic]","FY2026 Q4 [Historic]","FY2026 Q4 [Historic]","FY2026 Q4 [Historic]","FY2026 Q4 [Historic]","FY2026 Q4 [Historic]","FY2026 Q4 [Historic]","FY2026 Q4 [Historic]","FY2026 Q4 [Historic]"
"IEX","Tier 1","10","FY2026","Q4","Historic","FY2026 Q4 [Historic]","FY2026 Q4 [Historic]","FY2026 Q4 [Historic]","FY2026 Q4 [Historic]","FY2026 Q4 [Historic]","FY2026 Q4 [Historic]","FY2026 Q4 [Historic]","FY2026 Q4 [Historic]","FY2026 Q4 [Historic]","FY2026 Q4 [Historic]"
"IFBIND","Tier 1","10","FY2026","Q4","Historic","FY2026 Q4 [Historic]","FY2026 Q4 [Historic]","FY2026 Q4 [Historic]","FY2026 Q4 [Historic]","FY2026 Q4 [Historic]","FY2026 Q4 [Historic]","FY2026 Q4 [Historic]","FY2026 Q4 [Historic]","FY2026 Q4 [Historic]","FY2026 Q4 [Historic]"
"IFGLEXPOR","Tier 1","10","FY2026","Q4","Historic","FY2026 Q4 [Historic]","FY2026 Q4 [Historic]","FY2026 Q4 [Historic]","FY2026 Q4 [Historic]","FY2026 Q4 [Historic]","FY2026 Q4 [Historic]","FY2026 Q4 [Historic]","FY2026 Q4 [Historic]","FY2026 Q4 [Historic]","FY2026 Q4 [Historic]"
"IGIL","Tier 1","10","FY2026","Q4","Historic","FY2026 Q4 [Historic]","FY2026 Q4 [Historic]","FY2026 Q4 [Historic]","FY2026 Q4 [Historic]","FY2026 Q4 [Historic]","FY2026 Q4 [Historic]","FY2026 Q4 [Historic]","FY2026 Q4 [Historic]","FY2026 Q4 [Historic]","FY2026 Q4 [Historic]"
"IGL","Tier 1","10","FY2026","Q3","Historic","FY2026 Q3 [Historic]","FY2026 Q3 [Historic]","FY2026 Q3 [Historic]","FY2026 Q3 [Historic]","FY2026 Q3 [Historic]","FY2026 Q3 [Historic]","FY2026 Q3 [Historic]","FY2026 Q3 [Historic]","FY2026 Q3 [Historic]","FY2026 Q3 [Historic]"
"IGPL","Tier 1","10","FY2026","Q4","Historic","FY2026 Q4 [Historic]","FY2026 Q4 [Historic]","FY2026 Q4 [Historic]","FY2026 Q4 [Historic]","FY2026 Q4 [Historic]","FY2026 Q4 [Historic]","FY2026 Q4 [Historic]","FY2026 Q4 [Historic]","FY2026 Q4 [Historic]","FY2026 Q4 [Historic]"
"IIFL","Tier 1","10","FY2026","Q4","Historic","FY2026 Q4 [Historic]","FY2026 Q4 [Historic]","FY2026 Q4 [Historic]","FY2026 Q4 [Historic]","FY2026 Q4 [Historic]","FY2026 Q4 [Historic]","FY2026 Q4 [Historic]","FY2026 Q4 [Historic]","FY2026 Q4 [Historic]","FY2026 Q4 [Historic]"
"IIFLCAPS","Tier 1","10","FY2026","Q4","Historic","FY2026 Q4 [Historic]","FY2026 Q4 [Historic]","FY2026 Q4 [Historic]","FY2026 Q4 [Historic]","FY2026 Q4 [Historic]","FY2026 Q4 [Historic]","FY2026 Q4 [Historic]","FY2026 Q4 [Historic]","FY2026 Q4 [Historic]","FY2026 Q4 [Historic]"
"IKIO","Tier 1","10","FY2026","Q4","Historic","FY2026 Q4 [Historic]","FY2026 Q4 [Historic]","FY2026 Q4 [Historic]","FY2026 Q4 [Historic]","FY2026 Q4 [Historic]","FY2026 Q4 [Historic]","FY2026 Q4 [Historic]","FY2026 Q4 [Historic]","FY2026 Q4 [Historic]","FY2026 Q4 [Historic]"
"IKS","Tier 1","10","FY2026","Q4","Historic","FY2026 Q4 [Historic]","FY2026 Q4 [Historic]","FY2026 Q4 [Historic]","FY2026 Q4 [Historic]","FY2026 Q4 [Historic]","FY2026 Q4 [Historic]","FY2026 Q4 [Historic]","FY2026 Q4 [Historic]","FY2026 Q4 [Historic]","FY2026 Q4 [Historic]"
"IMFA","Tier 1","10","FY2026","Q4","Historic","FY2026 Q4 [Historic]","FY2026 Q4 [Historic]","FY2026 Q4 [Historic]","FY2026 Q4 [Historic]","FY2026 Q4 [Historic]","FY2026 Q4 [Historic]","FY2026 Q4 [Historic]","FY2026 Q4 [Historic]","FY2026 Q4 [Historic]","FY2026 Q4 [Historic]"
"INDGN","Tier 1","10","FY2026","Q4","Historic","FY2026 Q4 [Historic]","FY2026 Q4 [Historic]","FY2026 Q4 [Historic]","FY2026 Q4 [Historic]","FY2026 Q4 [Historic]","FY2026 Q4 [Historic]","FY2026 Q4 [Historic]","FY2026 Q4 [Historic]","FY2026 Q4 [Historic]","FY2026 Q4 [Historic]"
"INDHOTEL","Tier 1","10","FY2026","Q4","Historic","FY2026 Q4 [Historic]","FY2026 Q4 [Historic]","FY2026 Q4 [Historic]","FY2026 Q4 [Historic]","FY2026 Q4 [Historic]","FY2026 Q4 [Historic]","FY2026 Q4 [Historic]","FY2026 Q4 [Historic]","FY2026 Q4 [Historic]","FY2026 Q4 [Historic]"
"INDIACEM","Tier 1","10","FY2026","Q4","Historic","FY2026 Q4 [Historic]","FY2026 Q4 [Historic]","FY2026 Q4 [Historic]","FY2026 Q4 [Historic]","FY2026 Q4 [Historic]","FY2026 Q4 [Historic]","FY2026 Q4 [Historic]","FY2026 Q4 [Historic]","FY2026 Q4 [Historic]","FY2026 Q4 [Historic]"
"INDIAGLYCO","Tier 1","10","FY2026","Q4","Historic","FY2026 Q4 [Historic]","FY2026 Q4 [Historic]","FY2026 Q4 [Historic]","FY2026 Q4 [Historic]","FY2026 Q4 [Historic]","FY2026 Q4 [Historic]","FY2026 Q4 [Historic]","FY2026 Q4 [Historic]","FY2026 Q4 [Historic]","FY2026 Q4 [Historic]"
"INDIAMART","Tier 1","10","FY2026","Q4","Historic","FY2026 Q4 [Historic]","FY2026 Q4 [Historic]","FY2026 Q4 [Historic]","FY2026 Q4 [Historic]","FY2026 Q4 [Historic]","FY2026 Q4 [Historic]","FY2026 Q4 [Historic]","FY2026 Q4 [Historic]","FY2026 Q4 [Historic]","FY2026 Q4 [Historic]"
"INDIANB","Tier 1","10","FY2026","Q4","Historic","FY2026 Q4 [Historic]","FY2026 Q4 [Historic]","FY2026 Q4 [Historic]","FY2026 Q4 [Historic]","FY2026 Q4 [Historic]","FY2026 Q4 [Historic]","FY2026 Q4 [Historic]","FY2026 Q4 [Historic]","FY2026 Q4 [Historic]","FY2026 Q4 [Historic]"
"INDIASHLTR","Tier 1","10","FY2026","Q4","Historic","FY2026 Q4 [Historic]","FY2026 Q4 [Historic]","FY2026 Q4 [Historic]","FY2026 Q4 [Historic]","FY2026 Q4 [Historic]","FY2026 Q4 [Historic]","FY2026 Q4 [Historic]","FY2026 Q4 [Historic]","FY2026 Q4 [Historic]","FY2026 Q4 [Historic]"
"INDIGO","Tier 1","10","FY2027","Q1","Incremental","FY2027 Q1 [Incremental]","FY2027 Q1 [Incremental]","FY2027 Q1 [Incremental]","FY2027 Q1 [Incremental]","FY2027 Q1 [Incremental]","FY2027 Q1 [Incremental]","FY2027 Q1 [Incremental]","FY2027 Q1 [Incremental]","FY2027 Q1 [Incremental]","FY2027 Q1 [Incremental]"
"INDIGOPNTS","Tier 1","10","FY2026","Q4","Historic","FY2026 Q4 [Historic]","FY2026 Q4 [Historic]","FY2026 Q4 [Historic]","FY2026 Q4 [Historic]","FY2026 Q4 [Historic]","FY2026 Q4 [Historic]","FY2026 Q4 [Historic]","FY2026 Q4 [Historic]","FY2026 Q4 [Historic]","FY2026 Q4 [Historic]"
"INDIQUBE","Tier 1","10","FY2026","Q4","Historic","FY2026 Q4 [Historic]","FY2026 Q4 [Historic]","FY2026 Q4 [Historic]","FY2026 Q4 [Historic]","FY2026 Q4 [Historic]","FY2026 Q4 [Historic]","FY2026 Q4 [Historic]","FY2026 Q4 [Historic]","FY2026 Q4 [Historic]","FY2026 Q4 [Historic]"
"INDOFARM","Tier 1","10","FY2026","Q4","Historic","FY2026 Q4 [Historic]","FY2026 Q4 [Historic]","FY2026 Q4 [Historic]","FY2026 Q4 [Historic]","FY2026 Q4 [Historic]","FY2026 Q4 [Historic]","FY2026 Q4 [Historic]","FY2026 Q4 [Historic]","FY2026 Q4 [Historic]","FY2026 Q4 [Historic]"
"INDUSINDBK","Tier 1","10","FY2026","Q4","Historic","FY2026 Q4 [Historic]","FY2026 Q4 [Historic]","FY2026 Q4 [Historic]","FY2026 Q4 [Historic]","FY2026 Q4 [Historic]","FY2026 Q4 [Historic]","FY2026 Q4 [Historic]","FY2026 Q4 [Historic]","FY2026 Q4 [Historic]","FY2026 Q4 [Historic]"
"INDUSTOWER","Tier 1","10","FY2026","Q4","Historic","FY2026 Q4 [Historic]","FY2026 Q4 [Historic]","FY2026 Q4 [Historic]","FY2026 Q4 [Historic]","FY2026 Q4 [Historic]","FY2026 Q4 [Historic]","FY2026 Q4 [Historic]","FY2026 Q4 [Historic]","FY2026 Q4 [Historic]","FY2026 Q4 [Historic]"
"INFOBEAN","Tier 1","10","FY2026","Q4","Historic","FY2026 Q4 [Historic]","FY2026 Q4 [Historic]","FY2026 Q4 [Historic]","FY2026 Q4 [Historic]","FY2026 Q4 [Historic]","FY2026 Q4 [Historic]","FY2026 Q4 [Historic]","FY2026 Q4 [Historic]","FY2026 Q4 [Historic]","FY2026 Q4 [Historic]"
"INFY","Tier 1","10","FY2026","Q4","Historic","FY2026 Q4 [Historic]","FY2026 Q4 [Historic]","FY2026 Q4 [Historic]","FY2026 Q4 [Historic]","FY2026 Q4 [Historic]","FY2026 Q4 [Historic]","FY2026 Q4 [Historic]","FY2026 Q4 [Historic]","FY2026 Q4 [Historic]","FY2026 Q4 [Historic]"
"INNOVACAP","Tier 1","10","FY2026","Q4","Historic","FY2026 Q4 [Historic]","FY2026 Q4 [Historic]","FY2026 Q4 [Historic]","FY2026 Q4 [Historic]","FY2026 Q4 [Historic]","FY2026 Q4 [Historic]","FY2026 Q4 [Historic]","FY2026 Q4 [Historic]","FY2026 Q4 [Historic]","FY2026 Q4 [Historic]"
"INOXGREEN","Tier 1","10","FY2026","Q4","Historic","FY2026 Q4 [Historic]","FY2026 Q4 [Historic]","FY2026 Q4 [Historic]","FY2026 Q4 [Historic]","FY2026 Q4 [Historic]","FY2026 Q4 [Historic]","FY2026 Q4 [Historic]","FY2026 Q4 [Historic]","FY2026 Q4 [Historic]","FY2026 Q4 [Historic]"
"INOXINDIA","Tier 1","10","FY2026","Q4","Historic","FY2026 Q4 [Historic]","FY2026 Q4 [Historic]","FY2026 Q4 [Historic]","FY2026 Q4 [Historic]","FY2026 Q4 [Historic]","FY2026 Q4 [Historic]","FY2026 Q4 [Historic]","FY2026 Q4 [Historic]","FY2026 Q4 [Historic]","FY2026 Q4 [Historic]"
"INSECTICID","Tier 1","10","FY2026","Q4","Historic","FY2026 Q4 [Historic]","FY2026 Q4 [Historic]","FY2026 Q4 [Historic]","FY2026 Q4 [Historic]","FY2026 Q4 [Historic]","FY2026 Q4 [Historic]","FY2026 Q4 [Historic]","FY2026 Q4 [Historic]","FY2026 Q4 [Historic]","FY2026 Q4 [Historic]"
"INTELLECT","Tier 1","10","FY2026","Q4","Historic","FY2026 Q4 [Historic]","FY2026 Q4 [Historic]","FY2026 Q4 [Historic]","FY2026 Q4 [Historic]","FY2026 Q4 [Historic]","FY2026 Q4 [Historic]","FY2026 Q4 [Historic]","FY2026 Q4 [Historic]","FY2026 Q4 [Historic]","FY2026 Q4 [Historic]"
"INTERARCH","Tier 1","10","FY2026","Q4","Historic","FY2026 Q4 [Historic]","FY2026 Q4 [Historic]","FY2026 Q4 [Historic]","FY2026 Q4 [Historic]","FY2026 Q4 [Historic]","FY2026 Q4 [Historic]","FY2026 Q4 [Historic]","FY2026 Q4 [Historic]","FY2026 Q4 [Historic]","FY2026 Q4 [Historic]"
"IOC","Tier 1","10","FY2026","Q4","Historic","FY2026 Q4 [Historic]","FY2026 Q4 [Historic]","FY2026 Q4 [Historic]","FY2026 Q4 [Historic]","FY2026 Q4 [Historic]","FY2026 Q4 [Historic]","FY2026 Q4 [Historic]","FY2026 Q4 [Historic]","FY2026 Q4 [Historic]","FY2026 Q4 [Historic]"
"IOLCP","Tier 1","10","FY2026","Q4","Historic","FY2026 Q4 [Historic]","FY2026 Q4 [Historic]","FY2026 Q4 [Historic]","FY2026 Q4 [Historic]","FY2026 Q4 [Historic]","FY2026 Q4 [Historic]","FY2026 Q4 [Historic]","FY2026 Q4 [Historic]","FY2026 Q4 [Historic]","FY2026 Q4 [Historic]"
"IONEXCHANG","Tier 1","10","FY2026","Q4","Historic","FY2026 Q4 [Historic]","FY2026 Q4 [Historic]","FY2026 Q4 [Historic]","FY2026 Q4 [Historic]","FY2026 Q4 [Historic]","FY2026 Q4 [Historic]","FY2026 Q4 [Historic]","FY2026 Q4 [Historic]","FY2026 Q4 [Historic]","FY2026 Q4 [Historic]"
"IPCALAB","Tier 1","10","FY2026","Q4","Historic","FY2026 Q4 [Historic]","FY2026 Q4 [Historic]","FY2026 Q4 [Historic]","FY2026 Q4 [Historic]","FY2026 Q4 [Historic]","FY2026 Q4 [Historic]","FY2026 Q4 [Historic]","FY2026 Q4 [Historic]","FY2026 Q4 [Historic]","FY2026 Q4 [Historic]"
"IPL","Tier 1","10","FY2026","Q4","Historic","FY2026 Q4 [Historic]","FY2026 Q4 [Historic]","FY2026 Q4 [Historic]","FY2026 Q4 [Historic]","FY2026 Q4 [Historic]","FY2026 Q4 [Historic]","FY2026 Q4 [Historic]","FY2026 Q4 [Historic]","FY2026 Q4 [Historic]","FY2026 Q4 [Historic]"
"IRB","Tier 1","10","FY2026","Q4","Historic","FY2026 Q4 [Historic]","FY2026 Q4 [Historic]","FY2026 Q4 [Historic]","FY2026 Q4 [Historic]","FY2026 Q4 [Historic]","FY2026 Q4 [Historic]","FY2026 Q4 [Historic]","FY2026 Q4 [Historic]","FY2026 Q4 [Historic]","FY2026 Q4 [Historic]"
"IRFC","Tier 1","10","FY2026","Q4","Historic","FY2026 Q4 [Historic]","FY2026 Q4 [Historic]","FY2026 Q4 [Historic]","FY2026 Q4 [Historic]","FY2026 Q4 [Historic]","FY2026 Q4 [Historic]","FY2026 Q4 [Historic]","FY2026 Q4 [Historic]","FY2026 Q4 [Historic]","FY2026 Q4 [Historic]"
"IRIS","Tier 1","10","FY2026","Q4","Historic","FY2026 Q4 [Historic]","FY2026 Q4 [Historic]","FY2026 Q4 [Historic]","FY2026 Q4 [Historic]","FY2026 Q4 [Historic]","FY2026 Q4 [Historic]","FY2026 Q4 [Historic]","FY2026 Q4 [Historic]","FY2026 Q4 [Historic]","FY2026 Q4 [Historic]"
"IXIGO","Tier 1","10","FY2026","Q4","Historic","FY2026 Q4 [Historic]","FY2026 Q4 [Historic]","FY2026 Q4 [Historic]","FY2026 Q4 [Historic]","FY2026 Q4 [Historic]","FY2026 Q4 [Historic]","FY2026 Q4 [Historic]","FY2026 Q4 [Historic]","FY2026 Q4 [Historic]","FY2026 Q4 [Historic]"
"IZMO","Tier 1","10","FY2026","Q4","Historic","FY2026 Q4 [Historic]","FY2026 Q4 [Historic]","FY2026 Q4 [Historic]","FY2026 Q4 [Historic]","FY2026 Q4 [Historic]","FY2026 Q4 [Historic]","FY2026 Q4 [Historic]","FY2026 Q4 [Historic]","FY2026 Q4 [Historic]","FY2026 Q4 [Historic]"
"JAGSNPHARM","Tier 1","10","FY2026","Q4","Historic","FY2026 Q4 [Historic]","FY2026 Q4 [Historic]","FY2026 Q4 [Historic]","FY2026 Q4 [Historic]","FY2026 Q4 [Historic]","FY2026 Q4 [Historic]","FY2026 Q4 [Historic]","FY2026 Q4 [Historic]","FY2026 Q4 [Historic]","FY2026 Q4 [Historic]"
"JASH","Tier 1","10","FY2026","Q4","Historic","FY2026 Q4 [Historic]","FY2026 Q4 [Historic]","FY2026 Q4 [Historic]","FY2026 Q4 [Historic]","FY2026 Q4 [Historic]","FY2026 Q4 [Historic]","FY2026 Q4 [Historic]","FY2026 Q4 [Historic]","FY2026 Q4 [Historic]","FY2026 Q4 [Historic]"
"JBCHEPHARM","Tier 1","10","FY2026","Q4","Historic","FY2026 Q4 [Historic]","FY2026 Q4 [Historic]","FY2026 Q4 [Historic]","FY2026 Q4 [Historic]","FY2026 Q4 [Historic]","FY2026 Q4 [Historic]","FY2026 Q4 [Historic]","FY2026 Q4 [Historic]","FY2026 Q4 [Historic]","FY2026 Q4 [Historic]"
"JINDALSAW","Tier 1","10","FY2026","Q4","Historic","FY2026 Q4 [Historic]","FY2026 Q4 [Historic]","FY2026 Q4 [Historic]","FY2026 Q4 [Historic]","FY2026 Q4 [Historic]","FY2026 Q4 [Historic]","FY2026 Q4 [Historic]","FY2026 Q4 [Historic]","FY2026 Q4 [Historic]","FY2026 Q4 [Historic]"
"JINDALSTEL","Tier 1","10","FY2026","Q4","Historic","FY2026 Q4 [Historic]","FY2026 Q4 [Historic]","FY2026 Q4 [Historic]","FY2026 Q4 [Historic]","FY2026 Q4 [Historic]","FY2026 Q4 [Historic]","FY2026 Q4 [Historic]","FY2026 Q4 [Historic]","FY2026 Q4 [Historic]","FY2026 Q4 [Historic]"
"JIOFIN","Tier 1","10","FY2027","Q1","Incremental","FY2027 Q1 [Incremental]","FY2027 Q1 [Incremental]","FY2027 Q1 [Incremental]","FY2027 Q1 [Incremental]","FY2027 Q1 [Incremental]","FY2027 Q1 [Incremental]","FY2027 Q1 [Incremental]","FY2027 Q1 [Incremental]","FY2027 Q1 [Incremental]","FY2027 Q1 [Incremental]"
"JISLJALEQS","Tier 1","10","FY2026","Q4","Historic","FY2026 Q4 [Historic]","FY2026 Q4 [Historic]","FY2026 Q4 [Historic]","FY2026 Q4 [Historic]","FY2026 Q4 [Historic]","FY2026 Q4 [Historic]","FY2026 Q4 [Historic]","FY2026 Q4 [Historic]","FY2026 Q4 [Historic]","FY2026 Q4 [Historic]"
"JKCEMENT","Tier 1","10","FY2026","Q4","Historic","FY2026 Q4 [Historic]","FY2026 Q4 [Historic]","FY2026 Q4 [Historic]","FY2026 Q4 [Historic]","FY2026 Q4 [Historic]","FY2026 Q4 [Historic]","FY2026 Q4 [Historic]","FY2026 Q4 [Historic]","FY2026 Q4 [Historic]","FY2026 Q4 [Historic]"
"JKLAKSHMI","Tier 1","10","FY2026","Q4","Historic","FY2026 Q4 [Historic]","FY2026 Q4 [Historic]","FY2026 Q4 [Historic]","FY2026 Q4 [Historic]","FY2026 Q4 [Historic]","FY2026 Q4 [Historic]","FY2026 Q4 [Historic]","FY2026 Q4 [Historic]","FY2026 Q4 [Historic]","FY2026 Q4 [Historic]"
"JKTYRE","Tier 1","10","FY2026","Q4","Historic","FY2026 Q4 [Historic]","FY2026 Q4 [Historic]","FY2026 Q4 [Historic]","FY2026 Q4 [Historic]","FY2026 Q4 [Historic]","FY2026 Q4 [Historic]","FY2026 Q4 [Historic]","FY2026 Q4 [Historic]","FY2026 Q4 [Historic]","FY2026 Q4 [Historic]"
"JLHL","Tier 1","10","FY2026","Q4","Historic","FY2026 Q4 [Historic]","FY2026 Q4 [Historic]","FY2026 Q4 [Historic]","FY2026 Q4 [Historic]","FY2026 Q4 [Historic]","FY2026 Q4 [Historic]","FY2026 Q4 [Historic]","FY2026 Q4 [Historic]","FY2026 Q4 [Historic]","FY2026 Q4 [Historic]"
"JMFINANCIL","Tier 1","10","FY2026","Q4","Historic","FY2026 Q4 [Historic]","FY2026 Q4 [Historic]","FY2026 Q4 [Historic]","FY2026 Q4 [Historic]","FY2026 Q4 [Historic]","FY2026 Q4 [Historic]","FY2026 Q4 [Historic]","FY2026 Q4 [Historic]","FY2026 Q4 [Historic]","FY2026 Q4 [Historic]"
"JNKINDIA","Tier 1","10","FY2026","Q4","Historic","FY2026 Q4 [Historic]","FY2026 Q4 [Historic]","FY2026 Q4 [Historic]","FY2026 Q4 [Historic]","FY2026 Q4 [Historic]","FY2026 Q4 [Historic]","FY2026 Q4 [Historic]","FY2026 Q4 [Historic]","FY2026 Q4 [Historic]","FY2026 Q4 [Historic]"
"JSFB","Tier 1","10","FY2026","Q4","Historic","FY2026 Q4 [Historic]","FY2026 Q4 [Historic]","FY2026 Q4 [Historic]","FY2026 Q4 [Historic]","FY2026 Q4 [Historic]","FY2026 Q4 [Historic]","FY2026 Q4 [Historic]","FY2026 Q4 [Historic]","FY2026 Q4 [Historic]","FY2026 Q4 [Historic]"
"JSL","Tier 1","10","FY2026","Q4","Historic","FY2026 Q4 [Historic]","FY2026 Q4 [Historic]","FY2026 Q4 [Historic]","FY2026 Q4 [Historic]","FY2026 Q4 [Historic]","FY2026 Q4 [Historic]","FY2026 Q4 [Historic]","FY2026 Q4 [Historic]","FY2026 Q4 [Historic]","FY2026 Q4 [Historic]"
"JSLL","Tier 1","10","FY2026","Q4","Historic","FY2026 Q4 [Historic]","FY2026 Q4 [Historic]","FY2026 Q4 [Historic]","FY2026 Q4 [Historic]","FY2026 Q4 [Historic]","FY2026 Q4 [Historic]","FY2026 Q4 [Historic]","FY2026 Q4 [Historic]","FY2026 Q4 [Historic]","FY2026 Q4 [Historic]"
"JSWCEMENT","Tier 1","10","FY2026","Q4","Historic","FY2026 Q4 [Historic]","FY2026 Q4 [Historic]","FY2026 Q4 [Historic]","FY2026 Q4 [Historic]","FY2026 Q4 [Historic]","FY2026 Q4 [Historic]","FY2026 Q4 [Historic]","FY2026 Q4 [Historic]","FY2026 Q4 [Historic]","FY2026 Q4 [Historic]"
"JSWDULUX","Tier 1","10","FY2026","Q4","Historic","FY2026 Q4 [Historic]","FY2026 Q4 [Historic]","FY2026 Q4 [Historic]","FY2026 Q4 [Historic]","FY2026 Q4 [Historic]","FY2026 Q4 [Historic]","FY2026 Q4 [Historic]","FY2026 Q4 [Historic]","FY2026 Q4 [Historic]","FY2026 Q4 [Historic]"
"JSWENERGY","Tier 1","10","FY2026","Q4","Historic","FY2026 Q4 [Historic]","FY2026 Q4 [Historic]","FY2026 Q4 [Historic]","FY2026 Q4 [Historic]","FY2026 Q4 [Historic]","FY2026 Q4 [Historic]","FY2026 Q4 [Historic]","FY2026 Q4 [Historic]","FY2026 Q4 [Historic]","FY2026 Q4 [Historic]"
"JSWINFRA","Tier 1","10","FY2026","Q4","Historic","FY2026 Q4 [Historic]","FY2026 Q4 [Historic]","FY2026 Q4 [Historic]","FY2026 Q4 [Historic]","FY2026 Q4 [Historic]","FY2026 Q4 [Historic]","FY2026 Q4 [Historic]","FY2026 Q4 [Historic]","FY2026 Q4 [Historic]","FY2026 Q4 [Historic]"
"JSWSTEEL","Tier 1","10","FY2026","Q4","Historic","FY2026 Q4 [Historic]","FY2026 Q4 [Historic]","FY2026 Q4 [Historic]","FY2026 Q4 [Historic]","FY2026 Q4 [Historic]","FY2026 Q4 [Historic]","FY2026 Q4 [Historic]","FY2026 Q4 [Historic]","FY2026 Q4 [Historic]","FY2026 Q4 [Historic]"
"JTEKTINDIA","Tier 1","10","FY2026","Q4","Historic","FY2026 Q4 [Historic]","FY2026 Q4 [Historic]","FY2026 Q4 [Historic]","FY2026 Q4 [Historic]","FY2026 Q4 [Historic]","FY2026 Q4 [Historic]","FY2026 Q4 [Historic]","FY2026 Q4 [Historic]","FY2026 Q4 [Historic]","FY2026 Q4 [Historic]"
"JTLIND","Tier 1","10","FY2026","Q4","Historic","FY2026 Q4 [Historic]","FY2026 Q4 [Historic]","FY2026 Q4 [Historic]","FY2026 Q4 [Historic]","FY2026 Q4 [Historic]","FY2026 Q4 [Historic]","FY2026 Q4 [Historic]","FY2026 Q4 [Historic]","FY2026 Q4 [Historic]","FY2026 Q4 [Historic]"
"JUBLFOOD","Tier 1","10","FY2026","Q4","Historic","FY2026 Q4 [Historic]","FY2026 Q4 [Historic]","FY2026 Q4 [Historic]","FY2026 Q4 [Historic]","FY2026 Q4 [Historic]","FY2026 Q4 [Historic]","FY2026 Q4 [Historic]","FY2026 Q4 [Historic]","FY2026 Q4 [Historic]","FY2026 Q4 [Historic]"
"JUBLINGREA","Tier 1","10","FY2026","Q4","Historic","FY2026 Q4 [Historic]","FY2026 Q4 [Historic]","FY2026 Q4 [Historic]","FY2026 Q4 [Historic]","FY2026 Q4 [Historic]","FY2026 Q4 [Historic]","FY2026 Q4 [Historic]","FY2026 Q4 [Historic]","FY2026 Q4 [Historic]","FY2026 Q4 [Historic]"
"JUNIPER","Tier 1","10","FY2026","Q4","Historic","FY2026 Q4 [Historic]","FY2026 Q4 [Historic]","FY2026 Q4 [Historic]","FY2026 Q4 [Historic]","FY2026 Q4 [Historic]","FY2026 Q4 [Historic]","FY2026 Q4 [Historic]","FY2026 Q4 [Historic]","FY2026 Q4 [Historic]","FY2026 Q4 [Historic]"
"JWL","Tier 1","10","FY2026","Q4","Historic","FY2026 Q4 [Historic]","FY2026 Q4 [Historic]","FY2026 Q4 [Historic]","FY2026 Q4 [Historic]","FY2026 Q4 [Historic]","FY2026 Q4 [Historic]","FY2026 Q4 [Historic]","FY2026 Q4 [Historic]","FY2026 Q4 [Historic]","FY2026 Q4 [Historic]"
"JYOTHYLAB","Tier 1","10","FY2026","Q4","Historic","FY2026 Q4 [Historic]","FY2026 Q4 [Historic]","FY2026 Q4 [Historic]","FY2026 Q4 [Historic]","FY2026 Q4 [Historic]","FY2026 Q4 [Historic]","FY2026 Q4 [Historic]","FY2026 Q4 [Historic]","FY2026 Q4 [Historic]","FY2026 Q4 [Historic]"
"JYOTICNC","Tier 1","10","FY2026","Q4","Historic","FY2026 Q4 [Historic]","FY2026 Q4 [Historic]","FY2026 Q4 [Historic]","FY2026 Q4 [Historic]","FY2026 Q4 [Historic]","FY2026 Q4 [Historic]","FY2026 Q4 [Historic]","FY2026 Q4 [Historic]","FY2026 Q4 [Historic]","FY2026 Q4 [Historic]"
"KAJARIACER","Tier 1","10","FY2026","Q4","Historic","FY2026 Q4 [Historic]","FY2026 Q4 [Historic]","FY2026 Q4 [Historic]","FY2026 Q4 [Historic]","FY2026 Q4 [Historic]","FY2026 Q4 [Historic]","FY2026 Q4 [Historic]","FY2026 Q4 [Historic]","FY2026 Q4 [Historic]","FY2026 Q4 [Historic]"
"KALAMANDIR","Tier 1","10","FY2026","Q4","Historic","FY2026 Q4 [Historic]","FY2026 Q4 [Historic]","FY2026 Q4 [Historic]","FY2026 Q4 [Historic]","FY2026 Q4 [Historic]","FY2026 Q4 [Historic]","FY2026 Q4 [Historic]","FY2026 Q4 [Historic]","FY2026 Q4 [Historic]","FY2026 Q4 [Historic]"
"KALYANKJIL","Tier 1","10","FY2026","Q4","Historic","FY2026 Q4 [Historic]","FY2026 Q4 [Historic]","FY2026 Q4 [Historic]","FY2026 Q4 [Historic]","FY2026 Q4 [Historic]","FY2026 Q4 [Historic]","FY2026 Q4 [Historic]","FY2026 Q4 [Historic]","FY2026 Q4 [Historic]","FY2026 Q4 [Historic]"
"KAMATHOTEL","Tier 1","10","FY2026","Q4","Historic","FY2026 Q4 [Historic]","FY2026 Q4 [Historic]","FY2026 Q4 [Historic]","FY2026 Q4 [Historic]","FY2026 Q4 [Historic]","FY2026 Q4 [Historic]","FY2026 Q4 [Historic]","FY2026 Q4 [Historic]","FY2026 Q4 [Historic]","FY2026 Q4 [Historic]"
"KANSAINER","Tier 1","10","FY2026","Q4","Historic","FY2026 Q4 [Historic]","FY2026 Q4 [Historic]","FY2026 Q4 [Historic]","FY2026 Q4 [Historic]","FY2026 Q4 [Historic]","FY2026 Q4 [Historic]","FY2026 Q4 [Historic]","FY2026 Q4 [Historic]","FY2026 Q4 [Historic]","FY2026 Q4 [Historic]"
"KARURVYSYA","Tier 1","10","FY2026","Q4","Historic","FY2026 Q4 [Historic]","FY2026 Q4 [Historic]","FY2026 Q4 [Historic]","FY2026 Q4 [Historic]","FY2026 Q4 [Historic]","FY2026 Q4 [Historic]","FY2026 Q4 [Historic]","FY2026 Q4 [Historic]","FY2026 Q4 [Historic]","FY2026 Q4 [Historic]"
"KEC","Tier 1","10","FY2026","Q4","Historic","FY2026 Q4 [Historic]","FY2026 Q4 [Historic]","FY2026 Q4 [Historic]","FY2026 Q4 [Historic]","FY2026 Q4 [Historic]","FY2026 Q4 [Historic]","FY2026 Q4 [Historic]","FY2026 Q4 [Historic]","FY2026 Q4 [Historic]","FY2026 Q4 [Historic]"
"KFINTECH","Tier 1","10","FY2026","Q4","Historic","FY2026 Q4 [Historic]","FY2026 Q4 [Historic]","FY2026 Q4 [Historic]","FY2026 Q4 [Historic]","FY2026 Q4 [Historic]","FY2026 Q4 [Historic]","FY2026 Q4 [Historic]","FY2026 Q4 [Historic]","FY2026 Q4 [Historic]","FY2026 Q4 [Historic]"
"KHADIM","Tier 1","10","FY2026","Q4","Historic","FY2026 Q4 [Historic]","FY2026 Q4 [Historic]","FY2026 Q4 [Historic]","FY2026 Q4 [Historic]","FY2026 Q4 [Historic]","FY2026 Q4 [Historic]","FY2026 Q4 [Historic]","FY2026 Q4 [Historic]","FY2026 Q4 [Historic]","FY2026 Q4 [Historic]"
"KIMS","Tier 1","10","FY2026","Q4","Historic","FY2026 Q4 [Historic]","FY2026 Q4 [Historic]","FY2026 Q4 [Historic]","FY2026 Q4 [Historic]","FY2026 Q4 [Historic]","FY2026 Q4 [Historic]","FY2026 Q4 [Historic]","FY2026 Q4 [Historic]","FY2026 Q4 [Historic]","FY2026 Q4 [Historic]"
"KIRIINDUS","Tier 1","10","FY2026","Q4","Historic","FY2026 Q4 [Historic]","FY2026 Q4 [Historic]","FY2026 Q4 [Historic]","FY2026 Q4 [Historic]","FY2026 Q4 [Historic]","FY2026 Q4 [Historic]","FY2026 Q4 [Historic]","FY2026 Q4 [Historic]","FY2026 Q4 [Historic]","FY2026 Q4 [Historic]"
"KIRLFER","Tier 1","10","FY2026","Q4","Historic","FY2026 Q4 [Historic]","FY2026 Q4 [Historic]","FY2026 Q4 [Historic]","FY2026 Q4 [Historic]","FY2026 Q4 [Historic]","FY2026 Q4 [Historic]","FY2026 Q4 [Historic]","FY2026 Q4 [Historic]","FY2026 Q4 [Historic]","FY2026 Q4 [Historic]"
"KIRLOSBROS","Tier 1","10","FY2026","Q4","Historic","FY2026 Q4 [Historic]","FY2026 Q4 [Historic]","FY2026 Q4 [Historic]","FY2026 Q4 [Historic]","FY2026 Q4 [Historic]","FY2026 Q4 [Historic]","FY2026 Q4 [Historic]","FY2026 Q4 [Historic]","FY2026 Q4 [Historic]","FY2026 Q4 [Historic]"
"KIRLOSENG","Tier 1","10","FY2026","Q4","Historic","FY2026 Q4 [Historic]","FY2026 Q4 [Historic]","FY2026 Q4 [Historic]","FY2026 Q4 [Historic]","FY2026 Q4 [Historic]","FY2026 Q4 [Historic]","FY2026 Q4 [Historic]","FY2026 Q4 [Historic]","FY2026 Q4 [Historic]","FY2026 Q4 [Historic]"
"KIRLPNU","Tier 1","10","FY2026","Q4","Historic","FY2026 Q4 [Historic]","FY2026 Q4 [Historic]","FY2026 Q4 [Historic]","FY2026 Q4 [Historic]","FY2026 Q4 [Historic]","FY2026 Q4 [Historic]","FY2026 Q4 [Historic]","FY2026 Q4 [Historic]","FY2026 Q4 [Historic]","FY2026 Q4 [Historic]"
"KKCL","Tier 1","10","FY2026","Q4","Historic","FY2026 Q4 [Historic]","FY2026 Q4 [Historic]","FY2026 Q4 [Historic]","FY2026 Q4 [Historic]","FY2026 Q4 [Historic]","FY2026 Q4 [Historic]","FY2026 Q4 [Historic]","FY2026 Q4 [Historic]","FY2026 Q4 [Historic]","FY2026 Q4 [Historic]"
"KLBRENG-B","Tier 1","10","FY2026","Q4","Historic","FY2026 Q4 [Historic]","FY2026 Q4 [Historic]","FY2026 Q4 [Historic]","FY2026 Q4 [Historic]","FY2026 Q4 [Historic]","FY2026 Q4 [Historic]","FY2026 Q4 [Historic]","FY2026 Q4 [Historic]","FY2026 Q4 [Historic]","FY2026 Q4 [Historic]"
"KOLTEPATIL","Tier 1","10","FY2026","Q4","Historic","FY2026 Q4 [Historic]","FY2026 Q4 [Historic]","FY2026 Q4 [Historic]","FY2026 Q4 [Historic]","FY2026 Q4 [Historic]","FY2026 Q4 [Historic]","FY2026 Q4 [Historic]","FY2026 Q4 [Historic]","FY2026 Q4 [Historic]","FY2026 Q4 [Historic]"
"KPEL","Tier 1","10","FY2026","Q4","Historic","FY2026 Q4 [Historic]","FY2026 Q4 [Historic]","FY2026 Q4 [Historic]","FY2026 Q4 [Historic]","FY2026 Q4 [Historic]","FY2026 Q4 [Historic]","FY2026 Q4 [Historic]","FY2026 Q4 [Historic]","FY2026 Q4 [Historic]","FY2026 Q4 [Historic]"
"KPIGREEN","Tier 1","10","FY2026","Q4","Historic","FY2026 Q4 [Historic]","FY2026 Q4 [Historic]","FY2026 Q4 [Historic]","FY2026 Q4 [Historic]","FY2026 Q4 [Historic]","FY2026 Q4 [Historic]","FY2026 Q4 [Historic]","FY2026 Q4 [Historic]","FY2026 Q4 [Historic]","FY2026 Q4 [Historic]"
"KPIL","Tier 1","10","FY2026","Q4","Historic","FY2026 Q4 [Historic]","FY2026 Q4 [Historic]","FY2026 Q4 [Historic]","FY2026 Q4 [Historic]","FY2026 Q4 [Historic]","FY2026 Q4 [Historic]","FY2026 Q4 [Historic]","FY2026 Q4 [Historic]","FY2026 Q4 [Historic]","FY2026 Q4 [Historic]"
"KPITTECH","Tier 1","10","FY2026","Q4","Historic","FY2026 Q4 [Historic]","FY2026 Q4 [Historic]","FY2026 Q4 [Historic]","FY2026 Q4 [Historic]","FY2026 Q4 [Historic]","FY2026 Q4 [Historic]","FY2026 Q4 [Historic]","FY2026 Q4 [Historic]","FY2026 Q4 [Historic]","FY2026 Q4 [Historic]"
"KRBL","Tier 1","10","FY2026","Q4","Historic","FY2026 Q4 [Historic]","FY2026 Q4 [Historic]","FY2026 Q4 [Historic]","FY2026 Q4 [Historic]","FY2026 Q4 [Historic]","FY2026 Q4 [Historic]","FY2026 Q4 [Historic]","FY2026 Q4 [Historic]","FY2026 Q4 [Historic]","FY2026 Q4 [Historic]"
"KRISHANA","Tier 1","10","FY2026","Q4","Historic","FY2026 Q4 [Historic]","FY2026 Q4 [Historic]","FY2026 Q4 [Historic]","FY2026 Q4 [Historic]","FY2026 Q4 [Historic]","FY2026 Q4 [Historic]","FY2026 Q4 [Historic]","FY2026 Q4 [Historic]","FY2026 Q4 [Historic]","FY2026 Q4 [Historic]"
"KRISHNADEF","Tier 1","10","FY2026","Q4","Historic","FY2026 Q4 [Historic]","FY2026 Q4 [Historic]","FY2026 Q4 [Historic]","FY2026 Q4 [Historic]","FY2026 Q4 [Historic]","FY2026 Q4 [Historic]","FY2026 Q4 [Historic]","FY2026 Q4 [Historic]","FY2026 Q4 [Historic]","FY2026 Q4 [Historic]"
"KRN","Tier 1","10","FY2026","Q4","Historic","FY2026 Q4 [Historic]","FY2026 Q4 [Historic]","FY2026 Q4 [Historic]","FY2026 Q4 [Historic]","FY2026 Q4 [Historic]","FY2026 Q4 [Historic]","FY2026 Q4 [Historic]","FY2026 Q4 [Historic]","FY2026 Q4 [Historic]","FY2026 Q4 [Historic]"
"KROSS","Tier 1","10","FY2026","Q4","Historic","FY2026 Q4 [Historic]","FY2026 Q4 [Historic]","FY2026 Q4 [Historic]","FY2026 Q4 [Historic]","FY2026 Q4 [Historic]","FY2026 Q4 [Historic]","FY2026 Q4 [Historic]","FY2026 Q4 [Historic]","FY2026 Q4 [Historic]","FY2026 Q4 [Historic]"
"KSB","Tier 1","10","FY2026","Q4","Historic","FY2026 Q4 [Historic]","FY2026 Q4 [Historic]","FY2026 Q4 [Historic]","FY2026 Q4 [Historic]","FY2026 Q4 [Historic]","FY2026 Q4 [Historic]","FY2026 Q4 [Historic]","FY2026 Q4 [Historic]","FY2026 Q4 [Historic]","FY2026 Q4 [Historic]"
"KSCL","Tier 1","10","FY2026","Q4","Historic","FY2026 Q4 [Historic]","FY2026 Q4 [Historic]","FY2026 Q4 [Historic]","FY2026 Q4 [Historic]","FY2026 Q4 [Historic]","FY2026 Q4 [Historic]","FY2026 Q4 [Historic]","FY2026 Q4 [Historic]","FY2026 Q4 [Historic]","FY2026 Q4 [Historic]"
"KSOLVES","Tier 1","10","FY2026","Q4","Historic","FY2026 Q4 [Historic]","FY2026 Q4 [Historic]","FY2026 Q4 [Historic]","FY2026 Q4 [Historic]","FY2026 Q4 [Historic]","FY2026 Q4 [Historic]","FY2026 Q4 [Historic]","FY2026 Q4 [Historic]","FY2026 Q4 [Historic]","FY2026 Q4 [Historic]"
"KUANTUM","Tier 1","10","FY2026","Q4","Historic","FY2026 Q4 [Historic]","FY2026 Q4 [Historic]","FY2026 Q4 [Historic]","FY2026 Q4 [Historic]","FY2026 Q4 [Historic]","FY2026 Q4 [Historic]","FY2026 Q4 [Historic]","FY2026 Q4 [Historic]","FY2026 Q4 [Historic]","FY2026 Q4 [Historic]"
"LALPATHLAB","Tier 1","10","FY2026","Q4","Historic","FY2026 Q4 [Historic]","FY2026 Q4 [Historic]","FY2026 Q4 [Historic]","FY2026 Q4 [Historic]","FY2026 Q4 [Historic]","FY2026 Q4 [Historic]","FY2026 Q4 [Historic]","FY2026 Q4 [Historic]","FY2026 Q4 [Historic]","FY2026 Q4 [Historic]"
"LANDMARK","Tier 1","10","FY2026","Q4","Historic","FY2026 Q4 [Historic]","FY2026 Q4 [Historic]","FY2026 Q4 [Historic]","FY2026 Q4 [Historic]","FY2026 Q4 [Historic]","FY2026 Q4 [Historic]","FY2026 Q4 [Historic]","FY2026 Q4 [Historic]","FY2026 Q4 [Historic]","FY2026 Q4 [Historic]"
"LATENTVIEW","Tier 1","10","FY2026","Q4","Historic","FY2026 Q4 [Historic]","FY2026 Q4 [Historic]","FY2026 Q4 [Historic]","FY2026 Q4 [Historic]","FY2026 Q4 [Historic]","FY2026 Q4 [Historic]","FY2026 Q4 [Historic]","FY2026 Q4 [Historic]","FY2026 Q4 [Historic]","FY2026 Q4 [Historic]"
"LAURUSLABS","Tier 1","10","FY2026","Q4","Historic","FY2026 Q4 [Historic]","FY2026 Q4 [Historic]","FY2026 Q4 [Historic]","FY2026 Q4 [Historic]","FY2026 Q4 [Historic]","FY2026 Q4 [Historic]","FY2026 Q4 [Historic]","FY2026 Q4 [Historic]","FY2026 Q4 [Historic]","FY2026 Q4 [Historic]"
"LICHSGFIN","Tier 1","10","FY2026","Q4","Historic","FY2026 Q4 [Historic]","FY2026 Q4 [Historic]","FY2026 Q4 [Historic]","FY2026 Q4 [Historic]","FY2026 Q4 [Historic]","FY2026 Q4 [Historic]","FY2026 Q4 [Historic]","FY2026 Q4 [Historic]","FY2026 Q4 [Historic]","FY2026 Q4 [Historic]"
"LICI","Tier 1","10","FY2026","Q4","Historic","FY2026 Q4 [Historic]","FY2026 Q4 [Historic]","FY2026 Q4 [Historic]","FY2026 Q4 [Historic]","FY2026 Q4 [Historic]","FY2026 Q4 [Historic]","FY2026 Q4 [Historic]","FY2026 Q4 [Historic]","FY2026 Q4 [Historic]","FY2026 Q4 [Historic]"
"LLOYDSME","Tier 1","10","FY2026","Q4","Historic","FY2026 Q4 [Historic]","FY2026 Q4 [Historic]","FY2026 Q4 [Historic]","FY2026 Q4 [Historic]","FY2026 Q4 [Historic]","FY2026 Q4 [Historic]","FY2026 Q4 [Historic]","FY2026 Q4 [Historic]","FY2026 Q4 [Historic]","FY2026 Q4 [Historic]"
"LODHA","Tier 1","10","FY2026","Q4","Historic","FY2026 Q4 [Historic]","FY2026 Q4 [Historic]","FY2026 Q4 [Historic]","FY2026 Q4 [Historic]","FY2026 Q4 [Historic]","FY2026 Q4 [Historic]","FY2026 Q4 [Historic]","FY2026 Q4 [Historic]","FY2026 Q4 [Historic]","FY2026 Q4 [Historic]"
"LT","Tier 1","10","FY2026","Q4","Historic","FY2026 Q4 [Historic]","FY2026 Q4 [Historic]","FY2026 Q4 [Historic]","FY2026 Q4 [Historic]","FY2026 Q4 [Historic]","FY2026 Q4 [Historic]","FY2026 Q4 [Historic]","FY2026 Q4 [Historic]","FY2026 Q4 [Historic]","FY2026 Q4 [Historic]"
"LTF","Tier 1","10","FY2026","Q4","Historic","FY2026 Q4 [Historic]","FY2026 Q4 [Historic]","FY2026 Q4 [Historic]","FY2026 Q4 [Historic]","FY2026 Q4 [Historic]","FY2026 Q4 [Historic]","FY2026 Q4 [Historic]","FY2026 Q4 [Historic]","FY2026 Q4 [Historic]","FY2026 Q4 [Historic]"
"LTFOODS","Tier 1","10","FY2026","Q4","Historic","FY2026 Q4 [Historic]","FY2026 Q4 [Historic]","FY2026 Q4 [Historic]","FY2026 Q4 [Historic]","FY2026 Q4 [Historic]","FY2026 Q4 [Historic]","FY2026 Q4 [Historic]","FY2026 Q4 [Historic]","FY2026 Q4 [Historic]","FY2026 Q4 [Historic]"
"LTM","Tier 1","10","FY2026","Q4","Historic","FY2026 Q4 [Historic]","FY2026 Q4 [Historic]","FY2026 Q4 [Historic]","FY2026 Q4 [Historic]","FY2026 Q4 [Historic]","FY2026 Q4 [Historic]","FY2026 Q4 [Historic]","FY2026 Q4 [Historic]","FY2026 Q4 [Historic]","FY2026 Q4 [Historic]"
"LTTS","Tier 1","10","FY2026","Q4","Historic","FY2026 Q4 [Historic]","FY2026 Q4 [Historic]","FY2026 Q4 [Historic]","FY2026 Q4 [Historic]","FY2026 Q4 [Historic]","FY2026 Q4 [Historic]","FY2026 Q4 [Historic]","FY2026 Q4 [Historic]","FY2026 Q4 [Historic]","FY2026 Q4 [Historic]"
"LUMAXIND","Tier 1","10","FY2026","Q4","Historic","FY2026 Q4 [Historic]","FY2026 Q4 [Historic]","FY2026 Q4 [Historic]","FY2026 Q4 [Historic]","FY2026 Q4 [Historic]","FY2026 Q4 [Historic]","FY2026 Q4 [Historic]","FY2026 Q4 [Historic]","FY2026 Q4 [Historic]","FY2026 Q4 [Historic]"
"LUMAXTECH","Tier 1","10","FY2026","Q4","Historic","FY2026 Q4 [Historic]","FY2026 Q4 [Historic]","FY2026 Q4 [Historic]","FY2026 Q4 [Historic]","FY2026 Q4 [Historic]","FY2026 Q4 [Historic]","FY2026 Q4 [Historic]","FY2026 Q4 [Historic]","FY2026 Q4 [Historic]","FY2026 Q4 [Historic]"
"LUPIN","Tier 1","10","FY2026","Q4","Historic","FY2026 Q4 [Historic]","FY2026 Q4 [Historic]","FY2026 Q4 [Historic]","FY2026 Q4 [Historic]","FY2026 Q4 [Historic]","FY2026 Q4 [Historic]","FY2026 Q4 [Historic]","FY2026 Q4 [Historic]","FY2026 Q4 [Historic]","FY2026 Q4 [Historic]"
"LXCHEM","Tier 1","10","FY2026","Q4","Historic","FY2026 Q4 [Historic]","FY2026 Q4 [Historic]","FY2026 Q4 [Historic]","FY2026 Q4 [Historic]","FY2026 Q4 [Historic]","FY2026 Q4 [Historic]","FY2026 Q4 [Historic]","FY2026 Q4 [Historic]","FY2026 Q4 [Historic]","FY2026 Q4 [Historic]"
"M&M","Tier 1","10","FY2026","Q4","Historic","FY2026 Q4 [Historic]","FY2026 Q4 [Historic]","FY2026 Q4 [Historic]","FY2026 Q4 [Historic]","FY2026 Q4 [Historic]","FY2026 Q4 [Historic]","FY2026 Q4 [Historic]","FY2026 Q4 [Historic]","FY2026 Q4 [Historic]","FY2026 Q4 [Historic]"
"M&MFIN","Tier 1","10","FY2026","Q4","Historic","FY2026 Q4 [Historic]","FY2026 Q4 [Historic]","FY2026 Q4 [Historic]","FY2026 Q4 [Historic]","FY2026 Q4 [Historic]","FY2026 Q4 [Historic]","FY2026 Q4 [Historic]","FY2026 Q4 [Historic]","FY2026 Q4 [Historic]","FY2026 Q4 [Historic]"
"MAHABANK","Tier 1","10","FY2026","Q4","Historic","FY2026 Q4 [Historic]","FY2026 Q4 [Historic]","FY2026 Q4 [Historic]","FY2026 Q4 [Historic]","FY2026 Q4 [Historic]","FY2026 Q4 [Historic]","FY2026 Q4 [Historic]","FY2026 Q4 [Historic]","FY2026 Q4 [Historic]","FY2026 Q4 [Historic]"
"MAHLIFE","Tier 1","10","FY2026","Q4","Historic","FY2026 Q4 [Historic]","FY2026 Q4 [Historic]","FY2026 Q4 [Historic]","FY2026 Q4 [Historic]","FY2026 Q4 [Historic]","FY2026 Q4 [Historic]","FY2026 Q4 [Historic]","FY2026 Q4 [Historic]","FY2026 Q4 [Historic]","FY2026 Q4 [Historic]"
"MAHLOG","Tier 1","10","FY2026","Q4","Historic","FY2026 Q4 [Historic]","FY2026 Q4 [Historic]","FY2026 Q4 [Historic]","FY2026 Q4 [Historic]","FY2026 Q4 [Historic]","FY2026 Q4 [Historic]","FY2026 Q4 [Historic]","FY2026 Q4 [Historic]","FY2026 Q4 [Historic]","FY2026 Q4 [Historic]"
"MAHSEAMLES","Tier 1","10","FY2026","Q3","Historic","FY2026 Q3 [Historic]","FY2026 Q3 [Historic]","FY2026 Q3 [Historic]","FY2026 Q3 [Historic]","FY2026 Q3 [Historic]","FY2026 Q3 [Historic]","FY2026 Q3 [Historic]","FY2026 Q3 [Historic]","FY2026 Q3 [Historic]","FY2026 Q3 [Historic]"
"MANAKCOAT","Tier 1","10","FY2026","Q4","Historic","FY2026 Q4 [Historic]","FY2026 Q4 [Historic]","FY2026 Q4 [Historic]","FY2026 Q4 [Historic]","FY2026 Q4 [Historic]","FY2026 Q4 [Historic]","FY2026 Q4 [Historic]","FY2026 Q4 [Historic]","FY2026 Q4 [Historic]","FY2026 Q4 [Historic]"
"MANAPPURAM","Tier 1","10","FY2026","Q4","Historic","FY2026 Q4 [Historic]","FY2026 Q4 [Historic]","FY2026 Q4 [Historic]","FY2026 Q4 [Historic]","FY2026 Q4 [Historic]","FY2026 Q4 [Historic]","FY2026 Q4 [Historic]","FY2026 Q4 [Historic]","FY2026 Q4 [Historic]","FY2026 Q4 [Historic]"
"MANBA","Tier 1","10","FY2026","Q4","Historic","FY2026 Q4 [Historic]","FY2026 Q4 [Historic]","FY2026 Q4 [Historic]","FY2026 Q4 [Historic]","FY2026 Q4 [Historic]","FY2026 Q4 [Historic]","FY2026 Q4 [Historic]","FY2026 Q4 [Historic]","FY2026 Q4 [Historic]","FY2026 Q4 [Historic]"
"MANINDS","Tier 1","10","FY2026","Q4","Historic","FY2026 Q4 [Historic]","FY2026 Q4 [Historic]","FY2026 Q4 [Historic]","FY2026 Q4 [Historic]","FY2026 Q4 [Historic]","FY2026 Q4 [Historic]","FY2026 Q4 [Historic]","FY2026 Q4 [Historic]","FY2026 Q4 [Historic]","FY2026 Q4 [Historic]"
"MANKIND","Tier 1","10","FY2026","Q4","Historic","FY2026 Q4 [Historic]","FY2026 Q4 [Historic]","FY2026 Q4 [Historic]","FY2026 Q4 [Historic]","FY2026 Q4 [Historic]","FY2026 Q4 [Historic]","FY2026 Q4 [Historic]","FY2026 Q4 [Historic]","FY2026 Q4 [Historic]","FY2026 Q4 [Historic]"
"MANYAVAR","Tier 1","10","FY2026","Q4","Historic","FY2026 Q4 [Historic]","FY2026 Q4 [Historic]","FY2026 Q4 [Historic]","FY2026 Q4 [Historic]","FY2026 Q4 [Historic]","FY2026 Q4 [Historic]","FY2026 Q4 [Historic]","FY2026 Q4 [Historic]","FY2026 Q4 [Historic]","FY2026 Q4 [Historic]"
"MAPMYINDIA","Tier 1","10","FY2026","Q4","Historic","FY2026 Q4 [Historic]","FY2026 Q4 [Historic]","FY2026 Q4 [Historic]","FY2026 Q4 [Historic]","FY2026 Q4 [Historic]","FY2026 Q4 [Historic]","FY2026 Q4 [Historic]","FY2026 Q4 [Historic]","FY2026 Q4 [Historic]","FY2026 Q4 [Historic]"
"MARICO","Tier 1","10","FY2026","Q4","Historic","FY2026 Q4 [Historic]","FY2026 Q4 [Historic]","FY2026 Q4 [Historic]","FY2026 Q4 [Historic]","FY2026 Q4 [Historic]","FY2026 Q4 [Historic]","FY2026 Q4 [Historic]","FY2026 Q4 [Historic]","FY2026 Q4 [Historic]","FY2026 Q4 [Historic]"
"MARKSANS","Tier 1","10","FY2026","Q4","Historic","FY2026 Q4 [Historic]","FY2026 Q4 [Historic]","FY2026 Q4 [Historic]","FY2026 Q4 [Historic]","FY2026 Q4 [Historic]","FY2026 Q4 [Historic]","FY2026 Q4 [Historic]","FY2026 Q4 [Historic]","FY2026 Q4 [Historic]","FY2026 Q4 [Historic]"
"MARUTI","Tier 1","10","FY2026","Q4","Historic","FY2026 Q4 [Historic]","FY2026 Q4 [Historic]","FY2026 Q4 [Historic]","FY2026 Q4 [Historic]","FY2026 Q4 [Historic]","FY2026 Q4 [Historic]","FY2026 Q4 [Historic]","FY2026 Q4 [Historic]","FY2026 Q4 [Historic]","FY2026 Q4 [Historic]"
"MASFIN","Tier 1","10","FY2026","Q4","Historic","FY2026 Q4 [Historic]","FY2026 Q4 [Historic]","FY2026 Q4 [Historic]","FY2026 Q4 [Historic]","FY2026 Q4 [Historic]","FY2026 Q4 [Historic]","FY2026 Q4 [Historic]","FY2026 Q4 [Historic]","FY2026 Q4 [Historic]","FY2026 Q4 [Historic]"
"MASTEK","Tier 1","10","FY2026","Q4","Historic","FY2026 Q4 [Historic]","FY2026 Q4 [Historic]","FY2026 Q4 [Historic]","FY2026 Q4 [Historic]","FY2026 Q4 [Historic]","FY2026 Q4 [Historic]","FY2026 Q4 [Historic]","FY2026 Q4 [Historic]","FY2026 Q4 [Historic]","FY2026 Q4 [Historic]"
"MATRIMONY","Tier 1","10","FY2026","Q4","Historic","FY2026 Q4 [Historic]","FY2026 Q4 [Historic]","FY2026 Q4 [Historic]","FY2026 Q4 [Historic]","FY2026 Q4 [Historic]","FY2026 Q4 [Historic]","FY2026 Q4 [Historic]","FY2026 Q4 [Historic]","FY2026 Q4 [Historic]","FY2026 Q4 [Historic]"
"MAXESTATES","Tier 1","10","FY2026","Q4","Historic","FY2026 Q4 [Historic]","FY2026 Q4 [Historic]","FY2026 Q4 [Historic]","FY2026 Q4 [Historic]","FY2026 Q4 [Historic]","FY2026 Q4 [Historic]","FY2026 Q4 [Historic]","FY2026 Q4 [Historic]","FY2026 Q4 [Historic]","FY2026 Q4 [Historic]"
"MAXHEALTH","Tier 1","10","FY2026","Q4","Historic","FY2026 Q4 [Historic]","FY2026 Q4 [Historic]","FY2026 Q4 [Historic]","FY2026 Q4 [Historic]","FY2026 Q4 [Historic]","FY2026 Q4 [Historic]","FY2026 Q4 [Historic]","FY2026 Q4 [Historic]","FY2026 Q4 [Historic]","FY2026 Q4 [Historic]"
"MAXIND","Tier 1","10","FY2026","Q4","Historic","FY2026 Q4 [Historic]","FY2026 Q4 [Historic]","FY2026 Q4 [Historic]","FY2026 Q4 [Historic]","FY2026 Q4 [Historic]","FY2026 Q4 [Historic]","FY2026 Q4 [Historic]","FY2026 Q4 [Historic]","FY2026 Q4 [Historic]","FY2026 Q4 [Historic]"
"MAYURUNIQ","Tier 1","10","FY2026","Q4","Historic","FY2026 Q4 [Historic]","FY2026 Q4 [Historic]","FY2026 Q4 [Historic]","FY2026 Q4 [Historic]","FY2026 Q4 [Historic]","FY2026 Q4 [Historic]","FY2026 Q4 [Historic]","FY2026 Q4 [Historic]","FY2026 Q4 [Historic]","FY2026 Q4 [Historic]"
"MAZDOCK","Tier 1","10","FY2026","Q4","Historic","FY2026 Q4 [Historic]","FY2026 Q4 [Historic]","FY2026 Q4 [Historic]","FY2026 Q4 [Historic]","FY2026 Q4 [Historic]","FY2026 Q4 [Historic]","FY2026 Q4 [Historic]","FY2026 Q4 [Historic]","FY2026 Q4 [Historic]","FY2026 Q4 [Historic]"
"MBAPL","Tier 1","10","FY2026","Q4","Historic","FY2026 Q4 [Historic]","FY2026 Q4 [Historic]","FY2026 Q4 [Historic]","FY2026 Q4 [Historic]","FY2026 Q4 [Historic]","FY2026 Q4 [Historic]","FY2026 Q4 [Historic]","FY2026 Q4 [Historic]","FY2026 Q4 [Historic]","FY2026 Q4 [Historic]"
"MBEL","Tier 1","10","FY2026","Q4","Historic","FY2026 Q4 [Historic]","FY2026 Q4 [Historic]","FY2026 Q4 [Historic]","FY2026 Q4 [Historic]","FY2026 Q4 [Historic]","FY2026 Q4 [Historic]","FY2026 Q4 [Historic]","FY2026 Q4 [Historic]","FY2026 Q4 [Historic]","FY2026 Q4 [Historic]"
"MCX","Tier 1","10","FY2026","Q4","Historic","FY2026 Q4 [Historic]","FY2026 Q4 [Historic]","FY2026 Q4 [Historic]","FY2026 Q4 [Historic]","FY2026 Q4 [Historic]","FY2026 Q4 [Historic]","FY2026 Q4 [Historic]","FY2026 Q4 [Historic]","FY2026 Q4 [Historic]","FY2026 Q4 [Historic]"
"MEDANTA","Tier 1","10","FY2026","Q4","Historic","FY2026 Q4 [Historic]","FY2026 Q4 [Historic]","FY2026 Q4 [Historic]","FY2026 Q4 [Historic]","FY2026 Q4 [Historic]","FY2026 Q4 [Historic]","FY2026 Q4 [Historic]","FY2026 Q4 [Historic]","FY2026 Q4 [Historic]","FY2026 Q4 [Historic]"
"MEDIASSIST","Tier 1","10","FY2026","Q4","Historic","FY2026 Q4 [Historic]","FY2026 Q4 [Historic]","FY2026 Q4 [Historic]","FY2026 Q4 [Historic]","FY2026 Q4 [Historic]","FY2026 Q4 [Historic]","FY2026 Q4 [Historic]","FY2026 Q4 [Historic]","FY2026 Q4 [Historic]","FY2026 Q4 [Historic]"
"MEDPLUS","Tier 1","10","FY2026","Q4","Historic","FY2026 Q4 [Historic]","FY2026 Q4 [Historic]","FY2026 Q4 [Historic]","FY2026 Q4 [Historic]","FY2026 Q4 [Historic]","FY2026 Q4 [Historic]","FY2026 Q4 [Historic]","FY2026 Q4 [Historic]","FY2026 Q4 [Historic]","FY2026 Q4 [Historic]"
"MENONBE","Tier 1","10","FY2026","Q3","Historic","FY2026 Q3 [Historic]","FY2026 Q3 [Historic]","FY2026 Q3 [Historic]","FY2026 Q3 [Historic]","FY2026 Q3 [Historic]","FY2026 Q3 [Historic]","FY2026 Q3 [Historic]","FY2026 Q3 [Historic]","FY2026 Q3 [Historic]","FY2026 Q3 [Historic]"
"METROPOLIS","Tier 1","10","FY2026","Q4","Historic","FY2026 Q4 [Historic]","FY2026 Q4 [Historic]","FY2026 Q4 [Historic]","FY2026 Q4 [Historic]","FY2026 Q4 [Historic]","FY2026 Q4 [Historic]","FY2026 Q4 [Historic]","FY2026 Q4 [Historic]","FY2026 Q4 [Historic]","FY2026 Q4 [Historic]"
"MFSL","Tier 1","10","FY2026","Q4","Historic","FY2026 Q4 [Historic]","FY2026 Q4 [Historic]","FY2026 Q4 [Historic]","FY2026 Q4 [Historic]","FY2026 Q4 [Historic]","FY2026 Q4 [Historic]","FY2026 Q4 [Historic]","FY2026 Q4 [Historic]","FY2026 Q4 [Historic]","FY2026 Q4 [Historic]"
"MGL","Tier 1","10","FY2026","Q4","Historic","FY2026 Q4 [Historic]","FY2026 Q4 [Historic]","FY2026 Q4 [Historic]","FY2026 Q4 [Historic]","FY2026 Q4 [Historic]","FY2026 Q4 [Historic]","FY2026 Q4 [Historic]","FY2026 Q4 [Historic]","FY2026 Q4 [Historic]","FY2026 Q4 [Historic]"
"MHRIL","Tier 1","10","FY2026","Q4","Historic","FY2026 Q4 [Historic]","FY2026 Q4 [Historic]","FY2026 Q4 [Historic]","FY2026 Q4 [Historic]","FY2026 Q4 [Historic]","FY2026 Q4 [Historic]","FY2026 Q4 [Historic]","FY2026 Q4 [Historic]","FY2026 Q4 [Historic]","FY2026 Q4 [Historic]"
"MIDHANI","Tier 1","10","FY2026","Q4","Historic","FY2026 Q4 [Historic]","FY2026 Q4 [Historic]","FY2026 Q4 [Historic]","FY2026 Q4 [Historic]","FY2026 Q4 [Historic]","FY2026 Q4 [Historic]","FY2026 Q4 [Historic]","FY2026 Q4 [Historic]","FY2026 Q4 [Historic]","FY2026 Q4 [Historic]"
"MINDACORP","Tier 1","10","FY2026","Q4","Historic","FY2026 Q4 [Historic]","FY2026 Q4 [Historic]","FY2026 Q4 [Historic]","FY2026 Q4 [Historic]","FY2026 Q4 [Historic]","FY2026 Q4 [Historic]","FY2026 Q4 [Historic]","FY2026 Q4 [Historic]","FY2026 Q4 [Historic]","FY2026 Q4 [Historic]"
"MMFL","Tier 1","10","FY2026","Q4","Historic","FY2026 Q4 [Historic]","FY2026 Q4 [Historic]","FY2026 Q4 [Historic]","FY2026 Q4 [Historic]","FY2026 Q4 [Historic]","FY2026 Q4 [Historic]","FY2026 Q4 [Historic]","FY2026 Q4 [Historic]","FY2026 Q4 [Historic]","FY2026 Q4 [Historic]"
"MOBIKWIK","Tier 1","10","FY2026","Q4","Historic","FY2026 Q4 [Historic]","FY2026 Q4 [Historic]","FY2026 Q4 [Historic]","FY2026 Q4 [Historic]","FY2026 Q4 [Historic]","FY2026 Q4 [Historic]","FY2026 Q4 [Historic]","FY2026 Q4 [Historic]","FY2026 Q4 [Historic]","FY2026 Q4 [Historic]"
"MOL","Tier 1","10","FY2026","Q4","Historic","FY2026 Q4 [Historic]","FY2026 Q4 [Historic]","FY2026 Q4 [Historic]","FY2026 Q4 [Historic]","FY2026 Q4 [Historic]","FY2026 Q4 [Historic]","FY2026 Q4 [Historic]","FY2026 Q4 [Historic]","FY2026 Q4 [Historic]","FY2026 Q4 [Historic]"
"MONEYBOXX","Tier 1","10","FY2026","Q4","Historic","FY2026 Q4 [Historic]","FY2026 Q4 [Historic]","FY2026 Q4 [Historic]","FY2026 Q4 [Historic]","FY2026 Q4 [Historic]","FY2026 Q4 [Historic]","FY2026 Q4 [Historic]","FY2026 Q4 [Historic]","FY2026 Q4 [Historic]","FY2026 Q4 [Historic]"
"MOTHERSON","Tier 1","10","FY2026","Q4","Historic","FY2026 Q4 [Historic]","FY2026 Q4 [Historic]","FY2026 Q4 [Historic]","FY2026 Q4 [Historic]","FY2026 Q4 [Historic]","FY2026 Q4 [Historic]","FY2026 Q4 [Historic]","FY2026 Q4 [Historic]","FY2026 Q4 [Historic]","FY2026 Q4 [Historic]"
"MOTILALOFS","Tier 1","10","FY2026","Q4","Historic","FY2026 Q4 [Historic]","FY2026 Q4 [Historic]","FY2026 Q4 [Historic]","FY2026 Q4 [Historic]","FY2026 Q4 [Historic]","FY2026 Q4 [Historic]","FY2026 Q4 [Historic]","FY2026 Q4 [Historic]","FY2026 Q4 [Historic]","FY2026 Q4 [Historic]"
"MPHASIS","Tier 1","10","FY2026","Q4","Historic","FY2026 Q4 [Historic]","FY2026 Q4 [Historic]","FY2026 Q4 [Historic]","FY2026 Q4 [Historic]","FY2026 Q4 [Historic]","FY2026 Q4 [Historic]","FY2026 Q4 [Historic]","FY2026 Q4 [Historic]","FY2026 Q4 [Historic]","FY2026 Q4 [Historic]"
"MPSLTD","Tier 1","10","FY2026","Q4","Historic","FY2026 Q4 [Historic]","FY2026 Q4 [Historic]","FY2026 Q4 [Historic]","FY2026 Q4 [Historic]","FY2026 Q4 [Historic]","FY2026 Q4 [Historic]","FY2026 Q4 [Historic]","FY2026 Q4 [Historic]","FY2026 Q4 [Historic]","FY2026 Q4 [Historic]"
"MSTCLTD","Tier 1","10","FY2026","Q4","Historic","FY2026 Q4 [Historic]","FY2026 Q4 [Historic]","FY2026 Q4 [Historic]","FY2026 Q4 [Historic]","FY2026 Q4 [Historic]","FY2026 Q4 [Historic]","FY2026 Q4 [Historic]","FY2026 Q4 [Historic]","FY2026 Q4 [Historic]","FY2026 Q4 [Historic]"
"MSUMI","Tier 1","10","FY2026","Q4","Historic","FY2026 Q4 [Historic]","FY2026 Q4 [Historic]","FY2026 Q4 [Historic]","FY2026 Q4 [Historic]","FY2026 Q4 [Historic]","FY2026 Q4 [Historic]","FY2026 Q4 [Historic]","FY2026 Q4 [Historic]","FY2026 Q4 [Historic]","FY2026 Q4 [Historic]"
"MUFTI","Tier 1","10","FY2026","Q4","Historic","FY2026 Q4 [Historic]","FY2026 Q4 [Historic]","FY2026 Q4 [Historic]","FY2026 Q4 [Historic]","FY2026 Q4 [Historic]","FY2026 Q4 [Historic]","FY2026 Q4 [Historic]","FY2026 Q4 [Historic]","FY2026 Q4 [Historic]","FY2026 Q4 [Historic]"
"MUTHOOTFIN","Tier 1","10","FY2026","Q4","Historic","FY2026 Q4 [Historic]","FY2026 Q4 [Historic]","FY2026 Q4 [Historic]","FY2026 Q4 [Historic]","FY2026 Q4 [Historic]","FY2026 Q4 [Historic]","FY2026 Q4 [Historic]","FY2026 Q4 [Historic]","FY2026 Q4 [Historic]","FY2026 Q4 [Historic]"
"MUTHOOTMF","Tier 1","10","FY2026","Q4","Historic","FY2026 Q4 [Historic]","FY2026 Q4 [Historic]","FY2026 Q4 [Historic]","FY2026 Q4 [Historic]","FY2026 Q4 [Historic]","FY2026 Q4 [Historic]","FY2026 Q4 [Historic]","FY2026 Q4 [Historic]","FY2026 Q4 [Historic]","FY2026 Q4 [Historic]"
"NAM-INDIA","Tier 1","10","FY2026","Q4","Historic","FY2026 Q4 [Historic]","FY2026 Q4 [Historic]","FY2026 Q4 [Historic]","FY2026 Q4 [Historic]","FY2026 Q4 [Historic]","FY2026 Q4 [Historic]","FY2026 Q4 [Historic]","FY2026 Q4 [Historic]","FY2026 Q4 [Historic]","FY2026 Q4 [Historic]"
"NATCOPHARM","Tier 1","10","FY2026","Q4","Historic","FY2026 Q4 [Historic]","FY2026 Q4 [Historic]","FY2026 Q4 [Historic]","FY2026 Q4 [Historic]","FY2026 Q4 [Historic]","FY2026 Q4 [Historic]","FY2026 Q4 [Historic]","FY2026 Q4 [Historic]","FY2026 Q4 [Historic]","FY2026 Q4 [Historic]"
"NATIONALUM","Tier 1","10","FY2026","Q4","Historic","FY2026 Q4 [Historic]","FY2026 Q4 [Historic]","FY2026 Q4 [Historic]","FY2026 Q4 [Historic]","FY2026 Q4 [Historic]","FY2026 Q4 [Historic]","FY2026 Q4 [Historic]","FY2026 Q4 [Historic]","FY2026 Q4 [Historic]","FY2026 Q4 [Historic]"
"NAUKRI","Tier 1","10","FY2026","Q4","Historic","FY2026 Q4 [Historic]","FY2026 Q4 [Historic]","FY2026 Q4 [Historic]","FY2026 Q4 [Historic]","FY2026 Q4 [Historic]","FY2026 Q4 [Historic]","FY2026 Q4 [Historic]","FY2026 Q4 [Historic]","FY2026 Q4 [Historic]","FY2026 Q4 [Historic]"
"NAVA","Tier 1","10","FY2026","Q4","Historic","FY2026 Q4 [Historic]","FY2026 Q4 [Historic]","FY2026 Q4 [Historic]","FY2026 Q4 [Historic]","FY2026 Q4 [Historic]","FY2026 Q4 [Historic]","FY2026 Q4 [Historic]","FY2026 Q4 [Historic]","FY2026 Q4 [Historic]","FY2026 Q4 [Historic]"
"NAVINFLUOR","Tier 1","10","FY2026","Q4","Historic","FY2026 Q4 [Historic]","FY2026 Q4 [Historic]","FY2026 Q4 [Historic]","FY2026 Q4 [Historic]","FY2026 Q4 [Historic]","FY2026 Q4 [Historic]","FY2026 Q4 [Historic]","FY2026 Q4 [Historic]","FY2026 Q4 [Historic]","FY2026 Q4 [Historic]"
"NAVKARCORP","Tier 1","10","FY2026","Q4","Historic","FY2026 Q4 [Historic]","FY2026 Q4 [Historic]","FY2026 Q4 [Historic]","FY2026 Q4 [Historic]","FY2026 Q4 [Historic]","FY2026 Q4 [Historic]","FY2026 Q4 [Historic]","FY2026 Q4 [Historic]","FY2026 Q4 [Historic]","FY2026 Q4 [Historic]"
"NBCC","Tier 1","10","FY2026","Q4","Historic","FY2026 Q4 [Historic]","FY2026 Q4 [Historic]","FY2026 Q4 [Historic]","FY2026 Q4 [Historic]","FY2026 Q4 [Historic]","FY2026 Q4 [Historic]","FY2026 Q4 [Historic]","FY2026 Q4 [Historic]","FY2026 Q4 [Historic]","FY2026 Q4 [Historic]"
"NCC","Tier 1","10","FY2026","Q4","Historic","FY2026 Q4 [Historic]","FY2026 Q4 [Historic]","FY2026 Q4 [Historic]","FY2026 Q4 [Historic]","FY2026 Q4 [Historic]","FY2026 Q4 [Historic]","FY2026 Q4 [Historic]","FY2026 Q4 [Historic]","FY2026 Q4 [Historic]","FY2026 Q4 [Historic]"
"NDRAUTO","Tier 1","10","FY2026","Q4","Historic","FY2026 Q4 [Historic]","FY2026 Q4 [Historic]","FY2026 Q4 [Historic]","FY2026 Q4 [Historic]","FY2026 Q4 [Historic]","FY2026 Q4 [Historic]","FY2026 Q4 [Historic]","FY2026 Q4 [Historic]","FY2026 Q4 [Historic]","FY2026 Q4 [Historic]"
"NELCAST","Tier 1","10","FY2026","Q4","Historic","FY2026 Q4 [Historic]","FY2026 Q4 [Historic]","FY2026 Q4 [Historic]","FY2026 Q4 [Historic]","FY2026 Q4 [Historic]","FY2026 Q4 [Historic]","FY2026 Q4 [Historic]","FY2026 Q4 [Historic]","FY2026 Q4 [Historic]","FY2026 Q4 [Historic]"
"NEOGEN","Tier 1","10","FY2026","Q4","Historic","FY2026 Q4 [Historic]","FY2026 Q4 [Historic]","FY2026 Q4 [Historic]","FY2026 Q4 [Historic]","FY2026 Q4 [Historic]","FY2026 Q4 [Historic]","FY2026 Q4 [Historic]","FY2026 Q4 [Historic]","FY2026 Q4 [Historic]","FY2026 Q4 [Historic]"
"NETWEB","Tier 1","10","FY2026","Q4","Historic","FY2026 Q4 [Historic]","FY2026 Q4 [Historic]","FY2026 Q4 [Historic]","FY2026 Q4 [Historic]","FY2026 Q4 [Historic]","FY2026 Q4 [Historic]","FY2026 Q4 [Historic]","FY2026 Q4 [Historic]","FY2026 Q4 [Historic]","FY2026 Q4 [Historic]"
"NEULANDLAB","Tier 1","10","FY2026","Q4","Historic","FY2026 Q4 [Historic]","FY2026 Q4 [Historic]","FY2026 Q4 [Historic]","FY2026 Q4 [Historic]","FY2026 Q4 [Historic]","FY2026 Q4 [Historic]","FY2026 Q4 [Historic]","FY2026 Q4 [Historic]","FY2026 Q4 [Historic]","FY2026 Q4 [Historic]"
"NEWGEN","Tier 1","10","FY2026","Q4","Historic","FY2026 Q4 [Historic]","FY2026 Q4 [Historic]","FY2026 Q4 [Historic]","FY2026 Q4 [Historic]","FY2026 Q4 [Historic]","FY2026 Q4 [Historic]","FY2026 Q4 [Historic]","FY2026 Q4 [Historic]","FY2026 Q4 [Historic]","FY2026 Q4 [Historic]"
"NGLFINE","Tier 1","10","FY2026","Q4","Historic","FY2026 Q4 [Historic]","FY2026 Q4 [Historic]","FY2026 Q4 [Historic]","FY2026 Q4 [Historic]","FY2026 Q4 [Historic]","FY2026 Q4 [Historic]","FY2026 Q4 [Historic]","FY2026 Q4 [Historic]","FY2026 Q4 [Historic]","FY2026 Q4 [Historic]"
"NH","Tier 1","10","FY2026","Q4","Historic","FY2026 Q4 [Historic]","FY2026 Q4 [Historic]","FY2026 Q4 [Historic]","FY2026 Q4 [Historic]","FY2026 Q4 [Historic]","FY2026 Q4 [Historic]","FY2026 Q4 [Historic]","FY2026 Q4 [Historic]","FY2026 Q4 [Historic]","FY2026 Q4 [Historic]"
"NHPC","Tier 1","10","FY2026","Q4","Historic","FY2026 Q4 [Historic]","FY2026 Q4 [Historic]","FY2026 Q4 [Historic]","FY2026 Q4 [Historic]","FY2026 Q4 [Historic]","FY2026 Q4 [Historic]","FY2026 Q4 [Historic]","FY2026 Q4 [Historic]","FY2026 Q4 [Historic]","FY2026 Q4 [Historic]"
"NIACL","Tier 1","10","FY2026","Q4","Historic","FY2026 Q4 [Historic]","FY2026 Q4 [Historic]","FY2026 Q4 [Historic]","FY2026 Q4 [Historic]","FY2026 Q4 [Historic]","FY2026 Q4 [Historic]","FY2026 Q4 [Historic]","FY2026 Q4 [Historic]","FY2026 Q4 [Historic]","FY2026 Q4 [Historic]"
"NIITLTD","Tier 1","10","FY2026","Q4","Historic","FY2026 Q4 [Historic]","FY2026 Q4 [Historic]","FY2026 Q4 [Historic]","FY2026 Q4 [Historic]","FY2026 Q4 [Historic]","FY2026 Q4 [Historic]","FY2026 Q4 [Historic]","FY2026 Q4 [Historic]","FY2026 Q4 [Historic]","FY2026 Q4 [Historic]"
"NIITMTS","Tier 1","10","FY2026","Q4","Historic","FY2026 Q4 [Historic]","FY2026 Q4 [Historic]","FY2026 Q4 [Historic]","FY2026 Q4 [Historic]","FY2026 Q4 [Historic]","FY2026 Q4 [Historic]","FY2026 Q4 [Historic]","FY2026 Q4 [Historic]","FY2026 Q4 [Historic]","FY2026 Q4 [Historic]"
"NIRLON","Tier 1","10","FY2026","Q4","Historic","FY2026 Q4 [Historic]","FY2026 Q4 [Historic]","FY2026 Q4 [Historic]","FY2026 Q4 [Historic]","FY2026 Q4 [Historic]","FY2026 Q4 [Historic]","FY2026 Q4 [Historic]","FY2026 Q4 [Historic]","FY2026 Q4 [Historic]","FY2026 Q4 [Historic]"
"NITINSPIN","Tier 1","10","FY2026","Q4","Historic","FY2026 Q4 [Historic]","FY2026 Q4 [Historic]","FY2026 Q4 [Historic]","FY2026 Q4 [Historic]","FY2026 Q4 [Historic]","FY2026 Q4 [Historic]","FY2026 Q4 [Historic]","FY2026 Q4 [Historic]","FY2026 Q4 [Historic]","FY2026 Q4 [Historic]"
"NIVABUPA","Tier 1","10","FY2026","Q4","Historic","FY2026 Q4 [Historic]","FY2026 Q4 [Historic]","FY2026 Q4 [Historic]","FY2026 Q4 [Historic]","FY2026 Q4 [Historic]","FY2026 Q4 [Historic]","FY2026 Q4 [Historic]","FY2026 Q4 [Historic]","FY2026 Q4 [Historic]","FY2026 Q4 [Historic]"
"NOCIL","Tier 1","10","FY2026","Q4","Historic","FY2026 Q4 [Historic]","FY2026 Q4 [Historic]","FY2026 Q4 [Historic]","FY2026 Q4 [Historic]","FY2026 Q4 [Historic]","FY2026 Q4 [Historic]","FY2026 Q4 [Historic]","FY2026 Q4 [Historic]","FY2026 Q4 [Historic]","FY2026 Q4 [Historic]"
"NORTHARC","Tier 1","10","FY2026","Q4","Historic","FY2026 Q4 [Historic]","FY2026 Q4 [Historic]","FY2026 Q4 [Historic]","FY2026 Q4 [Historic]","FY2026 Q4 [Historic]","FY2026 Q4 [Historic]","FY2026 Q4 [Historic]","FY2026 Q4 [Historic]","FY2026 Q4 [Historic]","FY2026 Q4 [Historic]"
"NPST","Tier 1","10","FY2026","Q4","Historic","FY2026 Q4 [Historic]","FY2026 Q4 [Historic]","FY2026 Q4 [Historic]","FY2026 Q4 [Historic]","FY2026 Q4 [Historic]","FY2026 Q4 [Historic]","FY2026 Q4 [Historic]","FY2026 Q4 [Historic]","FY2026 Q4 [Historic]","FY2026 Q4 [Historic]"
"NTPC","Tier 1","10","FY2026","Q4","Historic","FY2026 Q4 [Historic]","FY2026 Q4 [Historic]","FY2026 Q4 [Historic]","FY2026 Q4 [Historic]","FY2026 Q4 [Historic]","FY2026 Q4 [Historic]","FY2026 Q4 [Historic]","FY2026 Q4 [Historic]","FY2026 Q4 [Historic]","FY2026 Q4 [Historic]"
"NUVAMA","Tier 1","10","FY2026","Q4","Historic","FY2026 Q4 [Historic]","FY2026 Q4 [Historic]","FY2026 Q4 [Historic]","FY2026 Q4 [Historic]","FY2026 Q4 [Historic]","FY2026 Q4 [Historic]","FY2026 Q4 [Historic]","FY2026 Q4 [Historic]","FY2026 Q4 [Historic]","FY2026 Q4 [Historic]"
"NUVOCO","Tier 1","10","FY2026","Q4","Historic","FY2026 Q4 [Historic]","FY2026 Q4 [Historic]","FY2026 Q4 [Historic]","FY2026 Q4 [Historic]","FY2026 Q4 [Historic]","FY2026 Q4 [Historic]","FY2026 Q4 [Historic]","FY2026 Q4 [Historic]","FY2026 Q4 [Historic]","FY2026 Q4 [Historic]"
"NYKAA","Tier 1","10","FY2026","Q4","Historic","FY2026 Q4 [Historic]","FY2026 Q4 [Historic]","FY2026 Q4 [Historic]","FY2026 Q4 [Historic]","FY2026 Q4 [Historic]","FY2026 Q4 [Historic]","FY2026 Q4 [Historic]","FY2026 Q4 [Historic]","FY2026 Q4 [Historic]","FY2026 Q4 [Historic]"
"OAL","Tier 1","10","FY2026","Q4","Historic","FY2026 Q4 [Historic]","FY2026 Q4 [Historic]","FY2026 Q4 [Historic]","FY2026 Q4 [Historic]","FY2026 Q4 [Historic]","FY2026 Q4 [Historic]","FY2026 Q4 [Historic]","FY2026 Q4 [Historic]","FY2026 Q4 [Historic]","FY2026 Q4 [Historic]"
"OBEROIRLTY","Tier 1","10","FY2026","Q4","Historic","FY2026 Q4 [Historic]","FY2026 Q4 [Historic]","FY2026 Q4 [Historic]","FY2026 Q4 [Historic]","FY2026 Q4 [Historic]","FY2026 Q4 [Historic]","FY2026 Q4 [Historic]","FY2026 Q4 [Historic]","FY2026 Q4 [Historic]","FY2026 Q4 [Historic]"
"OCCLLTD","Tier 1","10","FY2026","Q3","Historic","FY2026 Q3 [Historic]","FY2026 Q3 [Historic]","FY2026 Q3 [Historic]","FY2026 Q3 [Historic]","FY2026 Q3 [Historic]","FY2026 Q3 [Historic]","FY2026 Q3 [Historic]","FY2026 Q3 [Historic]","FY2026 Q3 [Historic]","FY2026 Q3 [Historic]"
"OLAELEC","Tier 1","10","FY2026","Q4","Historic","FY2026 Q4 [Historic]","FY2026 Q4 [Historic]","FY2026 Q4 [Historic]","FY2026 Q4 [Historic]","FY2026 Q4 [Historic]","FY2026 Q4 [Historic]","FY2026 Q4 [Historic]","FY2026 Q4 [Historic]","FY2026 Q4 [Historic]","FY2026 Q4 [Historic]"
"OLECTRA","Tier 1","10","FY2026","Q4","Historic","FY2026 Q4 [Historic]","FY2026 Q4 [Historic]","FY2026 Q4 [Historic]","FY2026 Q4 [Historic]","FY2026 Q4 [Historic]","FY2026 Q4 [Historic]","FY2026 Q4 [Historic]","FY2026 Q4 [Historic]","FY2026 Q4 [Historic]","FY2026 Q4 [Historic]"
"OMINFRAL","Tier 1","10","FY2026","Q4","Historic","FY2026 Q4 [Historic]","FY2026 Q4 [Historic]","FY2026 Q4 [Historic]","FY2026 Q4 [Historic]","FY2026 Q4 [Historic]","FY2026 Q4 [Historic]","FY2026 Q4 [Historic]","FY2026 Q4 [Historic]","FY2026 Q4 [Historic]","FY2026 Q4 [Historic]"
"ONESOURCE","Tier 1","10","FY2026","Q4","Historic","FY2026 Q4 [Historic]","FY2026 Q4 [Historic]","FY2026 Q4 [Historic]","FY2026 Q4 [Historic]","FY2026 Q4 [Historic]","FY2026 Q4 [Historic]","FY2026 Q4 [Historic]","FY2026 Q4 [Historic]","FY2026 Q4 [Historic]","FY2026 Q4 [Historic]"
"ONGC","Tier 1","10","FY2026","Q4","Historic","FY2026 Q4 [Historic]","FY2026 Q4 [Historic]","FY2026 Q4 [Historic]","FY2026 Q4 [Historic]","FY2026 Q4 [Historic]","FY2026 Q4 [Historic]","FY2026 Q4 [Historic]","FY2026 Q4 [Historic]","FY2026 Q4 [Historic]","FY2026 Q4 [Historic]"
"ONMOBILE","Tier 1","10","FY2026","Q4","Historic","FY2026 Q4 [Historic]","FY2026 Q4 [Historic]","FY2026 Q4 [Historic]","FY2026 Q4 [Historic]","FY2026 Q4 [Historic]","FY2026 Q4 [Historic]","FY2026 Q4 [Historic]","FY2026 Q4 [Historic]","FY2026 Q4 [Historic]","FY2026 Q4 [Historic]"
"ONWARDTEC","Tier 1","10","FY2026","Q4","Historic","FY2026 Q4 [Historic]","FY2026 Q4 [Historic]","FY2026 Q4 [Historic]","FY2026 Q4 [Historic]","FY2026 Q4 [Historic]","FY2026 Q4 [Historic]","FY2026 Q4 [Historic]","FY2026 Q4 [Historic]","FY2026 Q4 [Historic]","FY2026 Q4 [Historic]"
"ORCHPHARMA","Tier 1","10","FY2026","Q4","Historic","FY2026 Q4 [Historic]","FY2026 Q4 [Historic]","FY2026 Q4 [Historic]","FY2026 Q4 [Historic]","FY2026 Q4 [Historic]","FY2026 Q4 [Historic]","FY2026 Q4 [Historic]","FY2026 Q4 [Historic]","FY2026 Q4 [Historic]","FY2026 Q4 [Historic]"
"ORIENTCEM","Tier 1","10","FY2026","Q4","Historic","FY2026 Q4 [Historic]","FY2026 Q4 [Historic]","FY2026 Q4 [Historic]","FY2026 Q4 [Historic]","FY2026 Q4 [Historic]","FY2026 Q4 [Historic]","FY2026 Q4 [Historic]","FY2026 Q4 [Historic]","FY2026 Q4 [Historic]","FY2026 Q4 [Historic]"
"ORIENTELEC","Tier 1","10","FY2026","Q4","Historic","FY2026 Q4 [Historic]","FY2026 Q4 [Historic]","FY2026 Q4 [Historic]","FY2026 Q4 [Historic]","FY2026 Q4 [Historic]","FY2026 Q4 [Historic]","FY2026 Q4 [Historic]","FY2026 Q4 [Historic]","FY2026 Q4 [Historic]","FY2026 Q4 [Historic]"
"OSWALPUMPS","Tier 1","10","FY2026","Q4","Historic","FY2026 Q4 [Historic]","FY2026 Q4 [Historic]","FY2026 Q4 [Historic]","FY2026 Q4 [Historic]","FY2026 Q4 [Historic]","FY2026 Q4 [Historic]","FY2026 Q4 [Historic]","FY2026 Q4 [Historic]","FY2026 Q4 [Historic]","FY2026 Q4 [Historic]"
"PAGEIND","Tier 1","10","FY2026","Q4","Historic","FY2026 Q4 [Historic]","FY2026 Q4 [Historic]","FY2026 Q4 [Historic]","FY2026 Q4 [Historic]","FY2026 Q4 [Historic]","FY2026 Q4 [Historic]","FY2026 Q4 [Historic]","FY2026 Q4 [Historic]","FY2026 Q4 [Historic]","FY2026 Q4 [Historic]"
"PAISALO","Tier 1","10","FY2026","Q4","Historic","FY2026 Q4 [Historic]","FY2026 Q4 [Historic]","FY2026 Q4 [Historic]","FY2026 Q4 [Historic]","FY2026 Q4 [Historic]","FY2026 Q4 [Historic]","FY2026 Q4 [Historic]","FY2026 Q4 [Historic]","FY2026 Q4 [Historic]","FY2026 Q4 [Historic]"
"PARACABLES","Tier 1","10","FY2026","Q4","Historic","FY2026 Q4 [Historic]","FY2026 Q4 [Historic]","FY2026 Q4 [Historic]","FY2026 Q4 [Historic]","FY2026 Q4 [Historic]","FY2026 Q4 [Historic]","FY2026 Q4 [Historic]","FY2026 Q4 [Historic]","FY2026 Q4 [Historic]","FY2026 Q4 [Historic]"
"PARAGMILK","Tier 1","10","FY2026","Q4","Historic","FY2026 Q4 [Historic]","FY2026 Q4 [Historic]","FY2026 Q4 [Historic]","FY2026 Q4 [Historic]","FY2026 Q4 [Historic]","FY2026 Q4 [Historic]","FY2026 Q4 [Historic]","FY2026 Q4 [Historic]","FY2026 Q4 [Historic]","FY2026 Q4 [Historic]"
"PATANJALI","Tier 1","10","FY2026","Q4","Historic","FY2026 Q4 [Historic]","FY2026 Q4 [Historic]","FY2026 Q4 [Historic]","FY2026 Q4 [Historic]","FY2026 Q4 [Historic]","FY2026 Q4 [Historic]","FY2026 Q4 [Historic]","FY2026 Q4 [Historic]","FY2026 Q4 [Historic]","FY2026 Q4 [Historic]"
"PCBL","Tier 1","10","FY2026","Q4","Historic","FY2026 Q4 [Historic]","FY2026 Q4 [Historic]","FY2026 Q4 [Historic]","FY2026 Q4 [Historic]","FY2026 Q4 [Historic]","FY2026 Q4 [Historic]","FY2026 Q4 [Historic]","FY2026 Q4 [Historic]","FY2026 Q4 [Historic]","FY2026 Q4 [Historic]"
"PDSL","Tier 1","10","FY2026","Q4","Historic","FY2026 Q4 [Historic]","FY2026 Q4 [Historic]","FY2026 Q4 [Historic]","FY2026 Q4 [Historic]","FY2026 Q4 [Historic]","FY2026 Q4 [Historic]","FY2026 Q4 [Historic]","FY2026 Q4 [Historic]","FY2026 Q4 [Historic]","FY2026 Q4 [Historic]"
"PENIND","Tier 1","10","FY2026","Q4","Historic","FY2026 Q4 [Historic]","FY2026 Q4 [Historic]","FY2026 Q4 [Historic]","FY2026 Q4 [Historic]","FY2026 Q4 [Historic]","FY2026 Q4 [Historic]","FY2026 Q4 [Historic]","FY2026 Q4 [Historic]","FY2026 Q4 [Historic]","FY2026 Q4 [Historic]"
"PERSISTENT","Tier 1","10","FY2026","Q4","Historic","FY2026 Q4 [Historic]","FY2026 Q4 [Historic]","FY2026 Q4 [Historic]","FY2026 Q4 [Historic]","FY2026 Q4 [Historic]","FY2026 Q4 [Historic]","FY2026 Q4 [Historic]","FY2026 Q4 [Historic]","FY2026 Q4 [Historic]","FY2026 Q4 [Historic]"
"PETRONET","Tier 1","10","FY2026","Q4","Historic","FY2026 Q4 [Historic]","FY2026 Q4 [Historic]","FY2026 Q4 [Historic]","FY2026 Q4 [Historic]","FY2026 Q4 [Historic]","FY2026 Q4 [Historic]","FY2026 Q4 [Historic]","FY2026 Q4 [Historic]","FY2026 Q4 [Historic]","FY2026 Q4 [Historic]"
"PFC","Tier 1","10","FY2026","Q4","Historic","FY2026 Q4 [Historic]","FY2026 Q4 [Historic]","FY2026 Q4 [Historic]","FY2026 Q4 [Historic]","FY2026 Q4 [Historic]","FY2026 Q4 [Historic]","FY2026 Q4 [Historic]","FY2026 Q4 [Historic]","FY2026 Q4 [Historic]","FY2026 Q4 [Historic]"
"PGIL","Tier 1","10","FY2026","Q4","Historic","FY2026 Q4 [Historic]","FY2026 Q4 [Historic]","FY2026 Q4 [Historic]","FY2026 Q4 [Historic]","FY2026 Q4 [Historic]","FY2026 Q4 [Historic]","FY2026 Q4 [Historic]","FY2026 Q4 [Historic]","FY2026 Q4 [Historic]","FY2026 Q4 [Historic]"
"PIDILITIND","Tier 1","10","FY2026","Q4","Historic","FY2026 Q4 [Historic]","FY2026 Q4 [Historic]","FY2026 Q4 [Historic]","FY2026 Q4 [Historic]","FY2026 Q4 [Historic]","FY2026 Q4 [Historic]","FY2026 Q4 [Historic]","FY2026 Q4 [Historic]","FY2026 Q4 [Historic]","FY2026 Q4 [Historic]"
"PIGL","Tier 1","10","FY2026","Q3","Historic","FY2026 Q3 [Historic]","FY2026 Q3 [Historic]","FY2026 Q3 [Historic]","FY2026 Q3 [Historic]","FY2026 Q3 [Historic]","FY2026 Q3 [Historic]","FY2026 Q3 [Historic]","FY2026 Q3 [Historic]","FY2026 Q3 [Historic]","FY2026 Q3 [Historic]"
"PIIND","Tier 1","10","FY2026","Q4","Historic","FY2026 Q4 [Historic]","FY2026 Q4 [Historic]","FY2026 Q4 [Historic]","FY2026 Q4 [Historic]","FY2026 Q4 [Historic]","FY2026 Q4 [Historic]","FY2026 Q4 [Historic]","FY2026 Q4 [Historic]","FY2026 Q4 [Historic]","FY2026 Q4 [Historic]"
"PITTIENG","Tier 1","10","FY2026","Q4","Historic","FY2026 Q4 [Historic]","FY2026 Q4 [Historic]","FY2026 Q4 [Historic]","FY2026 Q4 [Historic]","FY2026 Q4 [Historic]","FY2026 Q4 [Historic]","FY2026 Q4 [Historic]","FY2026 Q4 [Historic]","FY2026 Q4 [Historic]","FY2026 Q4 [Historic]"
"PNB","Tier 1","10","FY2026","Q4","Historic","FY2026 Q4 [Historic]","FY2026 Q4 [Historic]","FY2026 Q4 [Historic]","FY2026 Q4 [Historic]","FY2026 Q4 [Historic]","FY2026 Q4 [Historic]","FY2026 Q4 [Historic]","FY2026 Q4 [Historic]","FY2026 Q4 [Historic]","FY2026 Q4 [Historic]"
"PNCINFRA","Tier 1","10","FY2026","Q4","Historic","FY2026 Q4 [Historic]","FY2026 Q4 [Historic]","FY2026 Q4 [Historic]","FY2026 Q4 [Historic]","FY2026 Q4 [Historic]","FY2026 Q4 [Historic]","FY2026 Q4 [Historic]","FY2026 Q4 [Historic]","FY2026 Q4 [Historic]","FY2026 Q4 [Historic]"
"POKARNA","Tier 1","10","FY2026","Q1","Historic","FY2026 Q1 [Historic]","FY2026 Q1 [Historic]","FY2026 Q1 [Historic]","FY2026 Q1 [Historic]","FY2026 Q1 [Historic]","FY2026 Q1 [Historic]","FY2026 Q1 [Historic]","FY2026 Q1 [Historic]","FY2026 Q1 [Historic]","FY2026 Q1 [Historic]"
"POLYCAB","Tier 1","10","FY2026","Q4","Historic","FY2026 Q4 [Historic]","FY2026 Q4 [Historic]","FY2026 Q4 [Historic]","FY2026 Q4 [Historic]","FY2026 Q4 [Historic]","FY2026 Q4 [Historic]","FY2026 Q4 [Historic]","FY2026 Q4 [Historic]","FY2026 Q4 [Historic]","FY2026 Q4 [Historic]"
"POLYMED","Tier 1","10","FY2026","Q4","Historic","FY2026 Q4 [Historic]","FY2026 Q4 [Historic]","FY2026 Q4 [Historic]","FY2026 Q4 [Historic]","FY2026 Q4 [Historic]","FY2026 Q4 [Historic]","FY2026 Q4 [Historic]","FY2026 Q4 [Historic]","FY2026 Q4 [Historic]","FY2026 Q4 [Historic]"
"POONAWALLA","Tier 1","10","FY2026","Q4","Historic","FY2026 Q4 [Historic]","FY2026 Q4 [Historic]","FY2026 Q4 [Historic]","FY2026 Q4 [Historic]","FY2026 Q4 [Historic]","FY2026 Q4 [Historic]","FY2026 Q4 [Historic]","FY2026 Q4 [Historic]","FY2026 Q4 [Historic]","FY2026 Q4 [Historic]"
"POWERGRID","Tier 1","10","FY2026","Q4","Historic","FY2026 Q4 [Historic]","FY2026 Q4 [Historic]","FY2026 Q4 [Historic]","FY2026 Q4 [Historic]","FY2026 Q4 [Historic]","FY2026 Q4 [Historic]","FY2026 Q4 [Historic]","FY2026 Q4 [Historic]","FY2026 Q4 [Historic]","FY2026 Q4 [Historic]"
"POWERINDIA","Tier 1","10","FY2026","Q4","Historic","FY2026 Q4 [Historic]","FY2026 Q4 [Historic]","FY2026 Q4 [Historic]","FY2026 Q4 [Historic]","FY2026 Q4 [Historic]","FY2026 Q4 [Historic]","FY2026 Q4 [Historic]","FY2026 Q4 [Historic]","FY2026 Q4 [Historic]","FY2026 Q4 [Historic]"
"PPLPHARMA","Tier 1","10","FY2026","Q4","Historic","FY2026 Q4 [Historic]","FY2026 Q4 [Historic]","FY2026 Q4 [Historic]","FY2026 Q4 [Historic]","FY2026 Q4 [Historic]","FY2026 Q4 [Historic]","FY2026 Q4 [Historic]","FY2026 Q4 [Historic]","FY2026 Q4 [Historic]","FY2026 Q4 [Historic]"
"PRAJIND","Tier 1","10","FY2026","Q4","Historic","FY2026 Q4 [Historic]","FY2026 Q4 [Historic]","FY2026 Q4 [Historic]","FY2026 Q4 [Historic]","FY2026 Q4 [Historic]","FY2026 Q4 [Historic]","FY2026 Q4 [Historic]","FY2026 Q4 [Historic]","FY2026 Q4 [Historic]","FY2026 Q4 [Historic]"
"PRECAM","Tier 1","10","FY2026","Q4","Historic","FY2026 Q4 [Historic]","FY2026 Q4 [Historic]","FY2026 Q4 [Historic]","FY2026 Q4 [Historic]","FY2026 Q4 [Historic]","FY2026 Q4 [Historic]","FY2026 Q4 [Historic]","FY2026 Q4 [Historic]","FY2026 Q4 [Historic]","FY2026 Q4 [Historic]"
"PREMEXPLN","Tier 1","10","FY2026","Q4","Historic","FY2026 Q4 [Historic]","FY2026 Q4 [Historic]","FY2026 Q4 [Historic]","FY2026 Q4 [Historic]","FY2026 Q4 [Historic]","FY2026 Q4 [Historic]","FY2026 Q4 [Historic]","FY2026 Q4 [Historic]","FY2026 Q4 [Historic]","FY2026 Q4 [Historic]"
"PRESTIGE","Tier 1","10","FY2026","Q4","Historic","FY2026 Q4 [Historic]","FY2026 Q4 [Historic]","FY2026 Q4 [Historic]","FY2026 Q4 [Historic]","FY2026 Q4 [Historic]","FY2026 Q4 [Historic]","FY2026 Q4 [Historic]","FY2026 Q4 [Historic]","FY2026 Q4 [Historic]","FY2026 Q4 [Historic]"
"PRICOLLTD","Tier 1","10","FY2026","Q4","Historic","FY2026 Q4 [Historic]","FY2026 Q4 [Historic]","FY2026 Q4 [Historic]","FY2026 Q4 [Historic]","FY2026 Q4 [Historic]","FY2026 Q4 [Historic]","FY2026 Q4 [Historic]","FY2026 Q4 [Historic]","FY2026 Q4 [Historic]","FY2026 Q4 [Historic]"
"PRIVISCL","Tier 1","10","FY2026","Q4","Historic","FY2026 Q4 [Historic]","FY2026 Q4 [Historic]","FY2026 Q4 [Historic]","FY2026 Q4 [Historic]","FY2026 Q4 [Historic]","FY2026 Q4 [Historic]","FY2026 Q4 [Historic]","FY2026 Q4 [Historic]","FY2026 Q4 [Historic]","FY2026 Q4 [Historic]"
"PRUDENT","Tier 1","10","FY2026","Q4","Historic","FY2026 Q4 [Historic]","FY2026 Q4 [Historic]","FY2026 Q4 [Historic]","FY2026 Q4 [Historic]","FY2026 Q4 [Historic]","FY2026 Q4 [Historic]","FY2026 Q4 [Historic]","FY2026 Q4 [Historic]","FY2026 Q4 [Historic]","FY2026 Q4 [Historic]"
"PSB","Tier 1","10","FY2026","Q4","Historic","FY2026 Q4 [Historic]","FY2026 Q4 [Historic]","FY2026 Q4 [Historic]","FY2026 Q4 [Historic]","FY2026 Q4 [Historic]","FY2026 Q4 [Historic]","FY2026 Q4 [Historic]","FY2026 Q4 [Historic]","FY2026 Q4 [Historic]","FY2026 Q4 [Historic]"
"PSPPROJECT","Tier 1","10","FY2026","Q4","Historic","FY2026 Q4 [Historic]","FY2026 Q4 [Historic]","FY2026 Q4 [Historic]","FY2026 Q4 [Historic]","FY2026 Q4 [Historic]","FY2026 Q4 [Historic]","FY2026 Q4 [Historic]","FY2026 Q4 [Historic]","FY2026 Q4 [Historic]","FY2026 Q4 [Historic]"
"PTC","Tier 1","10","FY2026","Q4","Historic","FY2026 Q4 [Historic]","FY2026 Q4 [Historic]","FY2026 Q4 [Historic]","FY2026 Q4 [Historic]","FY2026 Q4 [Historic]","FY2026 Q4 [Historic]","FY2026 Q4 [Historic]","FY2026 Q4 [Historic]","FY2026 Q4 [Historic]","FY2026 Q4 [Historic]"
"PUNJABCHEM","Tier 1","10","FY2026","Q4","Historic","FY2026 Q4 [Historic]","FY2026 Q4 [Historic]","FY2026 Q4 [Historic]","FY2026 Q4 [Historic]","FY2026 Q4 [Historic]","FY2026 Q4 [Historic]","FY2026 Q4 [Historic]","FY2026 Q4 [Historic]","FY2026 Q4 [Historic]","FY2026 Q4 [Historic]"
"PVRINOX","Tier 1","10","FY2026","Q4","Historic","FY2026 Q4 [Historic]","FY2026 Q4 [Historic]","FY2026 Q4 [Historic]","FY2026 Q4 [Historic]","FY2026 Q4 [Historic]","FY2026 Q4 [Historic]","FY2026 Q4 [Historic]","FY2026 Q4 [Historic]","FY2026 Q4 [Historic]","FY2026 Q4 [Historic]"
"PVSL","Tier 1","10","FY2026","Q4","Historic","FY2026 Q4 [Historic]","FY2026 Q4 [Historic]","FY2026 Q4 [Historic]","FY2026 Q4 [Historic]","FY2026 Q4 [Historic]","FY2026 Q4 [Historic]","FY2026 Q4 [Historic]","FY2026 Q4 [Historic]","FY2026 Q4 [Historic]","FY2026 Q4 [Historic]"
"PYRAMID","Tier 1","10","FY2026","Q4","Historic","FY2026 Q4 [Historic]","FY2026 Q4 [Historic]","FY2026 Q4 [Historic]","FY2026 Q4 [Historic]","FY2026 Q4 [Historic]","FY2026 Q4 [Historic]","FY2026 Q4 [Historic]","FY2026 Q4 [Historic]","FY2026 Q4 [Historic]","FY2026 Q4 [Historic]"
"QUESS","Tier 1","10","FY2026","Q4","Historic","FY2026 Q4 [Historic]","FY2026 Q4 [Historic]","FY2026 Q4 [Historic]","FY2026 Q4 [Historic]","FY2026 Q4 [Historic]","FY2026 Q4 [Historic]","FY2026 Q4 [Historic]","FY2026 Q4 [Historic]","FY2026 Q4 [Historic]","FY2026 Q4 [Historic]"
"RADICO","Tier 1","10","FY2026","Q4","Historic","FY2026 Q4 [Historic]","FY2026 Q4 [Historic]","FY2026 Q4 [Historic]","FY2026 Q4 [Historic]","FY2026 Q4 [Historic]","FY2026 Q4 [Historic]","FY2026 Q4 [Historic]","FY2026 Q4 [Historic]","FY2026 Q4 [Historic]","FY2026 Q4 [Historic]"
"RAILTEL","Tier 1","10","FY2026","Q4","Historic","FY2026 Q4 [Historic]","FY2026 Q4 [Historic]","FY2026 Q4 [Historic]","FY2026 Q4 [Historic]","FY2026 Q4 [Historic]","FY2026 Q4 [Historic]","FY2026 Q4 [Historic]","FY2026 Q4 [Historic]","FY2026 Q4 [Historic]","FY2026 Q4 [Historic]"
"RAINBOW","Tier 1","10","FY2026","Q4","Historic","FY2026 Q4 [Historic]","FY2026 Q4 [Historic]","FY2026 Q4 [Historic]","FY2026 Q4 [Historic]","FY2026 Q4 [Historic]","FY2026 Q4 [Historic]","FY2026 Q4 [Historic]","FY2026 Q4 [Historic]","FY2026 Q4 [Historic]","FY2026 Q4 [Historic]"
"RAJRATAN","Tier 1","10","FY2026","Q4","Historic","FY2026 Q4 [Historic]","FY2026 Q4 [Historic]","FY2026 Q4 [Historic]","FY2026 Q4 [Historic]","FY2026 Q4 [Historic]","FY2026 Q4 [Historic]","FY2026 Q4 [Historic]","FY2026 Q4 [Historic]","FY2026 Q4 [Historic]","FY2026 Q4 [Historic]"
"RALLIS","Tier 1","10","FY2026","Q4","Historic","FY2026 Q4 [Historic]","FY2026 Q4 [Historic]","FY2026 Q4 [Historic]","FY2026 Q4 [Historic]","FY2026 Q4 [Historic]","FY2026 Q4 [Historic]","FY2026 Q4 [Historic]","FY2026 Q4 [Historic]","FY2026 Q4 [Historic]","FY2026 Q4 [Historic]"
"RANEHOLDIN","Tier 1","10","FY2026","Q4","Historic","FY2026 Q4 [Historic]","FY2026 Q4 [Historic]","FY2026 Q4 [Historic]","FY2026 Q4 [Historic]","FY2026 Q4 [Historic]","FY2026 Q4 [Historic]","FY2026 Q4 [Historic]","FY2026 Q4 [Historic]","FY2026 Q4 [Historic]","FY2026 Q4 [Historic]"
"RATNAMANI","Tier 1","10","FY2026","Q4","Historic","FY2026 Q4 [Historic]","FY2026 Q4 [Historic]","FY2026 Q4 [Historic]","FY2026 Q4 [Historic]","FY2026 Q4 [Historic]","FY2026 Q4 [Historic]","FY2026 Q4 [Historic]","FY2026 Q4 [Historic]","FY2026 Q4 [Historic]","FY2026 Q4 [Historic]"
"RAYMOND","Tier 1","10","FY2026","Q4","Historic","FY2026 Q4 [Historic]","FY2026 Q4 [Historic]","FY2026 Q4 [Historic]","FY2026 Q4 [Historic]","FY2026 Q4 [Historic]","FY2026 Q4 [Historic]","FY2026 Q4 [Historic]","FY2026 Q4 [Historic]","FY2026 Q4 [Historic]","FY2026 Q4 [Historic]"
"RAYMONDLSL","Tier 1","10","FY2026","Q4","Historic","FY2026 Q4 [Historic]","FY2026 Q4 [Historic]","FY2026 Q4 [Historic]","FY2026 Q4 [Historic]","FY2026 Q4 [Historic]","FY2026 Q4 [Historic]","FY2026 Q4 [Historic]","FY2026 Q4 [Historic]","FY2026 Q4 [Historic]","FY2026 Q4 [Historic]"
"RAYMONDREL","Tier 1","10","FY2026","Q4","Historic","FY2026 Q4 [Historic]","FY2026 Q4 [Historic]","FY2026 Q4 [Historic]","FY2026 Q4 [Historic]","FY2026 Q4 [Historic]","FY2026 Q4 [Historic]","FY2026 Q4 [Historic]","FY2026 Q4 [Historic]","FY2026 Q4 [Historic]","FY2026 Q4 [Historic]"
"RBA","Tier 1","10","FY2026","Q4","Historic","FY2026 Q4 [Historic]","FY2026 Q4 [Historic]","FY2026 Q4 [Historic]","FY2026 Q4 [Historic]","FY2026 Q4 [Historic]","FY2026 Q4 [Historic]","FY2026 Q4 [Historic]","FY2026 Q4 [Historic]","FY2026 Q4 [Historic]","FY2026 Q4 [Historic]"
"RBLBANK","Tier 1","10","FY2026","Q4","Historic","FY2026 Q4 [Historic]","FY2026 Q4 [Historic]","FY2026 Q4 [Historic]","FY2026 Q4 [Historic]","FY2026 Q4 [Historic]","FY2026 Q4 [Historic]","FY2026 Q4 [Historic]","FY2026 Q4 [Historic]","FY2026 Q4 [Historic]","FY2026 Q4 [Historic]"
"RBZJEWEL","Tier 1","10","FY2026","Q4","Historic","FY2026 Q4 [Historic]","FY2026 Q4 [Historic]","FY2026 Q4 [Historic]","FY2026 Q4 [Historic]","FY2026 Q4 [Historic]","FY2026 Q4 [Historic]","FY2026 Q4 [Historic]","FY2026 Q4 [Historic]","FY2026 Q4 [Historic]","FY2026 Q4 [Historic]"
"RECLTD","Tier 1","10","FY2026","Q4","Historic","FY2026 Q4 [Historic]","FY2026 Q4 [Historic]","FY2026 Q4 [Historic]","FY2026 Q4 [Historic]","FY2026 Q4 [Historic]","FY2026 Q4 [Historic]","FY2026 Q4 [Historic]","FY2026 Q4 [Historic]","FY2026 Q4 [Historic]","FY2026 Q4 [Historic]"
"REDINGTON","Tier 1","10","FY2026","Q4","Historic","FY2026 Q4 [Historic]","FY2026 Q4 [Historic]","FY2026 Q4 [Historic]","FY2026 Q4 [Historic]","FY2026 Q4 [Historic]","FY2026 Q4 [Historic]","FY2026 Q4 [Historic]","FY2026 Q4 [Historic]","FY2026 Q4 [Historic]","FY2026 Q4 [Historic]"
"REFEX","Tier 1","10","FY2026","Q4","Historic","FY2026 Q4 [Historic]","FY2026 Q4 [Historic]","FY2026 Q4 [Historic]","FY2026 Q4 [Historic]","FY2026 Q4 [Historic]","FY2026 Q4 [Historic]","FY2026 Q4 [Historic]","FY2026 Q4 [Historic]","FY2026 Q4 [Historic]","FY2026 Q4 [Historic]"
"RELAXO","Tier 1","10","FY2026","Q4","Historic","FY2026 Q4 [Historic]","FY2026 Q4 [Historic]","FY2026 Q4 [Historic]","FY2026 Q4 [Historic]","FY2026 Q4 [Historic]","FY2026 Q4 [Historic]","FY2026 Q4 [Historic]","FY2026 Q4 [Historic]","FY2026 Q4 [Historic]","FY2026 Q4 [Historic]"
"RELIANCE","Tier 1","10","FY2026","Q4","Historic","FY2026 Q4 [Historic]","FY2026 Q4 [Historic]","FY2026 Q4 [Historic]","FY2026 Q4 [Historic]","FY2026 Q4 [Historic]","FY2026 Q4 [Historic]","FY2026 Q4 [Historic]","FY2026 Q4 [Historic]","FY2026 Q4 [Historic]","FY2026 Q4 [Historic]"
"RHIM","Tier 1","10","FY2026","Q4","Historic","FY2026 Q4 [Historic]","FY2026 Q4 [Historic]","FY2026 Q4 [Historic]","FY2026 Q4 [Historic]","FY2026 Q4 [Historic]","FY2026 Q4 [Historic]","FY2026 Q4 [Historic]","FY2026 Q4 [Historic]","FY2026 Q4 [Historic]","FY2026 Q4 [Historic]"
"RICOAUTO","Tier 1","10","FY2026","Q4","Historic","FY2026 Q4 [Historic]","FY2026 Q4 [Historic]","FY2026 Q4 [Historic]","FY2026 Q4 [Historic]","FY2026 Q4 [Historic]","FY2026 Q4 [Historic]","FY2026 Q4 [Historic]","FY2026 Q4 [Historic]","FY2026 Q4 [Historic]","FY2026 Q4 [Historic]"
"RISHABH","Tier 1","10","FY2026","Q4","Historic","FY2026 Q4 [Historic]","FY2026 Q4 [Historic]","FY2026 Q4 [Historic]","FY2026 Q4 [Historic]","FY2026 Q4 [Historic]","FY2026 Q4 [Historic]","FY2026 Q4 [Historic]","FY2026 Q4 [Historic]","FY2026 Q4 [Historic]","FY2026 Q4 [Historic]"
"RITES","Tier 1","10","FY2026","Q4","Historic","FY2026 Q4 [Historic]","FY2026 Q4 [Historic]","FY2026 Q4 [Historic]","FY2026 Q4 [Historic]","FY2026 Q4 [Historic]","FY2026 Q4 [Historic]","FY2026 Q4 [Historic]","FY2026 Q4 [Historic]","FY2026 Q4 [Historic]","FY2026 Q4 [Historic]"
"RKFORGE","Tier 1","10","FY2026","Q4","Historic","FY2026 Q4 [Historic]","FY2026 Q4 [Historic]","FY2026 Q4 [Historic]","FY2026 Q4 [Historic]","FY2026 Q4 [Historic]","FY2026 Q4 [Historic]","FY2026 Q4 [Historic]","FY2026 Q4 [Historic]","FY2026 Q4 [Historic]","FY2026 Q4 [Historic]"
"ROLEXRINGS","Tier 1","10","FY2026","Q4","Historic","FY2026 Q4 [Historic]","FY2026 Q4 [Historic]","FY2026 Q4 [Historic]","FY2026 Q4 [Historic]","FY2026 Q4 [Historic]","FY2026 Q4 [Historic]","FY2026 Q4 [Historic]","FY2026 Q4 [Historic]","FY2026 Q4 [Historic]","FY2026 Q4 [Historic]"
"ROSSARI","Tier 1","10","FY2026","Q4","Historic","FY2026 Q4 [Historic]","FY2026 Q4 [Historic]","FY2026 Q4 [Historic]","FY2026 Q4 [Historic]","FY2026 Q4 [Historic]","FY2026 Q4 [Historic]","FY2026 Q4 [Historic]","FY2026 Q4 [Historic]","FY2026 Q4 [Historic]","FY2026 Q4 [Historic]"
"ROSSTECH","Tier 1","10","FY2026","Q4","Historic","FY2026 Q4 [Historic]","FY2026 Q4 [Historic]","FY2026 Q4 [Historic]","FY2026 Q4 [Historic]","FY2026 Q4 [Historic]","FY2026 Q4 [Historic]","FY2026 Q4 [Historic]","FY2026 Q4 [Historic]","FY2026 Q4 [Historic]","FY2026 Q4 [Historic]"
"ROUTE","Tier 1","10","FY2026","Q4","Historic","FY2026 Q4 [Historic]","FY2026 Q4 [Historic]","FY2026 Q4 [Historic]","FY2026 Q4 [Historic]","FY2026 Q4 [Historic]","FY2026 Q4 [Historic]","FY2026 Q4 [Historic]","FY2026 Q4 [Historic]","FY2026 Q4 [Historic]","FY2026 Q4 [Historic]"
"RPTECH","Tier 1","10","FY2026","Q4","Historic","FY2026 Q4 [Historic]","FY2026 Q4 [Historic]","FY2026 Q4 [Historic]","FY2026 Q4 [Historic]","FY2026 Q4 [Historic]","FY2026 Q4 [Historic]","FY2026 Q4 [Historic]","FY2026 Q4 [Historic]","FY2026 Q4 [Historic]","FY2026 Q4 [Historic]"
"RRKABEL","Tier 1","10","FY2026","Q4","Historic","FY2026 Q4 [Historic]","FY2026 Q4 [Historic]","FY2026 Q4 [Historic]","FY2026 Q4 [Historic]","FY2026 Q4 [Historic]","FY2026 Q4 [Historic]","FY2026 Q4 [Historic]","FY2026 Q4 [Historic]","FY2026 Q4 [Historic]","FY2026 Q4 [Historic]"
"RSWM","Tier 1","10","FY2026","Q3","Historic","FY2026 Q3 [Historic]","FY2026 Q3 [Historic]","FY2026 Q3 [Historic]","FY2026 Q3 [Historic]","FY2026 Q3 [Historic]","FY2026 Q3 [Historic]","FY2026 Q3 [Historic]","FY2026 Q3 [Historic]","FY2026 Q3 [Historic]","FY2026 Q3 [Historic]"
"RUSTOMJEE","Tier 1","10","FY2026","Q4","Historic","FY2026 Q4 [Historic]","FY2026 Q4 [Historic]","FY2026 Q4 [Historic]","FY2026 Q4 [Historic]","FY2026 Q4 [Historic]","FY2026 Q4 [Historic]","FY2026 Q4 [Historic]","FY2026 Q4 [Historic]","FY2026 Q4 [Historic]","FY2026 Q4 [Historic]"
"SAGCEM","Tier 1","10","FY2026","Q4","Historic","FY2026 Q4 [Historic]","FY2026 Q4 [Historic]","FY2026 Q4 [Historic]","FY2026 Q4 [Historic]","FY2026 Q4 [Historic]","FY2026 Q4 [Historic]","FY2026 Q4 [Historic]","FY2026 Q4 [Historic]","FY2026 Q4 [Historic]","FY2026 Q4 [Historic]"
"SAGILITY","Tier 1","10","FY2026","Q4","Historic","FY2026 Q4 [Historic]","FY2026 Q4 [Historic]","FY2026 Q4 [Historic]","FY2026 Q4 [Historic]","FY2026 Q4 [Historic]","FY2026 Q4 [Historic]","FY2026 Q4 [Historic]","FY2026 Q4 [Historic]","FY2026 Q4 [Historic]","FY2026 Q4 [Historic]"
"SAILIFE","Tier 1","10","FY2026","Q4","Historic","FY2026 Q4 [Historic]","FY2026 Q4 [Historic]","FY2026 Q4 [Historic]","FY2026 Q4 [Historic]","FY2026 Q4 [Historic]","FY2026 Q4 [Historic]","FY2026 Q4 [Historic]","FY2026 Q4 [Historic]","FY2026 Q4 [Historic]","FY2026 Q4 [Historic]"
"SAKSOFT","Tier 1","10","FY2026","Q4","Historic","FY2026 Q4 [Historic]","FY2026 Q4 [Historic]","FY2026 Q4 [Historic]","FY2026 Q4 [Historic]","FY2026 Q4 [Historic]","FY2026 Q4 [Historic]","FY2026 Q4 [Historic]","FY2026 Q4 [Historic]","FY2026 Q4 [Historic]","FY2026 Q4 [Historic]"
"SAMBHV","Tier 1","10","FY2026","Q4","Historic","FY2026 Q4 [Historic]","FY2026 Q4 [Historic]","FY2026 Q4 [Historic]","FY2026 Q4 [Historic]","FY2026 Q4 [Historic]","FY2026 Q4 [Historic]","FY2026 Q4 [Historic]","FY2026 Q4 [Historic]","FY2026 Q4 [Historic]","FY2026 Q4 [Historic]"
"SAMHI","Tier 1","10","FY2026","Q4","Historic","FY2026 Q4 [Historic]","FY2026 Q4 [Historic]","FY2026 Q4 [Historic]","FY2026 Q4 [Historic]","FY2026 Q4 [Historic]","FY2026 Q4 [Historic]","FY2026 Q4 [Historic]","FY2026 Q4 [Historic]","FY2026 Q4 [Historic]","FY2026 Q4 [Historic]"
"SANATHAN","Tier 1","10","FY2026","Q4","Historic","FY2026 Q4 [Historic]","FY2026 Q4 [Historic]","FY2026 Q4 [Historic]","FY2026 Q4 [Historic]","FY2026 Q4 [Historic]","FY2026 Q4 [Historic]","FY2026 Q4 [Historic]","FY2026 Q4 [Historic]","FY2026 Q4 [Historic]","FY2026 Q4 [Historic]"
"SANGHVIMOV","Tier 1","10","FY2026","Q4","Historic","FY2026 Q4 [Historic]","FY2026 Q4 [Historic]","FY2026 Q4 [Historic]","FY2026 Q4 [Historic]","FY2026 Q4 [Historic]","FY2026 Q4 [Historic]","FY2026 Q4 [Historic]","FY2026 Q4 [Historic]","FY2026 Q4 [Historic]","FY2026 Q4 [Historic]"
"SAPPHIRE","Tier 1","10","FY2026","Q4","Historic","FY2026 Q4 [Historic]","FY2026 Q4 [Historic]","FY2026 Q4 [Historic]","FY2026 Q4 [Historic]","FY2026 Q4 [Historic]","FY2026 Q4 [Historic]","FY2026 Q4 [Historic]","FY2026 Q4 [Historic]","FY2026 Q4 [Historic]","FY2026 Q4 [Historic]"
"SATIN","Tier 1","10","FY2026","Q4","Historic","FY2026 Q4 [Historic]","FY2026 Q4 [Historic]","FY2026 Q4 [Historic]","FY2026 Q4 [Historic]","FY2026 Q4 [Historic]","FY2026 Q4 [Historic]","FY2026 Q4 [Historic]","FY2026 Q4 [Historic]","FY2026 Q4 [Historic]","FY2026 Q4 [Historic]"
"SBCL","Tier 1","10","FY2026","Q4","Historic","FY2026 Q4 [Historic]","FY2026 Q4 [Historic]","FY2026 Q4 [Historic]","FY2026 Q4 [Historic]","FY2026 Q4 [Historic]","FY2026 Q4 [Historic]","FY2026 Q4 [Historic]","FY2026 Q4 [Historic]","FY2026 Q4 [Historic]","FY2026 Q4 [Historic]"
"SBFC","Tier 1","10","FY2026","Q4","Historic","FY2026 Q4 [Historic]","FY2026 Q4 [Historic]","FY2026 Q4 [Historic]","FY2026 Q4 [Historic]","FY2026 Q4 [Historic]","FY2026 Q4 [Historic]","FY2026 Q4 [Historic]","FY2026 Q4 [Historic]","FY2026 Q4 [Historic]","FY2026 Q4 [Historic]"
"SBICARD","Tier 1","10","FY2026","Q4","Historic","FY2026 Q4 [Historic]","FY2026 Q4 [Historic]","FY2026 Q4 [Historic]","FY2026 Q4 [Historic]","FY2026 Q4 [Historic]","FY2026 Q4 [Historic]","FY2026 Q4 [Historic]","FY2026 Q4 [Historic]","FY2026 Q4 [Historic]","FY2026 Q4 [Historic]"
"SBILIFE","Tier 1","10","FY2026","Q4","Historic","FY2026 Q4 [Historic]","FY2026 Q4 [Historic]","FY2026 Q4 [Historic]","FY2026 Q4 [Historic]","FY2026 Q4 [Historic]","FY2026 Q4 [Historic]","FY2026 Q4 [Historic]","FY2026 Q4 [Historic]","FY2026 Q4 [Historic]","FY2026 Q4 [Historic]"
"SBIN","Tier 1","10","FY2026","Q4","Historic","FY2026 Q4 [Historic]","FY2026 Q4 [Historic]","FY2026 Q4 [Historic]","FY2026 Q4 [Historic]","FY2026 Q4 [Historic]","FY2026 Q4 [Historic]","FY2026 Q4 [Historic]","FY2026 Q4 [Historic]","FY2026 Q4 [Historic]","FY2026 Q4 [Historic]"
"SCHNEIDER","Tier 1","10","FY2026","Q4","Historic","FY2026 Q4 [Historic]","FY2026 Q4 [Historic]","FY2026 Q4 [Historic]","FY2026 Q4 [Historic]","FY2026 Q4 [Historic]","FY2026 Q4 [Historic]","FY2026 Q4 [Historic]","FY2026 Q4 [Historic]","FY2026 Q4 [Historic]","FY2026 Q4 [Historic]"
"SDBL","Tier 1","10","FY2026","Q4","Historic","FY2026 Q4 [Historic]","FY2026 Q4 [Historic]","FY2026 Q4 [Historic]","FY2026 Q4 [Historic]","FY2026 Q4 [Historic]","FY2026 Q4 [Historic]","FY2026 Q4 [Historic]","FY2026 Q4 [Historic]","FY2026 Q4 [Historic]","FY2026 Q4 [Historic]"
"SEAMECLTD","Tier 1","10","FY2026","Q4","Historic","FY2026 Q4 [Historic]","FY2026 Q4 [Historic]","FY2026 Q4 [Historic]","FY2026 Q4 [Historic]","FY2026 Q4 [Historic]","FY2026 Q4 [Historic]","FY2026 Q4 [Historic]","FY2026 Q4 [Historic]","FY2026 Q4 [Historic]","FY2026 Q4 [Historic]"
"SENCO","Tier 1","10","FY2026","Q4","Historic","FY2026 Q4 [Historic]","FY2026 Q4 [Historic]","FY2026 Q4 [Historic]","FY2026 Q4 [Historic]","FY2026 Q4 [Historic]","FY2026 Q4 [Historic]","FY2026 Q4 [Historic]","FY2026 Q4 [Historic]","FY2026 Q4 [Historic]","FY2026 Q4 [Historic]"
"SENORES","Tier 1","10","FY2026","Q4","Historic","FY2026 Q4 [Historic]","FY2026 Q4 [Historic]","FY2026 Q4 [Historic]","FY2026 Q4 [Historic]","FY2026 Q4 [Historic]","FY2026 Q4 [Historic]","FY2026 Q4 [Historic]","FY2026 Q4 [Historic]","FY2026 Q4 [Historic]","FY2026 Q4 [Historic]"
"SETL","Tier 1","10","FY2026","Q4","Historic","FY2026 Q4 [Historic]","FY2026 Q4 [Historic]","FY2026 Q4 [Historic]","FY2026 Q4 [Historic]","FY2026 Q4 [Historic]","FY2026 Q4 [Historic]","FY2026 Q4 [Historic]","FY2026 Q4 [Historic]","FY2026 Q4 [Historic]","FY2026 Q4 [Historic]"
"SFL","Tier 1","10","FY2026","Q4","Historic","FY2026 Q4 [Historic]","FY2026 Q4 [Historic]","FY2026 Q4 [Historic]","FY2026 Q4 [Historic]","FY2026 Q4 [Historic]","FY2026 Q4 [Historic]","FY2026 Q4 [Historic]","FY2026 Q4 [Historic]","FY2026 Q4 [Historic]","FY2026 Q4 [Historic]"
"SGFIN","Tier 1","10","FY2026","Q4","Historic","FY2026 Q4 [Historic]","FY2026 Q4 [Historic]","FY2026 Q4 [Historic]","FY2026 Q4 [Historic]","FY2026 Q4 [Historic]","FY2026 Q4 [Historic]","FY2026 Q4 [Historic]","FY2026 Q4 [Historic]","FY2026 Q4 [Historic]","FY2026 Q4 [Historic]"
"SGIL","Tier 1","10","FY2026","Q4","Historic","FY2026 Q4 [Historic]","FY2026 Q4 [Historic]","FY2026 Q4 [Historic]","FY2026 Q4 [Historic]","FY2026 Q4 [Historic]","FY2026 Q4 [Historic]","FY2026 Q4 [Historic]","FY2026 Q4 [Historic]","FY2026 Q4 [Historic]","FY2026 Q4 [Historic]"
"SGMART","Tier 1","10","FY2026","Q4","Historic","FY2026 Q4 [Historic]","FY2026 Q4 [Historic]","FY2026 Q4 [Historic]","FY2026 Q4 [Historic]","FY2026 Q4 [Historic]","FY2026 Q4 [Historic]","FY2026 Q4 [Historic]","FY2026 Q4 [Historic]","FY2026 Q4 [Historic]","FY2026 Q4 [Historic]"
"SHAKTIPUMP","Tier 1","10","FY2026","Q4","Historic","FY2026 Q4 [Historic]","FY2026 Q4 [Historic]","FY2026 Q4 [Historic]","FY2026 Q4 [Historic]","FY2026 Q4 [Historic]","FY2026 Q4 [Historic]","FY2026 Q4 [Historic]","FY2026 Q4 [Historic]","FY2026 Q4 [Historic]","FY2026 Q4 [Historic]"
"SHALBY","Tier 1","10","FY2026","Q4","Historic","FY2026 Q4 [Historic]","FY2026 Q4 [Historic]","FY2026 Q4 [Historic]","FY2026 Q4 [Historic]","FY2026 Q4 [Historic]","FY2026 Q4 [Historic]","FY2026 Q4 [Historic]","FY2026 Q4 [Historic]","FY2026 Q4 [Historic]","FY2026 Q4 [Historic]"
"SHARDACROP","Tier 1","10","FY2026","Q4","Historic","FY2026 Q4 [Historic]","FY2026 Q4 [Historic]","FY2026 Q4 [Historic]","FY2026 Q4 [Historic]","FY2026 Q4 [Historic]","FY2026 Q4 [Historic]","FY2026 Q4 [Historic]","FY2026 Q4 [Historic]","FY2026 Q4 [Historic]","FY2026 Q4 [Historic]"
"SHARDAMOTR","Tier 1","10","FY2026","Q4","Historic","FY2026 Q4 [Historic]","FY2026 Q4 [Historic]","FY2026 Q4 [Historic]","FY2026 Q4 [Historic]","FY2026 Q4 [Historic]","FY2026 Q4 [Historic]","FY2026 Q4 [Historic]","FY2026 Q4 [Historic]","FY2026 Q4 [Historic]","FY2026 Q4 [Historic]"
"SHILCTECH","Tier 1","10","FY2026","Q4","Historic","FY2026 Q4 [Historic]","FY2026 Q4 [Historic]","FY2026 Q4 [Historic]","FY2026 Q4 [Historic]","FY2026 Q4 [Historic]","FY2026 Q4 [Historic]","FY2026 Q4 [Historic]","FY2026 Q4 [Historic]","FY2026 Q4 [Historic]","FY2026 Q4 [Historic]"
"SHILPAMED","Tier 1","10","FY2026","Q4","Historic","FY2026 Q4 [Historic]","FY2026 Q4 [Historic]","FY2026 Q4 [Historic]","FY2026 Q4 [Historic]","FY2026 Q4 [Historic]","FY2026 Q4 [Historic]","FY2026 Q4 [Historic]","FY2026 Q4 [Historic]","FY2026 Q4 [Historic]","FY2026 Q4 [Historic]"
"SHK","Tier 1","10","FY2026","Q4","Historic","FY2026 Q4 [Historic]","FY2026 Q4 [Historic]","FY2026 Q4 [Historic]","FY2026 Q4 [Historic]","FY2026 Q4 [Historic]","FY2026 Q4 [Historic]","FY2026 Q4 [Historic]","FY2026 Q4 [Historic]","FY2026 Q4 [Historic]","FY2026 Q4 [Historic]"
"SHOPERSTOP","Tier 1","10","FY2026","Q4","Historic","FY2026 Q4 [Historic]","FY2026 Q4 [Historic]","FY2026 Q4 [Historic]","FY2026 Q4 [Historic]","FY2026 Q4 [Historic]","FY2026 Q4 [Historic]","FY2026 Q4 [Historic]","FY2026 Q4 [Historic]","FY2026 Q4 [Historic]","FY2026 Q4 [Historic]"
"SHREEPUSHK","Tier 1","10","FY2026","Q4","Historic","FY2026 Q4 [Historic]","FY2026 Q4 [Historic]","FY2026 Q4 [Historic]","FY2026 Q4 [Historic]","FY2026 Q4 [Historic]","FY2026 Q4 [Historic]","FY2026 Q4 [Historic]","FY2026 Q4 [Historic]","FY2026 Q4 [Historic]","FY2026 Q4 [Historic]"
"SHRIPISTON","Tier 1","10","FY2026","Q4","Historic","FY2026 Q4 [Historic]","FY2026 Q4 [Historic]","FY2026 Q4 [Historic]","FY2026 Q4 [Historic]","FY2026 Q4 [Historic]","FY2026 Q4 [Historic]","FY2026 Q4 [Historic]","FY2026 Q4 [Historic]","FY2026 Q4 [Historic]","FY2026 Q4 [Historic]"
"SHRIRAMFIN","Tier 1","10","FY2026","Q4","Historic","FY2026 Q4 [Historic]","FY2026 Q4 [Historic]","FY2026 Q4 [Historic]","FY2026 Q4 [Historic]","FY2026 Q4 [Historic]","FY2026 Q4 [Historic]","FY2026 Q4 [Historic]","FY2026 Q4 [Historic]","FY2026 Q4 [Historic]","FY2026 Q4 [Historic]"
"SHRIRAMPPS","Tier 1","10","FY2026","Q4","Historic","FY2026 Q4 [Historic]","FY2026 Q4 [Historic]","FY2026 Q4 [Historic]","FY2026 Q4 [Historic]","FY2026 Q4 [Historic]","FY2026 Q4 [Historic]","FY2026 Q4 [Historic]","FY2026 Q4 [Historic]","FY2026 Q4 [Historic]","FY2026 Q4 [Historic]"
"SHYAMMETL","Tier 1","10","FY2026","Q4","Historic","FY2026 Q4 [Historic]","FY2026 Q4 [Historic]","FY2026 Q4 [Historic]","FY2026 Q4 [Historic]","FY2026 Q4 [Historic]","FY2026 Q4 [Historic]","FY2026 Q4 [Historic]","FY2026 Q4 [Historic]","FY2026 Q4 [Historic]","FY2026 Q4 [Historic]"
"SIEMENS","Tier 1","10","FY2026","Q4","Historic","FY2026 Q4 [Historic]","FY2026 Q4 [Historic]","FY2026 Q4 [Historic]","FY2026 Q4 [Historic]","FY2026 Q4 [Historic]","FY2026 Q4 [Historic]","FY2026 Q4 [Historic]","FY2026 Q4 [Historic]","FY2026 Q4 [Historic]","FY2026 Q4 [Historic]"
"SIGNATURE","Tier 1","10","FY2026","Q4","Historic","FY2026 Q4 [Historic]","FY2026 Q4 [Historic]","FY2026 Q4 [Historic]","FY2026 Q4 [Historic]","FY2026 Q4 [Historic]","FY2026 Q4 [Historic]","FY2026 Q4 [Historic]","FY2026 Q4 [Historic]","FY2026 Q4 [Historic]","FY2026 Q4 [Historic]"
"SIRCA","Tier 1","10","FY2026","Q4","Historic","FY2026 Q4 [Historic]","FY2026 Q4 [Historic]","FY2026 Q4 [Historic]","FY2026 Q4 [Historic]","FY2026 Q4 [Historic]","FY2026 Q4 [Historic]","FY2026 Q4 [Historic]","FY2026 Q4 [Historic]","FY2026 Q4 [Historic]","FY2026 Q4 [Historic]"
"SIS","Tier 1","10","FY2026","Q4","Historic","FY2026 Q4 [Historic]","FY2026 Q4 [Historic]","FY2026 Q4 [Historic]","FY2026 Q4 [Historic]","FY2026 Q4 [Historic]","FY2026 Q4 [Historic]","FY2026 Q4 [Historic]","FY2026 Q4 [Historic]","FY2026 Q4 [Historic]","FY2026 Q4 [Historic]"
"SIYSIL","Tier 1","10","FY2026","Q4","Historic","FY2026 Q4 [Historic]","FY2026 Q4 [Historic]","FY2026 Q4 [Historic]","FY2026 Q4 [Historic]","FY2026 Q4 [Historic]","FY2026 Q4 [Historic]","FY2026 Q4 [Historic]","FY2026 Q4 [Historic]","FY2026 Q4 [Historic]","FY2026 Q4 [Historic]"
"SJS","Tier 1","10","FY2026","Q4","Historic","FY2026 Q4 [Historic]","FY2026 Q4 [Historic]","FY2026 Q4 [Historic]","FY2026 Q4 [Historic]","FY2026 Q4 [Historic]","FY2026 Q4 [Historic]","FY2026 Q4 [Historic]","FY2026 Q4 [Historic]","FY2026 Q4 [Historic]","FY2026 Q4 [Historic]"
"SJVN","Tier 1","10","FY2026","Q4","Historic","FY2026 Q4 [Historic]","FY2026 Q4 [Historic]","FY2026 Q4 [Historic]","FY2026 Q4 [Historic]","FY2026 Q4 [Historic]","FY2026 Q4 [Historic]","FY2026 Q4 [Historic]","FY2026 Q4 [Historic]","FY2026 Q4 [Historic]","FY2026 Q4 [Historic]"
"SKFINDIA","Tier 1","10","FY2026","Q4","Historic","FY2026 Q4 [Historic]","FY2026 Q4 [Historic]","FY2026 Q4 [Historic]","FY2026 Q4 [Historic]","FY2026 Q4 [Historic]","FY2026 Q4 [Historic]","FY2026 Q4 [Historic]","FY2026 Q4 [Historic]","FY2026 Q4 [Historic]","FY2026 Q4 [Historic]"
"SKYGOLD","Tier 1","10","FY2026","Q4","Historic","FY2026 Q4 [Historic]","FY2026 Q4 [Historic]","FY2026 Q4 [Historic]","FY2026 Q4 [Historic]","FY2026 Q4 [Historic]","FY2026 Q4 [Historic]","FY2026 Q4 [Historic]","FY2026 Q4 [Historic]","FY2026 Q4 [Historic]","FY2026 Q4 [Historic]"
"SMCGLOBAL","Tier 1","10","FY2026","Q4","Historic","FY2026 Q4 [Historic]","FY2026 Q4 [Historic]","FY2026 Q4 [Historic]","FY2026 Q4 [Historic]","FY2026 Q4 [Historic]","FY2026 Q4 [Historic]","FY2026 Q4 [Historic]","FY2026 Q4 [Historic]","FY2026 Q4 [Historic]","FY2026 Q4 [Historic]"
"SMSPHARMA","Tier 1","10","FY2026","Q4","Historic","FY2026 Q4 [Historic]","FY2026 Q4 [Historic]","FY2026 Q4 [Historic]","FY2026 Q4 [Historic]","FY2026 Q4 [Historic]","FY2026 Q4 [Historic]","FY2026 Q4 [Historic]","FY2026 Q4 [Historic]","FY2026 Q4 [Historic]","FY2026 Q4 [Historic]"
"SOBHA","Tier 1","10","FY2026","Q4","Historic","FY2026 Q4 [Historic]","FY2026 Q4 [Historic]","FY2026 Q4 [Historic]","FY2026 Q4 [Historic]","FY2026 Q4 [Historic]","FY2026 Q4 [Historic]","FY2026 Q4 [Historic]","FY2026 Q4 [Historic]","FY2026 Q4 [Historic]","FY2026 Q4 [Historic]"
"SOLARA","Tier 1","10","FY2026","Q4","Historic","FY2026 Q4 [Historic]","FY2026 Q4 [Historic]","FY2026 Q4 [Historic]","FY2026 Q4 [Historic]","FY2026 Q4 [Historic]","FY2026 Q4 [Historic]","FY2026 Q4 [Historic]","FY2026 Q4 [Historic]","FY2026 Q4 [Historic]","FY2026 Q4 [Historic]"
"SOLARINDS","Tier 1","10","FY2026","Q4","Historic","FY2026 Q4 [Historic]","FY2026 Q4 [Historic]","FY2026 Q4 [Historic]","FY2026 Q4 [Historic]","FY2026 Q4 [Historic]","FY2026 Q4 [Historic]","FY2026 Q4 [Historic]","FY2026 Q4 [Historic]","FY2026 Q4 [Historic]","FY2026 Q4 [Historic]"
"SOMANYCERA","Tier 1","10","FY2026","Q4","Historic","FY2026 Q4 [Historic]","FY2026 Q4 [Historic]","FY2026 Q4 [Historic]","FY2026 Q4 [Historic]","FY2026 Q4 [Historic]","FY2026 Q4 [Historic]","FY2026 Q4 [Historic]","FY2026 Q4 [Historic]","FY2026 Q4 [Historic]","FY2026 Q4 [Historic]"
"SONACOMS","Tier 1","10","FY2026","Q4","Historic","FY2026 Q4 [Historic]","FY2026 Q4 [Historic]","FY2026 Q4 [Historic]","FY2026 Q4 [Historic]","FY2026 Q4 [Historic]","FY2026 Q4 [Historic]","FY2026 Q4 [Historic]","FY2026 Q4 [Historic]","FY2026 Q4 [Historic]","FY2026 Q4 [Historic]"
"SONATSOFTW","Tier 1","10","FY2026","Q4","Historic","FY2026 Q4 [Historic]","FY2026 Q4 [Historic]","FY2026 Q4 [Historic]","FY2026 Q4 [Historic]","FY2026 Q4 [Historic]","FY2026 Q4 [Historic]","FY2026 Q4 [Historic]","FY2026 Q4 [Historic]","FY2026 Q4 [Historic]","FY2026 Q4 [Historic]"
"SOUTHBANK","Tier 1","10","FY2026","Q4","Historic","FY2026 Q4 [Historic]","FY2026 Q4 [Historic]","FY2026 Q4 [Historic]","FY2026 Q4 [Historic]","FY2026 Q4 [Historic]","FY2026 Q4 [Historic]","FY2026 Q4 [Historic]","FY2026 Q4 [Historic]","FY2026 Q4 [Historic]","FY2026 Q4 [Historic]"
"SPANDANA","Tier 1","10","FY2026","Q4","Historic","FY2026 Q4 [Historic]","FY2026 Q4 [Historic]","FY2026 Q4 [Historic]","FY2026 Q4 [Historic]","FY2026 Q4 [Historic]","FY2026 Q4 [Historic]","FY2026 Q4 [Historic]","FY2026 Q4 [Historic]","FY2026 Q4 [Historic]","FY2026 Q4 [Historic]"
"SPECIALITY","Tier 1","10","FY2026","Q4","Historic","FY2026 Q4 [Historic]","FY2026 Q4 [Historic]","FY2026 Q4 [Historic]","FY2026 Q4 [Historic]","FY2026 Q4 [Historic]","FY2026 Q4 [Historic]","FY2026 Q4 [Historic]","FY2026 Q4 [Historic]","FY2026 Q4 [Historic]","FY2026 Q4 [Historic]"
"SPLPETRO","Tier 1","10","FY2026","Q4","Historic","FY2026 Q4 [Historic]","FY2026 Q4 [Historic]","FY2026 Q4 [Historic]","FY2026 Q4 [Historic]","FY2026 Q4 [Historic]","FY2026 Q4 [Historic]","FY2026 Q4 [Historic]","FY2026 Q4 [Historic]","FY2026 Q4 [Historic]","FY2026 Q4 [Historic]"
"SPMLINFRA","Tier 1","10","FY2026","Q4","Historic","FY2026 Q4 [Historic]","FY2026 Q4 [Historic]","FY2026 Q4 [Historic]","FY2026 Q4 [Historic]","FY2026 Q4 [Historic]","FY2026 Q4 [Historic]","FY2026 Q4 [Historic]","FY2026 Q4 [Historic]","FY2026 Q4 [Historic]","FY2026 Q4 [Historic]"
"SPORTKING","Tier 1","10","FY2026","Q4","Historic","FY2026 Q4 [Historic]","FY2026 Q4 [Historic]","FY2026 Q4 [Historic]","FY2026 Q4 [Historic]","FY2026 Q4 [Historic]","FY2026 Q4 [Historic]","FY2026 Q4 [Historic]","FY2026 Q4 [Historic]","FY2026 Q4 [Historic]","FY2026 Q4 [Historic]"
"SRF","Tier 1","10","FY2026","Q4","Historic","FY2026 Q4 [Historic]","FY2026 Q4 [Historic]","FY2026 Q4 [Historic]","FY2026 Q4 [Historic]","FY2026 Q4 [Historic]","FY2026 Q4 [Historic]","FY2026 Q4 [Historic]","FY2026 Q4 [Historic]","FY2026 Q4 [Historic]","FY2026 Q4 [Historic]"
"SRGHFL","Tier 1","10","FY2026","Q4","Historic","FY2026 Q4 [Historic]","FY2026 Q4 [Historic]","FY2026 Q4 [Historic]","FY2026 Q4 [Historic]","FY2026 Q4 [Historic]","FY2026 Q4 [Historic]","FY2026 Q4 [Historic]","FY2026 Q4 [Historic]","FY2026 Q4 [Historic]","FY2026 Q4 [Historic]"
"STALLION","Tier 1","10","FY2026","Q4","Historic","FY2026 Q4 [Historic]","FY2026 Q4 [Historic]","FY2026 Q4 [Historic]","FY2026 Q4 [Historic]","FY2026 Q4 [Historic]","FY2026 Q4 [Historic]","FY2026 Q4 [Historic]","FY2026 Q4 [Historic]","FY2026 Q4 [Historic]","FY2026 Q4 [Historic]"
"STANLEY","Tier 1","10","FY2026","Q4","Historic","FY2026 Q4 [Historic]","FY2026 Q4 [Historic]","FY2026 Q4 [Historic]","FY2026 Q4 [Historic]","FY2026 Q4 [Historic]","FY2026 Q4 [Historic]","FY2026 Q4 [Historic]","FY2026 Q4 [Historic]","FY2026 Q4 [Historic]","FY2026 Q4 [Historic]"
"STAR","Tier 1","10","FY2026","Q4","Historic","FY2026 Q4 [Historic]","FY2026 Q4 [Historic]","FY2026 Q4 [Historic]","FY2026 Q4 [Historic]","FY2026 Q4 [Historic]","FY2026 Q4 [Historic]","FY2026 Q4 [Historic]","FY2026 Q4 [Historic]","FY2026 Q4 [Historic]","FY2026 Q4 [Historic]"
"STARHEALTH","Tier 1","10","FY2026","Q4","Historic","FY2026 Q4 [Historic]","FY2026 Q4 [Historic]","FY2026 Q4 [Historic]","FY2026 Q4 [Historic]","FY2026 Q4 [Historic]","FY2026 Q4 [Historic]","FY2026 Q4 [Historic]","FY2026 Q4 [Historic]","FY2026 Q4 [Historic]","FY2026 Q4 [Historic]"
"STEELCAS","Tier 1","10","FY2026","Q4","Historic","FY2026 Q4 [Historic]","FY2026 Q4 [Historic]","FY2026 Q4 [Historic]","FY2026 Q4 [Historic]","FY2026 Q4 [Historic]","FY2026 Q4 [Historic]","FY2026 Q4 [Historic]","FY2026 Q4 [Historic]","FY2026 Q4 [Historic]","FY2026 Q4 [Historic]"
"STERTOOLS","Tier 1","10","FY2026","Q4","Historic","FY2026 Q4 [Historic]","FY2026 Q4 [Historic]","FY2026 Q4 [Historic]","FY2026 Q4 [Historic]","FY2026 Q4 [Historic]","FY2026 Q4 [Historic]","FY2026 Q4 [Historic]","FY2026 Q4 [Historic]","FY2026 Q4 [Historic]","FY2026 Q4 [Historic]"
"STLTECH","Tier 1","10","FY2026","Q4","Historic","FY2026 Q4 [Historic]","FY2026 Q4 [Historic]","FY2026 Q4 [Historic]","FY2026 Q4 [Historic]","FY2026 Q4 [Historic]","FY2026 Q4 [Historic]","FY2026 Q4 [Historic]","FY2026 Q4 [Historic]","FY2026 Q4 [Historic]","FY2026 Q4 [Historic]"
"STOVEKRAFT","Tier 1","10","FY2026","Q4","Historic","FY2026 Q4 [Historic]","FY2026 Q4 [Historic]","FY2026 Q4 [Historic]","FY2026 Q4 [Historic]","FY2026 Q4 [Historic]","FY2026 Q4 [Historic]","FY2026 Q4 [Historic]","FY2026 Q4 [Historic]","FY2026 Q4 [Historic]","FY2026 Q4 [Historic]"
"STYRENIX","Tier 1","10","FY2026","Q4","Historic","FY2026 Q4 [Historic]","FY2026 Q4 [Historic]","FY2026 Q4 [Historic]","FY2026 Q4 [Historic]","FY2026 Q4 [Historic]","FY2026 Q4 [Historic]","FY2026 Q4 [Historic]","FY2026 Q4 [Historic]","FY2026 Q4 [Historic]","FY2026 Q4 [Historic]"
"SUBEXLTD","Tier 1","10","FY2026","Q4","Historic","FY2026 Q4 [Historic]","FY2026 Q4 [Historic]","FY2026 Q4 [Historic]","FY2026 Q4 [Historic]","FY2026 Q4 [Historic]","FY2026 Q4 [Historic]","FY2026 Q4 [Historic]","FY2026 Q4 [Historic]","FY2026 Q4 [Historic]","FY2026 Q4 [Historic]"
"SUDARSCHEM","Tier 1","10","FY2026","Q4","Historic","FY2026 Q4 [Historic]","FY2026 Q4 [Historic]","FY2026 Q4 [Historic]","FY2026 Q4 [Historic]","FY2026 Q4 [Historic]","FY2026 Q4 [Historic]","FY2026 Q4 [Historic]","FY2026 Q4 [Historic]","FY2026 Q4 [Historic]","FY2026 Q4 [Historic]"
"SULA","Tier 1","10","FY2026","Q4","Historic","FY2026 Q4 [Historic]","FY2026 Q4 [Historic]","FY2026 Q4 [Historic]","FY2026 Q4 [Historic]","FY2026 Q4 [Historic]","FY2026 Q4 [Historic]","FY2026 Q4 [Historic]","FY2026 Q4 [Historic]","FY2026 Q4 [Historic]","FY2026 Q4 [Historic]"
"SUMICHEM","Tier 1","10","FY2026","Q4","Historic","FY2026 Q4 [Historic]","FY2026 Q4 [Historic]","FY2026 Q4 [Historic]","FY2026 Q4 [Historic]","FY2026 Q4 [Historic]","FY2026 Q4 [Historic]","FY2026 Q4 [Historic]","FY2026 Q4 [Historic]","FY2026 Q4 [Historic]","FY2026 Q4 [Historic]"
"SUNDRMFAST","Tier 1","10","FY2026","Q4","Historic","FY2026 Q4 [Historic]","FY2026 Q4 [Historic]","FY2026 Q4 [Historic]","FY2026 Q4 [Historic]","FY2026 Q4 [Historic]","FY2026 Q4 [Historic]","FY2026 Q4 [Historic]","FY2026 Q4 [Historic]","FY2026 Q4 [Historic]","FY2026 Q4 [Historic]"
"SUNDROP","Tier 1","10","FY2026","Q4","Historic","FY2026 Q4 [Historic]","FY2026 Q4 [Historic]","FY2026 Q4 [Historic]","FY2026 Q4 [Historic]","FY2026 Q4 [Historic]","FY2026 Q4 [Historic]","FY2026 Q4 [Historic]","FY2026 Q4 [Historic]","FY2026 Q4 [Historic]","FY2026 Q4 [Historic]"
"SUNPHARMA","Tier 1","10","FY2026","Q4","Historic","FY2026 Q4 [Historic]","FY2026 Q4 [Historic]","FY2026 Q4 [Historic]","FY2026 Q4 [Historic]","FY2026 Q4 [Historic]","FY2026 Q4 [Historic]","FY2026 Q4 [Historic]","FY2026 Q4 [Historic]","FY2026 Q4 [Historic]","FY2026 Q4 [Historic]"
"SUNTECK","Tier 1","10","FY2026","Q4","Historic","FY2026 Q4 [Historic]","FY2026 Q4 [Historic]","FY2026 Q4 [Historic]","FY2026 Q4 [Historic]","FY2026 Q4 [Historic]","FY2026 Q4 [Historic]","FY2026 Q4 [Historic]","FY2026 Q4 [Historic]","FY2026 Q4 [Historic]","FY2026 Q4 [Historic]"
"SUPRAJIT","Tier 1","10","FY2026","Q4","Historic","FY2026 Q4 [Historic]","FY2026 Q4 [Historic]","FY2026 Q4 [Historic]","FY2026 Q4 [Historic]","FY2026 Q4 [Historic]","FY2026 Q4 [Historic]","FY2026 Q4 [Historic]","FY2026 Q4 [Historic]","FY2026 Q4 [Historic]","FY2026 Q4 [Historic]"
"SUPREMEIND","Tier 1","10","FY2026","Q4","Historic","FY2026 Q4 [Historic]","FY2026 Q4 [Historic]","FY2026 Q4 [Historic]","FY2026 Q4 [Historic]","FY2026 Q4 [Historic]","FY2026 Q4 [Historic]","FY2026 Q4 [Historic]","FY2026 Q4 [Historic]","FY2026 Q4 [Historic]","FY2026 Q4 [Historic]"
"SUPRIYA","Tier 1","10","FY2026","Q4","Historic","FY2026 Q4 [Historic]","FY2026 Q4 [Historic]","FY2026 Q4 [Historic]","FY2026 Q4 [Historic]","FY2026 Q4 [Historic]","FY2026 Q4 [Historic]","FY2026 Q4 [Historic]","FY2026 Q4 [Historic]","FY2026 Q4 [Historic]","FY2026 Q4 [Historic]"
"SURYAROSNI","Tier 1","10","FY2026","Q4","Historic","FY2026 Q4 [Historic]","FY2026 Q4 [Historic]","FY2026 Q4 [Historic]","FY2026 Q4 [Historic]","FY2026 Q4 [Historic]","FY2026 Q4 [Historic]","FY2026 Q4 [Historic]","FY2026 Q4 [Historic]","FY2026 Q4 [Historic]","FY2026 Q4 [Historic]"
"SURYODAY","Tier 1","10","FY2026","Q4","Historic","FY2026 Q4 [Historic]","FY2026 Q4 [Historic]","FY2026 Q4 [Historic]","FY2026 Q4 [Historic]","FY2026 Q4 [Historic]","FY2026 Q4 [Historic]","FY2026 Q4 [Historic]","FY2026 Q4 [Historic]","FY2026 Q4 [Historic]","FY2026 Q4 [Historic]"
"SUTLEJTEX","Tier 1","10","FY2026","Q4","Historic","FY2026 Q4 [Historic]","FY2026 Q4 [Historic]","FY2026 Q4 [Historic]","FY2026 Q4 [Historic]","FY2026 Q4 [Historic]","FY2026 Q4 [Historic]","FY2026 Q4 [Historic]","FY2026 Q4 [Historic]","FY2026 Q4 [Historic]","FY2026 Q4 [Historic]"
"SUZLON","Tier 1","10","FY2026","Q4","Historic","FY2026 Q4 [Historic]","FY2026 Q4 [Historic]","FY2026 Q4 [Historic]","FY2026 Q4 [Historic]","FY2026 Q4 [Historic]","FY2026 Q4 [Historic]","FY2026 Q4 [Historic]","FY2026 Q4 [Historic]","FY2026 Q4 [Historic]","FY2026 Q4 [Historic]"
"SWIGGY","Tier 1","10","FY2026","Q4","Historic","FY2026 Q4 [Historic]","FY2026 Q4 [Historic]","FY2026 Q4 [Historic]","FY2026 Q4 [Historic]","FY2026 Q4 [Historic]","FY2026 Q4 [Historic]","FY2026 Q4 [Historic]","FY2026 Q4 [Historic]","FY2026 Q4 [Historic]","FY2026 Q4 [Historic]"
"SWSOLAR","Tier 1","10","FY2026","Q4","Historic","FY2026 Q4 [Historic]","FY2026 Q4 [Historic]","FY2026 Q4 [Historic]","FY2026 Q4 [Historic]","FY2026 Q4 [Historic]","FY2026 Q4 [Historic]","FY2026 Q4 [Historic]","FY2026 Q4 [Historic]","FY2026 Q4 [Historic]","FY2026 Q4 [Historic]"
"SYMPHONY","Tier 1","10","FY2026","Q4","Historic","FY2026 Q4 [Historic]","FY2026 Q4 [Historic]","FY2026 Q4 [Historic]","FY2026 Q4 [Historic]","FY2026 Q4 [Historic]","FY2026 Q4 [Historic]","FY2026 Q4 [Historic]","FY2026 Q4 [Historic]","FY2026 Q4 [Historic]","FY2026 Q4 [Historic]"
"SYNGENE","Tier 1","10","FY2026","Q4","Historic","FY2026 Q4 [Historic]","FY2026 Q4 [Historic]","FY2026 Q4 [Historic]","FY2026 Q4 [Historic]","FY2026 Q4 [Historic]","FY2026 Q4 [Historic]","FY2026 Q4 [Historic]","FY2026 Q4 [Historic]","FY2026 Q4 [Historic]","FY2026 Q4 [Historic]"
"SYRMA","Tier 1","10","FY2026","Q4","Historic","FY2026 Q4 [Historic]","FY2026 Q4 [Historic]","FY2026 Q4 [Historic]","FY2026 Q4 [Historic]","FY2026 Q4 [Historic]","FY2026 Q4 [Historic]","FY2026 Q4 [Historic]","FY2026 Q4 [Historic]","FY2026 Q4 [Historic]","FY2026 Q4 [Historic]"
"TANLA","Tier 1","10","FY2026","Q4","Historic","FY2026 Q4 [Historic]","FY2026 Q4 [Historic]","FY2026 Q4 [Historic]","FY2026 Q4 [Historic]","FY2026 Q4 [Historic]","FY2026 Q4 [Historic]","FY2026 Q4 [Historic]","FY2026 Q4 [Historic]","FY2026 Q4 [Historic]","FY2026 Q4 [Historic]"
"TARIL","Tier 1","10","FY2026","Q4","Historic","FY2026 Q4 [Historic]","FY2026 Q4 [Historic]","FY2026 Q4 [Historic]","FY2026 Q4 [Historic]","FY2026 Q4 [Historic]","FY2026 Q4 [Historic]","FY2026 Q4 [Historic]","FY2026 Q4 [Historic]","FY2026 Q4 [Historic]","FY2026 Q4 [Historic]"
"TATACHEM","Tier 1","10","FY2026","Q4","Historic","FY2026 Q4 [Historic]","FY2026 Q4 [Historic]","FY2026 Q4 [Historic]","FY2026 Q4 [Historic]","FY2026 Q4 [Historic]","FY2026 Q4 [Historic]","FY2026 Q4 [Historic]","FY2026 Q4 [Historic]","FY2026 Q4 [Historic]","FY2026 Q4 [Historic]"
"TATACOMM","Tier 1","10","FY2026","Q4","Historic","FY2026 Q4 [Historic]","FY2026 Q4 [Historic]","FY2026 Q4 [Historic]","FY2026 Q4 [Historic]","FY2026 Q4 [Historic]","FY2026 Q4 [Historic]","FY2026 Q4 [Historic]","FY2026 Q4 [Historic]","FY2026 Q4 [Historic]","FY2026 Q4 [Historic]"
"TATACONSUM","Tier 1","10","FY2026","Q4","Historic","FY2026 Q4 [Historic]","FY2026 Q4 [Historic]","FY2026 Q4 [Historic]","FY2026 Q4 [Historic]","FY2026 Q4 [Historic]","FY2026 Q4 [Historic]","FY2026 Q4 [Historic]","FY2026 Q4 [Historic]","FY2026 Q4 [Historic]","FY2026 Q4 [Historic]"
"TATAELXSI","Tier 1","10","FY2026","Q4","Historic","FY2026 Q4 [Historic]","FY2026 Q4 [Historic]","FY2026 Q4 [Historic]","FY2026 Q4 [Historic]","FY2026 Q4 [Historic]","FY2026 Q4 [Historic]","FY2026 Q4 [Historic]","FY2026 Q4 [Historic]","FY2026 Q4 [Historic]","FY2026 Q4 [Historic]"
"TATAPOWER","Tier 1","10","FY2027","Q1","Incremental","FY2027 Q1 [Incremental]","FY2027 Q1 [Incremental]","FY2027 Q1 [Incremental]","FY2027 Q1 [Incremental]","FY2027 Q1 [Incremental]","FY2027 Q1 [Incremental]","FY2027 Q1 [Incremental]","FY2027 Q1 [Incremental]","FY2027 Q1 [Incremental]","FY2027 Q1 [Incremental]"
"TATASTEEL","Tier 1","10","FY2026","Q4","Historic","FY2026 Q4 [Historic]","FY2026 Q4 [Historic]","FY2026 Q4 [Historic]","FY2026 Q4 [Historic]","FY2026 Q4 [Historic]","FY2026 Q4 [Historic]","FY2026 Q4 [Historic]","FY2026 Q4 [Historic]","FY2026 Q4 [Historic]","FY2026 Q4 [Historic]"
"TATATECH","Tier 1","10","FY2026","Q4","Historic","FY2026 Q4 [Historic]","FY2026 Q4 [Historic]","FY2026 Q4 [Historic]","FY2026 Q4 [Historic]","FY2026 Q4 [Historic]","FY2026 Q4 [Historic]","FY2026 Q4 [Historic]","FY2026 Q4 [Historic]","FY2026 Q4 [Historic]","FY2026 Q4 [Historic]"
"TBOTEK","Tier 1","10","FY2026","Q4","Historic","FY2026 Q4 [Historic]","FY2026 Q4 [Historic]","FY2026 Q4 [Historic]","FY2026 Q4 [Historic]","FY2026 Q4 [Historic]","FY2026 Q4 [Historic]","FY2026 Q4 [Historic]","FY2026 Q4 [Historic]","FY2026 Q4 [Historic]","FY2026 Q4 [Historic]"
"TCI","Tier 1","10","FY2026","Q4","Historic","FY2026 Q4 [Historic]","FY2026 Q4 [Historic]","FY2026 Q4 [Historic]","FY2026 Q4 [Historic]","FY2026 Q4 [Historic]","FY2026 Q4 [Historic]","FY2026 Q4 [Historic]","FY2026 Q4 [Historic]","FY2026 Q4 [Historic]","FY2026 Q4 [Historic]"
"TCIEXP","Tier 1","10","FY2026","Q4","Historic","FY2026 Q4 [Historic]","FY2026 Q4 [Historic]","FY2026 Q4 [Historic]","FY2026 Q4 [Historic]","FY2026 Q4 [Historic]","FY2026 Q4 [Historic]","FY2026 Q4 [Historic]","FY2026 Q4 [Historic]","FY2026 Q4 [Historic]","FY2026 Q4 [Historic]"
"TCPLPACK","Tier 1","10","FY2026","Q4","Historic","FY2026 Q4 [Historic]","FY2026 Q4 [Historic]","FY2026 Q4 [Historic]","FY2026 Q4 [Historic]","FY2026 Q4 [Historic]","FY2026 Q4 [Historic]","FY2026 Q4 [Historic]","FY2026 Q4 [Historic]","FY2026 Q4 [Historic]","FY2026 Q4 [Historic]"
"TCS","Tier 1","10","FY2026","Q4","Historic","FY2026 Q4 [Historic]","FY2026 Q4 [Historic]","FY2026 Q4 [Historic]","FY2026 Q4 [Historic]","FY2026 Q4 [Historic]","FY2026 Q4 [Historic]","FY2026 Q4 [Historic]","FY2026 Q4 [Historic]","FY2026 Q4 [Historic]","FY2026 Q4 [Historic]"
"TDPOWERSYS","Tier 1","10","FY2026","Q4","Historic","FY2026 Q4 [Historic]","FY2026 Q4 [Historic]","FY2026 Q4 [Historic]","FY2026 Q4 [Historic]","FY2026 Q4 [Historic]","FY2026 Q4 [Historic]","FY2026 Q4 [Historic]","FY2026 Q4 [Historic]","FY2026 Q4 [Historic]","FY2026 Q4 [Historic]"
"TEAMLEASE","Tier 1","10","FY2026","Q4","Historic","FY2026 Q4 [Historic]","FY2026 Q4 [Historic]","FY2026 Q4 [Historic]","FY2026 Q4 [Historic]","FY2026 Q4 [Historic]","FY2026 Q4 [Historic]","FY2026 Q4 [Historic]","FY2026 Q4 [Historic]","FY2026 Q4 [Historic]","FY2026 Q4 [Historic]"
"TECHM","Tier 1","10","FY2026","Q4","Historic","FY2026 Q4 [Historic]","FY2026 Q4 [Historic]","FY2026 Q4 [Historic]","FY2026 Q4 [Historic]","FY2026 Q4 [Historic]","FY2026 Q4 [Historic]","FY2026 Q4 [Historic]","FY2026 Q4 [Historic]","FY2026 Q4 [Historic]","FY2026 Q4 [Historic]"
"TECHNOE","Tier 1","10","FY2026","Q3","Historic","FY2026 Q3 [Historic]","FY2026 Q3 [Historic]","FY2026 Q3 [Historic]","FY2026 Q3 [Historic]","FY2026 Q3 [Historic]","FY2026 Q3 [Historic]","FY2026 Q3 [Historic]","FY2026 Q3 [Historic]","FY2026 Q3 [Historic]","FY2026 Q3 [Historic]"
"TEGA","Tier 1","10","FY2026","Q4","Historic","FY2026 Q4 [Historic]","FY2026 Q4 [Historic]","FY2026 Q4 [Historic]","FY2026 Q4 [Historic]","FY2026 Q4 [Historic]","FY2026 Q4 [Historic]","FY2026 Q4 [Historic]","FY2026 Q4 [Historic]","FY2026 Q4 [Historic]","FY2026 Q4 [Historic]"
"TEJASNET","Tier 1","10","FY2026","Q4","Historic","FY2026 Q4 [Historic]","FY2026 Q4 [Historic]","FY2026 Q4 [Historic]","FY2026 Q4 [Historic]","FY2026 Q4 [Historic]","FY2026 Q4 [Historic]","FY2026 Q4 [Historic]","FY2026 Q4 [Historic]","FY2026 Q4 [Historic]","FY2026 Q4 [Historic]"
"TEXRAIL","Tier 1","10","FY2026","Q4","Historic","FY2026 Q4 [Historic]","FY2026 Q4 [Historic]","FY2026 Q4 [Historic]","FY2026 Q4 [Historic]","FY2026 Q4 [Historic]","FY2026 Q4 [Historic]","FY2026 Q4 [Historic]","FY2026 Q4 [Historic]","FY2026 Q4 [Historic]","FY2026 Q4 [Historic]"
"THELEELA","Tier 1","10","FY2026","Q4","Historic","FY2026 Q4 [Historic]","FY2026 Q4 [Historic]","FY2026 Q4 [Historic]","FY2026 Q4 [Historic]","FY2026 Q4 [Historic]","FY2026 Q4 [Historic]","FY2026 Q4 [Historic]","FY2026 Q4 [Historic]","FY2026 Q4 [Historic]","FY2026 Q4 [Historic]"
"THERMAX","Tier 1","10","FY2026","Q4","Historic","FY2026 Q4 [Historic]","FY2026 Q4 [Historic]","FY2026 Q4 [Historic]","FY2026 Q4 [Historic]","FY2026 Q4 [Historic]","FY2026 Q4 [Historic]","FY2026 Q4 [Historic]","FY2026 Q4 [Historic]","FY2026 Q4 [Historic]","FY2026 Q4 [Historic]"
"THOMASCOOK","Tier 1","10","FY2026","Q4","Historic","FY2026 Q4 [Historic]","FY2026 Q4 [Historic]","FY2026 Q4 [Historic]","FY2026 Q4 [Historic]","FY2026 Q4 [Historic]","FY2026 Q4 [Historic]","FY2026 Q4 [Historic]","FY2026 Q4 [Historic]","FY2026 Q4 [Historic]","FY2026 Q4 [Historic]"
"THYROCARE","Tier 1","10","FY2026","Q4","Historic","FY2026 Q4 [Historic]","FY2026 Q4 [Historic]","FY2026 Q4 [Historic]","FY2026 Q4 [Historic]","FY2026 Q4 [Historic]","FY2026 Q4 [Historic]","FY2026 Q4 [Historic]","FY2026 Q4 [Historic]","FY2026 Q4 [Historic]","FY2026 Q4 [Historic]"
"TI","Tier 1","10","FY2026","Q4","Historic","FY2026 Q4 [Historic]","FY2026 Q4 [Historic]","FY2026 Q4 [Historic]","FY2026 Q4 [Historic]","FY2026 Q4 [Historic]","FY2026 Q4 [Historic]","FY2026 Q4 [Historic]","FY2026 Q4 [Historic]","FY2026 Q4 [Historic]","FY2026 Q4 [Historic]"
"TIGERLOGS","Tier 1","10","FY2026","Q4","Historic","FY2026 Q4 [Historic]","FY2026 Q4 [Historic]","FY2026 Q4 [Historic]","FY2026 Q4 [Historic]","FY2026 Q4 [Historic]","FY2026 Q4 [Historic]","FY2026 Q4 [Historic]","FY2026 Q4 [Historic]","FY2026 Q4 [Historic]","FY2026 Q4 [Historic]"
"TIIL","Tier 1","10","FY2026","Q4","Historic","FY2026 Q4 [Historic]","FY2026 Q4 [Historic]","FY2026 Q4 [Historic]","FY2026 Q4 [Historic]","FY2026 Q4 [Historic]","FY2026 Q4 [Historic]","FY2026 Q4 [Historic]","FY2026 Q4 [Historic]","FY2026 Q4 [Historic]","FY2026 Q4 [Historic]"
"TIINDIA","Tier 1","10","FY2026","Q4","Historic","FY2026 Q4 [Historic]","FY2026 Q4 [Historic]","FY2026 Q4 [Historic]","FY2026 Q4 [Historic]","FY2026 Q4 [Historic]","FY2026 Q4 [Historic]","FY2026 Q4 [Historic]","FY2026 Q4 [Historic]","FY2026 Q4 [Historic]","FY2026 Q4 [Historic]"
"TIPSMUSIC","Tier 1","10","FY2026","Q4","Historic","FY2026 Q4 [Historic]","FY2026 Q4 [Historic]","FY2026 Q4 [Historic]","FY2026 Q4 [Historic]","FY2026 Q4 [Historic]","FY2026 Q4 [Historic]","FY2026 Q4 [Historic]","FY2026 Q4 [Historic]","FY2026 Q4 [Historic]","FY2026 Q4 [Historic]"
"TITAN","Tier 1","10","FY2026","Q4","Historic","FY2026 Q4 [Historic]","FY2026 Q4 [Historic]","FY2026 Q4 [Historic]","FY2026 Q4 [Historic]","FY2026 Q4 [Historic]","FY2026 Q4 [Historic]","FY2026 Q4 [Historic]","FY2026 Q4 [Historic]","FY2026 Q4 [Historic]","FY2026 Q4 [Historic]"
"TMB","Tier 1","10","FY2026","Q4","Historic","FY2026 Q4 [Historic]","FY2026 Q4 [Historic]","FY2026 Q4 [Historic]","FY2026 Q4 [Historic]","FY2026 Q4 [Historic]","FY2026 Q4 [Historic]","FY2026 Q4 [Historic]","FY2026 Q4 [Historic]","FY2026 Q4 [Historic]","FY2026 Q4 [Historic]"
"TMPV","Tier 1","10","FY2026","Q4","Historic","FY2026 Q4 [Historic]","FY2026 Q4 [Historic]","FY2026 Q4 [Historic]","FY2026 Q4 [Historic]","FY2026 Q4 [Historic]","FY2026 Q4 [Historic]","FY2026 Q4 [Historic]","FY2026 Q4 [Historic]","FY2026 Q4 [Historic]","FY2026 Q4 [Historic]"
"TORNTPHARM","Tier 1","10","FY2026","Q4","Historic","FY2026 Q4 [Historic]","FY2026 Q4 [Historic]","FY2026 Q4 [Historic]","FY2026 Q4 [Historic]","FY2026 Q4 [Historic]","FY2026 Q4 [Historic]","FY2026 Q4 [Historic]","FY2026 Q4 [Historic]","FY2026 Q4 [Historic]","FY2026 Q4 [Historic]"
"TORNTPOWER","Tier 1","10","FY2026","Q4","Historic","FY2026 Q4 [Historic]","FY2026 Q4 [Historic]","FY2026 Q4 [Historic]","FY2026 Q4 [Historic]","FY2026 Q4 [Historic]","FY2026 Q4 [Historic]","FY2026 Q4 [Historic]","FY2026 Q4 [Historic]","FY2026 Q4 [Historic]","FY2026 Q4 [Historic]"
"TRAVELFOOD","Tier 1","10","FY2026","Q4","Historic","FY2026 Q4 [Historic]","FY2026 Q4 [Historic]","FY2026 Q4 [Historic]","FY2026 Q4 [Historic]","FY2026 Q4 [Historic]","FY2026 Q4 [Historic]","FY2026 Q4 [Historic]","FY2026 Q4 [Historic]","FY2026 Q4 [Historic]","FY2026 Q4 [Historic]"
"TRITURBINE","Tier 1","10","FY2026","Q4","Historic","FY2026 Q4 [Historic]","FY2026 Q4 [Historic]","FY2026 Q4 [Historic]","FY2026 Q4 [Historic]","FY2026 Q4 [Historic]","FY2026 Q4 [Historic]","FY2026 Q4 [Historic]","FY2026 Q4 [Historic]","FY2026 Q4 [Historic]","FY2026 Q4 [Historic]"
"TRIVENI","Tier 1","10","FY2026","Q4","Historic","FY2026 Q4 [Historic]","FY2026 Q4 [Historic]","FY2026 Q4 [Historic]","FY2026 Q4 [Historic]","FY2026 Q4 [Historic]","FY2026 Q4 [Historic]","FY2026 Q4 [Historic]","FY2026 Q4 [Historic]","FY2026 Q4 [Historic]","FY2026 Q4 [Historic]"
"TTKPRESTIG","Tier 1","10","FY2026","Q4","Historic","FY2026 Q4 [Historic]","FY2026 Q4 [Historic]","FY2026 Q4 [Historic]","FY2026 Q4 [Historic]","FY2026 Q4 [Historic]","FY2026 Q4 [Historic]","FY2026 Q4 [Historic]","FY2026 Q4 [Historic]","FY2026 Q4 [Historic]","FY2026 Q4 [Historic]"
"TVSMOTOR","Tier 1","10","FY2026","Q4","Historic","FY2026 Q4 [Historic]","FY2026 Q4 [Historic]","FY2026 Q4 [Historic]","FY2026 Q4 [Historic]","FY2026 Q4 [Historic]","FY2026 Q4 [Historic]","FY2026 Q4 [Historic]","FY2026 Q4 [Historic]","FY2026 Q4 [Historic]","FY2026 Q4 [Historic]"
"TVSSCS","Tier 1","10","FY2026","Q4","Historic","FY2026 Q4 [Historic]","FY2026 Q4 [Historic]","FY2026 Q4 [Historic]","FY2026 Q4 [Historic]","FY2026 Q4 [Historic]","FY2026 Q4 [Historic]","FY2026 Q4 [Historic]","FY2026 Q4 [Historic]","FY2026 Q4 [Historic]","FY2026 Q4 [Historic]"
"UBL","Tier 1","10","FY2026","Q4","Historic","FY2026 Q4 [Historic]","FY2026 Q4 [Historic]","FY2026 Q4 [Historic]","FY2026 Q4 [Historic]","FY2026 Q4 [Historic]","FY2026 Q4 [Historic]","FY2026 Q4 [Historic]","FY2026 Q4 [Historic]","FY2026 Q4 [Historic]","FY2026 Q4 [Historic]"
"UCOBANK","Tier 1","10","FY2026","Q4","Historic","FY2026 Q4 [Historic]","FY2026 Q4 [Historic]","FY2026 Q4 [Historic]","FY2026 Q4 [Historic]","FY2026 Q4 [Historic]","FY2026 Q4 [Historic]","FY2026 Q4 [Historic]","FY2026 Q4 [Historic]","FY2026 Q4 [Historic]","FY2026 Q4 [Historic]"
"UDS","Tier 1","10","FY2026","Q4","Historic","FY2026 Q4 [Historic]","FY2026 Q4 [Historic]","FY2026 Q4 [Historic]","FY2026 Q4 [Historic]","FY2026 Q4 [Historic]","FY2026 Q4 [Historic]","FY2026 Q4 [Historic]","FY2026 Q4 [Historic]","FY2026 Q4 [Historic]","FY2026 Q4 [Historic]"
"UFBL","Tier 1","10","FY2026","Q4","Historic","FY2026 Q4 [Historic]","FY2026 Q4 [Historic]","FY2026 Q4 [Historic]","FY2026 Q4 [Historic]","FY2026 Q4 [Historic]","FY2026 Q4 [Historic]","FY2026 Q4 [Historic]","FY2026 Q4 [Historic]","FY2026 Q4 [Historic]","FY2026 Q4 [Historic]"
"UFLEX","Tier 1","10","FY2026","Q4","Historic","FY2026 Q4 [Historic]","FY2026 Q4 [Historic]","FY2026 Q4 [Historic]","FY2026 Q4 [Historic]","FY2026 Q4 [Historic]","FY2026 Q4 [Historic]","FY2026 Q4 [Historic]","FY2026 Q4 [Historic]","FY2026 Q4 [Historic]","FY2026 Q4 [Historic]"
"UGROCAP","Tier 1","10","FY2026","Q4","Historic","FY2026 Q4 [Historic]","FY2026 Q4 [Historic]","FY2026 Q4 [Historic]","FY2026 Q4 [Historic]","FY2026 Q4 [Historic]","FY2026 Q4 [Historic]","FY2026 Q4 [Historic]","FY2026 Q4 [Historic]","FY2026 Q4 [Historic]","FY2026 Q4 [Historic]"
"UJJIVANSFB","Tier 1","10","FY2026","Q4","Historic","FY2026 Q4 [Historic]","FY2026 Q4 [Historic]","FY2026 Q4 [Historic]","FY2026 Q4 [Historic]","FY2026 Q4 [Historic]","FY2026 Q4 [Historic]","FY2026 Q4 [Historic]","FY2026 Q4 [Historic]","FY2026 Q4 [Historic]","FY2026 Q4 [Historic]"
"ULTRACEMCO","Tier 1","10","FY2026","Q4","Historic","FY2026 Q4 [Historic]","FY2026 Q4 [Historic]","FY2026 Q4 [Historic]","FY2026 Q4 [Historic]","FY2026 Q4 [Historic]","FY2026 Q4 [Historic]","FY2026 Q4 [Historic]","FY2026 Q4 [Historic]","FY2026 Q4 [Historic]","FY2026 Q4 [Historic]"
"UNIMECH","Tier 1","10","FY2026","Q4","Historic","FY2026 Q4 [Historic]","FY2026 Q4 [Historic]","FY2026 Q4 [Historic]","FY2026 Q4 [Historic]","FY2026 Q4 [Historic]","FY2026 Q4 [Historic]","FY2026 Q4 [Historic]","FY2026 Q4 [Historic]","FY2026 Q4 [Historic]","FY2026 Q4 [Historic]"
"UNITDSPR","Tier 1","10","FY2026","Q4","Historic","FY2026 Q4 [Historic]","FY2026 Q4 [Historic]","FY2026 Q4 [Historic]","FY2026 Q4 [Historic]","FY2026 Q4 [Historic]","FY2026 Q4 [Historic]","FY2026 Q4 [Historic]","FY2026 Q4 [Historic]","FY2026 Q4 [Historic]","FY2026 Q4 [Historic]"
"UNOMINDA","Tier 1","10","FY2026","Q4","Historic","FY2026 Q4 [Historic]","FY2026 Q4 [Historic]","FY2026 Q4 [Historic]","FY2026 Q4 [Historic]","FY2026 Q4 [Historic]","FY2026 Q4 [Historic]","FY2026 Q4 [Historic]","FY2026 Q4 [Historic]","FY2026 Q4 [Historic]","FY2026 Q4 [Historic]"
"UPL","Tier 1","10","FY2026","Q4","Historic","FY2026 Q4 [Historic]","FY2026 Q4 [Historic]","FY2026 Q4 [Historic]","FY2026 Q4 [Historic]","FY2026 Q4 [Historic]","FY2026 Q4 [Historic]","FY2026 Q4 [Historic]","FY2026 Q4 [Historic]","FY2026 Q4 [Historic]","FY2026 Q4 [Historic]"
"USHAMART","Tier 1","10","FY2026","Q4","Historic","FY2026 Q4 [Historic]","FY2026 Q4 [Historic]","FY2026 Q4 [Historic]","FY2026 Q4 [Historic]","FY2026 Q4 [Historic]","FY2026 Q4 [Historic]","FY2026 Q4 [Historic]","FY2026 Q4 [Historic]","FY2026 Q4 [Historic]","FY2026 Q4 [Historic]"
"UTIAMC","Tier 1","10","FY2026","Q4","Historic","FY2026 Q4 [Historic]","FY2026 Q4 [Historic]","FY2026 Q4 [Historic]","FY2026 Q4 [Historic]","FY2026 Q4 [Historic]","FY2026 Q4 [Historic]","FY2026 Q4 [Historic]","FY2026 Q4 [Historic]","FY2026 Q4 [Historic]","FY2026 Q4 [Historic]"
"UTKARSHBNK","Tier 1","10","FY2026","Q4","Historic","FY2026 Q4 [Historic]","FY2026 Q4 [Historic]","FY2026 Q4 [Historic]","FY2026 Q4 [Historic]","FY2026 Q4 [Historic]","FY2026 Q4 [Historic]","FY2026 Q4 [Historic]","FY2026 Q4 [Historic]","FY2026 Q4 [Historic]","FY2026 Q4 [Historic]"
"V2RETAIL","Tier 1","10","FY2026","Q4","Historic","FY2026 Q4 [Historic]","FY2026 Q4 [Historic]","FY2026 Q4 [Historic]","FY2026 Q4 [Historic]","FY2026 Q4 [Historic]","FY2026 Q4 [Historic]","FY2026 Q4 [Historic]","FY2026 Q4 [Historic]","FY2026 Q4 [Historic]","FY2026 Q4 [Historic]"
"VAIBHAVGBL","Tier 1","10","FY2026","Q4","Historic","FY2026 Q4 [Historic]","FY2026 Q4 [Historic]","FY2026 Q4 [Historic]","FY2026 Q4 [Historic]","FY2026 Q4 [Historic]","FY2026 Q4 [Historic]","FY2026 Q4 [Historic]","FY2026 Q4 [Historic]","FY2026 Q4 [Historic]","FY2026 Q4 [Historic]"
"VARROC","Tier 1","10","FY2026","Q4","Historic","FY2026 Q4 [Historic]","FY2026 Q4 [Historic]","FY2026 Q4 [Historic]","FY2026 Q4 [Historic]","FY2026 Q4 [Historic]","FY2026 Q4 [Historic]","FY2026 Q4 [Historic]","FY2026 Q4 [Historic]","FY2026 Q4 [Historic]","FY2026 Q4 [Historic]"
"VASCONEQ","Tier 1","10","FY2026","Q4","Historic","FY2026 Q4 [Historic]","FY2026 Q4 [Historic]","FY2026 Q4 [Historic]","FY2026 Q4 [Historic]","FY2026 Q4 [Historic]","FY2026 Q4 [Historic]","FY2026 Q4 [Historic]","FY2026 Q4 [Historic]","FY2026 Q4 [Historic]","FY2026 Q4 [Historic]"
"VEDL","Tier 1","10","FY2026","Q4","Historic","FY2026 Q4 [Historic]","FY2026 Q4 [Historic]","FY2026 Q4 [Historic]","FY2026 Q4 [Historic]","FY2026 Q4 [Historic]","FY2026 Q4 [Historic]","FY2026 Q4 [Historic]","FY2026 Q4 [Historic]","FY2026 Q4 [Historic]","FY2026 Q4 [Historic]"
"VENTIVE","Tier 1","10","FY2026","Q4","Historic","FY2026 Q4 [Historic]","FY2026 Q4 [Historic]","FY2026 Q4 [Historic]","FY2026 Q4 [Historic]","FY2026 Q4 [Historic]","FY2026 Q4 [Historic]","FY2026 Q4 [Historic]","FY2026 Q4 [Historic]","FY2026 Q4 [Historic]","FY2026 Q4 [Historic]"
"VENUSPIPES","Tier 1","10","FY2026","Q4","Historic","FY2026 Q4 [Historic]","FY2026 Q4 [Historic]","FY2026 Q4 [Historic]","FY2026 Q4 [Historic]","FY2026 Q4 [Historic]","FY2026 Q4 [Historic]","FY2026 Q4 [Historic]","FY2026 Q4 [Historic]","FY2026 Q4 [Historic]","FY2026 Q4 [Historic]"
"VERANDA","Tier 1","10","FY2026","Q4","Historic","FY2026 Q4 [Historic]","FY2026 Q4 [Historic]","FY2026 Q4 [Historic]","FY2026 Q4 [Historic]","FY2026 Q4 [Historic]","FY2026 Q4 [Historic]","FY2026 Q4 [Historic]","FY2026 Q4 [Historic]","FY2026 Q4 [Historic]","FY2026 Q4 [Historic]"
"VGUARD","Tier 1","10","FY2026","Q4","Historic","FY2026 Q4 [Historic]","FY2026 Q4 [Historic]","FY2026 Q4 [Historic]","FY2026 Q4 [Historic]","FY2026 Q4 [Historic]","FY2026 Q4 [Historic]","FY2026 Q4 [Historic]","FY2026 Q4 [Historic]","FY2026 Q4 [Historic]","FY2026 Q4 [Historic]"
"VHLTD","Tier 1","10","FY2026","Q4","Historic","FY2026 Q4 [Historic]","FY2026 Q4 [Historic]","FY2026 Q4 [Historic]","FY2026 Q4 [Historic]","FY2026 Q4 [Historic]","FY2026 Q4 [Historic]","FY2026 Q4 [Historic]","FY2026 Q4 [Historic]","FY2026 Q4 [Historic]","FY2026 Q4 [Historic]"
"VIKRAMSOLR","Tier 1","10","FY2026","Q4","Historic","FY2026 Q4 [Historic]","FY2026 Q4 [Historic]","FY2026 Q4 [Historic]","FY2026 Q4 [Historic]","FY2026 Q4 [Historic]","FY2026 Q4 [Historic]","FY2026 Q4 [Historic]","FY2026 Q4 [Historic]","FY2026 Q4 [Historic]","FY2026 Q4 [Historic]"
"VIMTALABS","Tier 1","10","FY2026","Q4","Historic","FY2026 Q4 [Historic]","FY2026 Q4 [Historic]","FY2026 Q4 [Historic]","FY2026 Q4 [Historic]","FY2026 Q4 [Historic]","FY2026 Q4 [Historic]","FY2026 Q4 [Historic]","FY2026 Q4 [Historic]","FY2026 Q4 [Historic]","FY2026 Q4 [Historic]"
"VIPIND","Tier 1","10","FY2026","Q4","Historic","FY2026 Q4 [Historic]","FY2026 Q4 [Historic]","FY2026 Q4 [Historic]","FY2026 Q4 [Historic]","FY2026 Q4 [Historic]","FY2026 Q4 [Historic]","FY2026 Q4 [Historic]","FY2026 Q4 [Historic]","FY2026 Q4 [Historic]","FY2026 Q4 [Historic]"
"VISHNU","Tier 1","10","FY2026","Q4","Historic","FY2026 Q4 [Historic]","FY2026 Q4 [Historic]","FY2026 Q4 [Historic]","FY2026 Q4 [Historic]","FY2026 Q4 [Historic]","FY2026 Q4 [Historic]","FY2026 Q4 [Historic]","FY2026 Q4 [Historic]","FY2026 Q4 [Historic]","FY2026 Q4 [Historic]"
"VIYASH","Tier 1","10","FY2026","Q4","Historic","FY2026 Q4 [Historic]","FY2026 Q4 [Historic]","FY2026 Q4 [Historic]","FY2026 Q4 [Historic]","FY2026 Q4 [Historic]","FY2026 Q4 [Historic]","FY2026 Q4 [Historic]","FY2026 Q4 [Historic]","FY2026 Q4 [Historic]","FY2026 Q4 [Historic]"
"VMART","Tier 1","10","FY2026","Q4","Historic","FY2026 Q4 [Historic]","FY2026 Q4 [Historic]","FY2026 Q4 [Historic]","FY2026 Q4 [Historic]","FY2026 Q4 [Historic]","FY2026 Q4 [Historic]","FY2026 Q4 [Historic]","FY2026 Q4 [Historic]","FY2026 Q4 [Historic]","FY2026 Q4 [Historic]"
"VMM","Tier 1","10","FY2026","Q4","Historic","FY2026 Q4 [Historic]","FY2026 Q4 [Historic]","FY2026 Q4 [Historic]","FY2026 Q4 [Historic]","FY2026 Q4 [Historic]","FY2026 Q4 [Historic]","FY2026 Q4 [Historic]","FY2026 Q4 [Historic]","FY2026 Q4 [Historic]","FY2026 Q4 [Historic]"
"VOLTAS","Tier 1","10","FY2026","Q4","Historic","FY2026 Q4 [Historic]","FY2026 Q4 [Historic]","FY2026 Q4 [Historic]","FY2026 Q4 [Historic]","FY2026 Q4 [Historic]","FY2026 Q4 [Historic]","FY2026 Q4 [Historic]","FY2026 Q4 [Historic]","FY2026 Q4 [Historic]","FY2026 Q4 [Historic]"
"VRLLOG","Tier 1","10","FY2026","Q4","Historic","FY2026 Q4 [Historic]","FY2026 Q4 [Historic]","FY2026 Q4 [Historic]","FY2026 Q4 [Historic]","FY2026 Q4 [Historic]","FY2026 Q4 [Historic]","FY2026 Q4 [Historic]","FY2026 Q4 [Historic]","FY2026 Q4 [Historic]","FY2026 Q4 [Historic]"
"VSSL","Tier 1","10","FY2026","Q4","Historic","FY2026 Q4 [Historic]","FY2026 Q4 [Historic]","FY2026 Q4 [Historic]","FY2026 Q4 [Historic]","FY2026 Q4 [Historic]","FY2026 Q4 [Historic]","FY2026 Q4 [Historic]","FY2026 Q4 [Historic]","FY2026 Q4 [Historic]","FY2026 Q4 [Historic]"
"VSTL","Tier 1","10","FY2026","Q4","Historic","FY2026 Q4 [Historic]","FY2026 Q4 [Historic]","FY2026 Q4 [Historic]","FY2026 Q4 [Historic]","FY2026 Q4 [Historic]","FY2026 Q4 [Historic]","FY2026 Q4 [Historic]","FY2026 Q4 [Historic]","FY2026 Q4 [Historic]","FY2026 Q4 [Historic]"
"WAAREEENER","Tier 1","10","FY2026","Q4","Historic","FY2026 Q4 [Historic]","FY2026 Q4 [Historic]","FY2026 Q4 [Historic]","FY2026 Q4 [Historic]","FY2026 Q4 [Historic]","FY2026 Q4 [Historic]","FY2026 Q4 [Historic]","FY2026 Q4 [Historic]","FY2026 Q4 [Historic]","FY2026 Q4 [Historic]"
"WAAREERTL","Tier 1","10","FY2026","Q4","Historic","FY2026 Q4 [Historic]","FY2026 Q4 [Historic]","FY2026 Q4 [Historic]","FY2026 Q4 [Historic]","FY2026 Q4 [Historic]","FY2026 Q4 [Historic]","FY2026 Q4 [Historic]","FY2026 Q4 [Historic]","FY2026 Q4 [Historic]","FY2026 Q4 [Historic]"
"WABAG","Tier 1","10","FY2026","Q4","Historic","FY2026 Q4 [Historic]","FY2026 Q4 [Historic]","FY2026 Q4 [Historic]","FY2026 Q4 [Historic]","FY2026 Q4 [Historic]","FY2026 Q4 [Historic]","FY2026 Q4 [Historic]","FY2026 Q4 [Historic]","FY2026 Q4 [Historic]","FY2026 Q4 [Historic]"
"WELCORP","Tier 1","10","FY2026","Q4","Historic","FY2026 Q4 [Historic]","FY2026 Q4 [Historic]","FY2026 Q4 [Historic]","FY2026 Q4 [Historic]","FY2026 Q4 [Historic]","FY2026 Q4 [Historic]","FY2026 Q4 [Historic]","FY2026 Q4 [Historic]","FY2026 Q4 [Historic]","FY2026 Q4 [Historic]"
"WELENT","Tier 1","10","FY2026","Q4","Historic","FY2026 Q4 [Historic]","FY2026 Q4 [Historic]","FY2026 Q4 [Historic]","FY2026 Q4 [Historic]","FY2026 Q4 [Historic]","FY2026 Q4 [Historic]","FY2026 Q4 [Historic]","FY2026 Q4 [Historic]","FY2026 Q4 [Historic]","FY2026 Q4 [Historic]"
"WELSPLSOL","Tier 1","10","FY2026","Q4","Historic","FY2026 Q4 [Historic]","FY2026 Q4 [Historic]","FY2026 Q4 [Historic]","FY2026 Q4 [Historic]","FY2026 Q4 [Historic]","FY2026 Q4 [Historic]","FY2026 Q4 [Historic]","FY2026 Q4 [Historic]","FY2026 Q4 [Historic]","FY2026 Q4 [Historic]"
"WELSPUNLIV","Tier 1","10","FY2026","Q4","Historic","FY2026 Q4 [Historic]","FY2026 Q4 [Historic]","FY2026 Q4 [Historic]","FY2026 Q4 [Historic]","FY2026 Q4 [Historic]","FY2026 Q4 [Historic]","FY2026 Q4 [Historic]","FY2026 Q4 [Historic]","FY2026 Q4 [Historic]","FY2026 Q4 [Historic]"
"WESTLIFE","Tier 1","10","FY2026","Q4","Historic","FY2026 Q4 [Historic]","FY2026 Q4 [Historic]","FY2026 Q4 [Historic]","FY2026 Q4 [Historic]","FY2026 Q4 [Historic]","FY2026 Q4 [Historic]","FY2026 Q4 [Historic]","FY2026 Q4 [Historic]","FY2026 Q4 [Historic]","FY2026 Q4 [Historic]"
"WHIRLPOOL","Tier 1","10","FY2026","Q4","Historic","FY2026 Q4 [Historic]","FY2026 Q4 [Historic]","FY2026 Q4 [Historic]","FY2026 Q4 [Historic]","FY2026 Q4 [Historic]","FY2026 Q4 [Historic]","FY2026 Q4 [Historic]","FY2026 Q4 [Historic]","FY2026 Q4 [Historic]","FY2026 Q4 [Historic]"
"WINDLAS","Tier 1","10","FY2026","Q4","Historic","FY2026 Q4 [Historic]","FY2026 Q4 [Historic]","FY2026 Q4 [Historic]","FY2026 Q4 [Historic]","FY2026 Q4 [Historic]","FY2026 Q4 [Historic]","FY2026 Q4 [Historic]","FY2026 Q4 [Historic]","FY2026 Q4 [Historic]","FY2026 Q4 [Historic]"
"WIPRO","Tier 1","10","FY2026","Q4","Historic","FY2026 Q4 [Historic]","FY2026 Q4 [Historic]","FY2026 Q4 [Historic]","FY2026 Q4 [Historic]","FY2026 Q4 [Historic]","FY2026 Q4 [Historic]","FY2026 Q4 [Historic]","FY2026 Q4 [Historic]","FY2026 Q4 [Historic]","FY2026 Q4 [Historic]"
"WONDERLA","Tier 1","10","FY2026","Q4","Historic","FY2026 Q4 [Historic]","FY2026 Q4 [Historic]","FY2026 Q4 [Historic]","FY2026 Q4 [Historic]","FY2026 Q4 [Historic]","FY2026 Q4 [Historic]","FY2026 Q4 [Historic]","FY2026 Q4 [Historic]","FY2026 Q4 [Historic]","FY2026 Q4 [Historic]"
"WPIL","Tier 1","10","FY2026","Q4","Historic","FY2026 Q4 [Historic]","FY2026 Q4 [Historic]","FY2026 Q4 [Historic]","FY2026 Q4 [Historic]","FY2026 Q4 [Historic]","FY2026 Q4 [Historic]","FY2026 Q4 [Historic]","FY2026 Q4 [Historic]","FY2026 Q4 [Historic]","FY2026 Q4 [Historic]"
"YASHO","Tier 1","10","FY2026","Q4","Historic","FY2026 Q4 [Historic]","FY2026 Q4 [Historic]","FY2026 Q4 [Historic]","FY2026 Q4 [Historic]","FY2026 Q4 [Historic]","FY2026 Q4 [Historic]","FY2026 Q4 [Historic]","FY2026 Q4 [Historic]","FY2026 Q4 [Historic]","FY2026 Q4 [Historic]"
"YATHARTH","Tier 1","10","FY2026","Q4","Historic","FY2026 Q4 [Historic]","FY2026 Q4 [Historic]","FY2026 Q4 [Historic]","FY2026 Q4 [Historic]","FY2026 Q4 [Historic]","FY2026 Q4 [Historic]","FY2026 Q4 [Historic]","FY2026 Q4 [Historic]","FY2026 Q4 [Historic]","FY2026 Q4 [Historic]"
"YATRA","Tier 1","10","FY2026","Q4","Historic","FY2026 Q4 [Historic]","FY2026 Q4 [Historic]","FY2026 Q4 [Historic]","FY2026 Q4 [Historic]","FY2026 Q4 [Historic]","FY2026 Q4 [Historic]","FY2026 Q4 [Historic]","FY2026 Q4 [Historic]","FY2026 Q4 [Historic]","FY2026 Q4 [Historic]"
"YESBANK","Tier 1","10","FY2027","Q1","Incremental","FY2027 Q1 [Incremental]","FY2027 Q1 [Incremental]","FY2027 Q1 [Incremental]","FY2027 Q1 [Incremental]","FY2027 Q1 [Incremental]","FY2027 Q1 [Incremental]","FY2027 Q1 [Incremental]","FY2027 Q1 [Incremental]","FY2027 Q1 [Incremental]","FY2027 Q1 [Incremental]"
"ZEEL","Tier 1","10","FY2026","Q4","Historic","FY2026 Q4 [Historic]","FY2026 Q4 [Historic]","FY2026 Q4 [Historic]","FY2026 Q4 [Historic]","FY2026 Q4 [Historic]","FY2026 Q4 [Historic]","FY2026 Q4 [Historic]","FY2026 Q4 [Historic]","FY2026 Q4 [Historic]","FY2026 Q4 [Historic]"
"ZENSARTECH","Tier 1","10","FY2026","Q4","Historic","FY2026 Q4 [Historic]","FY2026 Q4 [Historic]","FY2026 Q4 [Historic]","FY2026 Q4 [Historic]","FY2026 Q4 [Historic]","FY2026 Q4 [Historic]","FY2026 Q4 [Historic]","FY2026 Q4 [Historic]","FY2026 Q4 [Historic]","FY2026 Q4 [Historic]"
"ZENTEC","Tier 1","10","FY2026","Q4","Historic","FY2026 Q4 [Historic]","FY2026 Q4 [Historic]","FY2026 Q4 [Historic]","FY2026 Q4 [Historic]","FY2026 Q4 [Historic]","FY2026 Q4 [Historic]","FY2026 Q4 [Historic]","FY2026 Q4 [Historic]","FY2026 Q4 [Historic]","FY2026 Q4 [Historic]"
"ZFCVINDIA","Tier 1","10","FY2026","Q4","Historic","FY2026 Q4 [Historic]","FY2026 Q4 [Historic]","FY2026 Q4 [Historic]","FY2026 Q4 [Historic]","FY2026 Q4 [Historic]","FY2026 Q4 [Historic]","FY2026 Q4 [Historic]","FY2026 Q4 [Historic]","FY2026 Q4 [Historic]","FY2026 Q4 [Historic]"
"ZIMLAB","Tier 1","10","FY2026","Q4","Historic","FY2026 Q4 [Historic]","FY2026 Q4 [Historic]","FY2026 Q4 [Historic]","FY2026 Q4 [Historic]","FY2026 Q4 [Historic]","FY2026 Q4 [Historic]","FY2026 Q4 [Historic]","FY2026 Q4 [Historic]","FY2026 Q4 [Historic]","FY2026 Q4 [Historic]"
"ZOTA","Tier 1","10","FY2026","Q4","Historic","FY2026 Q4 [Historic]","FY2026 Q4 [Historic]","FY2026 Q4 [Historic]","FY2026 Q4 [Historic]","FY2026 Q4 [Historic]","FY2026 Q4 [Historic]","FY2026 Q4 [Historic]","FY2026 Q4 [Historic]","FY2026 Q4 [Historic]","FY2026 Q4 [Historic]"
"ZYDUSLIFE","Tier 1","10","FY2026","Q4","Historic","FY2026 Q4 [Historic]","FY2026 Q4 [Historic]","FY2026 Q4 [Historic]","FY2026 Q4 [Historic]","FY2026 Q4 [Historic]","FY2026 Q4 [Historic]","FY2026 Q4 [Historic]","FY2026 Q4 [Historic]","FY2026 Q4 [Historic]","FY2026 Q4 [Historic]"
"ZYDUSWELL","Tier 1","10","FY2026","Q4","Historic","FY2026 Q4 [Historic]","FY2026 Q4 [Historic]","FY2026 Q4 [Historic]","FY2026 Q4 [Historic]","FY2026 Q4 [Historic]","FY2026 Q4 [Historic]","FY2026 Q4 [Historic]","FY2026 Q4 [Historic]","FY2026 Q4 [Historic]","FY2026 Q4 [Historic]"
"AEQUS","Tier 0.5","10","FY2026","Q4","Historic","FY2026 Q4 [Historic]","FY2026 Q4 [Historic]","FY2026 Q4 [Historic]","FY2026 Q4 [Historic]","FY2026 Q4 [Historic]","FY2026 Q4 [Historic]","FY2026 Q4 [Historic]","FY2026 Q4 [Historic]","FY2026 Q4 [Historic]","FY2026 Q4 [Historic]"
"AMANTA","Tier 0.5","10","FY2026","Q4","Historic","FY2026 Q4 [Historic]","FY2026 Q4 [Historic]","FY2026 Q4 [Historic]","FY2026 Q4 [Historic]","FY2026 Q4 [Historic]","FY2026 Q4 [Historic]","FY2026 Q4 [Historic]","FY2026 Q4 [Historic]","FY2026 Q4 [Historic]","FY2026 Q4 [Historic]"
"ARSSBL","Tier 0.5","10","FY2026","Q4","Historic","FY2026 Q4 [Historic]","FY2026 Q4 [Historic]","FY2026 Q4 [Historic]","FY2026 Q4 [Historic]","FY2026 Q4 [Historic]","FY2026 Q4 [Historic]","FY2026 Q4 [Historic]","FY2026 Q4 [Historic]","FY2026 Q4 [Historic]","FY2026 Q4 [Historic]"
"ATLANTAELE","Tier 0.5","10","FY2026","Q4","Historic","FY2026 Q4 [Historic]","FY2026 Q4 [Historic]","FY2026 Q4 [Historic]","FY2026 Q4 [Historic]","FY2026 Q4 [Historic]","FY2026 Q4 [Historic]","FY2026 Q4 [Historic]","FY2026 Q4 [Historic]","FY2026 Q4 [Historic]","FY2026 Q4 [Historic]"
"AYE","Tier 0.5","10","FY2026","Q4","Historic","FY2026 Q4 [Historic]","FY2026 Q4 [Historic]","FY2026 Q4 [Historic]","FY2026 Q4 [Historic]","FY2026 Q4 [Historic]","FY2026 Q4 [Historic]","FY2026 Q4 [Historic]","FY2026 Q4 [Historic]","FY2026 Q4 [Historic]","FY2026 Q4 [Historic]"
"BUILDPRO","Tier 0.5","10","FY2026","Q4","Historic","FY2026 Q4 [Historic]","FY2026 Q4 [Historic]","FY2026 Q4 [Historic]","FY2026 Q4 [Historic]","FY2026 Q4 [Historic]","FY2026 Q4 [Historic]","FY2026 Q4 [Historic]","FY2026 Q4 [Historic]","FY2026 Q4 [Historic]","FY2026 Q4 [Historic]"
"CAPILLARY","Tier 0.5","10","FY2026","Q4","Historic","FY2026 Q4 [Historic]","FY2026 Q4 [Historic]","FY2026 Q4 [Historic]","FY2026 Q4 [Historic]","FY2026 Q4 [Historic]","FY2026 Q4 [Historic]","FY2026 Q4 [Historic]","FY2026 Q4 [Historic]","FY2026 Q4 [Historic]","FY2026 Q4 [Historic]"
"CLEANMAX","Tier 0.5","10","FY2026","Q4","Historic","FY2026 Q4 [Historic]","FY2026 Q4 [Historic]","FY2026 Q4 [Historic]","FY2026 Q4 [Historic]","FY2026 Q4 [Historic]","FY2026 Q4 [Historic]","FY2026 Q4 [Historic]","FY2026 Q4 [Historic]","FY2026 Q4 [Historic]","FY2026 Q4 [Historic]"
"CORONA","Tier 0.5","10","FY2026","Q4","Historic","FY2026 Q4 [Historic]","FY2026 Q4 [Historic]","FY2026 Q4 [Historic]","FY2026 Q4 [Historic]","FY2026 Q4 [Historic]","FY2026 Q4 [Historic]","FY2026 Q4 [Historic]","FY2026 Q4 [Historic]","FY2026 Q4 [Historic]","FY2026 Q4 [Historic]"
"CRAMC","Tier 0.5","10","FY2026","Q4","Historic","FY2026 Q4 [Historic]","FY2026 Q4 [Historic]","FY2026 Q4 [Historic]","FY2026 Q4 [Historic]","FY2026 Q4 [Historic]","FY2026 Q4 [Historic]","FY2026 Q4 [Historic]","FY2026 Q4 [Historic]","FY2026 Q4 [Historic]","FY2026 Q4 [Historic]"
"DEVX","Tier 0.5","10","FY2026","Q4","Historic","FY2026 Q4 [Historic]","FY2026 Q4 [Historic]","FY2026 Q4 [Historic]","FY2026 Q4 [Historic]","FY2026 Q4 [Historic]","FY2026 Q4 [Historic]","FY2026 Q4 [Historic]","FY2026 Q4 [Historic]","FY2026 Q4 [Historic]","FY2026 Q4 [Historic]"
"EMMVEE","Tier 0.5","10","FY2026","Q4","Historic","FY2026 Q4 [Historic]","FY2026 Q4 [Historic]","FY2026 Q4 [Historic]","FY2026 Q4 [Historic]","FY2026 Q4 [Historic]","FY2026 Q4 [Historic]","FY2026 Q4 [Historic]","FY2026 Q4 [Historic]","FY2026 Q4 [Historic]","FY2026 Q4 [Historic]"
"EUROPRATIK","Tier 0.5","10","FY2026","Q4","Historic","FY2026 Q4 [Historic]","FY2026 Q4 [Historic]","FY2026 Q4 [Historic]","FY2026 Q4 [Historic]","FY2026 Q4 [Historic]","FY2026 Q4 [Historic]","FY2026 Q4 [Historic]","FY2026 Q4 [Historic]","FY2026 Q4 [Historic]","FY2026 Q4 [Historic]"
"EXCELSOFT","Tier 0.5","10","FY2026","Q4","Historic","FY2026 Q4 [Historic]","FY2026 Q4 [Historic]","FY2026 Q4 [Historic]","FY2026 Q4 [Historic]","FY2026 Q4 [Historic]","FY2026 Q4 [Historic]","FY2026 Q4 [Historic]","FY2026 Q4 [Historic]","FY2026 Q4 [Historic]","FY2026 Q4 [Historic]"
"FABTECH","Tier 0.5","10","FY2026","Q4","Historic","FY2026 Q4 [Historic]","FY2026 Q4 [Historic]","FY2026 Q4 [Historic]","FY2026 Q4 [Historic]","FY2026 Q4 [Historic]","FY2026 Q4 [Historic]","FY2026 Q4 [Historic]","FY2026 Q4 [Historic]","FY2026 Q4 [Historic]","FY2026 Q4 [Historic]"
"FRACTAL","Tier 0.5","10","FY2026","Q4","Historic","FY2026 Q4 [Historic]","FY2026 Q4 [Historic]","FY2026 Q4 [Historic]","FY2026 Q4 [Historic]","FY2026 Q4 [Historic]","FY2026 Q4 [Historic]","FY2026 Q4 [Historic]","FY2026 Q4 [Historic]","FY2026 Q4 [Historic]","FY2026 Q4 [Historic]"
"GEMAROMA","Tier 0.5","10","FY2026","Q4","Historic","FY2026 Q4 [Historic]","FY2026 Q4 [Historic]","FY2026 Q4 [Historic]","FY2026 Q4 [Historic]","FY2026 Q4 [Historic]","FY2026 Q4 [Historic]","FY2026 Q4 [Historic]","FY2026 Q4 [Historic]","FY2026 Q4 [Historic]","FY2026 Q4 [Historic]"
"GKENERGY","Tier 0.5","10","FY2026","Q4","Historic","FY2026 Q4 [Historic]","FY2026 Q4 [Historic]","FY2026 Q4 [Historic]","FY2026 Q4 [Historic]","FY2026 Q4 [Historic]","FY2026 Q4 [Historic]","FY2026 Q4 [Historic]","FY2026 Q4 [Historic]","FY2026 Q4 [Historic]","FY2026 Q4 [Historic]"
"GLOBECIVIL","Tier 0.5","10","FY2026","Q3","Historic","FY2026 Q3 [Historic]","FY2026 Q3 [Historic]","FY2026 Q3 [Historic]","FY2026 Q3 [Historic]","FY2026 Q3 [Historic]","FY2026 Q3 [Historic]","FY2026 Q3 [Historic]","FY2026 Q3 [Historic]","FY2026 Q3 [Historic]","FY2026 Q3 [Historic]"
"GROWW","Tier 0.5","10","FY2027","Q1","Incremental","FY2027 Q1 [Incremental]","FY2027 Q1 [Historic]","FY2027 Q1 [Historic]","FY2027 Q1 [Historic]","FY2027 Q1 [Historic]","FY2026 Q4 [Historic]","FY2026 Q4 [Historic]","FY2026 Q4 [Historic]","FY2027 Q1 [Historic]","FY2026 Q4 [Historic]"
"HILINFRA","Tier 0.5","10","FY2026","Q4","Historic","FY2026 Q4 [Historic]","FY2026 Q4 [Historic]","FY2026 Q4 [Historic]","FY2026 Q4 [Historic]","FY2026 Q4 [Historic]","FY2026 Q4 [Historic]","FY2026 Q4 [Historic]","FY2026 Q4 [Historic]","FY2026 Q4 [Historic]","FY2026 Q4 [Historic]"
"ICICIAMC","Tier 0.5","10","FY2026","Q4","Historic","FY2026 Q4 [Historic]","FY2026 Q4 [Historic]","FY2026 Q4 [Historic]","FY2026 Q4 [Historic]","FY2026 Q4 [Historic]","FY2026 Q4 [Historic]","FY2026 Q4 [Historic]","FY2026 Q4 [Historic]","FY2026 Q4 [Historic]","FY2026 Q4 [Historic]"
"IGCL","Tier 0.5","10","FY2026","Q4","Historic","FY2026 Q4 [Historic]","FY2026 Q4 [Historic]","FY2026 Q4 [Historic]","FY2026 Q4 [Historic]","FY2026 Q4 [Historic]","FY2026 Q4 [Historic]","FY2026 Q4 [Historic]","FY2026 Q4 [Historic]","FY2026 Q4 [Historic]","FY2026 Q4 [Historic]"
"IVALUE","Tier 0.5","10","FY2026","Q4","Historic","FY2026 Q4 [Historic]","FY2026 Q4 [Historic]","FY2026 Q4 [Historic]","FY2026 Q4 [Historic]","FY2026 Q4 [Historic]","FY2026 Q4 [Historic]","FY2026 Q4 [Historic]","FY2026 Q4 [Historic]","FY2026 Q4 [Historic]","FY2026 Q4 [Historic]"
"JAINREC","Tier 0.5","10","FY2026","Q4","Historic","FY2026 Q4 [Historic]","FY2026 Q4 [Historic]","FY2026 Q4 [Historic]","FY2026 Q4 [Historic]","FY2026 Q4 [Historic]","FY2026 Q4 [Historic]","FY2026 Q4 [Historic]","FY2026 Q4 [Historic]","FY2026 Q4 [Historic]","FY2026 Q4 [Historic]"
"JKIPL","Tier 0.5","10","FY2026","Q4","Historic","FY2026 Q4 [Historic]","FY2026 Q4 [Historic]","FY2026 Q4 [Historic]","FY2026 Q4 [Historic]","FY2026 Q4 [Historic]","FY2026 Q4 [Historic]","FY2026 Q4 [Historic]","FY2026 Q4 [Historic]","FY2026 Q4 [Historic]","FY2026 Q4 [Historic]"
"KSHINTL","Tier 0.5","10","FY2026","Q4","Historic","FY2026 Q4 [Historic]","FY2026 Q4 [Historic]","FY2026 Q4 [Historic]","FY2026 Q4 [Historic]","FY2026 Q4 [Historic]","FY2026 Q4 [Historic]","FY2026 Q4 [Historic]","FY2026 Q4 [Historic]","FY2026 Q4 [Historic]","FY2026 Q4 [Historic]"
"LAXMIINDIA","Tier 0.5","10","FY2026","Q4","Historic","FY2026 Q4 [Historic]","FY2026 Q4 [Historic]","FY2026 Q4 [Historic]","FY2026 Q4 [Historic]","FY2026 Q4 [Historic]","FY2026 Q4 [Historic]","FY2026 Q4 [Historic]","FY2026 Q4 [Historic]","FY2026 Q4 [Historic]","FY2026 Q4 [Historic]"
"LGEINDIA","Tier 0.5","10","FY2026","Q4","Historic","FY2026 Q4 [Historic]","FY2026 Q4 [Historic]","FY2026 Q4 [Historic]","FY2026 Q4 [Historic]","FY2026 Q4 [Historic]","FY2026 Q4 [Historic]","FY2026 Q4 [Historic]","FY2026 Q4 [Historic]","FY2026 Q4 [Historic]","FY2026 Q4 [Historic]"
"OMNI","Tier 0.5","10","FY2026","Q4","Historic","FY2026 Q4 [Historic]","FY2026 Q4 [Historic]","FY2026 Q4 [Historic]","FY2026 Q4 [Historic]","FY2026 Q4 [Historic]","FY2026 Q4 [Historic]","FY2026 Q4 [Historic]","FY2026 Q4 [Historic]","FY2026 Q4 [Historic]","FY2026 Q4 [Historic]"
"ORKLAINDIA","Tier 0.5","10","FY2026","Q4","Historic","FY2026 Q4 [Historic]","FY2026 Q4 [Historic]","FY2026 Q4 [Historic]","FY2026 Q4 [Historic]","FY2026 Q4 [Historic]","FY2026 Q4 [Historic]","FY2026 Q4 [Historic]","FY2026 Q4 [Historic]","FY2026 Q4 [Historic]","FY2026 Q4 [Historic]"
"PACEDIGITK","Tier 0.5","10","FY2026","Q4","Historic","FY2026 Q4 [Historic]","FY2026 Q4 [Historic]","FY2026 Q4 [Historic]","FY2026 Q4 [Historic]","FY2026 Q4 [Historic]","FY2026 Q4 [Historic]","FY2026 Q4 [Historic]","FY2026 Q4 [Historic]","FY2026 Q4 [Historic]","FY2026 Q4 [Historic]"
"PARKHOSPS","Tier 0.5","10","FY2026","Q4","Historic","FY2026 Q4 [Historic]","FY2026 Q4 [Historic]","FY2026 Q4 [Historic]","FY2026 Q4 [Historic]","FY2026 Q4 [Historic]","FY2026 Q4 [Historic]","FY2026 Q4 [Historic]","FY2026 Q4 [Historic]","FY2026 Q4 [Historic]","FY2026 Q4 [Historic]"
"PINELABS","Tier 0.5","10","FY2026","Q4","Historic","FY2026 Q4 [Historic]","FY2026 Q4 [Historic]","FY2026 Q4 [Historic]","FY2026 Q4 [Historic]","FY2026 Q4 [Historic]","FY2026 Q4 [Historic]","FY2026 Q4 [Historic]","FY2026 Q4 [Historic]","FY2026 Q4 [Historic]","FY2026 Q4 [Historic]"
"PIRAMALFIN","Tier 0.5","10","FY2026","Q4","Historic","FY2026 Q4 [Historic]","FY2026 Q4 [Historic]","FY2026 Q4 [Historic]","FY2026 Q4 [Historic]","FY2026 Q4 [Historic]","FY2026 Q4 [Historic]","FY2026 Q4 [Historic]","FY2026 Q4 [Historic]","FY2026 Q4 [Historic]","FY2026 Q4 [Historic]"
"RUBICON","Tier 0.5","10","FY2026","Q4","Historic","FY2026 Q4 [Historic]","FY2026 Q4 [Historic]","FY2026 Q4 [Historic]","FY2026 Q4 [Historic]","FY2026 Q4 [Historic]","FY2026 Q4 [Historic]","FY2026 Q4 [Historic]","FY2026 Q4 [Historic]","FY2026 Q4 [Historic]","FY2026 Q4 [Historic]"
"SAATVIKGL","Tier 0.5","10","FY2026","Q4","Historic","FY2026 Q4 [Historic]","FY2026 Q4 [Historic]","FY2026 Q4 [Historic]","FY2026 Q4 [Historic]","FY2026 Q4 [Historic]","FY2026 Q4 [Historic]","FY2026 Q4 [Historic]","FY2026 Q4 [Historic]","FY2026 Q4 [Historic]","FY2026 Q4 [Historic]"
"SSDL","Tier 0.5","10","FY2026","Q4","Historic","FY2026 Q4 [Historic]","FY2026 Q4 [Historic]","FY2026 Q4 [Historic]","FY2026 Q4 [Historic]","FY2026 Q4 [Historic]","FY2026 Q4 [Historic]","FY2026 Q4 [Historic]","FY2026 Q4 [Historic]","FY2026 Q4 [Historic]","FY2026 Q4 [Historic]"
"STUDDS","Tier 0.5","10","FY2026","Q4","Historic","FY2026 Q4 [Historic]","FY2026 Q4 [Historic]","FY2026 Q4 [Historic]","FY2026 Q4 [Historic]","FY2026 Q4 [Historic]","FY2026 Q4 [Historic]","FY2026 Q4 [Historic]","FY2026 Q4 [Historic]","FY2026 Q4 [Historic]","FY2026 Q4 [Historic]"
"SUDEEPPHRM","Tier 0.5","10","FY2026","Q4","Historic","FY2026 Q4 [Historic]","FY2026 Q4 [Historic]","FY2026 Q4 [Historic]","FY2026 Q4 [Historic]","FY2026 Q4 [Historic]","FY2026 Q4 [Historic]","FY2026 Q4 [Historic]","FY2026 Q4 [Historic]","FY2026 Q4 [Historic]","FY2026 Q4 [Historic]"
"TATACAP","Tier 0.5","10","FY2026","Q4","Historic","FY2026 Q4 [Historic]","FY2026 Q4 [Historic]","FY2026 Q4 [Historic]","FY2026 Q4 [Historic]","FY2026 Q4 [Historic]","FY2026 Q4 [Historic]","FY2026 Q4 [Historic]","FY2026 Q4 [Historic]","FY2026 Q4 [Historic]","FY2026 Q4 [Historic]"
"TENNIND","Tier 0.5","10","FY2026","Q4","Historic","FY2026 Q4 [Historic]","FY2026 Q4 [Historic]","FY2026 Q4 [Historic]","FY2026 Q4 [Historic]","FY2026 Q4 [Historic]","FY2026 Q4 [Historic]","FY2026 Q4 [Historic]","FY2026 Q4 [Historic]","FY2026 Q4 [Historic]","FY2026 Q4 [Historic]"
"TMCV","Tier 0.5","10","FY2026","Q4","Historic","FY2026 Q4 [Historic]","FY2026 Q4 [Historic]","FY2026 Q4 [Historic]","FY2026 Q4 [Historic]","FY2026 Q4 [Historic]","FY2026 Q4 [Historic]","FY2026 Q4 [Historic]","FY2026 Q4 [Historic]","FY2026 Q4 [Historic]","FY2026 Q4 [Historic]"
"TRUALT","Tier 0.5","10","FY2026","Q4","Historic","FY2026 Q4 [Historic]","FY2026 Q4 [Historic]","FY2026 Q4 [Historic]","FY2026 Q4 [Historic]","FY2026 Q4 [Historic]","FY2026 Q4 [Historic]","FY2026 Q4 [Historic]","FY2026 Q4 [Historic]","FY2026 Q4 [Historic]","FY2026 Q4 [Historic]"
"URBANCO","Tier 0.5","10","FY2026","Q4","Historic","FY2026 Q4 [Historic]","FY2026 Q4 [Historic]","FY2026 Q4 [Historic]","FY2026 Q4 [Historic]","FY2026 Q4 [Historic]","FY2026 Q4 [Historic]","FY2026 Q4 [Historic]","FY2026 Q4 [Historic]","FY2026 Q4 [Historic]","FY2026 Q4 [Historic]"
"UTLSOLAR","Tier 0.5","10","FY2026","Q4","Historic","FY2026 Q4 [Historic]","FY2026 Q4 [Historic]","FY2026 Q4 [Historic]","FY2026 Q4 [Historic]","FY2026 Q4 [Historic]","FY2026 Q4 [Historic]","FY2026 Q4 [Historic]","FY2026 Q4 [Historic]","FY2026 Q4 [Historic]","FY2026 Q4 [Historic]"
"WAKEFIT","Tier 0.5","10","FY2026","Q4","Historic","FY2026 Q4 [Historic]","FY2026 Q4 [Historic]","FY2026 Q4 [Historic]","FY2026 Q4 [Historic]","FY2026 Q4 [Historic]","FY2026 Q4 [Historic]","FY2026 Q4 [Historic]","FY2026 Q4 [Historic]","FY2026 Q4 [Historic]","FY2026 Q4 [Historic]"
"WEWORK","Tier 0.5","10","FY2026","Q4","Historic","FY2026 Q4 [Historic]","FY2026 Q4 [Historic]","FY2026 Q4 [Historic]","FY2026 Q4 [Historic]","FY2026 Q4 [Historic]","FY2026 Q4 [Historic]","FY2026 Q4 [Historic]","FY2026 Q4 [Historic]","FY2026 Q4 [Historic]","FY2026 Q4 [Historic]"
"ALKYLAMINE","Tier 1.5","10","FY2026","Q4","Historic","FY2026 Q4 [Historic]","FY2026 Q4 [Historic]","FY2026 Q4 [Historic]","FY2026 Q4 [Historic]","FY2026 Q4 [Historic]","FY2026 Q4 [Historic]","FY2026 Q4 [Historic]","FY2026 Q4 [Historic]","FY2026 Q4 [Historic]","FY2026 Q4 [Historic]"
"AUTOAXLES","Tier 1.5","10","FY2026","Q4","Historic","FY2026 Q4 [Historic]","FY2026 Q4 [Historic]","FY2026 Q4 [Historic]","FY2026 Q4 [Historic]","FY2026 Q4 [Historic]","FY2026 Q4 [Historic]","FY2026 Q4 [Historic]","FY2026 Q4 [Historic]","FY2026 Q4 [Historic]","FY2026 Q4 [Historic]"
"BAJAJ-AUTO","Tier 1.5","10","FY2026","Q4","Historic","FY2026 Q4 [Historic]","FY2026 Q4 [Historic]","FY2026 Q4 [Historic]","FY2026 Q4 [Historic]","FY2026 Q4 [Historic]","FY2026 Q4 [Historic]","FY2026 Q4 [Historic]","FY2026 Q4 [Historic]","FY2026 Q4 [Historic]","FY2026 Q4 [Historic]"
"BEL","Tier 1.5","10","FY2026","Q4","Historic","FY2026 Q4 [Historic]","FY2026 Q4 [Historic]","FY2026 Q4 [Historic]","FY2026 Q4 [Historic]","FY2026 Q4 [Historic]","FY2026 Q4 [Historic]","FY2026 Q4 [Historic]","FY2026 Q4 [Historic]","FY2026 Q4 [Historic]","FY2026 Q4 [Historic]"
"BHARTIHEXA","Tier 1.5","10","FY2026","Q4","Historic","FY2026 Q4 [Historic]","FY2026 Q4 [Historic]","FY2026 Q4 [Historic]","FY2026 Q4 [Historic]","FY2026 Q4 [Historic]","FY2026 Q4 [Historic]","FY2026 Q4 [Historic]","FY2026 Q4 [Historic]","FY2026 Q4 [Historic]","FY2026 Q4 [Historic]"
"BIRLACORPN","Tier 1.5","10","FY2026","Q4","Historic","FY2026 Q4 [Historic]","FY2026 Q4 [Historic]","FY2026 Q4 [Historic]","FY2026 Q4 [Historic]","FY2026 Q4 [Historic]","FY2026 Q4 [Historic]","FY2026 Q4 [Historic]","FY2026 Q4 [Historic]","FY2026 Q4 [Historic]","FY2026 Q4 [Historic]"
"CARBORUNIV","Tier 1.5","10","FY2026","Q4","Historic","FY2026 Q4 [Historic]","FY2026 Q4 [Historic]","FY2026 Q4 [Historic]","FY2026 Q4 [Historic]","FY2026 Q4 [Historic]","FY2026 Q4 [Historic]","FY2026 Q4 [Historic]","FY2026 Q4 [Historic]","FY2026 Q4 [Historic]","FY2026 Q4 [Historic]"
"CCL","Tier 1.5","10","FY2026","Q4","Historic","FY2026 Q4 [Historic]","FY2026 Q4 [Historic]","FY2026 Q4 [Historic]","FY2026 Q4 [Historic]","FY2026 Q4 [Historic]","FY2026 Q4 [Historic]","FY2026 Q4 [Historic]","FY2026 Q4 [Historic]","FY2026 Q4 [Historic]","FY2026 Q4 [Historic]"
"DIVISLAB","Tier 1.5","10","FY2026","Q4","Historic","FY2026 Q4 [Historic]","FY2026 Q4 [Historic]","FY2026 Q4 [Historic]","FY2026 Q4 [Historic]","FY2026 Q4 [Historic]","FY2026 Q4 [Historic]","FY2026 Q4 [Historic]","FY2026 Q4 [Historic]","FY2026 Q4 [Historic]","FY2026 Q4 [Historic]"
"LMW","Tier 1.5","10","FY2026","Q4","Historic","FY2026 Q4 [Historic]","FY2026 Q4 [Historic]","FY2026 Q4 [Historic]","FY2026 Q4 [Historic]","FY2026 Q4 [Historic]","FY2026 Q4 [Historic]","FY2026 Q4 [Historic]","FY2026 Q4 [Historic]","FY2026 Q4 [Historic]","FY2026 Q4 [Historic]"
"MRPL","Tier 1.5","10","FY2026","Q3","Historic","FY2026 Q3 [Historic]","FY2026 Q3 [Historic]","FY2026 Q3 [Historic]","FY2026 Q3 [Historic]","FY2026 Q3 [Historic]","FY2026 Q3 [Historic]","FY2026 Q3 [Historic]","FY2026 Q3 [Historic]","FY2026 Q3 [Historic]","FY2026 Q3 [Historic]"
"NUCLEUS","Tier 1.5","10","FY2026","Q4","Historic","FY2026 Q4 [Historic]","FY2026 Q4 [Historic]","FY2026 Q4 [Historic]","FY2026 Q4 [Historic]","FY2026 Q4 [Historic]","FY2026 Q4 [Historic]","FY2026 Q4 [Historic]","FY2026 Q4 [Historic]","FY2026 Q4 [Historic]","FY2026 Q4 [Historic]"
"RVNL","Tier 1.5","10","FY2026","Q4","Historic","FY2026 Q4 [Historic]","FY2026 Q4 [Historic]","FY2026 Q4 [Historic]","FY2026 Q4 [Historic]","FY2026 Q4 [Historic]","FY2026 Q4 [Historic]","FY2026 Q4 [Historic]","FY2026 Q4 [Historic]","FY2026 Q4 [Historic]","FY2026 Q4 [Historic]"
"SHREECEM","Tier 1.5","10","FY2026","Q3","Historic","FY2026 Q3 [Historic]","FY2026 Q3 [Historic]","FY2026 Q3 [Historic]","FY2026 Q3 [Historic]","FY2026 Q3 [Historic]","FY2026 Q3 [Historic]","FY2026 Q3 [Historic]","FY2026 Q3 [Historic]","FY2026 Q3 [Historic]","FY2026 Q3 [Historic]"
"TIMKEN","Tier 1.5","10","FY2026","Q4","Historic","FY2026 Q4 [Historic]","FY2026 Q4 [Historic]","FY2026 Q4 [Historic]","FY2026 Q4 [Historic]","FY2026 Q4 [Historic]","FY2026 Q4 [Historic]","FY2026 Q4 [Historic]","FY2026 Q4 [Historic]","FY2026 Q4 [Historic]","FY2026 Q4 [Historic]"
"AARON","Tier 2","10","FY2026","Q4","Historic","FY2026 Q4 [Historic]","FY2026 Q4 [Historic]","FY2026 Q4 [Historic]","FY2026 Q4 [Historic]","FY2026 Q4 [Historic]","FY2026 Q4 [Historic]","FY2026 Q4 [Historic]","FY2026 Q4 [Historic]","FY2026 Q4 [Historic]","FY2026 Q4 [Historic]"
"AARVI","Tier 2","10","FY2026","Q4","Historic","FY2026 Q4 [Historic]","FY2026 Q4 [Historic]","FY2026 Q4 [Historic]","FY2026 Q4 [Historic]","FY2026 Q4 [Historic]","FY2026 Q4 [Historic]","FY2026 Q4 [Historic]","FY2026 Q4 [Historic]","FY2026 Q4 [Historic]","FY2026 Q4 [Historic]"
"AEROENTER","Tier 2","10","FY2026","Q4","Historic","FY2026 Q4 [Historic]","FY2026 Q4 [Historic]","FY2026 Q4 [Historic]","FY2026 Q4 [Historic]","FY2026 Q4 [Historic]","FY2026 Q4 [Historic]","FY2026 Q4 [Historic]","FY2026 Q4 [Historic]","FY2026 Q4 [Historic]","FY2026 Q4 [Historic]"
"AERONEU","Tier 2","10","FY2025","Q4","Historic","FY2025 Q4 [Historic]","FY2025 Q4 [Historic]","FY2025 Q4 [Historic]","FY2025 Q4 [Historic]","FY2025 Q4 [Historic]","FY2025 Q4 [Historic]","FY2025 Q4 [Historic]","FY2025 Q4 [Historic]","FY2025 Q4 [Historic]","FY2025 Q4 [Historic]"
"AHCL","Tier 2","10","FY2026","Q4","Historic","FY2026 Q4 [Historic]","FY2026 Q4 [Historic]","FY2026 Q4 [Historic]","FY2026 Q4 [Historic]","FY2026 Q4 [Historic]","FY2026 Q4 [Historic]","FY2026 Q4 [Historic]","FY2026 Q4 [Historic]","FY2026 Q4 [Historic]","FY2026 Q4 [Historic]"
"AIIL","Tier 2","10","FY2026","Q3","Historic","FY2026 Q3 [Historic]","FY2026 Q3 [Historic]","FY2026 Q3 [Historic]","FY2026 Q3 [Historic]","FY2026 Q3 [Historic]","FY2026 Q3 [Historic]","FY2026 Q3 [Historic]","FY2026 Q3 [Historic]","FY2026 Q3 [Historic]","FY2026 Q3 [Historic]"
"AMRUTANJAN","Tier 2","10","FY2026","Q4","Historic","FY2026 Q4 [Historic]","FY2026 Q4 [Historic]","FY2026 Q4 [Historic]","FY2026 Q4 [Historic]","FY2026 Q4 [Historic]","FY2026 Q4 [Historic]","FY2026 Q4 [Historic]","FY2026 Q4 [Historic]","FY2026 Q4 [Historic]","FY2026 Q4 [Historic]"
"ANANTRAJ","Tier 2","10","FY2026","Q4","Historic","FY2026 Q4 [Historic]","FY2026 Q4 [Historic]","FY2026 Q4 [Historic]","FY2026 Q4 [Historic]","FY2026 Q4 [Historic]","FY2026 Q4 [Historic]","FY2026 Q4 [Historic]","FY2026 Q4 [Historic]","FY2026 Q4 [Historic]","FY2026 Q4 [Historic]"
"ANTELOPUS","Tier 2","10","FY2026","Q4","Historic","FY2026 Q4 [Historic]","FY2026 Q4 [Historic]","FY2026 Q4 [Historic]","FY2026 Q4 [Historic]","FY2026 Q4 [Historic]","FY2026 Q4 [Historic]","FY2026 Q4 [Historic]","FY2026 Q4 [Historic]","FY2026 Q4 [Historic]","FY2026 Q4 [Historic]"
"ANUHPHR","Tier 2","10","FY2026","Q4","Historic","FY2026 Q4 [Historic]","FY2026 Q4 [Historic]","FY2026 Q4 [Historic]","FY2026 Q4 [Historic]","FY2026 Q4 [Historic]","FY2026 Q4 [Historic]","FY2026 Q4 [Historic]","FY2026 Q4 [Historic]","FY2026 Q4 [Historic]","FY2026 Q4 [Historic]"
"ARIS","Tier 2","10","FY2026","Q4","Historic","FY2026 Q4 [Historic]","FY2026 Q4 [Historic]","FY2026 Q4 [Historic]","FY2026 Q4 [Historic]","FY2026 Q4 [Historic]","FY2026 Q4 [Historic]","FY2026 Q4 [Historic]","FY2026 Q4 [Historic]","FY2026 Q4 [Historic]","FY2026 Q4 [Historic]"
"ARROWGREEN","Tier 2","10","FY2026","Q3","Historic","FY2026 Q3 [Historic]","FY2026 Q3 [Historic]","FY2026 Q3 [Historic]","FY2026 Q3 [Historic]","FY2026 Q3 [Historic]","FY2026 Q3 [Historic]","FY2026 Q3 [Historic]","FY2026 Q3 [Historic]","FY2026 Q3 [Historic]","FY2026 Q3 [Historic]"
"ARTEMISMED","Tier 2","10","FY2026","Q4","Historic","FY2026 Q4 [Historic]","FY2026 Q4 [Historic]","FY2026 Q4 [Historic]","FY2026 Q4 [Historic]","FY2026 Q4 [Historic]","FY2026 Q4 [Historic]","FY2026 Q4 [Historic]","FY2026 Q4 [Historic]","FY2026 Q4 [Historic]","FY2026 Q4 [Historic]"
"ATUL","Tier 2","10","FY2026","Q4","Historic","FY2026 Q4 [Historic]","FY2026 Q4 [Historic]","FY2026 Q4 [Historic]","FY2026 Q4 [Historic]","FY2026 Q4 [Historic]","FY2026 Q4 [Historic]","FY2026 Q4 [Historic]","FY2026 Q4 [Historic]","FY2026 Q4 [Historic]","FY2026 Q4 [Historic]"
"AUTOIND","Tier 2","10","FY2026","Q4","Historic","FY2026 Q4 [Historic]","FY2026 Q4 [Historic]","FY2026 Q4 [Historic]","FY2026 Q4 [Historic]","FY2026 Q4 [Historic]","FY2026 Q4 [Historic]","FY2026 Q4 [Historic]","FY2026 Q4 [Historic]","FY2026 Q4 [Historic]","FY2026 Q4 [Historic]"
"AVADHSUGAR","Tier 2","10","FY2026","Q4","Historic","FY2026 Q4 [Historic]","FY2026 Q4 [Historic]","FY2026 Q4 [Historic]","FY2026 Q4 [Historic]","FY2026 Q4 [Historic]","FY2026 Q4 [Historic]","FY2026 Q4 [Historic]","FY2026 Q4 [Historic]","FY2026 Q4 [Historic]","FY2026 Q4 [Historic]"
"BALAJITELE","Tier 2","10","FY2026","Q4","Historic","FY2026 Q4 [Historic]","FY2026 Q4 [Historic]","FY2026 Q4 [Historic]","FY2026 Q4 [Historic]","FY2026 Q4 [Historic]","FY2026 Q4 [Historic]","FY2026 Q4 [Historic]","FY2026 Q4 [Historic]","FY2026 Q4 [Historic]","FY2026 Q4 [Historic]"
"BAYERCROP","Tier 2","10","FY2026","Q2","Historic","FY2026 Q2 [Historic]","FY2026 Q2 [Historic]","FY2026 Q2 [Historic]","FY2026 Q2 [Historic]","FY2026 Q2 [Historic]","FY2026 Q2 [Historic]","FY2026 Q2 [Historic]","FY2026 Q2 [Historic]","FY2026 Q2 [Historic]","FY2026 Q2 [Historic]"
"BHAGCHEM","Tier 2","10","FY2026","Q4","Historic","FY2026 Q4 [Historic]","FY2026 Q4 [Historic]","FY2026 Q4 [Historic]","FY2026 Q4 [Historic]","FY2026 Q4 [Historic]","FY2026 Q4 [Historic]","FY2026 Q4 [Historic]","FY2026 Q4 [Historic]","FY2026 Q4 [Historic]","FY2026 Q4 [Historic]"
"BHEL","Tier 2","10","FY2026","Q4","Historic","FY2026 Q4 [Historic]","FY2026 Q4 [Historic]","FY2026 Q4 [Historic]","FY2026 Q4 [Historic]","FY2026 Q4 [Historic]","FY2026 Q4 [Historic]","FY2026 Q4 [Historic]","FY2026 Q4 [Historic]","FY2026 Q4 [Historic]","FY2026 Q4 [Historic]"
"BLSE","Tier 2","10","FY2026","Q4","Historic","FY2026 Q4 [Historic]","FY2026 Q4 [Historic]","FY2026 Q4 [Historic]","FY2026 Q4 [Historic]","FY2026 Q4 [Historic]","FY2026 Q4 [Historic]","FY2026 Q4 [Historic]","FY2026 Q4 [Historic]","FY2026 Q4 [Historic]","FY2026 Q4 [Historic]"
"BSL","Tier 2","10","FY2026","Q4","Historic","FY2026 Q4 [Historic]","FY2026 Q4 [Historic]","FY2026 Q4 [Historic]","FY2026 Q4 [Historic]","FY2026 Q4 [Historic]","FY2026 Q4 [Historic]","FY2026 Q4 [Historic]","FY2026 Q4 [Historic]","FY2026 Q4 [Historic]","FY2026 Q4 [Historic]"
"CARERATING","Tier 2","10","FY2026","Q4","Historic","FY2026 Q4 [Historic]","FY2026 Q4 [Historic]","FY2026 Q4 [Historic]","FY2026 Q4 [Historic]","FY2026 Q4 [Historic]","FY2026 Q4 [Historic]","FY2026 Q4 [Historic]","FY2026 Q4 [Historic]","FY2026 Q4 [Historic]","FY2026 Q4 [Historic]"
"CESC","Tier 2","10","FY2026","Q4","Historic","FY2026 Q4 [Historic]","FY2026 Q4 [Historic]","FY2026 Q4 [Historic]","FY2026 Q4 [Historic]","FY2026 Q4 [Historic]","FY2026 Q4 [Historic]","FY2026 Q4 [Historic]","FY2026 Q4 [Historic]","FY2026 Q4 [Historic]","FY2026 Q4 [Historic]"
"CHEMBONDCH","Tier 2","10","FY2026","Q4","Historic","FY2026 Q4 [Historic]","FY2026 Q4 [Historic]","FY2026 Q4 [Historic]","FY2026 Q4 [Historic]","FY2026 Q4 [Historic]","FY2026 Q4 [Historic]","FY2026 Q4 [Historic]","FY2026 Q4 [Historic]","FY2026 Q4 [Historic]","FY2026 Q4 [Historic]"
"CHEMCON","Tier 2","10","FY2026","Q4","Historic","FY2026 Q4 [Historic]","FY2026 Q4 [Historic]","FY2026 Q4 [Historic]","FY2026 Q4 [Historic]","FY2026 Q4 [Historic]","FY2026 Q4 [Historic]","FY2026 Q4 [Historic]","FY2026 Q4 [Historic]","FY2026 Q4 [Historic]","FY2026 Q4 [Historic]"
"CHEMFAB","Tier 2","10","FY2026","Q4","Historic","FY2026 Q4 [Historic]","FY2026 Q4 [Historic]","FY2026 Q4 [Historic]","FY2026 Q4 [Historic]","FY2026 Q4 [Historic]","FY2026 Q4 [Historic]","FY2026 Q4 [Historic]","FY2026 Q4 [Historic]","FY2026 Q4 [Historic]","FY2026 Q4 [Historic]"
"COALINDIA","Tier 2","10","FY2026","Q4","Historic","FY2026 Q4 [Historic]","FY2026 Q4 [Historic]","FY2026 Q4 [Historic]","FY2026 Q4 [Historic]","FY2026 Q4 [Historic]","FY2026 Q4 [Historic]","FY2026 Q4 [Historic]","FY2026 Q4 [Historic]","FY2026 Q4 [Historic]","FY2026 Q4 [Historic]"
"CPCAP","Tier 2","10","FY2026","Q4","Historic","FY2026 Q4 [Historic]","FY2026 Q4 [Historic]","FY2026 Q4 [Historic]","FY2026 Q4 [Historic]","FY2026 Q4 [Historic]","FY2026 Q4 [Historic]","FY2026 Q4 [Historic]","FY2026 Q4 [Historic]","FY2026 Q4 [Historic]","FY2026 Q4 [Historic]"
"DAMCAPITAL","Tier 2","10","FY2026","Q4","Historic","FY2026 Q4 [Historic]","FY2026 Q4 [Historic]","FY2026 Q4 [Historic]","FY2026 Q4 [Historic]","FY2026 Q4 [Historic]","FY2026 Q4 [Historic]","FY2026 Q4 [Historic]","FY2026 Q4 [Historic]","FY2026 Q4 [Historic]","FY2026 Q4 [Historic]"
"DCI","Tier 2","10","FY2026","Q4","Historic","FY2026 Q4 [Historic]","FY2026 Q4 [Historic]","FY2026 Q4 [Historic]","FY2026 Q4 [Historic]","FY2026 Q4 [Historic]","FY2026 Q4 [Historic]","FY2026 Q4 [Historic]","FY2026 Q4 [Historic]","FY2026 Q4 [Historic]","FY2026 Q4 [Historic]"
"DCXINDIA","Tier 2","10","FY2026","Q4","Historic","FY2026 Q4 [Historic]","FY2026 Q4 [Historic]","FY2026 Q4 [Historic]","FY2026 Q4 [Historic]","FY2026 Q4 [Historic]","FY2026 Q4 [Historic]","FY2026 Q4 [Historic]","FY2026 Q4 [Historic]","FY2026 Q4 [Historic]","FY2026 Q4 [Historic]"
"DEN","Tier 2","10","FY2026","Q4","Historic","FY2026 Q4 [Historic]","FY2026 Q4 [Historic]","FY2026 Q4 [Historic]","FY2026 Q4 [Historic]","FY2026 Q4 [Historic]","FY2026 Q4 [Historic]","FY2026 Q4 [Historic]","FY2026 Q4 [Historic]","FY2026 Q4 [Historic]","FY2026 Q4 [Historic]"
"DMART","Tier 2","10","FY2026","Q4","Historic","FY2026 Q4 [Historic]","FY2026 Q4 [Historic]","FY2026 Q4 [Historic]","FY2026 Q4 [Historic]","FY2026 Q4 [Historic]","FY2026 Q4 [Historic]","FY2026 Q4 [Historic]","FY2026 Q4 [Historic]","FY2026 Q4 [Historic]","FY2026 Q4 [Historic]"
"DWARKESH","Tier 2","10","FY2026","Q4","Historic","FY2026 Q4 [Historic]","FY2026 Q4 [Historic]","FY2026 Q4 [Historic]","FY2026 Q4 [Historic]","FY2026 Q4 [Historic]","FY2026 Q4 [Historic]","FY2026 Q4 [Historic]","FY2026 Q4 [Historic]","FY2026 Q4 [Historic]","FY2026 Q4 [Historic]"
"DYNAMATECH","Tier 2","10","FY2026","Q4","Historic","FY2026 Q4 [Historic]","FY2026 Q4 [Historic]","FY2026 Q4 [Historic]","FY2026 Q4 [Historic]","FY2026 Q4 [Historic]","FY2026 Q4 [Historic]","FY2026 Q4 [Historic]","FY2026 Q4 [Historic]","FY2026 Q4 [Historic]","FY2026 Q4 [Historic]"
"DYNPRO","Tier 2","10","FY2026","Q3","Historic","FY2026 Q3 [Historic]","FY2026 Q3 [Historic]","FY2026 Q3 [Historic]","FY2026 Q3 [Historic]","FY2026 Q3 [Historic]","FY2026 Q3 [Historic]","FY2026 Q3 [Historic]","FY2026 Q3 [Historic]","FY2026 Q3 [Historic]","FY2026 Q3 [Historic]"
"EIHAHOTELS","Tier 2","10","FY2026","Q4","Historic","FY2026 Q4 [Historic]","FY2026 Q4 [Historic]","FY2026 Q4 [Historic]","FY2026 Q4 [Historic]","FY2026 Q4 [Historic]","FY2026 Q4 [Historic]","FY2026 Q4 [Historic]","FY2026 Q4 [Historic]","FY2026 Q4 [Historic]","FY2026 Q4 [Historic]"
"EMBDL","Tier 2","10","FY2026","Q4","Historic","FY2026 Q4 [Historic]","FY2026 Q4 [Historic]","FY2026 Q4 [Historic]","FY2026 Q4 [Historic]","FY2026 Q4 [Historic]","FY2026 Q4 [Historic]","FY2026 Q4 [Historic]","FY2026 Q4 [Historic]","FY2026 Q4 [Historic]","FY2026 Q4 [Historic]"
"EMKAY","Tier 2","10","FY2026","Q4","Historic","FY2026 Q4 [Historic]","FY2026 Q4 [Historic]","FY2026 Q4 [Historic]","FY2026 Q4 [Historic]","FY2026 Q4 [Historic]","FY2026 Q4 [Historic]","FY2026 Q4 [Historic]","FY2026 Q4 [Historic]","FY2026 Q4 [Historic]","FY2026 Q4 [Historic]"
"FAZE3Q","Tier 2","10","FY2026","Q4","Historic","FY2026 Q4 [Historic]","FY2026 Q4 [Historic]","FY2026 Q4 [Historic]","FY2026 Q4 [Historic]","FY2026 Q4 [Historic]","FY2026 Q4 [Historic]","FY2026 Q4 [Historic]","FY2026 Q4 [Historic]","FY2026 Q4 [Historic]","FY2026 Q4 [Historic]"
"FERMENTA","Tier 2","10","FY2026","Q4","Historic","FY2026 Q4 [Historic]","FY2026 Q4 [Historic]","FY2026 Q4 [Historic]","FY2026 Q4 [Historic]","FY2026 Q4 [Historic]","FY2026 Q4 [Historic]","FY2026 Q4 [Historic]","FY2026 Q4 [Historic]","FY2026 Q4 [Historic]","FY2026 Q4 [Historic]"
"GALAPREC","Tier 2","10","FY2026","Q4","Historic","FY2026 Q4 [Historic]","FY2026 Q4 [Historic]","FY2026 Q4 [Historic]","FY2026 Q4 [Historic]","FY2026 Q4 [Historic]","FY2026 Q4 [Historic]","FY2026 Q4 [Historic]","FY2026 Q4 [Historic]","FY2026 Q4 [Historic]","FY2026 Q4 [Historic]"
"GANESHCP","Tier 2","10","FY2026","Q4","Historic","FY2026 Q4 [Historic]","FY2026 Q4 [Historic]","FY2026 Q4 [Historic]","FY2026 Q4 [Historic]","FY2026 Q4 [Historic]","FY2026 Q4 [Historic]","FY2026 Q4 [Historic]","FY2026 Q4 [Historic]","FY2026 Q4 [Historic]","FY2026 Q4 [Historic]"
"GARFIBRES","Tier 2","10","FY2026","Q4","Historic","FY2026 Q4 [Historic]","FY2026 Q4 [Historic]","FY2026 Q4 [Historic]","FY2026 Q4 [Historic]","FY2026 Q4 [Historic]","FY2026 Q4 [Historic]","FY2026 Q4 [Historic]","FY2026 Q4 [Historic]","FY2026 Q4 [Historic]","FY2026 Q4 [Historic]"
"GCSL","Tier 2","10","FY2026","Q3","Historic","FY2026 Q3 [Historic]","FY2026 Q3 [Historic]","FY2026 Q3 [Historic]","FY2026 Q3 [Historic]","FY2026 Q3 [Historic]","FY2026 Q3 [Historic]","FY2026 Q3 [Historic]","FY2026 Q3 [Historic]","FY2026 Q3 [Historic]","FY2026 Q3 [Historic]"
"GEOJITFSL","Tier 2","10","FY2026","Q4","Historic","FY2026 Q4 [Historic]","FY2026 Q4 [Historic]","FY2026 Q4 [Historic]","FY2026 Q4 [Historic]","FY2026 Q4 [Historic]","FY2026 Q4 [Historic]","FY2026 Q4 [Historic]","FY2026 Q4 [Historic]","FY2026 Q4 [Historic]","FY2026 Q4 [Historic]"
"GILLETTE","Tier 2","10","FY2026","Q4","Historic","FY2026 Q4 [Historic]","FY2026 Q4 [Historic]","FY2026 Q4 [Historic]","FY2026 Q4 [Historic]","FY2026 Q4 [Historic]","FY2026 Q4 [Historic]","FY2026 Q4 [Historic]","FY2026 Q4 [Historic]","FY2026 Q4 [Historic]","FY2026 Q4 [Historic]"
"GMRP&UI","Tier 2","10","FY2026","Q4","Historic","FY2026 Q4 [Historic]","FY2026 Q4 [Historic]","FY2026 Q4 [Historic]","FY2026 Q4 [Historic]","FY2026 Q4 [Historic]","FY2026 Q4 [Historic]","FY2026 Q4 [Historic]","FY2026 Q4 [Historic]","FY2026 Q4 [Historic]","FY2026 Q4 [Historic]"
"GODFRYPHLP","Tier 2","10","FY2026","Q4","Historic","FY2026 Q4 [Historic]","FY2026 Q4 [Historic]","FY2026 Q4 [Historic]","FY2026 Q4 [Historic]","FY2026 Q4 [Historic]","FY2026 Q4 [Historic]","FY2026 Q4 [Historic]","FY2026 Q4 [Historic]","FY2026 Q4 [Historic]","FY2026 Q4 [Historic]"
"GODREJIND","Tier 2","10","FY2026","Q4","Historic","FY2026 Q4 [Historic]","FY2026 Q4 [Historic]","FY2026 Q4 [Historic]","FY2026 Q4 [Historic]","FY2026 Q4 [Historic]","FY2026 Q4 [Historic]","FY2026 Q4 [Historic]","FY2026 Q4 [Historic]","FY2026 Q4 [Historic]","FY2026 Q4 [Historic]"
"GRAPHITE","Tier 2","10","FY2026","Q4","Historic","FY2026 Q4 [Historic]","FY2026 Q4 [Historic]","FY2026 Q4 [Historic]","FY2026 Q4 [Historic]","FY2026 Q4 [Historic]","FY2026 Q4 [Historic]","FY2026 Q4 [Historic]","FY2026 Q4 [Historic]","FY2026 Q4 [Historic]","FY2026 Q4 [Historic]"
"GRMOVER","Tier 2","10","FY2026","Q4","Historic","FY2026 Q4 [Historic]","FY2026 Q4 [Historic]","FY2026 Q4 [Historic]","FY2026 Q4 [Historic]","FY2026 Q4 [Historic]","FY2026 Q4 [Historic]","FY2026 Q4 [Historic]","FY2026 Q4 [Historic]","FY2026 Q4 [Historic]","FY2026 Q4 [Historic]"
"GSLSU","Tier 2","10","FY2026","Q4","Historic","FY2026 Q4 [Historic]","FY2026 Q4 [Historic]","FY2026 Q4 [Historic]","FY2026 Q4 [Historic]","FY2026 Q4 [Historic]","FY2026 Q4 [Historic]","FY2026 Q4 [Historic]","FY2026 Q4 [Historic]","FY2026 Q4 [Historic]","FY2026 Q4 [Historic]"
"HECPROJECT","Tier 2","10","FY2026","Q3","Historic","FY2026 Q3 [Historic]","FY2026 Q3 [Historic]","FY2026 Q3 [Historic]","FY2026 Q3 [Historic]","FY2026 Q3 [Historic]","FY2026 Q3 [Historic]","FY2026 Q3 [Historic]","FY2026 Q3 [Historic]","FY2026 Q3 [Historic]","FY2026 Q3 [Historic]"
"HITECHGEAR","Tier 2","10","FY2026","Q4","Historic","FY2026 Q4 [Historic]","FY2026 Q4 [Historic]","FY2026 Q4 [Historic]","FY2026 Q4 [Historic]","FY2026 Q4 [Historic]","FY2026 Q4 [Historic]","FY2026 Q4 [Historic]","FY2026 Q4 [Historic]","FY2026 Q4 [Historic]","FY2026 Q4 [Historic]"
"HONAUT","Tier 2","10","FY2025","Q4","Historic","FY2025 Q4 [Historic]","FY2025 Q4 [Historic]","FY2025 Q4 [Historic]","FY2025 Q4 [Historic]","FY2025 Q4 [Historic]","FY2025 Q4 [Historic]","FY2025 Q4 [Historic]","FY2025 Q4 [Historic]","FY2025 Q4 [Historic]","FY2025 Q4 [Historic]"
"INDNIPPON","Tier 2","10","FY2026","Q4","Historic","FY2026 Q4 [Historic]","FY2026 Q4 [Historic]","FY2026 Q4 [Historic]","FY2026 Q4 [Historic]","FY2026 Q4 [Historic]","FY2026 Q4 [Historic]","FY2026 Q4 [Historic]","FY2026 Q4 [Historic]","FY2026 Q4 [Historic]","FY2026 Q4 [Historic]"
"INDTERRAIN","Tier 2","10","FY2026","Q4","Historic","FY2026 Q4 [Historic]","FY2026 Q4 [Historic]","FY2026 Q4 [Historic]","FY2026 Q4 [Historic]","FY2026 Q4 [Historic]","FY2026 Q4 [Historic]","FY2026 Q4 [Historic]","FY2026 Q4 [Historic]","FY2026 Q4 [Historic]","FY2026 Q4 [Historic]"
"IRMENERGY","Tier 2","10","FY2026","Q3","Historic","FY2026 Q3 [Historic]","FY2026 Q3 [Historic]","FY2026 Q3 [Historic]","FY2026 Q3 [Historic]","FY2026 Q3 [Historic]","FY2026 Q3 [Historic]","FY2026 Q3 [Historic]","FY2026 Q3 [Historic]","FY2026 Q3 [Historic]","FY2026 Q3 [Historic]"
"ITCHOTELS","Tier 2","10","FY2026","Q4","Historic","FY2026 Q4 [Historic]","FY2026 Q4 [Historic]","FY2026 Q4 [Historic]","FY2026 Q4 [Historic]","FY2026 Q4 [Historic]","FY2026 Q4 [Historic]","FY2026 Q4 [Historic]","FY2026 Q4 [Historic]","FY2026 Q4 [Historic]","FY2026 Q4 [Historic]"
"JINDWORLD","Tier 2","10","FY2026","Q1","Historic","FY2026 Q1 [Historic]","FY2026 Q1 [Historic]","FY2026 Q1 [Historic]","FY2026 Q1 [Historic]","FY2026 Q1 [Historic]","FY2026 Q1 [Historic]","FY2026 Q1 [Historic]","FY2026 Q1 [Historic]","FY2026 Q1 [Historic]","FY2026 Q1 [Historic]"
"JUBLCPL","Tier 2","10","FY2026","Q4","Historic","FY2026 Q4 [Historic]","FY2026 Q4 [Historic]","FY2026 Q4 [Historic]","FY2026 Q4 [Historic]","FY2026 Q4 [Historic]","FY2026 Q4 [Historic]","FY2026 Q4 [Historic]","FY2026 Q4 [Historic]","FY2026 Q4 [Historic]","FY2026 Q4 [Historic]"
"JUBLPHARMA","Tier 2","10","FY2026","Q4","Historic","FY2026 Q4 [Historic]","FY2026 Q4 [Historic]","FY2026 Q4 [Historic]","FY2026 Q4 [Historic]","FY2026 Q4 [Historic]","FY2026 Q4 [Historic]","FY2026 Q4 [Historic]","FY2026 Q4 [Historic]","FY2026 Q4 [Historic]","FY2026 Q4 [Historic]"
"JUSTDIAL","Tier 2","10","FY2026","Q4","Historic","FY2026 Q4 [Historic]","FY2026 Q4 [Historic]","FY2026 Q4 [Historic]","FY2026 Q4 [Historic]","FY2026 Q4 [Historic]","FY2026 Q4 [Historic]","FY2026 Q4 [Historic]","FY2026 Q4 [Historic]","FY2026 Q4 [Historic]","FY2026 Q4 [Historic]"
"KALPATARU","Tier 2","10","FY2026","Q4","Historic","FY2026 Q4 [Historic]","FY2026 Q4 [Historic]","FY2026 Q4 [Historic]","FY2026 Q4 [Historic]","FY2026 Q4 [Historic]","FY2026 Q4 [Historic]","FY2026 Q4 [Historic]","FY2026 Q4 [Historic]","FY2026 Q4 [Historic]","FY2026 Q4 [Historic]"
"KAPSTON","Tier 2","10","FY2026","Q4","Historic","FY2026 Q4 [Historic]","FY2026 Q4 [Historic]","FY2026 Q4 [Historic]","FY2026 Q4 [Historic]","FY2026 Q4 [Historic]","FY2026 Q4 [Historic]","FY2026 Q4 [Historic]","FY2026 Q4 [Historic]","FY2026 Q4 [Historic]","FY2026 Q4 [Historic]"
"KOPRAN","Tier 2","10","FY2026","Q4","Historic","FY2026 Q4 [Historic]","FY2026 Q4 [Historic]","FY2026 Q4 [Historic]","FY2026 Q4 [Historic]","FY2026 Q4 [Historic]","FY2026 Q4 [Historic]","FY2026 Q4 [Historic]","FY2026 Q4 [Historic]","FY2026 Q4 [Historic]","FY2026 Q4 [Historic]"
"KPL","Tier 2","10","FY2026","Q4","Historic","FY2026 Q4 [Historic]","FY2026 Q4 [Historic]","FY2026 Q4 [Historic]","FY2026 Q4 [Historic]","FY2026 Q4 [Historic]","FY2026 Q4 [Historic]","FY2026 Q4 [Historic]","FY2026 Q4 [Historic]","FY2026 Q4 [Historic]","FY2026 Q4 [Historic]"
"KPRMILL","Tier 2","10","FY2026","Q4","Historic","FY2026 Q4 [Historic]","FY2026 Q4 [Historic]","FY2026 Q4 [Historic]","FY2026 Q4 [Historic]","FY2026 Q4 [Historic]","FY2026 Q4 [Historic]","FY2026 Q4 [Historic]","FY2026 Q4 [Historic]","FY2026 Q4 [Historic]","FY2026 Q4 [Historic]"
"MAFATIND","Tier 2","10","FY2026","Q4","Historic","FY2026 Q4 [Historic]","FY2026 Q4 [Historic]","FY2026 Q4 [Historic]","FY2026 Q4 [Historic]","FY2026 Q4 [Historic]","FY2026 Q4 [Historic]","FY2026 Q4 [Historic]","FY2026 Q4 [Historic]","FY2026 Q4 [Historic]","FY2026 Q4 [Historic]"
"MAGADSUGAR","Tier 2","10","FY2026","Q4","Historic","FY2026 Q4 [Historic]","FY2026 Q4 [Historic]","FY2026 Q4 [Historic]","FY2026 Q4 [Historic]","FY2026 Q4 [Historic]","FY2026 Q4 [Historic]","FY2026 Q4 [Historic]","FY2026 Q4 [Historic]","FY2026 Q4 [Historic]","FY2026 Q4 [Historic]"
"MANINFRA","Tier 2","10","FY2026","Q4","Historic","FY2026 Q4 [Historic]","FY2026 Q4 [Historic]","FY2026 Q4 [Historic]","FY2026 Q4 [Historic]","FY2026 Q4 [Historic]","FY2026 Q4 [Historic]","FY2026 Q4 [Historic]","FY2026 Q4 [Historic]","FY2026 Q4 [Historic]","FY2026 Q4 [Historic]"
"MANORG","Tier 2","10","FY2026","Q4","Historic","FY2026 Q4 [Historic]","FY2026 Q4 [Historic]","FY2026 Q4 [Historic]","FY2026 Q4 [Historic]","FY2026 Q4 [Historic]","FY2026 Q4 [Historic]","FY2026 Q4 [Historic]","FY2026 Q4 [Historic]","FY2026 Q4 [Historic]","FY2026 Q4 [Historic]"
"MEGASTAR","Tier 2","10","FY2026","Q4","Historic","FY2026 Q4 [Historic]","FY2026 Q4 [Historic]","FY2026 Q4 [Historic]","FY2026 Q4 [Historic]","FY2026 Q4 [Historic]","FY2026 Q4 [Historic]","FY2026 Q4 [Historic]","FY2026 Q4 [Historic]","FY2026 Q4 [Historic]","FY2026 Q4 [Historic]"
"MMP","Tier 2","10","FY2026","Q4","Historic","FY2026 Q4 [Historic]","FY2026 Q4 [Historic]","FY2026 Q4 [Historic]","FY2026 Q4 [Historic]","FY2026 Q4 [Historic]","FY2026 Q4 [Historic]","FY2026 Q4 [Historic]","FY2026 Q4 [Historic]","FY2026 Q4 [Historic]","FY2026 Q4 [Historic]"
"MODINATUR","Tier 2","10","FY2026","Q3","Historic","FY2026 Q3 [Historic]","FY2026 Q3 [Historic]","FY2026 Q3 [Historic]","FY2026 Q3 [Historic]","FY2026 Q3 [Historic]","FY2026 Q3 [Historic]","FY2026 Q3 [Historic]","FY2026 Q3 [Historic]","FY2026 Q3 [Historic]","FY2026 Q3 [Historic]"
"MODIS","Tier 2","10","FY2026","Q3","Historic","FY2026 Q3 [Historic]","FY2026 Q3 [Historic]","FY2026 Q3 [Historic]","FY2026 Q3 [Historic]","FY2026 Q3 [Historic]","FY2026 Q3 [Historic]","FY2026 Q3 [Historic]","FY2026 Q3 [Historic]","FY2026 Q3 [Historic]","FY2026 Q3 [Historic]"
"MOIL","Tier 2","10","FY2026","Q4","Historic","FY2026 Q4 [Historic]","FY2026 Q4 [Historic]","FY2026 Q4 [Historic]","FY2026 Q4 [Historic]","FY2026 Q4 [Historic]","FY2026 Q4 [Historic]","FY2026 Q4 [Historic]","FY2026 Q4 [Historic]","FY2026 Q4 [Historic]","FY2026 Q4 [Historic]"
"MWL","Tier 2","10","FY2026","Q4","Historic","FY2026 Q4 [Historic]","FY2026 Q4 [Historic]","FY2026 Q4 [Historic]","FY2026 Q4 [Historic]","FY2026 Q4 [Historic]","FY2026 Q4 [Historic]","FY2026 Q4 [Historic]","FY2026 Q4 [Historic]","FY2026 Q4 [Historic]","FY2026 Q4 [Historic]"
"NRBBEARING","Tier 2","10","FY2026","Q4","Historic","FY2026 Q4 [Historic]","FY2026 Q4 [Historic]","FY2026 Q4 [Historic]","FY2026 Q4 [Historic]","FY2026 Q4 [Historic]","FY2026 Q4 [Historic]","FY2026 Q4 [Historic]","FY2026 Q4 [Historic]","FY2026 Q4 [Historic]","FY2026 Q4 [Historic]"
"PGHH","Tier 2","10","FY2026","Q4","Historic","FY2026 Q4 [Historic]","FY2026 Q4 [Historic]","FY2026 Q4 [Historic]","FY2026 Q4 [Historic]","FY2026 Q4 [Historic]","FY2026 Q4 [Historic]","FY2026 Q4 [Historic]","FY2026 Q4 [Historic]","FY2026 Q4 [Historic]","FY2026 Q4 [Historic]"
"PICCADIL","Tier 2","10","FY2026","Q4","Historic","FY2026 Q4 [Historic]","FY2026 Q4 [Historic]","FY2026 Q4 [Historic]","FY2026 Q4 [Historic]","FY2026 Q4 [Historic]","FY2026 Q4 [Historic]","FY2026 Q4 [Historic]","FY2026 Q4 [Historic]","FY2026 Q4 [Historic]","FY2026 Q4 [Historic]"
"PLATIND","Tier 2","10","FY2026","Q4","Historic","FY2026 Q4 [Historic]","FY2026 Q4 [Historic]","FY2026 Q4 [Historic]","FY2026 Q4 [Historic]","FY2026 Q4 [Historic]","FY2026 Q4 [Historic]","FY2026 Q4 [Historic]","FY2026 Q4 [Historic]","FY2026 Q4 [Historic]","FY2026 Q4 [Historic]"
"POLYPLEX","Tier 2","10","FY2026","Q4","Historic","FY2026 Q4 [Historic]","FY2026 Q4 [Historic]","FY2026 Q4 [Historic]","FY2026 Q4 [Historic]","FY2026 Q4 [Historic]","FY2026 Q4 [Historic]","FY2026 Q4 [Historic]","FY2026 Q4 [Historic]","FY2026 Q4 [Historic]","FY2026 Q4 [Historic]"
"PRITIKAUTO","Tier 2","10","FY2026","Q4","Historic","FY2026 Q4 [Historic]","FY2026 Q4 [Historic]","FY2026 Q4 [Historic]","FY2026 Q4 [Historic]","FY2026 Q4 [Historic]","FY2026 Q4 [Historic]","FY2026 Q4 [Historic]","FY2026 Q4 [Historic]","FY2026 Q4 [Historic]","FY2026 Q4 [Historic]"
"PROSTARM","Tier 2","10","FY2026","Q4","Historic","FY2026 Q4 [Historic]","FY2026 Q4 [Historic]","FY2026 Q4 [Historic]","FY2026 Q4 [Historic]","FY2026 Q4 [Historic]","FY2026 Q4 [Historic]","FY2026 Q4 [Historic]","FY2026 Q4 [Historic]","FY2026 Q4 [Historic]","FY2026 Q4 [Historic]"
"PRSMJOHNSN","Tier 2","10","FY2026","Q4","Historic","FY2026 Q4 [Historic]","FY2026 Q4 [Historic]","FY2026 Q4 [Historic]","FY2026 Q4 [Historic]","FY2026 Q4 [Historic]","FY2026 Q4 [Historic]","FY2026 Q4 [Historic]","FY2026 Q4 [Historic]","FY2026 Q4 [Historic]","FY2026 Q4 [Historic]"
"QUADFUTURE","Tier 2","10","FY2026","Q4","Historic","FY2026 Q4 [Historic]","FY2026 Q4 [Historic]","FY2026 Q4 [Historic]","FY2026 Q4 [Historic]","FY2026 Q4 [Historic]","FY2026 Q4 [Historic]","FY2026 Q4 [Historic]","FY2026 Q4 [Historic]","FY2026 Q4 [Historic]","FY2026 Q4 [Historic]"
"RAMRAT","Tier 2","10","FY2026","Q4","Historic","FY2026 Q4 [Historic]","FY2026 Q4 [Historic]","FY2026 Q4 [Historic]","FY2026 Q4 [Historic]","FY2026 Q4 [Historic]","FY2026 Q4 [Historic]","FY2026 Q4 [Historic]","FY2026 Q4 [Historic]","FY2026 Q4 [Historic]","FY2026 Q4 [Historic]"
"REDTAPE","Tier 2","10","FY2026","Q4","Historic","FY2026 Q4 [Historic]","FY2026 Q4 [Historic]","FY2026 Q4 [Historic]","FY2026 Q4 [Historic]","FY2026 Q4 [Historic]","FY2026 Q4 [Historic]","FY2026 Q4 [Historic]","FY2026 Q4 [Historic]","FY2026 Q4 [Historic]","FY2026 Q4 [Historic]"
"RELIGARE","Tier 2","10","FY2026","Q4","Historic","FY2026 Q4 [Historic]","FY2026 Q4 [Historic]","FY2026 Q4 [Historic]","FY2026 Q4 [Historic]","FY2026 Q4 [Historic]","FY2026 Q4 [Historic]","FY2026 Q4 [Historic]","FY2026 Q4 [Historic]","FY2026 Q4 [Historic]","FY2026 Q4 [Historic]"
"REPL","Tier 2","10","FY2026","Q3","Historic","FY2026 Q3 [Historic]","FY2026 Q3 [Historic]","FY2026 Q3 [Historic]","FY2026 Q3 [Historic]","FY2026 Q3 [Historic]","FY2026 Q3 [Historic]","FY2026 Q3 [Historic]","FY2026 Q3 [Historic]","FY2026 Q3 [Historic]","FY2026 Q3 [Historic]"
"REPRO","Tier 2","10","FY2026","Q4","Historic","FY2026 Q4 [Historic]","FY2026 Q4 [Historic]","FY2026 Q4 [Historic]","FY2026 Q4 [Historic]","FY2026 Q4 [Historic]","FY2026 Q4 [Historic]","FY2026 Q4 [Historic]","FY2026 Q4 [Historic]","FY2026 Q4 [Historic]","FY2026 Q4 [Historic]"
"RKSWAMY","Tier 2","10","FY2026","Q4","Historic","FY2026 Q4 [Historic]","FY2026 Q4 [Historic]","FY2026 Q4 [Historic]","FY2026 Q4 [Historic]","FY2026 Q4 [Historic]","FY2026 Q4 [Historic]","FY2026 Q4 [Historic]","FY2026 Q4 [Historic]","FY2026 Q4 [Historic]","FY2026 Q4 [Historic]"
"RML","Tier 2","10","FY2026","Q4","Historic","FY2026 Q4 [Historic]","FY2026 Q4 [Historic]","FY2026 Q4 [Historic]","FY2026 Q4 [Historic]","FY2026 Q4 [Historic]","FY2026 Q4 [Historic]","FY2026 Q4 [Historic]","FY2026 Q4 [Historic]","FY2026 Q4 [Historic]","FY2026 Q4 [Historic]"
"RTNINDIA","Tier 2","10","FY2026","Q4","Historic","FY2026 Q4 [Historic]","FY2026 Q4 [Historic]","FY2026 Q4 [Historic]","FY2026 Q4 [Historic]","FY2026 Q4 [Historic]","FY2026 Q4 [Historic]","FY2026 Q4 [Historic]","FY2026 Q4 [Historic]","FY2026 Q4 [Historic]","FY2026 Q4 [Historic]"
"SAKAR","Tier 2","10","FY2026","Q4","Historic","FY2026 Q4 [Historic]","FY2026 Q4 [Historic]","FY2026 Q4 [Historic]","FY2026 Q4 [Historic]","FY2026 Q4 [Historic]","FY2026 Q4 [Historic]","FY2026 Q4 [Historic]","FY2026 Q4 [Historic]","FY2026 Q4 [Historic]","FY2026 Q4 [Historic]"
"SANDUMA","Tier 2","10","FY2026","Q4","Historic","FY2026 Q4 [Historic]","FY2026 Q4 [Historic]","FY2026 Q4 [Historic]","FY2026 Q4 [Historic]","FY2026 Q4 [Historic]","FY2026 Q4 [Historic]","FY2026 Q4 [Historic]","FY2026 Q4 [Historic]","FY2026 Q4 [Historic]","FY2026 Q4 [Historic]"
"SASKEN","Tier 2","10","FY2026","Q4","Historic","FY2026 Q4 [Historic]","FY2026 Q4 [Historic]","FY2026 Q4 [Historic]","FY2026 Q4 [Historic]","FY2026 Q4 [Historic]","FY2026 Q4 [Historic]","FY2026 Q4 [Historic]","FY2026 Q4 [Historic]","FY2026 Q4 [Historic]","FY2026 Q4 [Historic]"
"SCI","Tier 2","10","FY2026","Q4","Historic","FY2026 Q4 [Historic]","FY2026 Q4 [Historic]","FY2026 Q4 [Historic]","FY2026 Q4 [Historic]","FY2026 Q4 [Historic]","FY2026 Q4 [Historic]","FY2026 Q4 [Historic]","FY2026 Q4 [Historic]","FY2026 Q4 [Historic]","FY2026 Q4 [Historic]"
"SILVERTUC","Tier 2","10","FY2026","Q3","Historic","FY2026 Q3 [Historic]","FY2026 Q3 [Historic]","FY2026 Q3 [Historic]","FY2026 Q3 [Historic]","FY2026 Q3 [Historic]","FY2026 Q3 [Historic]","FY2026 Q3 [Historic]","FY2026 Q3 [Historic]","FY2026 Q3 [Historic]","FY2026 Q3 [Historic]"
"SMARTWORKS","Tier 2","10","FY2026","Q4","Historic","FY2026 Q4 [Historic]","FY2026 Q4 [Historic]","FY2026 Q4 [Historic]","FY2026 Q4 [Historic]","FY2026 Q4 [Historic]","FY2026 Q4 [Historic]","FY2026 Q4 [Historic]","FY2026 Q4 [Historic]","FY2026 Q4 [Historic]","FY2026 Q4 [Historic]"
"SOTL","Tier 2","10","FY2026","Q4","Historic","FY2026 Q4 [Historic]","FY2026 Q4 [Historic]","FY2026 Q4 [Historic]","FY2026 Q4 [Historic]","FY2026 Q4 [Historic]","FY2026 Q4 [Historic]","FY2026 Q4 [Historic]","FY2026 Q4 [Historic]","FY2026 Q4 [Historic]","FY2026 Q4 [Historic]"
"SPARC","Tier 2","10","FY2026","Q3","Historic","FY2026 Q3 [Historic]","FY2026 Q3 [Historic]","FY2026 Q3 [Historic]","FY2026 Q3 [Historic]","FY2026 Q3 [Historic]","FY2026 Q3 [Historic]","FY2026 Q3 [Historic]","FY2026 Q3 [Historic]","FY2026 Q3 [Historic]","FY2026 Q3 [Historic]"
"STYLAMIND","Tier 2","10","FY2026","Q4","Historic","FY2026 Q4 [Historic]","FY2026 Q4 [Historic]","FY2026 Q4 [Historic]","FY2026 Q4 [Historic]","FY2026 Q4 [Historic]","FY2026 Q4 [Historic]","FY2026 Q4 [Historic]","FY2026 Q4 [Historic]","FY2026 Q4 [Historic]","FY2026 Q4 [Historic]"
"SYSTMTXC","Tier 2","10","FY2026","Q4","Historic","FY2026 Q4 [Historic]","FY2026 Q4 [Historic]","FY2026 Q4 [Historic]","FY2026 Q4 [Historic]","FY2026 Q4 [Historic]","FY2026 Q4 [Historic]","FY2026 Q4 [Historic]","FY2026 Q4 [Historic]","FY2026 Q4 [Historic]","FY2026 Q4 [Historic]"
"TBZ","Tier 2","10","FY2026","Q4","Historic","FY2026 Q4 [Historic]","FY2026 Q4 [Historic]","FY2026 Q4 [Historic]","FY2026 Q4 [Historic]","FY2026 Q4 [Historic]","FY2026 Q4 [Historic]","FY2026 Q4 [Historic]","FY2026 Q4 [Historic]","FY2026 Q4 [Historic]","FY2026 Q4 [Historic]"
"TIL","Tier 2","10","FY2025","Q4","Historic","FY2025 Q4 [Historic]","FY2025 Q4 [Historic]","FY2025 Q4 [Historic]","FY2025 Q4 [Historic]","FY2025 Q4 [Historic]","FY2025 Q4 [Historic]","FY2025 Q4 [Historic]","FY2025 Q4 [Historic]","FY2025 Q4 [Historic]","FY2025 Q4 [Historic]"
"TIMEX","Tier 2","10","FY2026","Q4","Historic","FY2026 Q4 [Historic]","FY2026 Q4 [Historic]","FY2026 Q4 [Historic]","FY2026 Q4 [Historic]","FY2026 Q4 [Historic]","FY2026 Q4 [Historic]","FY2026 Q4 [Historic]","FY2026 Q4 [Historic]","FY2026 Q4 [Historic]","FY2026 Q4 [Historic]"
"TRANSPEK","Tier 2","10","FY2026","Q4","Historic","FY2026 Q4 [Historic]","FY2026 Q4 [Historic]","FY2026 Q4 [Historic]","FY2026 Q4 [Historic]","FY2026 Q4 [Historic]","FY2026 Q4 [Historic]","FY2026 Q4 [Historic]","FY2026 Q4 [Historic]","FY2026 Q4 [Historic]","FY2026 Q4 [Historic]"
"TREL","Tier 2","10","FY2025","Q4","Historic","FY2025 Q4 [Historic]","FY2025 Q4 [Historic]","FY2025 Q4 [Historic]","FY2025 Q4 [Historic]","FY2025 Q4 [Historic]","FY2025 Q4 [Historic]","FY2025 Q4 [Historic]","FY2025 Q4 [Historic]","FY2025 Q4 [Historic]","FY2025 Q4 [Historic]"
"TRENT","Tier 2","10","FY2026","Q4","Historic","FY2026 Q4 [Historic]","FY2026 Q4 [Historic]","FY2026 Q4 [Historic]","FY2026 Q4 [Historic]","FY2026 Q4 [Historic]","FY2026 Q4 [Historic]","FY2026 Q4 [Historic]","FY2026 Q4 [Historic]","FY2026 Q4 [Historic]","FY2026 Q4 [Historic]"
"TRIDENT","Tier 2","10","FY2026","Q4","Historic","FY2026 Q4 [Historic]","FY2026 Q4 [Historic]","FY2026 Q4 [Historic]","FY2026 Q4 [Historic]","FY2026 Q4 [Historic]","FY2026 Q4 [Historic]","FY2026 Q4 [Historic]","FY2026 Q4 [Historic]","FY2026 Q4 [Historic]","FY2026 Q4 [Historic]"
"TVSELECT","Tier 2","10","FY2026","Q4","Historic","FY2026 Q4 [Historic]","FY2026 Q4 [Historic]","FY2026 Q4 [Historic]","FY2026 Q4 [Historic]","FY2026 Q4 [Historic]","FY2026 Q4 [Historic]","FY2026 Q4 [Historic]","FY2026 Q4 [Historic]","FY2026 Q4 [Historic]","FY2026 Q4 [Historic]"
"UNIVASTU","Tier 2","10","FY2026","Q4","Historic","FY2026 Q4 [Historic]","FY2026 Q4 [Historic]","FY2026 Q4 [Historic]","FY2026 Q4 [Historic]","FY2026 Q4 [Historic]","FY2026 Q4 [Historic]","FY2026 Q4 [Historic]","FY2026 Q4 [Historic]","FY2026 Q4 [Historic]","FY2026 Q4 [Historic]"
"VALIANTORG","Tier 2","10","FY2026","Q4","Historic","FY2026 Q4 [Historic]","FY2026 Q4 [Historic]","FY2026 Q4 [Historic]","FY2026 Q4 [Historic]","FY2026 Q4 [Historic]","FY2026 Q4 [Historic]","FY2026 Q4 [Historic]","FY2026 Q4 [Historic]","FY2026 Q4 [Historic]","FY2026 Q4 [Historic]"
"VIKRAN","Tier 2","10","FY2026","Q4","Historic","FY2026 Q4 [Historic]","FY2026 Q4 [Historic]","FY2026 Q4 [Historic]","FY2026 Q4 [Historic]","FY2026 Q4 [Historic]","FY2026 Q4 [Historic]","FY2026 Q4 [Historic]","FY2026 Q4 [Historic]","FY2026 Q4 [Historic]","FY2026 Q4 [Historic]"
"WEALTH","Tier 2","10","FY2026","Q4","Historic","FY2026 Q4 [Historic]","FY2026 Q4 [Historic]","FY2026 Q4 [Historic]","FY2026 Q4 [Historic]","FY2026 Q4 [Historic]","FY2026 Q4 [Historic]","FY2026 Q4 [Historic]","FY2026 Q4 [Historic]","FY2026 Q4 [Historic]","FY2026 Q4 [Historic]"
"WEBELSOLAR","Tier 2","10","FY2026","Q4","Historic","FY2026 Q4 [Historic]","FY2026 Q4 [Historic]","FY2026 Q4 [Historic]","FY2026 Q4 [Historic]","FY2026 Q4 [Historic]","FY2026 Q4 [Historic]","FY2026 Q4 [Historic]","FY2026 Q4 [Historic]","FY2026 Q4 [Historic]","FY2026 Q4 [Historic]"
"WOCKPHARMA","Tier 2","10","FY2026","Q4","Historic","FY2026 Q4 [Historic]","FY2026 Q4 [Historic]","FY2026 Q4 [Historic]","FY2026 Q4 [Historic]","FY2026 Q4 [Historic]","FY2026 Q4 [Historic]","FY2026 Q4 [Historic]","FY2026 Q4 [Historic]","FY2026 Q4 [Historic]","FY2026 Q4 [Historic]"
"3MINDIA","Tier 3","10","FY2026","Q4","Historic","FY2026 Q4 [Historic]","FY2026 Q4 [Historic]","FY2026 Q4 [Historic]","FY2026 Q4 [Historic]","FY2026 Q4 [Historic]","FY2026 Q4 [Historic]","FY2026 Q4 [Historic]","FY2026 Q4 [Historic]","FY2026 Q4 [Historic]","FY2026 Q4 [Historic]"
"63MOONS","Tier 3","10","FY2026","Q4","Historic","FY2026 Q4 [Historic]","FY2026 Q4 [Historic]","FY2026 Q4 [Historic]","FY2026 Q4 [Historic]","FY2026 Q4 [Historic]","FY2026 Q4 [Historic]","FY2026 Q4 [Historic]","FY2026 Q4 [Historic]","FY2026 Q4 [Historic]","FY2026 Q4 [Historic]"
"AARTISURF","Tier 3","10","FY2026","Q4","Historic","FY2026 Q4 [Historic]","FY2026 Q4 [Historic]","FY2026 Q4 [Historic]","FY2026 Q4 [Historic]","FY2026 Q4 [Historic]","FY2026 Q4 [Historic]","FY2026 Q4 [Historic]","FY2026 Q4 [Historic]","FY2026 Q4 [Historic]","FY2026 Q4 [Historic]"
"ABANSENT","Tier 3","10","FY2026","Q4","Historic","FY2026 Q4 [Historic]","FY2026 Q4 [Historic]","FY2026 Q4 [Historic]","FY2026 Q4 [Historic]","FY2026 Q4 [Historic]","FY2026 Q4 [Historic]","FY2026 Q4 [Historic]","FY2026 Q4 [Historic]","FY2026 Q4 [Historic]","FY2026 Q4 [Historic]"
"ABBOTINDIA","Tier 3","10","FY2026","Q4","Historic","FY2026 Q4 [Historic]","FY2026 Q4 [Historic]","FY2026 Q4 [Historic]","FY2026 Q4 [Historic]","FY2026 Q4 [Historic]","FY2026 Q4 [Historic]","FY2026 Q4 [Historic]","FY2026 Q4 [Historic]","FY2026 Q4 [Historic]","FY2026 Q4 [Historic]"
"ABMKNO","Tier 3","10","FY2026","Q4","Historic","FY2026 Q4 [Historic]","FY2026 Q4 [Historic]","FY2026 Q4 [Historic]","FY2026 Q4 [Historic]","FY2026 Q4 [Historic]","FY2026 Q4 [Historic]","FY2026 Q4 [Historic]","FY2026 Q4 [Historic]","FY2026 Q4 [Historic]","FY2026 Q4 [Historic]"
"ACL","Tier 3","10","FY2026","Q4","Historic","FY2026 Q4 [Historic]","FY2026 Q4 [Historic]","FY2026 Q4 [Historic]","FY2026 Q4 [Historic]","FY2026 Q4 [Historic]","FY2026 Q4 [Historic]","FY2026 Q4 [Historic]","FY2026 Q4 [Historic]","FY2026 Q4 [Historic]","FY2026 Q4 [Historic]"
"AGARIND","Tier 3","10","FY2026","Q4","Historic","FY2026 Q4 [Historic]","FY2026 Q4 [Historic]","FY2026 Q4 [Historic]","FY2026 Q4 [Historic]","FY2026 Q4 [Historic]","FY2026 Q4 [Historic]","FY2026 Q4 [Historic]","FY2026 Q4 [Historic]","FY2026 Q4 [Historic]","FY2026 Q4 [Historic]"
"AHLEAST","Tier 3","10","FY2026","Q4","Historic","FY2026 Q4 [Historic]","FY2026 Q4 [Historic]","FY2026 Q4 [Historic]","FY2026 Q4 [Historic]","FY2026 Q4 [Historic]","FY2026 Q4 [Historic]","FY2026 Q4 [Historic]","FY2026 Q4 [Historic]","FY2026 Q4 [Historic]","FY2026 Q4 [Historic]"
"AHLWEST","Tier 3","10","FY2026","Q4","Historic","FY2026 Q4 [Historic]","FY2026 Q4 [Historic]","FY2026 Q4 [Historic]","FY2026 Q4 [Historic]","FY2026 Q4 [Historic]","FY2026 Q4 [Historic]","FY2026 Q4 [Historic]","FY2026 Q4 [Historic]","FY2026 Q4 [Historic]","FY2026 Q4 [Historic]"
"AKCAPIT","Tier 3","10","FY2026","Q4","Historic","FY2026 Q4 [Historic]","FY2026 Q4 [Historic]","FY2026 Q4 [Historic]","FY2026 Q4 [Historic]","FY2026 Q4 [Historic]","FY2026 Q4 [Historic]","FY2026 Q4 [Historic]","FY2026 Q4 [Historic]","FY2026 Q4 [Historic]","FY2026 Q4 [Historic]"
"AKSHARCHEM","Tier 3","10","FY2026","Q4","Historic","FY2026 Q4 [Historic]","FY2026 Q4 [Historic]","FY2026 Q4 [Historic]","FY2026 Q4 [Historic]","FY2026 Q4 [Historic]","FY2026 Q4 [Historic]","FY2026 Q4 [Historic]","FY2026 Q4 [Historic]","FY2026 Q4 [Historic]","FY2026 Q4 [Historic]"
"AKSHOPTFBR","Tier 3","10","FY2026","Q4","Historic","FY2026 Q4 [Historic]","FY2026 Q4 [Historic]","FY2026 Q4 [Historic]","FY2026 Q4 [Historic]","FY2026 Q4 [Historic]","FY2026 Q4 [Historic]","FY2026 Q4 [Historic]","FY2026 Q4 [Historic]","FY2026 Q4 [Historic]","FY2026 Q4 [Historic]"
"ALANKIT","Tier 3","10","FY2026","Q4","Historic","FY2026 Q4 [Historic]","FY2021 Q2 [Historic]","FY2021 Q2 [Historic]","FY2021 Q2 [Historic]","FY2026 Q4 [Historic]","FY2021 Q2 [Historic]","FY2021 Q2 [Historic]","FY2021 Q2 [Historic]","FY2026 Q4 [Historic]","FY2021 Q2 [Historic]"
"ALBERTDAVD","Tier 3","10","FY2026","Q4","Historic","FY2026 Q4 [Historic]","FY2026 Q4 [Historic]","FY2026 Q4 [Historic]","FY2026 Q4 [Historic]","FY2026 Q4 [Historic]","FY2026 Q4 [Historic]","FY2026 Q4 [Historic]","FY2026 Q4 [Historic]","FY2026 Q4 [Historic]","FY2026 Q4 [Historic]"
"ALEMBICLTD","Tier 3","10","FY2026","Q4","Historic","FY2026 Q4 [Historic]","FY2026 Q4 [Historic]","FY2026 Q4 [Historic]","FY2026 Q4 [Historic]","FY2026 Q4 [Historic]","FY2026 Q4 [Historic]","FY2026 Q4 [Historic]","FY2026 Q4 [Historic]","FY2026 Q4 [Historic]","FY2026 Q4 [Historic]"
"ALGOQUANT","Tier 3","10","FY2026","Q4","Historic","FY2026 Q4 [Historic]","FY2026 Q4 [Historic]","FY2026 Q4 [Historic]","FY2026 Q4 [Historic]","FY2026 Q4 [Historic]","FY2026 Q4 [Historic]","FY2026 Q4 [Historic]","FY2026 Q4 [Historic]","FY2026 Q4 [Historic]","FY2026 Q4 [Historic]"
"ALOKINDS","Tier 3","10","FY2026","Q4","Historic","FY2026 Q4 [Historic]","FY2026 Q4 [Historic]","FY2026 Q4 [Historic]","FY2026 Q4 [Historic]","FY2026 Q4 [Historic]","FY2026 Q4 [Historic]","FY2026 Q4 [Historic]","FY2026 Q4 [Historic]","FY2026 Q4 [Historic]","FY2026 Q4 [Historic]"
"ALPHAGEO","Tier 3","10","FY2026","Q4","Historic","FY2026 Q4 [Historic]","FY2026 Q4 [Historic]","FY2026 Q4 [Historic]","FY2026 Q4 [Historic]","FY2026 Q4 [Historic]","FY2026 Q4 [Historic]","FY2026 Q4 [Historic]","FY2026 Q4 [Historic]","FY2026 Q4 [Historic]","FY2026 Q4 [Historic]"
"AMBALALSA","Tier 3","10","FY2026","Q4","Historic","FY2026 Q4 [Historic]","FY2026 Q4 [Historic]","FY2026 Q4 [Historic]","FY2026 Q4 [Historic]","FY2026 Q4 [Historic]","FY2026 Q4 [Historic]","FY2026 Q4 [Historic]","FY2026 Q4 [Historic]","FY2026 Q4 [Historic]","FY2026 Q4 [Historic]"
"AMBIKCO","Tier 3","10","FY2026","Q4","Historic","FY2026 Q4 [Historic]","FY2026 Q4 [Historic]","FY2026 Q4 [Historic]","FY2026 Q4 [Historic]","FY2026 Q4 [Historic]","FY2026 Q4 [Historic]","FY2026 Q4 [Historic]","FY2026 Q4 [Historic]","FY2026 Q4 [Historic]","FY2026 Q4 [Historic]"
"AMJLAND","Tier 3","10","FY2026","Q4","Historic","FY2026 Q4 [Historic]","FY2026 Q4 [Historic]","FY2026 Q4 [Historic]","FY2026 Q4 [Historic]","FY2026 Q4 [Historic]","FY2026 Q4 [Historic]","FY2026 Q4 [Historic]","FY2026 Q4 [Historic]","FY2026 Q4 [Historic]","FY2026 Q4 [Historic]"
"AMNPLST","Tier 3","10","FY2026","Q4","Historic","FY2026 Q4 [Historic]","FY2026 Q4 [Historic]","FY2026 Q4 [Historic]","FY2026 Q4 [Historic]","FY2026 Q4 [Historic]","FY2026 Q4 [Historic]","FY2026 Q4 [Historic]","FY2026 Q4 [Historic]","FY2026 Q4 [Historic]","FY2026 Q4 [Historic]"
"ANDHRAPAP","Tier 3","10","FY2026","Q4","Historic","FY2026 Q4 [Historic]","FY2026 Q4 [Historic]","FY2026 Q4 [Historic]","FY2026 Q4 [Historic]","FY2026 Q4 [Historic]","FY2026 Q4 [Historic]","FY2026 Q4 [Historic]","FY2026 Q4 [Historic]","FY2026 Q4 [Historic]","FY2026 Q4 [Historic]"
"APCL","Tier 3","10","FY2026","Q4","Historic","FY2026 Q4 [Historic]","FY2026 Q4 [Historic]","FY2026 Q4 [Historic]","FY2026 Q4 [Historic]","FY2026 Q4 [Historic]","FY2026 Q4 [Historic]","FY2026 Q4 [Historic]","FY2026 Q4 [Historic]","FY2026 Q4 [Historic]","FY2026 Q4 [Historic]"
"APOLSINHOT","Tier 3","10","FY2026","Q4","Historic","FY2026 Q4 [Historic]","FY2026 Q4 [Historic]","FY2026 Q4 [Historic]","FY2026 Q4 [Historic]","FY2026 Q4 [Historic]","FY2026 Q4 [Historic]","FY2026 Q4 [Historic]","FY2026 Q4 [Historic]","FY2026 Q4 [Historic]","FY2026 Q4 [Historic]"
"APTECHT","Tier 3","10","FY2026","Q4","Historic","FY2026 Q4 [Historic]","FY2026 Q4 [Historic]","FY2026 Q4 [Historic]","FY2026 Q4 [Historic]","FY2026 Q4 [Historic]","FY2026 Q4 [Historic]","FY2026 Q4 [Historic]","FY2026 Q4 [Historic]","FY2026 Q4 [Historic]","FY2026 Q4 [Historic]"
"ARFIN","Tier 3","10","FY2026","Q4","Historic","FY2026 Q4 [Historic]","FY2026 Q4 [Historic]","FY2026 Q4 [Historic]","FY2026 Q4 [Historic]","FY2026 Q4 [Historic]","FY2026 Q4 [Historic]","FY2026 Q4 [Historic]","FY2026 Q4 [Historic]","FY2026 Q4 [Historic]","FY2026 Q4 [Historic]"
"ARIES","Tier 3","10","FY2026","Q4","Historic","FY2026 Q4 [Historic]","FY2026 Q4 [Historic]","FY2026 Q4 [Historic]","FY2026 Q4 [Historic]","FY2026 Q4 [Historic]","FY2026 Q4 [Historic]","FY2026 Q4 [Historic]","FY2026 Q4 [Historic]","FY2026 Q4 [Historic]","FY2026 Q4 [Historic]"
"ASAHIINDIA","Tier 3","10","FY2026","Q4","Historic","FY2026 Q4 [Historic]","FY2026 Q4 [Historic]","FY2026 Q4 [Historic]","FY2026 Q4 [Historic]","FY2026 Q4 [Historic]","FY2026 Q4 [Historic]","FY2026 Q4 [Historic]","FY2026 Q4 [Historic]","FY2026 Q4 [Historic]","FY2026 Q4 [Historic]"
"ASAL","Tier 3","10","FY2026","Q4","Historic","FY2026 Q4 [Historic]","FY2026 Q4 [Historic]","FY2026 Q4 [Historic]","FY2026 Q4 [Historic]","FY2026 Q4 [Historic]","FY2026 Q4 [Historic]","FY2026 Q4 [Historic]","FY2026 Q4 [Historic]","FY2026 Q4 [Historic]","FY2026 Q4 [Historic]"
"ASMS","Tier 3","10","FY2026","Q4","Historic","FY2026 Q4 [Historic]","FY2026 Q4 [Historic]","FY2026 Q4 [Historic]","FY2026 Q4 [Historic]","FY2026 Q4 [Historic]","FY2026 Q4 [Historic]","FY2026 Q4 [Historic]","FY2026 Q4 [Historic]","FY2026 Q4 [Historic]","FY2026 Q4 [Historic]"
"ASPINWALL","Tier 3","10","FY2026","Q4","Historic","FY2026 Q4 [Historic]","FY2026 Q4 [Historic]","FY2026 Q4 [Historic]","FY2026 Q4 [Historic]","FY2026 Q4 [Historic]","FY2026 Q4 [Historic]","FY2026 Q4 [Historic]","FY2026 Q4 [Historic]","FY2026 Q4 [Historic]","FY2026 Q4 [Historic]"
"ASTEC","Tier 3","10","FY2026","Q4","Historic","FY2026 Q4 [Historic]","FY2026 Q4 [Historic]","FY2026 Q4 [Historic]","FY2026 Q4 [Historic]","FY2026 Q4 [Historic]","FY2026 Q4 [Historic]","FY2026 Q4 [Historic]","FY2026 Q4 [Historic]","FY2026 Q4 [Historic]","FY2026 Q4 [Historic]"
"ASTRAZEN","Tier 3","10","FY2026","Q4","Historic","FY2026 Q4 [Historic]","FY2026 Q4 [Historic]","FY2026 Q4 [Historic]","FY2026 Q4 [Historic]","FY2026 Q4 [Historic]","FY2026 Q4 [Historic]","FY2026 Q4 [Historic]","FY2026 Q4 [Historic]","FY2026 Q4 [Historic]","FY2026 Q4 [Historic]"
"ATLANTAA","Tier 3","10","FY2026","Q4","Historic","FY2026 Q4 [Historic]","FY2026 Q4 [Historic]","FY2026 Q4 [Historic]","FY2026 Q4 [Historic]","FY2026 Q4 [Historic]","FY2026 Q4 [Historic]","FY2026 Q4 [Historic]","FY2026 Q4 [Historic]","FY2026 Q4 [Historic]","FY2026 Q4 [Historic]"
"ATULAUTO","Tier 3","10","FY2026","Q4","Historic","FY2026 Q4 [Historic]","FY2026 Q4 [Historic]","FY2026 Q4 [Historic]","FY2026 Q4 [Historic]","FY2026 Q4 [Historic]","FY2026 Q4 [Historic]","FY2026 Q4 [Historic]","FY2026 Q4 [Historic]","FY2026 Q4 [Historic]","FY2026 Q4 [Historic]"
"AVTNPL","Tier 3","10","FY2026","Q4","Historic","FY2026 Q4 [Historic]","FY2026 Q4 [Historic]","FY2026 Q4 [Historic]","FY2026 Q4 [Historic]","FY2026 Q4 [Historic]","FY2026 Q4 [Historic]","FY2026 Q4 [Historic]","FY2026 Q4 [Historic]","FY2026 Q4 [Historic]","FY2026 Q4 [Historic]"
"AXITA","Tier 3","10","FY2026","Q4","Historic","FY2026 Q4 [Historic]","FY2026 Q4 [Historic]","FY2026 Q4 [Historic]","FY2026 Q4 [Historic]","FY2026 Q4 [Historic]","FY2026 Q4 [Historic]","FY2026 Q4 [Historic]","FY2026 Q4 [Historic]","FY2026 Q4 [Historic]","FY2026 Q4 [Historic]"
"BAFNAPH","Tier 3","10","FY2026","Q4","Historic","FY2026 Q4 [Historic]","FY2026 Q4 [Historic]","FY2026 Q4 [Historic]","FY2026 Q4 [Historic]","FY2026 Q4 [Historic]","FY2026 Q4 [Historic]","FY2026 Q4 [Historic]","FY2026 Q4 [Historic]","FY2026 Q4 [Historic]","FY2026 Q4 [Historic]"
"BAJAJHCARE","Tier 3","10","FY2026","Q4","Historic","FY2026 Q4 [Historic]","FY2026 Q4 [Historic]","FY2026 Q4 [Historic]","FY2026 Q4 [Historic]","FY2026 Q4 [Historic]","FY2026 Q4 [Historic]","FY2026 Q4 [Historic]","FY2026 Q4 [Historic]","FY2026 Q4 [Historic]","FY2026 Q4 [Historic]"
"BAJAJHIND","Tier 3","10","FY2026","Q4","Historic","FY2026 Q4 [Historic]","FY2026 Q4 [Historic]","FY2026 Q4 [Historic]","FY2026 Q4 [Historic]","FY2026 Q4 [Historic]","FY2026 Q4 [Historic]","FY2026 Q4 [Historic]","FY2026 Q4 [Historic]","FY2026 Q4 [Historic]","FY2026 Q4 [Historic]"
"BAJAJHLDNG","Tier 3","10","FY2026","Q4","Historic","FY2026 Q4 [Historic]","FY2026 Q4 [Historic]","FY2026 Q4 [Historic]","FY2026 Q4 [Historic]","FY2026 Q4 [Historic]","FY2026 Q4 [Historic]","FY2026 Q4 [Historic]","FY2026 Q4 [Historic]","FY2026 Q4 [Historic]","FY2026 Q4 [Historic]"
"BAJAJINDEF","Tier 3","10","FY2026","Q4","Historic","FY2026 Q4 [Historic]","FY2026 Q4 [Historic]","FY2026 Q4 [Historic]","FY2026 Q4 [Historic]","FY2026 Q4 [Historic]","FY2026 Q4 [Historic]","FY2026 Q4 [Historic]","FY2026 Q4 [Historic]","FY2026 Q4 [Historic]","FY2026 Q4 [Historic]"
"BALMLAWRIE","Tier 3","10","FY2026","Q4","Historic","FY2026 Q4 [Historic]","FY2026 Q4 [Historic]","FY2026 Q4 [Historic]","FY2026 Q4 [Historic]","FY2026 Q4 [Historic]","FY2026 Q4 [Historic]","FY2026 Q4 [Historic]","FY2026 Q4 [Historic]","FY2026 Q4 [Historic]","FY2026 Q4 [Historic]"
"BALPHARMA","Tier 3","10","FY2026","Q4","Historic","FY2026 Q4 [Historic]","FY2026 Q4 [Historic]","FY2026 Q4 [Historic]","FY2026 Q4 [Historic]","FY2026 Q4 [Historic]","FY2026 Q4 [Historic]","FY2026 Q4 [Historic]","FY2026 Q4 [Historic]","FY2026 Q4 [Historic]","FY2026 Q4 [Historic]"
"BANARISUG","Tier 3","10","FY2026","Q4","Historic","FY2026 Q4 [Historic]","FY2026 Q4 [Historic]","FY2026 Q4 [Historic]","FY2026 Q4 [Historic]","FY2026 Q4 [Historic]","FY2026 Q4 [Historic]","FY2026 Q4 [Historic]","FY2026 Q4 [Historic]","FY2026 Q4 [Historic]","FY2026 Q4 [Historic]"
"BANCOINDIA","Tier 3","10","FY2026","Q4","Historic","FY2026 Q4 [Historic]","FY2026 Q4 [Historic]","FY2026 Q4 [Historic]","FY2026 Q4 [Historic]","FY2026 Q4 [Historic]","FY2026 Q4 [Historic]","FY2026 Q4 [Historic]","FY2026 Q4 [Historic]","FY2026 Q4 [Historic]","FY2026 Q4 [Historic]"
"BASML","Tier 3","10","FY2026","Q4","Historic","FY2026 Q4 [Historic]","FY2026 Q4 [Historic]","FY2026 Q4 [Historic]","FY2026 Q4 [Historic]","FY2026 Q4 [Historic]","FY2026 Q4 [Historic]","FY2026 Q4 [Historic]","FY2026 Q4 [Historic]","FY2026 Q4 [Historic]","FY2026 Q4 [Historic]"
"BBTC","Tier 3","10","FY2026","Q4","Historic","FY2026 Q4 [Historic]","FY2026 Q4 [Historic]","FY2026 Q4 [Historic]","FY2026 Q4 [Historic]","FY2026 Q4 [Historic]","FY2026 Q4 [Historic]","FY2026 Q4 [Historic]","FY2026 Q4 [Historic]","FY2026 Q4 [Historic]","FY2026 Q4 [Historic]"
"BBTCL","Tier 3","10","FY2026","Q4","Historic","FY2026 Q4 [Historic]","FY2026 Q4 [Historic]","FY2026 Q4 [Historic]","FY2026 Q4 [Historic]","FY2026 Q4 [Historic]","FY2026 Q4 [Historic]","FY2026 Q4 [Historic]","FY2026 Q4 [Historic]","FY2026 Q4 [Historic]","FY2026 Q4 [Historic]"
"BCPL","Tier 3","10","FY2026","Q4","Historic","FY2026 Q4 [Historic]","FY2025 Q1 [Historic]","FY2025 Q1 [Historic]","FY2025 Q1 [Historic]","FY2026 Q4 [Historic]","FY2025 Q1 [Historic]","FY2025 Q1 [Historic]","FY2025 Q1 [Historic]","FY2025 Q1 [Historic]","FY2025 Q1 [Historic]"
"BEARDSELL","Tier 3","10","FY2026","Q4","Historic","FY2026 Q4 [Historic]","FY2026 Q4 [Historic]","FY2026 Q4 [Historic]","FY2026 Q4 [Historic]","FY2026 Q4 [Historic]","FY2026 Q4 [Historic]","FY2026 Q4 [Historic]","FY2026 Q4 [Historic]","FY2026 Q4 [Historic]","FY2026 Q4 [Historic]"
"BELLACASA","Tier 3","10","FY2026","Q4","Historic","FY2026 Q4 [Historic]","FY2026 Q4 [Historic]","FY2026 Q4 [Historic]","FY2026 Q4 [Historic]","FY2026 Q4 [Historic]","FY2026 Q4 [Historic]","FY2026 Q4 [Historic]","FY2026 Q4 [Historic]","FY2026 Q4 [Historic]","FY2026 Q4 [Historic]"
"BENGALASM","Tier 3","10","FY2026","Q4","Historic","FY2026 Q4 [Historic]","FY2026 Q4 [Historic]","FY2026 Q4 [Historic]","FY2026 Q4 [Historic]","FY2026 Q4 [Historic]","FY2026 Q4 [Historic]","FY2026 Q4 [Historic]","FY2026 Q4 [Historic]","FY2026 Q4 [Historic]","FY2026 Q4 [Historic]"
"BHAGERIA","Tier 3","10","FY2026","Q4","Historic","FY2026 Q4 [Historic]","FY2026 Q4 [Historic]","FY2026 Q4 [Historic]","FY2026 Q4 [Historic]","FY2026 Q4 [Historic]","FY2026 Q4 [Historic]","FY2026 Q4 [Historic]","FY2026 Q4 [Historic]","FY2026 Q4 [Historic]","FY2026 Q4 [Historic]"
"BHARATGEAR","Tier 3","10","FY2026","Q4","Historic","FY2026 Q4 [Historic]","FY2026 Q4 [Historic]","FY2026 Q4 [Historic]","FY2026 Q4 [Historic]","FY2026 Q4 [Historic]","FY2026 Q4 [Historic]","FY2026 Q4 [Historic]","FY2026 Q4 [Historic]","FY2026 Q4 [Historic]","FY2026 Q4 [Historic]"
"BHARATSE","Tier 3","10","FY2026","Q4","Historic","FY2026 Q4 [Historic]","FY2026 Q4 [Historic]","FY2026 Q4 [Historic]","FY2026 Q4 [Historic]","FY2026 Q4 [Historic]","FY2026 Q4 [Historic]","FY2026 Q4 [Historic]","FY2026 Q4 [Historic]","FY2026 Q4 [Historic]","FY2026 Q4 [Historic]"
"BIL","Tier 3","10","FY2026","Q4","Historic","FY2026 Q4 [Historic]","FY2026 Q4 [Historic]","FY2026 Q4 [Historic]","FY2026 Q4 [Historic]","FY2026 Q4 [Historic]","FY2026 Q4 [Historic]","FY2026 Q4 [Historic]","FY2026 Q4 [Historic]","FY2026 Q4 [Historic]","FY2026 Q4 [Historic]"
"BIRLACABLE","Tier 3","10","FY2026","Q4","Historic","FY2026 Q4 [Historic]","FY2026 Q4 [Historic]","FY2026 Q4 [Historic]","FY2026 Q4 [Historic]","FY2026 Q4 [Historic]","FY2026 Q4 [Historic]","FY2026 Q4 [Historic]","FY2026 Q4 [Historic]","FY2026 Q4 [Historic]","FY2026 Q4 [Historic]"
"BIRLAMONEY","Tier 3","10","FY2026","Q4","Historic","FY2026 Q4 [Historic]","FY2026 Q4 [Historic]","FY2026 Q4 [Historic]","FY2026 Q4 [Historic]","FY2026 Q4 [Historic]","FY2026 Q4 [Historic]","FY2026 Q4 [Historic]","FY2026 Q4 [Historic]","FY2026 Q4 [Historic]","FY2026 Q4 [Historic]"
"BIRLAPREC","Tier 3","10","FY2026","Q4","Historic","FY2026 Q4 [Historic]","FY2026 Q4 [Historic]","FY2026 Q4 [Historic]","FY2026 Q4 [Historic]","FY2026 Q4 [Historic]","FY2026 Q4 [Historic]","FY2026 Q4 [Historic]","FY2026 Q4 [Historic]","FY2026 Q4 [Historic]","FY2026 Q4 [Historic]"
"BLIL","Tier 3","10","FY2026","Q4","Historic","FY2026 Q4 [Historic]","FY2026 Q4 [Historic]","FY2026 Q4 [Historic]","FY2026 Q4 [Historic]","FY2026 Q4 [Historic]","FY2026 Q4 [Historic]","FY2026 Q4 [Historic]","FY2026 Q4 [Historic]","FY2026 Q4 [Historic]","FY2026 Q4 [Historic]"
"BLISSGVS","Tier 3","10","FY2026","Q4","Historic","FY2026 Q4 [Historic]","FY2026 Q4 [Historic]","FY2026 Q4 [Historic]","FY2026 Q4 [Historic]","FY2026 Q4 [Historic]","FY2026 Q4 [Historic]","FY2026 Q4 [Historic]","FY2026 Q4 [Historic]","FY2026 Q4 [Historic]","FY2026 Q4 [Historic]"
"BNAGROCHEM","Tier 3","10","FY2026","Q4","Historic","FY2026 Q4 [Historic]","FY2026 Q4 [Historic]","FY2026 Q4 [Historic]","FY2026 Q4 [Historic]","FY2026 Q4 [Historic]","FY2026 Q4 [Historic]","FY2026 Q4 [Historic]","FY2026 Q4 [Historic]","FY2026 Q4 [Historic]","FY2026 Q4 [Historic]"
"BNALTD","Tier 3","10","FY2026","Q4","Historic","FY2026 Q4 [Historic]","FY2026 Q4 [Historic]","FY2026 Q4 [Historic]","FY2026 Q4 [Historic]","FY2026 Q4 [Historic]","FY2026 Q4 [Historic]","FY2026 Q4 [Historic]","FY2026 Q4 [Historic]","FY2026 Q4 [Historic]","FY2026 Q4 [Historic]"
"BOMDYEING","Tier 3","10","FY2026","Q4","Historic","FY2026 Q4 [Historic]","FY2026 Q4 [Historic]","FY2026 Q4 [Historic]","FY2026 Q4 [Historic]","FY2026 Q4 [Historic]","FY2026 Q4 [Historic]","FY2026 Q4 [Historic]","FY2026 Q4 [Historic]","FY2026 Q4 [Historic]","FY2026 Q4 [Historic]"
"BOSCH-HCIL","Tier 3","10","FY2026","Q4","Historic","FY2026 Q4 [Historic]","FY2026 Q4 [Historic]","FY2026 Q4 [Historic]","FY2026 Q4 [Historic]","FY2026 Q4 [Historic]","FY2026 Q4 [Historic]","FY2026 Q4 [Historic]","FY2026 Q4 [Historic]","FY2026 Q4 [Historic]","FY2026 Q4 [Historic]"
"BROOKS","Tier 3","10","FY2026","Q4","Historic","FY2026 Q4 [Historic]","FY2026 Q4 [Historic]","FY2026 Q4 [Historic]","FY2026 Q4 [Historic]","FY2026 Q4 [Historic]","FY2026 Q4 [Historic]","FY2026 Q4 [Historic]","FY2026 Q4 [Historic]","FY2026 Q4 [Historic]","FY2026 Q4 [Historic]"
"BTTL","Tier 3","10","FY2026","Q4","Historic","FY2026 Q4 [Historic]","FY2026 Q4 [Historic]","FY2026 Q4 [Historic]","FY2026 Q4 [Historic]","FY2026 Q4 [Historic]","FY2026 Q4 [Historic]","FY2026 Q4 [Historic]","FY2026 Q4 [Historic]","FY2026 Q4 [Historic]","FY2026 Q4 [Historic]"
"BUTTERFLY","Tier 3","10","FY2026","Q4","Historic","FY2026 Q4 [Historic]","FY2026 Q4 [Historic]","FY2026 Q4 [Historic]","FY2026 Q4 [Historic]","FY2026 Q4 [Historic]","FY2026 Q4 [Historic]","FY2026 Q4 [Historic]","FY2026 Q4 [Historic]","FY2026 Q4 [Historic]","FY2026 Q4 [Historic]"
"BYKE","Tier 3","10","FY2026","Q4","Historic","FY2026 Q4 [Historic]","FY2026 Q4 [Historic]","FY2026 Q4 [Historic]","FY2026 Q4 [Historic]","FY2026 Q4 [Historic]","FY2026 Q4 [Historic]","FY2026 Q4 [Historic]","FY2026 Q4 [Historic]","FY2026 Q4 [Historic]","FY2026 Q4 [Historic]"
"CCCL","Tier 3","10","FY2026","Q4","Historic","FY2026 Q4 [Historic]","FY2026 Q4 [Historic]","FY2026 Q4 [Historic]","FY2026 Q4 [Historic]","FY2026 Q4 [Historic]","FY2026 Q4 [Historic]","FY2026 Q4 [Historic]","FY2026 Q4 [Historic]","FY2026 Q4 [Historic]","FY2026 Q4 [Historic]"
"CENTEXT","Tier 3","10","FY2026","Q4","Historic","FY2026 Q4 [Historic]","FY2026 Q4 [Historic]","FY2026 Q4 [Historic]","FY2026 Q4 [Historic]","FY2026 Q4 [Historic]","FY2026 Q4 [Historic]","FY2026 Q4 [Historic]","FY2026 Q4 [Historic]","FY2026 Q4 [Historic]","FY2026 Q4 [Historic]"
"CENTRUM","Tier 3","10","FY2026","Q4","Historic","FY2026 Q4 [Historic]","FY2026 Q4 [Historic]","FY2026 Q4 [Historic]","FY2026 Q4 [Historic]","FY2026 Q4 [Historic]","FY2026 Q4 [Historic]","FY2026 Q4 [Historic]","FY2026 Q4 [Historic]","FY2026 Q4 [Historic]","FY2026 Q4 [Historic]"
"CHEMBOND","Tier 3","10","FY2026","Q4","Historic","FY2026 Q4 [Historic]","FY2026 Q4 [Historic]","FY2026 Q4 [Historic]","FY2026 Q4 [Historic]","FY2026 Q4 [Historic]","FY2026 Q4 [Historic]","FY2026 Q4 [Historic]","FY2026 Q4 [Historic]","FY2026 Q4 [Historic]","FY2026 Q4 [Historic]"
"CHENNPETRO","Tier 3","10","FY2026","Q4","Historic","FY2026 Q4 [Historic]","FY2026 Q4 [Historic]","FY2026 Q4 [Historic]","FY2026 Q4 [Historic]","FY2026 Q4 [Historic]","FY2026 Q4 [Historic]","FY2026 Q4 [Historic]","FY2026 Q4 [Historic]","FY2026 Q4 [Historic]","FY2026 Q4 [Historic]"
"CHEVIOT","Tier 3","10","FY2026","Q4","Historic","FY2026 Q4 [Historic]","FY2026 Q4 [Historic]","FY2026 Q4 [Historic]","FY2026 Q4 [Historic]","FY2026 Q4 [Historic]","FY2026 Q4 [Historic]","FY2026 Q4 [Historic]","FY2026 Q4 [Historic]","FY2026 Q4 [Historic]","FY2026 Q4 [Historic]"
"CIFL","Tier 3","10","FY2026","Q4","Historic","FY2026 Q4 [Historic]","FY2026 Q4 [Historic]","FY2026 Q4 [Historic]","FY2026 Q4 [Historic]","FY2026 Q4 [Historic]","FY2026 Q4 [Historic]","FY2026 Q4 [Historic]","FY2026 Q4 [Historic]","FY2026 Q4 [Historic]","FY2026 Q4 [Historic]"
"COASTCORP","Tier 3","10","FY2026","Q4","Historic","FY2026 Q4 [Historic]","FY2026 Q4 [Historic]","FY2026 Q4 [Historic]","FY2026 Q4 [Historic]","FY2026 Q4 [Historic]","FY2026 Q4 [Historic]","FY2026 Q4 [Historic]","FY2026 Q4 [Historic]","FY2026 Q4 [Historic]","FY2026 Q4 [Historic]"
"COMFINTE","Tier 3","10","FY2026","Q4","Historic","FY2026 Q4 [Historic]","FY2026 Q4 [Historic]","FY2026 Q4 [Historic]","FY2026 Q4 [Historic]","FY2026 Q4 [Historic]","FY2026 Q4 [Historic]","FY2026 Q4 [Historic]","FY2026 Q4 [Historic]","FY2026 Q4 [Historic]","FY2026 Q4 [Historic]"
"COMPUSOFT","Tier 3","10","FY2026","Q4","Historic","FY2026 Q4 [Historic]","FY2026 Q4 [Historic]","FY2026 Q4 [Historic]","FY2026 Q4 [Historic]","FY2026 Q4 [Historic]","FY2026 Q4 [Historic]","FY2026 Q4 [Historic]","FY2026 Q4 [Historic]","FY2026 Q4 [Historic]","FY2026 Q4 [Historic]"
"CORALFINAC","Tier 3","10","FY2026","Q4","Historic","FY2026 Q4 [Historic]","FY2026 Q4 [Historic]","FY2026 Q4 [Historic]","FY2026 Q4 [Historic]","FY2026 Q4 [Historic]","FY2026 Q4 [Historic]","FY2026 Q4 [Historic]","FY2026 Q4 [Historic]","FY2026 Q4 [Historic]","FY2026 Q4 [Historic]"
"CORDSCABLE","Tier 3","10","FY2026","Q4","Historic","FY2026 Q4 [Historic]","FY2026 Q4 [Historic]","FY2026 Q4 [Historic]","FY2026 Q4 [Historic]","FY2026 Q4 [Historic]","FY2026 Q4 [Historic]","FY2026 Q4 [Historic]","FY2026 Q4 [Historic]","FY2026 Q4 [Historic]","FY2026 Q4 [Historic]"
"CREST","Tier 3","10","FY2026","Q4","Historic","FY2026 Q4 [Historic]","FY2026 Q4 [Historic]","FY2026 Q4 [Historic]","FY2026 Q4 [Historic]","FY2026 Q4 [Historic]","FY2026 Q4 [Historic]","FY2026 Q4 [Historic]","FY2026 Q4 [Historic]","FY2026 Q4 [Historic]","FY2026 Q4 [Historic]"
"CUBEXTUB","Tier 3","10","FY2026","Q4","Historic","FY2026 Q4 [Historic]","FY2026 Q4 [Historic]","FY2026 Q4 [Historic]","FY2026 Q4 [Historic]","FY2026 Q4 [Historic]","FY2026 Q4 [Historic]","FY2026 Q4 [Historic]","FY2026 Q4 [Historic]","FY2026 Q4 [Historic]","FY2026 Q4 [Historic]"
"DAICHI","Tier 3","10","FY2026","Q4","Historic","FY2026 Q4 [Historic]","FY2026 Q1 [Historic]","FY2026 Q1 [Historic]","FY2026 Q1 [Historic]","FY2026 Q4 [Historic]","FY2026 Q1 [Historic]","FY2026 Q4 [Historic]","FY2026 Q1 [Historic]","FY2026 Q1 [Historic]","FY2026 Q1 [Historic]"
"DAVANGERE","Tier 3","10","FY2026","Q4","Historic","FY2026 Q4 [Historic]","FY2026 Q4 [Historic]","FY2026 Q4 [Historic]","FY2026 Q4 [Historic]","FY2026 Q4 [Historic]","FY2026 Q4 [Historic]","FY2026 Q4 [Historic]","FY2026 Q4 [Historic]","FY2026 Q4 [Historic]","FY2026 Q4 [Historic]"
"DCMSRIND","Tier 3","10","FY2026","Q4","Historic","FY2026 Q4 [Historic]","FY2026 Q4 [Historic]","FY2026 Q4 [Historic]","FY2026 Q4 [Historic]","FY2026 Q4 [Historic]","FY2026 Q4 [Historic]","FY2026 Q4 [Historic]","FY2026 Q4 [Historic]","FY2026 Q4 [Historic]","FY2026 Q4 [Historic]"
"DELPHIFX","Tier 3","10","FY2026","Q4","Historic","FY2026 Q4 [Historic]","FY2026 Q4 [Historic]","FY2026 Q4 [Historic]","FY2026 Q4 [Historic]","FY2026 Q4 [Historic]","FY2026 Q4 [Historic]","FY2026 Q4 [Historic]","FY2026 Q4 [Historic]","FY2026 Q4 [Historic]","FY2026 Q4 [Historic]"
"DELTACORP","Tier 3","10","FY2026","Q4","Historic","FY2026 Q4 [Historic]","FY2026 Q4 [Historic]","FY2026 Q4 [Historic]","FY2026 Q4 [Historic]","FY2026 Q4 [Historic]","FY2026 Q4 [Historic]","FY2026 Q4 [Historic]","FY2026 Q4 [Historic]","FY2026 Q4 [Historic]","FY2026 Q4 [Historic]"
"DENORA","Tier 3","10","FY2026","Q4","Historic","FY2026 Q4 [Historic]","FY2026 Q4 [Historic]","FY2026 Q4 [Historic]","FY2026 Q4 [Historic]","FY2026 Q4 [Historic]","FY2026 Q4 [Historic]","FY2026 Q4 [Historic]","FY2026 Q4 [Historic]","FY2026 Q4 [Historic]","FY2026 Q4 [Historic]"
"DHANBANK","Tier 3","10","FY2026","Q4","Historic","FY2026 Q4 [Historic]","FY2026 Q4 [Historic]","FY2026 Q4 [Historic]","FY2026 Q4 [Historic]","FY2026 Q4 [Historic]","FY2026 Q4 [Historic]","FY2026 Q4 [Historic]","FY2026 Q4 [Historic]","FY2026 Q4 [Historic]","FY2026 Q4 [Historic]"
"DHUNINV","Tier 3","10","FY2026","Q4","Historic","FY2026 Q4 [Historic]","FY2026 Q4 [Historic]","FY2026 Q4 [Historic]","FY2026 Q4 [Historic]","FY2026 Q4 [Historic]","FY2026 Q4 [Historic]","FY2026 Q4 [Historic]","FY2026 Q4 [Historic]","FY2026 Q4 [Historic]","FY2026 Q4 [Historic]"
"DIAMINESQ","Tier 3","10","FY2026","Q4","Historic","FY2026 Q4 [Historic]","FY2026 Q4 [Historic]","FY2026 Q4 [Historic]","FY2026 Q4 [Historic]","FY2026 Q4 [Historic]","FY2026 Q4 [Historic]","FY2026 Q4 [Historic]","FY2026 Q4 [Historic]","FY2026 Q4 [Historic]","FY2026 Q4 [Historic]"
"DISAQ","Tier 3","10","FY2026","Q4","Historic","FY2026 Q4 [Historic]","FY2026 Q4 [Historic]","FY2026 Q4 [Historic]","FY2026 Q4 [Historic]","FY2026 Q4 [Historic]","FY2026 Q4 [Historic]","FY2026 Q4 [Historic]","FY2026 Q4 [Historic]","FY2026 Q4 [Historic]","FY2026 Q4 [Historic]"
"DLINKINDIA","Tier 3","10","FY2026","Q4","Historic","FY2026 Q4 [Historic]","FY2026 Q4 [Historic]","FY2026 Q4 [Historic]","FY2026 Q4 [Historic]","FY2026 Q4 [Historic]","FY2026 Q4 [Historic]","FY2026 Q4 [Historic]","FY2026 Q4 [Historic]","FY2026 Q4 [Historic]","FY2026 Q4 [Historic]"
"DOLATALGO","Tier 3","10","FY2026","Q4","Historic","FY2026 Q4 [Historic]","FY2026 Q4 [Historic]","FY2026 Q4 [Historic]","FY2026 Q4 [Historic]","FY2026 Q4 [Historic]","FY2026 Q4 [Historic]","FY2026 Q4 [Historic]","FY2026 Q4 [Historic]","FY2026 Q4 [Historic]","FY2026 Q4 [Historic]"
"DOLPHIN","Tier 3","10","FY2026","Q4","Historic","FY2026 Q4 [Historic]","FY2026 Q4 [Historic]","FY2026 Q4 [Historic]","FY2026 Q4 [Historic]","FY2026 Q4 [Historic]","FY2026 Q4 [Historic]","FY2026 Q4 [Historic]","FY2026 Q4 [Historic]","FY2026 Q4 [Historic]","FY2026 Q4 [Historic]"
"DRAGARWQ","Tier 3","10","FY2026","Q4","Historic","FY2026 Q4 [Historic]","FY2026 Q4 [Historic]","FY2026 Q4 [Historic]","FY2026 Q4 [Historic]","FY2026 Q4 [Historic]","FY2026 Q4 [Historic]","FY2026 Q4 [Historic]","FY2026 Q4 [Historic]","FY2026 Q4 [Historic]","FY2026 Q4 [Historic]"
"DRCSYSTEMS","Tier 3","10","FY2026","Q4","Historic","FY2026 Q4 [Historic]","FY2026 Q4 [Historic]","FY2026 Q4 [Historic]","FY2026 Q4 [Historic]","FY2026 Q4 [Historic]","FY2026 Q4 [Historic]","FY2026 Q4 [Historic]","FY2026 Q4 [Historic]","FY2026 Q4 [Historic]","FY2026 Q4 [Historic]"
"DTIL","Tier 3","10","FY2026","Q4","Historic","FY2026 Q4 [Historic]","FY2026 Q4 [Historic]","FY2026 Q4 [Historic]","FY2026 Q4 [Historic]","FY2026 Q4 [Historic]","FY2026 Q4 [Historic]","FY2026 Q4 [Historic]","FY2026 Q4 [Historic]","FY2026 Q4 [Historic]","FY2026 Q4 [Historic]"
"DUCON","Tier 3","10","FY2026","Q4","Historic","FY2026 Q4 [Historic]","FY2026 Q4 [Historic]","FY2026 Q4 [Historic]","FY2026 Q4 [Historic]","FY2026 Q4 [Historic]","FY2026 Q4 [Historic]","FY2026 Q4 [Historic]","FY2026 Q4 [Historic]","FY2026 Q4 [Historic]","FY2026 Q4 [Historic]"
"ELGIRUBCO","Tier 3","10","FY2026","Q4","Historic","FY2026 Q4 [Historic]","FY2026 Q4 [Historic]","FY2026 Q4 [Historic]","FY2026 Q4 [Historic]","FY2026 Q4 [Historic]","FY2026 Q4 [Historic]","FY2026 Q4 [Historic]","FY2026 Q4 [Historic]","FY2026 Q4 [Historic]","FY2026 Q4 [Historic]"
"EMAMIPAP","Tier 3","10","FY2026","Q4","Historic","FY2026 Q4 [Historic]","FY2026 Q4 [Historic]","FY2026 Q4 [Historic]","FY2026 Q4 [Historic]","FY2026 Q4 [Historic]","FY2026 Q4 [Historic]","FY2026 Q4 [Historic]","FY2026 Q4 [Historic]","FY2026 Q4 [Historic]","FY2026 Q4 [Historic]"
"EMMBI","Tier 3","10","FY2026","Q4","Historic","FY2026 Q4 [Historic]","FY2026 Q4 [Historic]","FY2026 Q4 [Historic]","FY2026 Q4 [Historic]","FY2026 Q4 [Historic]","FY2026 Q4 [Historic]","FY2026 Q4 [Historic]","FY2026 Q4 [Historic]","FY2026 Q4 [Historic]","FY2026 Q4 [Historic]"
"ESABINDIA","Tier 3","10","FY2026","Q4","Historic","FY2026 Q4 [Historic]","FY2026 Q4 [Historic]","FY2026 Q4 [Historic]","FY2026 Q4 [Historic]","FY2026 Q4 [Historic]","FY2026 Q4 [Historic]","FY2026 Q4 [Historic]","FY2026 Q4 [Historic]","FY2026 Q4 [Historic]","FY2026 Q4 [Historic]"
"EVERESTIND","Tier 3","10","FY2026","Q4","Historic","FY2026 Q4 [Historic]","FY2026 Q4 [Historic]","FY2026 Q4 [Historic]","FY2026 Q4 [Historic]","FY2026 Q4 [Historic]","FY2026 Q4 [Historic]","FY2026 Q4 [Historic]","FY2026 Q4 [Historic]","FY2026 Q4 [Historic]","FY2026 Q4 [Historic]"
"FCSSOFT","Tier 3","10","FY2026","Q4","Historic","FY2026 Q4 [Historic]","FY2026 Q4 [Historic]","FY2026 Q4 [Historic]","FY2026 Q4 [Historic]","FY2026 Q4 [Historic]","FY2026 Q4 [Historic]","FY2026 Q4 [Historic]","FY2026 Q4 [Historic]","FY2026 Q4 [Historic]","FY2026 Q4 [Historic]"
"FDC","Tier 3","10","FY2026","Q4","Historic","FY2026 Q4 [Historic]","FY2026 Q4 [Historic]","FY2026 Q4 [Historic]","FY2026 Q4 [Historic]","FY2026 Q4 [Historic]","FY2026 Q4 [Historic]","FY2026 Q4 [Historic]","FY2026 Q4 [Historic]","FY2026 Q4 [Historic]","FY2026 Q4 [Historic]"
"FMGOETZE","Tier 3","10","FY2026","Q4","Historic","FY2026 Q4 [Historic]","FY2026 Q4 [Historic]","FY2026 Q4 [Historic]","FY2026 Q4 [Historic]","FY2026 Q4 [Historic]","FY2026 Q4 [Historic]","FY2026 Q4 [Historic]","FY2026 Q4 [Historic]","FY2026 Q4 [Historic]","FY2026 Q4 [Historic]"
"FOCUS","Tier 3","10","FY2026","Q4","Historic","FY2026 Q4 [Historic]","FY2026 Q4 [Historic]","FY2026 Q4 [Historic]","FY2026 Q4 [Historic]","FY2026 Q4 [Historic]","FY2026 Q4 [Historic]","FY2026 Q4 [Historic]","FY2026 Q4 [Historic]","FY2026 Q4 [Historic]","FY2026 Q4 [Historic]"
"FORCEMOT","Tier 3","10","FY2026","Q4","Historic","FY2026 Q4 [Historic]","FY2026 Q4 [Historic]","FY2026 Q4 [Historic]","FY2026 Q4 [Historic]","FY2026 Q4 [Historic]","FY2026 Q4 [Historic]","FY2026 Q4 [Historic]","FY2026 Q4 [Historic]","FY2026 Q4 [Historic]","FY2026 Q4 [Historic]"
"GAEL","Tier 3","10","FY2026","Q4","Historic","FY2026 Q4 [Historic]","FY2026 Q4 [Historic]","FY2026 Q4 [Historic]","FY2026 Q4 [Historic]","FY2026 Q4 [Historic]","FY2026 Q4 [Historic]","FY2026 Q4 [Historic]","FY2026 Q4 [Historic]","FY2026 Q4 [Historic]","FY2026 Q4 [Historic]"
"GANDHITUBE","Tier 3","10","FY2026","Q4","Historic","FY2026 Q4 [Historic]","FY2026 Q4 [Historic]","FY2026 Q4 [Historic]","FY2026 Q4 [Historic]","FY2026 Q4 [Historic]","FY2026 Q4 [Historic]","FY2026 Q4 [Historic]","FY2026 Q4 [Historic]","FY2026 Q4 [Historic]","FY2026 Q4 [Historic]"
"GANGESSECU","Tier 3","10","FY2026","Q4","Historic","FY2026 Q4 [Historic]","FY2026 Q4 [Historic]","FY2026 Q4 [Historic]","FY2026 Q4 [Historic]","FY2026 Q4 [Historic]","FY2026 Q4 [Historic]","FY2026 Q4 [Historic]","FY2026 Q4 [Historic]","FY2026 Q4 [Historic]","FY2026 Q4 [Historic]"
"GARUDA","Tier 3","10","FY2026","Q4","Historic","FY2026 Q4 [Historic]","FY2026 Q4 [Historic]","FY2026 Q4 [Historic]","FY2026 Q4 [Historic]","FY2026 Q4 [Historic]","FY2026 Q4 [Historic]","FY2026 Q4 [Historic]","FY2026 Q4 [Historic]","FY2026 Q4 [Historic]","FY2026 Q4 [Historic]"
"GAYAPROJ","Tier 3","10","FY2026","Q4","Historic","FY2026 Q4 [Historic]","FY2026 Q4 [Historic]","FY2026 Q4 [Historic]","FY2026 Q4 [Historic]","FY2026 Q4 [Historic]","FY2026 Q4 [Historic]","FY2026 Q4 [Historic]","FY2026 Q4 [Historic]","FY2026 Q4 [Historic]","FY2026 Q4 [Historic]"
"GEECEE","Tier 3","10","FY2026","Q4","Historic","FY2026 Q4 [Historic]","FY2026 Q4 [Historic]","FY2026 Q4 [Historic]","FY2026 Q4 [Historic]","FY2026 Q4 [Historic]","FY2026 Q4 [Historic]","FY2026 Q4 [Historic]","FY2026 Q4 [Historic]","FY2026 Q4 [Historic]","FY2026 Q4 [Historic]"
"GEEKAYWIRE","Tier 3","10","FY2026","Q4","Historic","FY2026 Q4 [Historic]","FY2026 Q4 [Historic]","FY2026 Q4 [Historic]","FY2026 Q4 [Historic]","FY2026 Q4 [Historic]","FY2026 Q4 [Historic]","FY2026 Q4 [Historic]","FY2026 Q4 [Historic]","FY2026 Q4 [Historic]","FY2026 Q4 [Historic]"
"GFLLIMITED","Tier 3","10","FY2026","Q4","Historic","FY2026 Q4 [Historic]","FY2026 Q4 [Historic]","FY2026 Q4 [Historic]","FY2026 Q4 [Historic]","FY2026 Q4 [Historic]","FY2026 Q4 [Historic]","FY2026 Q4 [Historic]","FY2026 Q4 [Historic]","FY2026 Q4 [Historic]","FY2026 Q4 [Historic]"
"GICHSGFIN","Tier 3","10","FY2026","Q4","Historic","FY2026 Q4 [Historic]","FY2026 Q4 [Historic]","FY2026 Q4 [Historic]","FY2026 Q4 [Historic]","FY2026 Q4 [Historic]","FY2026 Q4 [Historic]","FY2026 Q4 [Historic]","FY2026 Q4 [Historic]","FY2026 Q4 [Historic]","FY2026 Q4 [Historic]"
"GILLANDERS","Tier 3","10","FY2026","Q4","Historic","FY2026 Q4 [Historic]","FY2026 Q4 [Historic]","FY2026 Q4 [Historic]","FY2026 Q4 [Historic]","FY2026 Q4 [Historic]","FY2026 Q4 [Historic]","FY2026 Q4 [Historic]","FY2026 Q4 [Historic]","FY2026 Q4 [Historic]","FY2026 Q4 [Historic]"
"GIPCL","Tier 3","10","FY2026","Q4","Historic","FY2026 Q4 [Historic]","FY2026 Q4 [Historic]","FY2026 Q4 [Historic]","FY2026 Q4 [Historic]","FY2026 Q4 [Historic]","FY2026 Q4 [Historic]","FY2026 Q4 [Historic]","FY2026 Q4 [Historic]","FY2026 Q4 [Historic]","FY2026 Q4 [Historic]"
"GKWLIMITED","Tier 3","10","FY2026","Q4","Historic","FY2026 Q4 [Historic]","FY2026 Q4 [Historic]","FY2026 Q4 [Historic]","FY2026 Q4 [Historic]","FY2026 Q4 [Historic]","FY2026 Q4 [Historic]","FY2026 Q4 [Historic]","FY2026 Q4 [Historic]","FY2026 Q4 [Historic]","FY2026 Q4 [Historic]"
"GLOBAL","Tier 3","10","FY2026","Q4","Historic","FY2026 Q4 [Historic]","FY2026 Q4 [Historic]","FY2026 Q4 [Historic]","FY2026 Q4 [Historic]","FY2026 Q4 [Historic]","FY2026 Q4 [Historic]","FY2026 Q4 [Historic]","FY2026 Q4 [Historic]","FY2026 Q4 [Historic]","FY2026 Q4 [Historic]"
"GLOBE","Tier 3","10","FY2026","Q4","Historic","FY2026 Q4 [Historic]","FY2026 Q4 [Historic]","FY2026 Q4 [Historic]","FY2026 Q4 [Historic]","FY2026 Q4 [Historic]","FY2026 Q4 [Historic]","FY2026 Q4 [Historic]","FY2026 Q4 [Historic]","FY2026 Q4 [Historic]","FY2026 Q4 [Historic]"
"GLOSTERLTD","Tier 3","10","FY2026","Q4","Historic","FY2026 Q4 [Historic]","FY2026 Q4 [Historic]","FY2026 Q4 [Historic]","FY2026 Q4 [Historic]","FY2026 Q4 [Historic]","FY2026 Q4 [Historic]","FY2026 Q4 [Historic]","FY2026 Q4 [Historic]","FY2026 Q4 [Historic]","FY2026 Q4 [Historic]"
"GMBREW","Tier 3","10","FY2026","Q4","Historic","FY2026 Q4 [Historic]","FY2026 Q4 [Historic]","FY2026 Q4 [Historic]","FY2026 Q4 [Historic]","FY2026 Q4 [Historic]","FY2026 Q4 [Historic]","FY2026 Q4 [Historic]","FY2026 Q4 [Historic]","FY2026 Q4 [Historic]","FY2026 Q4 [Historic]"
"GOACARBON","Tier 3","10","FY2026","Q4","Historic","FY2026 Q4 [Historic]","FY2026 Q4 [Historic]","FY2026 Q4 [Historic]","FY2026 Q4 [Historic]","FY2026 Q4 [Historic]","FY2026 Q4 [Historic]","FY2026 Q4 [Historic]","FY2026 Q4 [Historic]","FY2026 Q4 [Historic]","FY2026 Q4 [Historic]"
"GOCLCORP","Tier 3","10","FY2026","Q4","Historic","FY2026 Q4 [Historic]","FY2026 Q4 [Historic]","FY2026 Q4 [Historic]","FY2026 Q4 [Historic]","FY2026 Q4 [Historic]","FY2026 Q4 [Historic]","FY2026 Q4 [Historic]","FY2026 Q4 [Historic]","FY2026 Q4 [Historic]","FY2026 Q4 [Historic]"
"GOKULAGRO","Tier 3","10","FY2026","Q4","Historic","FY2026 Q4 [Historic]","FY2026 Q4 [Historic]","FY2026 Q4 [Historic]","FY2026 Q4 [Historic]","FY2026 Q4 [Historic]","FY2026 Q4 [Historic]","FY2026 Q4 [Historic]","FY2026 Q4 [Historic]","FY2026 Q4 [Historic]","FY2026 Q4 [Historic]"
"GRAUWEIL","Tier 3","10","FY2026","Q4","Historic","FY2026 Q4 [Historic]","FY2026 Q4 [Historic]","FY2026 Q4 [Historic]","FY2026 Q4 [Historic]","FY2026 Q4 [Historic]","FY2026 Q4 [Historic]","FY2026 Q4 [Historic]","FY2026 Q4 [Historic]","FY2026 Q4 [Historic]","FY2026 Q4 [Historic]"
"GRAVISSHO","Tier 3","10","FY2026","Q4","Historic","FY2026 Q4 [Historic]","FY2026 Q4 [Historic]","FY2026 Q4 [Historic]","FY2026 Q4 [Historic]","FY2026 Q4 [Historic]","FY2026 Q4 [Historic]","FY2026 Q4 [Historic]","FY2026 Q4 [Historic]","FY2026 Q4 [Historic]","FY2026 Q4 [Historic]"
"GRINDWELL","Tier 3","10","FY2026","Q4","Historic","FY2026 Q4 [Historic]","FY2026 Q4 [Historic]","FY2026 Q4 [Historic]","FY2026 Q4 [Historic]","FY2026 Q4 [Historic]","FY2026 Q4 [Historic]","FY2026 Q4 [Historic]","FY2026 Q4 [Historic]","FY2026 Q4 [Historic]","FY2026 Q4 [Historic]"
"GROBTEA","Tier 3","10","FY2026","Q4","Historic","FY2026 Q4 [Historic]","FY2026 Q4 [Historic]","FY2026 Q4 [Historic]","FY2026 Q4 [Historic]","FY2026 Q4 [Historic]","FY2026 Q4 [Historic]","FY2026 Q4 [Historic]","FY2026 Q4 [Historic]","FY2026 Q4 [Historic]","FY2026 Q4 [Historic]"
"GUJALKALI","Tier 3","10","FY2026","Q4","Historic","FY2026 Q4 [Historic]","FY2026 Q4 [Historic]","FY2026 Q4 [Historic]","FY2026 Q4 [Historic]","FY2026 Q4 [Historic]","FY2026 Q4 [Historic]","FY2026 Q4 [Historic]","FY2026 Q4 [Historic]","FY2026 Q4 [Historic]","FY2026 Q4 [Historic]"
"GUJAPOLLO","Tier 3","10","FY2026","Q4","Historic","FY2026 Q4 [Historic]","FY2026 Q4 [Historic]","FY2026 Q4 [Historic]","FY2026 Q4 [Historic]","FY2026 Q4 [Historic]","FY2026 Q4 [Historic]","FY2026 Q4 [Historic]","FY2026 Q4 [Historic]","FY2026 Q4 [Historic]","FY2026 Q4 [Historic]"
"GULFPETRO","Tier 3","10","FY2026","Q4","Historic","FY2026 Q4 [Historic]","FY2020 Q2 [Historic]","FY2020 Q2 [Historic]","FY2020 Q2 [Historic]","FY2026 Q4 [Historic]","FY2020 Q2 [Historic]","FY2020 Q2 [Historic]","FY2020 Q2 [Historic]","FY2020 Q2 [Historic]","FY2020 Q2 [Historic]"
"HAL","Tier 3","10","FY2026","Q4","Historic","FY2026 Q4 [Historic]","FY2026 Q4 [Historic]","FY2026 Q4 [Historic]","FY2026 Q4 [Historic]","FY2026 Q4 [Historic]","FY2026 Q4 [Historic]","FY2026 Q4 [Historic]","FY2026 Q4 [Historic]","FY2026 Q4 [Historic]","FY2026 Q4 [Historic]"
"HALDER","Tier 3","10","FY2026","Q4","Historic","FY2026 Q4 [Historic]","FY2026 Q4 [Historic]","FY2026 Q4 [Historic]","FY2026 Q4 [Historic]","FY2026 Q4 [Historic]","FY2026 Q4 [Historic]","FY2026 Q4 [Historic]","FY2026 Q4 [Historic]","FY2026 Q4 [Historic]","FY2026 Q4 [Historic]"
"HALDYNGL","Tier 3","10","FY2026","Q4","Historic","FY2026 Q4 [Historic]","FY2026 Q4 [Historic]","FY2026 Q4 [Historic]","FY2026 Q4 [Historic]","FY2026 Q4 [Historic]","FY2026 Q4 [Historic]","FY2026 Q4 [Historic]","FY2026 Q4 [Historic]","FY2026 Q4 [Historic]","FY2026 Q4 [Historic]"
"HATHWAY","Tier 3","10","FY2026","Q4","Historic","FY2026 Q4 [Historic]","FY2026 Q4 [Historic]","FY2026 Q4 [Historic]","FY2026 Q4 [Historic]","FY2026 Q4 [Historic]","FY2026 Q4 [Historic]","FY2026 Q4 [Historic]","FY2026 Q4 [Historic]","FY2026 Q4 [Historic]","FY2026 Q4 [Historic]"
"HATSUN","Tier 3","10","FY2026","Q4","Historic","FY2026 Q4 [Historic]","FY2026 Q4 [Historic]","FY2026 Q4 [Historic]","FY2026 Q4 [Historic]","FY2026 Q4 [Historic]","FY2026 Q4 [Historic]","FY2026 Q4 [Historic]","FY2026 Q4 [Historic]","FY2026 Q4 [Historic]","FY2026 Q4 [Historic]"
"HBESD","Tier 3","10","FY2026","Q4","Historic","FY2026 Q4 [Historic]","FY2026 Q4 [Historic]","FY2026 Q4 [Historic]","FY2026 Q4 [Historic]","FY2026 Q4 [Historic]","FY2026 Q4 [Historic]","FY2026 Q4 [Historic]","FY2026 Q4 [Historic]","FY2026 Q4 [Historic]","FY2026 Q4 [Historic]"
"HCL-INSYS","Tier 3","10","FY2026","Q4","Historic","FY2026 Q4 [Historic]","FY2026 Q4 [Historic]","FY2026 Q4 [Historic]","FY2026 Q4 [Historic]","FY2026 Q4 [Historic]","FY2026 Q4 [Historic]","FY2026 Q4 [Historic]","FY2026 Q4 [Historic]","FY2026 Q4 [Historic]","FY2026 Q4 [Historic]"
"HEMIPROP","Tier 3","10","FY2026","Q4","Historic","FY2026 Q4 [Historic]","FY2026 Q4 [Historic]","FY2026 Q4 [Historic]","FY2026 Q4 [Historic]","FY2026 Q4 [Historic]","FY2026 Q4 [Historic]","FY2026 Q4 [Historic]","FY2026 Q4 [Historic]","FY2026 Q4 [Historic]","FY2026 Q4 [Historic]"
"HEXATRADEX","Tier 3","10","FY2026","Q4","Historic","FY2026 Q4 [Historic]","FY2026 Q4 [Historic]","FY2026 Q4 [Historic]","FY2026 Q4 [Historic]","FY2026 Q4 [Historic]","FY2026 Q4 [Historic]","FY2026 Q4 [Historic]","FY2026 Q4 [Historic]","FY2026 Q4 [Historic]","FY2026 Q4 [Historic]"
"HINDCOMPOS","Tier 3","10","FY2026","Q4","Historic","FY2026 Q4 [Historic]","FY2026 Q4 [Historic]","FY2026 Q4 [Historic]","FY2026 Q4 [Historic]","FY2026 Q4 [Historic]","FY2026 Q4 [Historic]","FY2026 Q4 [Historic]","FY2026 Q4 [Historic]","FY2026 Q4 [Historic]","FY2026 Q4 [Historic]"
"HINDCON","Tier 3","10","FY2026","Q4","Historic","FY2026 Q4 [Historic]","FY2026 Q4 [Historic]","FY2026 Q4 [Historic]","FY2026 Q4 [Historic]","FY2026 Q4 [Historic]","FY2026 Q4 [Historic]","FY2026 Q4 [Historic]","FY2026 Q4 [Historic]","FY2026 Q4 [Historic]","FY2026 Q4 [Historic]"
"HINDCOPPER","Tier 3","10","FY2026","Q4","Historic","FY2026 Q4 [Historic]","FY2026 Q4 [Historic]","FY2026 Q4 [Historic]","FY2026 Q4 [Historic]","FY2026 Q4 [Historic]","FY2026 Q4 [Historic]","FY2026 Q4 [Historic]","FY2026 Q4 [Historic]","FY2026 Q4 [Historic]","FY2026 Q4 [Historic]"
"HLVLTD","Tier 3","10","FY2026","Q4","Historic","FY2026 Q4 [Historic]","FY2026 Q4 [Historic]","FY2026 Q4 [Historic]","FY2026 Q4 [Historic]","FY2026 Q4 [Historic]","FY2026 Q4 [Historic]","FY2026 Q4 [Historic]","FY2026 Q4 [Historic]","FY2026 Q4 [Historic]","FY2026 Q4 [Historic]"
"HONDAPOWER","Tier 3","10","FY2026","Q4","Historic","FY2026 Q4 [Historic]","FY2026 Q4 [Historic]","FY2026 Q4 [Historic]","FY2026 Q4 [Historic]","FY2026 Q4 [Historic]","FY2026 Q4 [Historic]","FY2026 Q4 [Historic]","FY2026 Q4 [Historic]","FY2026 Q4 [Historic]","FY2026 Q4 [Historic]"
"HPAL","Tier 3","10","FY2026","Q4","Historic","FY2026 Q4 [Historic]","FY2026 Q4 [Historic]","FY2026 Q4 [Historic]","FY2026 Q4 [Historic]","FY2026 Q4 [Historic]","FY2026 Q4 [Historic]","FY2026 Q4 [Historic]","FY2026 Q4 [Historic]","FY2026 Q4 [Historic]","FY2026 Q4 [Historic]"
"HUBTOWN","Tier 3","10","FY2026","Q4","Historic","FY2026 Q4 [Historic]","FY2026 Q4 [Historic]","FY2026 Q4 [Historic]","FY2026 Q4 [Historic]","FY2026 Q4 [Historic]","FY2026 Q4 [Historic]","FY2026 Q4 [Historic]","FY2026 Q4 [Historic]","FY2026 Q4 [Historic]","FY2026 Q4 [Historic]"
"IFBAGRO","Tier 3","10","FY2026","Q4","Historic","FY2026 Q4 [Historic]","FY2026 Q4 [Historic]","FY2026 Q4 [Historic]","FY2026 Q4 [Historic]","FY2026 Q4 [Historic]","FY2026 Q4 [Historic]","FY2026 Q4 [Historic]","FY2026 Q4 [Historic]","FY2026 Q4 [Historic]","FY2026 Q4 [Historic]"
"IGARASHI","Tier 3","10","FY2026","Q4","Historic","FY2026 Q4 [Historic]","FY2026 Q4 [Historic]","FY2026 Q4 [Historic]","FY2026 Q4 [Historic]","FY2026 Q4 [Historic]","FY2026 Q4 [Historic]","FY2026 Q4 [Historic]","FY2026 Q4 [Historic]","FY2026 Q4 [Historic]","FY2026 Q4 [Historic]"
"IITL","Tier 3","10","FY2026","Q4","Historic","FY2026 Q4 [Historic]","FY2026 Q4 [Historic]","FY2026 Q4 [Historic]","FY2026 Q4 [Historic]","FY2026 Q4 [Historic]","FY2026 Q4 [Historic]","FY2026 Q4 [Historic]","FY2026 Q4 [Historic]","FY2026 Q4 [Historic]","FY2026 Q4 [Historic]"
"IL&FSENGG","Tier 3","10","FY2026","Q4","Historic","FY2026 Q4 [Historic]","FY2026 Q4 [Historic]","FY2026 Q4 [Historic]","FY2026 Q4 [Historic]","FY2026 Q4 [Historic]","FY2026 Q4 [Historic]","FY2026 Q4 [Historic]","FY2026 Q4 [Historic]","FY2026 Q4 [Historic]","FY2026 Q4 [Historic]"
"INCREDIBLE","Tier 3","10","FY2026","Q4","Historic","FY2026 Q4 [Historic]","FY2026 Q4 [Historic]","FY2026 Q4 [Historic]","FY2026 Q4 [Historic]","FY2026 Q4 [Historic]","FY2026 Q4 [Historic]","FY2026 Q4 [Historic]","FY2026 Q4 [Historic]","FY2026 Q4 [Historic]","FY2026 Q4 [Historic]"
"INDBANK","Tier 3","10","FY2026","Q4","Historic","FY2026 Q4 [Historic]","FY2026 Q4 [Historic]","FY2026 Q4 [Historic]","FY2026 Q4 [Historic]","FY2026 Q4 [Historic]","FY2026 Q4 [Historic]","FY2026 Q4 [Historic]","FY2026 Q4 [Historic]","FY2026 Q4 [Historic]","FY2026 Q4 [Historic]"
"INDOBORAX","Tier 3","10","FY2026","Q4","Historic","FY2026 Q4 [Historic]","FY2026 Q4 [Historic]","FY2026 Q4 [Historic]","FY2026 Q4 [Historic]","FY2026 Q4 [Historic]","FY2026 Q4 [Historic]","FY2026 Q4 [Historic]","FY2026 Q4 [Historic]","FY2026 Q4 [Historic]","FY2026 Q4 [Historic]"
"INDORAMA","Tier 3","10","FY2026","Q4","Historic","FY2026 Q4 [Historic]","FY2026 Q4 [Historic]","FY2026 Q4 [Historic]","FY2026 Q4 [Historic]","FY2026 Q4 [Historic]","FY2026 Q4 [Historic]","FY2026 Q4 [Historic]","FY2026 Q4 [Historic]","FY2026 Q4 [Historic]","FY2026 Q4 [Historic]"
"INDOTECH","Tier 3","10","FY2026","Q4","Historic","FY2026 Q4 [Historic]","FY2026 Q4 [Historic]","FY2026 Q4 [Historic]","FY2026 Q4 [Historic]","FY2026 Q4 [Historic]","FY2026 Q4 [Historic]","FY2026 Q4 [Historic]","FY2026 Q4 [Historic]","FY2026 Q4 [Historic]","FY2026 Q4 [Historic]"
"INDOWIND","Tier 3","10","FY2026","Q4","Historic","FY2026 Q4 [Historic]","FY2026 Q4 [Historic]","FY2026 Q4 [Historic]","FY2026 Q4 [Historic]","FY2026 Q4 [Historic]","FY2026 Q4 [Historic]","FY2026 Q4 [Historic]","FY2026 Q4 [Historic]","FY2026 Q4 [Historic]","FY2026 Q4 [Historic]"
"INGERRAND","Tier 3","10","FY2026","Q4","Historic","FY2026 Q4 [Historic]","FY2026 Q4 [Historic]","FY2026 Q4 [Historic]","FY2026 Q4 [Historic]","FY2026 Q4 [Historic]","FY2026 Q4 [Historic]","FY2026 Q4 [Historic]","FY2026 Q4 [Historic]","FY2026 Q4 [Historic]","FY2026 Q4 [Historic]"
"INSPIRISYS","Tier 3","10","FY2026","Q4","Historic","FY2026 Q4 [Historic]","FY2026 Q4 [Historic]","FY2026 Q4 [Historic]","FY2026 Q4 [Historic]","FY2026 Q4 [Historic]","FY2026 Q4 [Historic]","FY2026 Q4 [Historic]","FY2026 Q4 [Historic]","FY2026 Q4 [Historic]","FY2026 Q4 [Historic]"
"INTLCONV","Tier 3","10","FY2026","Q4","Historic","FY2026 Q4 [Historic]","FY2026 Q4 [Historic]","FY2026 Q4 [Historic]","FY2026 Q4 [Historic]","FY2026 Q4 [Historic]","FY2026 Q4 [Historic]","FY2026 Q4 [Historic]","FY2026 Q4 [Historic]","FY2026 Q4 [Historic]","FY2026 Q4 [Historic]"
"IVC","Tier 3","10","FY2026","Q4","Historic","FY2026 Q4 [Historic]","FY2026 Q4 [Historic]","FY2026 Q4 [Historic]","FY2026 Q4 [Historic]","FY2026 Q4 [Historic]","FY2026 Q4 [Historic]","FY2026 Q4 [Historic]","FY2026 Q4 [Historic]","FY2026 Q4 [Historic]","FY2026 Q4 [Historic]"
"IWP","Tier 3","10","FY2026","Q4","Historic","FY2026 Q4 [Historic]","FY2026 Q4 [Historic]","FY2026 Q4 [Historic]","FY2026 Q4 [Historic]","FY2026 Q4 [Historic]","FY2026 Q4 [Historic]","FY2026 Q4 [Historic]","FY2026 Q4 [Historic]","FY2026 Q4 [Historic]","FY2026 Q4 [Historic]"
"JAICORPLTD","Tier 3","10","FY2026","Q4","Historic","FY2026 Q4 [Historic]","FY2026 Q4 [Historic]","FY2026 Q4 [Historic]","FY2026 Q4 [Historic]","FY2026 Q4 [Historic]","FY2026 Q4 [Historic]","FY2026 Q4 [Historic]","FY2026 Q4 [Historic]","FY2026 Q4 [Historic]","FY2026 Q4 [Historic]"
"JAYAGROGN","Tier 3","10","FY2026","Q4","Historic","FY2026 Q4 [Historic]","FY2026 Q4 [Historic]","FY2026 Q4 [Historic]","FY2026 Q4 [Historic]","FY2026 Q4 [Historic]","FY2026 Q4 [Historic]","FY2026 Q4 [Historic]","FY2026 Q4 [Historic]","FY2026 Q4 [Historic]","FY2026 Q4 [Historic]"
"JAYBARMARU","Tier 3","10","FY2026","Q4","Historic","FY2026 Q4 [Historic]","FY2026 Q4 [Historic]","FY2026 Q4 [Historic]","FY2026 Q4 [Historic]","FY2026 Q4 [Historic]","FY2026 Q4 [Historic]","FY2026 Q4 [Historic]","FY2026 Q4 [Historic]","FY2026 Q4 [Historic]","FY2026 Q4 [Historic]"
"JAYNECOIND","Tier 3","10","FY2026","Q4","Historic","FY2026 Q4 [Historic]","FY2026 Q4 [Historic]","FY2026 Q4 [Historic]","FY2026 Q4 [Historic]","FY2026 Q4 [Historic]","FY2026 Q4 [Historic]","FY2026 Q4 [Historic]","FY2026 Q4 [Historic]","FY2026 Q4 [Historic]","FY2026 Q4 [Historic]"
"JAYSREETEA","Tier 3","10","FY2026","Q4","Historic","FY2026 Q4 [Historic]","FY2026 Q4 [Historic]","FY2026 Q4 [Historic]","FY2026 Q4 [Historic]","FY2026 Q4 [Historic]","FY2026 Q4 [Historic]","FY2026 Q4 [Historic]","FY2026 Q4 [Historic]","FY2026 Q4 [Historic]","FY2026 Q4 [Historic]"
"JINDALPHOT","Tier 3","10","FY2026","Q4","Historic","FY2026 Q4 [Historic]","FY2026 Q4 [Historic]","FY2026 Q4 [Historic]","FY2026 Q4 [Historic]","FY2026 Q4 [Historic]","FY2026 Q4 [Historic]","FY2026 Q4 [Historic]","FY2026 Q4 [Historic]","FY2026 Q4 [Historic]","FY2026 Q4 [Historic]"
"JISLDVREQS","Tier 3","10","FY2026","Q4","Historic","FY2026 Q4 [Historic]","FY2026 Q4 [Historic]","FY2026 Q4 [Historic]","FY2026 Q4 [Historic]","FY2026 Q4 [Historic]","FY2026 Q4 [Historic]","FY2026 Q4 [Historic]","FY2026 Q4 [Historic]","FY2026 Q4 [Historic]","FY2026 Q4 [Historic]"
"JITFINFRA","Tier 3","10","FY2026","Q4","Historic","FY2026 Q4 [Historic]","FY2026 Q4 [Historic]","FY2026 Q4 [Historic]","FY2026 Q4 [Historic]","FY2026 Q4 [Historic]","FY2026 Q4 [Historic]","FY2026 Q4 [Historic]","FY2026 Q4 [Historic]","FY2026 Q4 [Historic]","FY2026 Q4 [Historic]"
"JKPAPER","Tier 3","10","FY2026","Q4","Historic","FY2026 Q4 [Historic]","FY2026 Q4 [Historic]","FY2026 Q4 [Historic]","FY2026 Q4 [Historic]","FY2026 Q4 [Historic]","FY2026 Q4 [Historic]","FY2026 Q4 [Historic]","FY2026 Q4 [Historic]","FY2026 Q4 [Historic]","FY2026 Q4 [Historic]"
"JMA","Tier 3","10","FY2026","Q4","Historic","FY2026 Q4 [Historic]","FY2026 Q4 [Historic]","FY2026 Q4 [Historic]","FY2026 Q4 [Historic]","FY2026 Q4 [Historic]","FY2026 Q4 [Historic]","FY2026 Q4 [Historic]","FY2026 Q4 [Historic]","FY2026 Q4 [Historic]","FY2026 Q4 [Historic]"
"JOCIL","Tier 3","10","FY2026","Q4","Historic","FY2026 Q4 [Historic]","FY2026 Q4 [Historic]","FY2026 Q4 [Historic]","FY2026 Q4 [Historic]","FY2026 Q4 [Historic]","FY2026 Q4 [Historic]","FY2026 Q4 [Historic]","FY2026 Q4 [Historic]","FY2026 Q4 [Historic]","FY2026 Q4 [Historic]"
"JPPOWER","Tier 3","10","FY2026","Q4","Historic","FY2026 Q4 [Historic]","FY2026 Q4 [Historic]","FY2026 Q4 [Historic]","FY2026 Q4 [Historic]","FY2026 Q4 [Historic]","FY2026 Q4 [Historic]","FY2026 Q4 [Historic]","FY2026 Q4 [Historic]","FY2026 Q4 [Historic]","FY2026 Q4 [Historic]"
"JYOTISTRUC","Tier 3","10","FY2026","Q4","Historic","FY2026 Q4 [Historic]","FY2026 Q4 [Historic]","FY2026 Q4 [Historic]","FY2026 Q4 [Historic]","FY2026 Q4 [Historic]","FY2026 Q4 [Historic]","FY2026 Q4 [Historic]","FY2026 Q4 [Historic]","FY2026 Q4 [Historic]","FY2026 Q4 [Historic]"
"KABRAEXTRU","Tier 3","10","FY2026","Q4","Historic","FY2026 Q4 [Historic]","FY2026 Q4 [Historic]","FY2026 Q4 [Historic]","FY2026 Q4 [Historic]","FY2026 Q4 [Historic]","FY2026 Q4 [Historic]","FY2026 Q4 [Historic]","FY2026 Q4 [Historic]","FY2026 Q4 [Historic]","FY2026 Q4 [Historic]"
"KAMAHOLD","Tier 3","10","FY2026","Q4","Historic","FY2026 Q4 [Historic]","FY2026 Q4 [Historic]","FY2026 Q4 [Historic]","FY2026 Q4 [Historic]","FY2026 Q4 [Historic]","FY2026 Q4 [Historic]","FY2026 Q4 [Historic]","FY2026 Q4 [Historic]","FY2026 Q4 [Historic]","FY2026 Q4 [Historic]"
"KANCHI","Tier 3","10","FY2026","Q4","Historic","FY2026 Q4 [Historic]","FY2026 Q4 [Historic]","FY2026 Q4 [Historic]","FY2026 Q4 [Historic]","FY2026 Q4 [Historic]","FY2026 Q4 [Historic]","FY2026 Q4 [Historic]","FY2026 Q4 [Historic]","FY2026 Q4 [Historic]","FY2026 Q4 [Historic]"
"KANORICHEM","Tier 3","10","FY2026","Q4","Historic","FY2026 Q4 [Historic]","FY2026 Q4 [Historic]","FY2026 Q4 [Historic]","FY2026 Q4 [Historic]","FY2026 Q4 [Historic]","FY2026 Q4 [Historic]","FY2026 Q4 [Historic]","FY2026 Q4 [Historic]","FY2026 Q4 [Historic]","FY2026 Q4 [Historic]"
"KCP","Tier 3","10","FY2026","Q4","Historic","FY2026 Q4 [Historic]","FY2026 Q4 [Historic]","FY2026 Q4 [Historic]","FY2026 Q4 [Historic]","FY2026 Q4 [Historic]","FY2026 Q4 [Historic]","FY2026 Q4 [Historic]","FY2026 Q4 [Historic]","FY2026 Q4 [Historic]","FY2026 Q4 [Historic]"
"KECL","Tier 3","10","FY2026","Q4","Historic","FY2026 Q4 [Historic]","FY2026 Q4 [Historic]","FY2026 Q4 [Historic]","FY2026 Q4 [Historic]","FY2026 Q4 [Historic]","FY2026 Q4 [Historic]","FY2026 Q4 [Historic]","FY2026 Q4 [Historic]","FY2026 Q4 [Historic]","FY2026 Q4 [Historic]"
"KESORAMIND","Tier 3","10","FY2026","Q4","Historic","FY2022 Q4 [Historic]","FY2022 Q4 [Historic]","FY2026 Q4 [Historic]","FY2022 Q4 [Historic]","FY2026 Q4 [Historic]","FY2022 Q4 [Historic]","FY2022 Q4 [Historic]","FY2022 Q4 [Historic]","FY2022 Q4 [Historic]","FY2022 Q4 [Historic]"
"KICL","Tier 3","10","FY2026","Q4","Historic","FY2026 Q4 [Historic]","FY2026 Q4 [Historic]","FY2026 Q4 [Historic]","FY2026 Q4 [Historic]","FY2026 Q4 [Historic]","FY2026 Q4 [Historic]","FY2026 Q4 [Historic]","FY2026 Q4 [Historic]","FY2026 Q4 [Historic]","FY2026 Q4 [Historic]"
"KILITCH","Tier 3","10","FY2026","Q4","Historic","FY2026 Q4 [Historic]","FY2026 Q4 [Historic]","FY2026 Q4 [Historic]","FY2026 Q4 [Historic]","FY2026 Q4 [Historic]","FY2026 Q4 [Historic]","FY2026 Q4 [Historic]","FY2026 Q4 [Historic]","FY2026 Q4 [Historic]","FY2026 Q4 [Historic]"
"KMSUGAR","Tier 3","10","FY2026","Q4","Historic","FY2026 Q4 [Historic]","FY2026 Q4 [Historic]","FY2026 Q4 [Historic]","FY2026 Q4 [Historic]","FY2026 Q4 [Historic]","FY2026 Q4 [Historic]","FY2026 Q4 [Historic]","FY2026 Q4 [Historic]","FY2026 Q4 [Historic]","FY2026 Q4 [Historic]"
"KOKUYOCMLN","Tier 3","10","FY2026","Q4","Historic","FY2026 Q4 [Historic]","FY2026 Q4 [Historic]","FY2026 Q4 [Historic]","FY2026 Q4 [Historic]","FY2026 Q4 [Historic]","FY2026 Q4 [Historic]","FY2026 Q4 [Historic]","FY2026 Q4 [Historic]","FY2026 Q4 [Historic]","FY2026 Q4 [Historic]"
"KOTARISUG","Tier 3","10","FY2026","Q4","Historic","FY2026 Q4 [Historic]","FY2026 Q4 [Historic]","FY2026 Q4 [Historic]","FY2026 Q4 [Historic]","FY2026 Q4 [Historic]","FY2026 Q4 [Historic]","FY2026 Q4 [Historic]","FY2026 Q4 [Historic]","FY2026 Q4 [Historic]","FY2026 Q4 [Historic]"
"KOVAI","Tier 3","10","FY2026","Q4","Historic","FY2026 Q4 [Historic]","FY2026 Q4 [Historic]","FY2026 Q4 [Historic]","FY2026 Q4 [Historic]","FY2026 Q4 [Historic]","FY2026 Q4 [Historic]","FY2026 Q4 [Historic]","FY2026 Q4 [Historic]","FY2026 Q4 [Historic]","FY2026 Q4 [Historic]"
"KRITIKA","Tier 3","10","FY2026","Q4","Historic","FY2026 Q4 [Historic]","FY2026 Q4 [Historic]","FY2026 Q4 [Historic]","FY2026 Q4 [Historic]","FY2026 Q4 [Historic]","FY2026 Q4 [Historic]","FY2026 Q4 [Historic]","FY2026 Q4 [Historic]","FY2026 Q4 [Historic]","FY2026 Q4 [Historic]"
"KRITINUT","Tier 3","10","FY2026","Q4","Historic","FY2026 Q4 [Historic]","FY2026 Q4 [Historic]","FY2026 Q4 [Historic]","FY2026 Q4 [Historic]","FY2026 Q4 [Historic]","FY2026 Q4 [Historic]","FY2026 Q4 [Historic]","FY2026 Q4 [Historic]","FY2026 Q4 [Historic]","FY2026 Q4 [Historic]"
"KRONOX","Tier 3","10","FY2026","Q4","Historic","FY2026 Q4 [Historic]","FY2026 Q4 [Historic]","FY2026 Q4 [Historic]","FY2026 Q4 [Historic]","FY2026 Q4 [Historic]","FY2026 Q4 [Historic]","FY2026 Q4 [Historic]","FY2026 Q4 [Historic]","FY2026 Q4 [Historic]","FY2026 Q4 [Historic]"
"KSL","Tier 3","10","FY2026","Q4","Historic","FY2026 Q4 [Historic]","FY2026 Q4 [Historic]","FY2026 Q4 [Historic]","FY2026 Q4 [Historic]","FY2026 Q4 [Historic]","FY2026 Q4 [Historic]","FY2026 Q4 [Historic]","FY2026 Q4 [Historic]","FY2026 Q4 [Historic]","FY2026 Q4 [Historic]"
"LAGNAM","Tier 3","10","FY2026","Q4","Historic","FY2026 Q4 [Historic]","FY2026 Q4 [Historic]","FY2026 Q4 [Historic]","FY2026 Q4 [Historic]","FY2026 Q4 [Historic]","FY2026 Q4 [Historic]","FY2026 Q4 [Historic]","FY2026 Q4 [Historic]","FY2026 Q4 [Historic]","FY2026 Q4 [Historic]"
"LAL","Tier 3","10","FY2026","Q4","Historic","FY2026 Q4 [Historic]","FY2026 Q4 [Historic]","FY2026 Q4 [Historic]","FY2026 Q4 [Historic]","FY2026 Q4 [Historic]","FY2026 Q4 [Historic]","FY2026 Q4 [Historic]","FY2026 Q4 [Historic]","FY2026 Q4 [Historic]","FY2026 Q4 [Historic]"
"LAMBODHARA","Tier 3","10","FY2026","Q4","Historic","FY2026 Q4 [Historic]","FY2026 Q4 [Historic]","FY2026 Q4 [Historic]","FY2026 Q4 [Historic]","FY2026 Q4 [Historic]","FY2026 Q4 [Historic]","FY2026 Q4 [Historic]","FY2026 Q4 [Historic]","FY2026 Q4 [Historic]","FY2026 Q4 [Historic]"
"LATTEYS","Tier 3","10","FY2026","Q4","Historic","FY2026 Q4 [Historic]","FY2026 Q4 [Historic]","FY2026 Q4 [Historic]","FY2026 Q4 [Historic]","FY2026 Q4 [Historic]","FY2026 Q4 [Historic]","FY2026 Q4 [Historic]","FY2026 Q4 [Historic]","FY2026 Q4 [Historic]","FY2026 Q4 [Historic]"
"LGBBROSLTD","Tier 3","10","FY2026","Q4","Historic","FY2026 Q4 [Historic]","FY2026 Q4 [Historic]","FY2026 Q4 [Historic]","FY2026 Q4 [Historic]","FY2026 Q4 [Historic]","FY2026 Q4 [Historic]","FY2026 Q4 [Historic]","FY2026 Q4 [Historic]","FY2026 Q4 [Historic]","FY2026 Q4 [Historic]"
"LINDEINDIA","Tier 3","10","FY2026","Q4","Historic","FY2026 Q4 [Historic]","FY2026 Q4 [Historic]","FY2026 Q4 [Historic]","FY2026 Q4 [Historic]","FY2026 Q4 [Historic]","FY2026 Q4 [Historic]","FY2026 Q4 [Historic]","FY2026 Q4 [Historic]","FY2026 Q4 [Historic]","FY2026 Q4 [Historic]"
"LLOYDSENT","Tier 3","10","FY2026","Q4","Historic","FY2026 Q4 [Historic]","FY2026 Q4 [Historic]","FY2026 Q4 [Historic]","FY2026 Q4 [Historic]","FY2026 Q4 [Historic]","FY2026 Q4 [Historic]","FY2026 Q4 [Historic]","FY2026 Q4 [Historic]","FY2026 Q4 [Historic]","FY2026 Q4 [Historic]"
"LOKESHMACH","Tier 3","10","FY2026","Q4","Historic","FY2026 Q4 [Historic]","FY2026 Q4 [Historic]","FY2026 Q4 [Historic]","FY2026 Q4 [Historic]","FY2026 Q4 [Historic]","FY2026 Q4 [Historic]","FY2026 Q4 [Historic]","FY2026 Q4 [Historic]","FY2026 Q4 [Historic]","FY2026 Q4 [Historic]"
"LOTUSEYE","Tier 3","10","FY2026","Q4","Historic","FY2026 Q4 [Historic]","FY2026 Q4 [Historic]","FY2026 Q4 [Historic]","FY2026 Q4 [Historic]","FY2026 Q4 [Historic]","FY2026 Q4 [Historic]","FY2026 Q4 [Historic]","FY2026 Q4 [Historic]","FY2026 Q4 [Historic]","FY2026 Q4 [Historic]"
"MAGNUM","Tier 3","10","FY2026","Q4","Historic","FY2026 Q4 [Historic]","FY2026 Q4 [Historic]","FY2026 Q4 [Historic]","FY2026 Q4 [Historic]","FY2026 Q4 [Historic]","FY2026 Q4 [Historic]","FY2026 Q4 [Historic]","FY2026 Q4 [Historic]","FY2026 Q4 [Historic]","FY2026 Q4 [Historic]"
"MAHAPEXLTD","Tier 3","10","FY2026","Q4","Historic","FY2026 Q4 [Historic]","FY2026 Q4 [Historic]","FY2026 Q4 [Historic]","FY2026 Q4 [Historic]","FY2026 Q4 [Historic]","FY2026 Q4 [Historic]","FY2026 Q4 [Historic]","FY2026 Q4 [Historic]","FY2026 Q4 [Historic]","FY2026 Q4 [Historic]"
"MAHEPC","Tier 3","10","FY2026","Q4","Historic","FY2026 Q4 [Historic]","FY2026 Q4 [Historic]","FY2026 Q4 [Historic]","FY2026 Q4 [Historic]","FY2026 Q4 [Historic]","FY2026 Q4 [Historic]","FY2026 Q4 [Historic]","FY2026 Q4 [Historic]","FY2026 Q4 [Historic]","FY2026 Q4 [Historic]"
"MAHSCOOTER","Tier 3","10","FY2026","Q4","Historic","FY2026 Q4 [Historic]","FY2026 Q4 [Historic]","FY2026 Q4 [Historic]","FY2026 Q4 [Historic]","FY2026 Q4 [Historic]","FY2026 Q4 [Historic]","FY2026 Q4 [Historic]","FY2026 Q4 [Historic]","FY2026 Q4 [Historic]","FY2026 Q4 [Historic]"
"MAITHANALL","Tier 3","10","FY2026","Q4","Historic","FY2026 Q4 [Historic]","FY2026 Q4 [Historic]","FY2026 Q4 [Historic]","FY2026 Q4 [Historic]","FY2026 Q4 [Historic]","FY2026 Q4 [Historic]","FY2026 Q4 [Historic]","FY2026 Q4 [Historic]","FY2026 Q4 [Historic]","FY2026 Q4 [Historic]"
"MAJESAUT","Tier 3","10","FY2026","Q4","Historic","FY2026 Q4 [Historic]","FY2026 Q4 [Historic]","FY2026 Q4 [Historic]","FY2026 Q4 [Historic]","FY2026 Q4 [Historic]","FY2026 Q4 [Historic]","FY2026 Q4 [Historic]","FY2026 Q4 [Historic]","FY2026 Q4 [Historic]","FY2026 Q4 [Historic]"
"MANAKSIA","Tier 3","10","FY2026","Q4","Historic","FY2026 Q4 [Historic]","FY2026 Q4 [Historic]","FY2026 Q4 [Historic]","FY2026 Q4 [Historic]","FY2026 Q4 [Historic]","FY2026 Q4 [Historic]","FY2026 Q4 [Historic]","FY2026 Q4 [Historic]","FY2026 Q4 [Historic]","FY2026 Q4 [Historic]"
"MANAKSTEEL","Tier 3","10","FY2026","Q4","Historic","FY2026 Q4 [Historic]","FY2026 Q4 [Historic]","FY2026 Q4 [Historic]","FY2026 Q4 [Historic]","FY2026 Q4 [Historic]","FY2026 Q4 [Historic]","FY2026 Q4 [Historic]","FY2026 Q4 [Historic]","FY2026 Q4 [Historic]","FY2026 Q4 [Historic]"
"MANGLMCEM","Tier 3","10","FY2026","Q4","Historic","FY2026 Q4 [Historic]","FY2026 Q4 [Historic]","FY2026 Q4 [Historic]","FY2026 Q4 [Historic]","FY2026 Q4 [Historic]","FY2026 Q4 [Historic]","FY2026 Q4 [Historic]","FY2026 Q4 [Historic]","FY2026 Q4 [Historic]","FY2026 Q4 [Historic]"
"MANOMAY","Tier 3","10","FY2026","Q4","Historic","FY2026 Q4 [Historic]","FY2026 Q4 [Historic]","FY2026 Q4 [Historic]","FY2026 Q4 [Historic]","FY2026 Q4 [Historic]","FY2026 Q4 [Historic]","FY2026 Q4 [Historic]","FY2026 Q4 [Historic]","FY2026 Q4 [Historic]","FY2026 Q4 [Historic]"
"MARALOVER","Tier 3","10","FY2026","Q4","Historic","FY2026 Q4 [Historic]","FY2026 Q4 [Historic]","FY2026 Q4 [Historic]","FY2026 Q4 [Historic]","FY2026 Q4 [Historic]","FY2026 Q4 [Historic]","FY2026 Q4 [Historic]","FY2026 Q4 [Historic]","FY2026 Q4 [Historic]","FY2026 Q4 [Historic]"
"MARSONS","Tier 3","10","FY2026","Q4","Historic","FY2026 Q4 [Historic]","FY2026 Q4 [Historic]","FY2026 Q4 [Historic]","FY2026 Q4 [Historic]","FY2026 Q4 [Historic]","FY2026 Q4 [Historic]","FY2026 Q4 [Historic]","FY2026 Q4 [Historic]","FY2026 Q4 [Historic]","FY2026 Q4 [Historic]"
"MAWANASUG","Tier 3","10","FY2026","Q4","Historic","FY2026 Q4 [Historic]","FY2026 Q4 [Historic]","FY2026 Q4 [Historic]","FY2026 Q4 [Historic]","FY2026 Q4 [Historic]","FY2026 Q4 [Historic]","FY2026 Q4 [Historic]","FY2026 Q4 [Historic]","FY2026 Q4 [Historic]","FY2026 Q4 [Historic]"
"MAZDA","Tier 3","10","FY2026","Q4","Historic","FY2026 Q4 [Historic]","FY2026 Q4 [Historic]","FY2026 Q4 [Historic]","FY2026 Q4 [Historic]","FY2026 Q4 [Historic]","FY2026 Q4 [Historic]","FY2026 Q4 [Historic]","FY2026 Q4 [Historic]","FY2026 Q4 [Historic]","FY2026 Q4 [Historic]"
"MEDICO","Tier 3","10","FY2026","Q4","Historic","FY2026 Q4 [Historic]","FY2026 Q4 [Historic]","FY2026 Q4 [Historic]","FY2026 Q4 [Historic]","FY2026 Q4 [Historic]","FY2026 Q4 [Historic]","FY2026 Q4 [Historic]","FY2026 Q4 [Historic]","FY2026 Q4 [Historic]","FY2026 Q4 [Historic]"
"MENNPIS","Tier 3","10","FY2026","Q4","Historic","FY2026 Q4 [Historic]","FY2026 Q4 [Historic]","FY2026 Q4 [Historic]","FY2026 Q4 [Historic]","FY2026 Q4 [Historic]","FY2026 Q4 [Historic]","FY2026 Q4 [Historic]","FY2026 Q4 [Historic]","FY2026 Q4 [Historic]","FY2026 Q4 [Historic]"
"MERCANTILE","Tier 3","10","FY2026","Q4","Historic","FY2026 Q4 [Historic]","FY2026 Q4 [Historic]","FY2026 Q4 [Historic]","FY2026 Q4 [Historic]","FY2026 Q4 [Historic]","FY2026 Q4 [Historic]","FY2026 Q4 [Historic]","FY2026 Q4 [Historic]","FY2026 Q4 [Historic]","FY2026 Q4 [Historic]"
"MGEL","Tier 3","10","FY2026","Q4","Historic","FY2026 Q4 [Historic]","FY2026 Q4 [Historic]","FY2026 Q4 [Historic]","FY2026 Q4 [Historic]","FY2026 Q4 [Historic]","FY2026 Q4 [Historic]","FY2026 Q4 [Historic]","FY2026 Q4 [Historic]","FY2026 Q4 [Historic]","FY2026 Q4 [Historic]"
"MHLXMIRU","Tier 3","10","FY2026","Q4","Historic","FY2026 Q4 [Historic]","FY2026 Q4 [Historic]","FY2026 Q4 [Historic]","FY2026 Q4 [Historic]","FY2026 Q4 [Historic]","FY2026 Q4 [Historic]","FY2026 Q4 [Historic]","FY2026 Q4 [Historic]","FY2026 Q4 [Historic]","FY2026 Q4 [Historic]"
"MICEL","Tier 3","10","FY2026","Q4","Historic","FY2026 Q4 [Historic]","FY2026 Q4 [Historic]","FY2026 Q4 [Historic]","FY2026 Q4 [Historic]","FY2026 Q4 [Historic]","FY2026 Q4 [Historic]","FY2026 Q4 [Historic]","FY2026 Q4 [Historic]","FY2026 Q4 [Historic]","FY2026 Q4 [Historic]"
"MINDTECK","Tier 3","10","FY2026","Q4","Historic","FY2026 Q4 [Historic]","FY2026 Q4 [Historic]","FY2026 Q4 [Historic]","FY2026 Q4 [Historic]","FY2026 Q4 [Historic]","FY2026 Q4 [Historic]","FY2026 Q4 [Historic]","FY2026 Q4 [Historic]","FY2026 Q4 [Historic]","FY2026 Q4 [Historic]"
"MIRZAINT","Tier 3","10","FY2026","Q4","Historic","FY2026 Q4 [Historic]","FY2026 Q4 [Historic]","FY2026 Q4 [Historic]","FY2026 Q4 [Historic]","FY2026 Q4 [Historic]","FY2026 Q4 [Historic]","FY2026 Q4 [Historic]","FY2026 Q4 [Historic]","FY2026 Q4 [Historic]","FY2026 Q4 [Historic]"
"MITCON","Tier 3","10","FY2026","Q4","Historic","FY2026 Q4 [Historic]","FY2026 Q4 [Historic]","FY2026 Q4 [Historic]","FY2026 Q4 [Historic]","FY2026 Q4 [Historic]","FY2026 Q4 [Historic]","FY2026 Q4 [Historic]","FY2026 Q4 [Historic]","FY2026 Q4 [Historic]","FY2026 Q4 [Historic]"
"MODISONLTD","Tier 3","10","FY2026","Q4","Historic","FY2026 Q4 [Historic]","FY2026 Q4 [Historic]","FY2026 Q4 [Historic]","FY2026 Q4 [Historic]","FY2026 Q4 [Historic]","FY2026 Q4 [Historic]","FY2026 Q4 [Historic]","FY2026 Q4 [Historic]","FY2026 Q4 [Historic]","FY2026 Q4 [Historic]"
"MOTOGENFIN","Tier 3","10","FY2026","Q4","Historic","FY2026 Q4 [Historic]","FY2026 Q4 [Historic]","FY2026 Q4 [Historic]","FY2026 Q4 [Historic]","FY2026 Q4 [Historic]","FY2026 Q4 [Historic]","FY2026 Q4 [Historic]","FY2026 Q4 [Historic]","FY2026 Q4 [Historic]","FY2026 Q4 [Historic]"
"MUKANDLTD","Tier 3","10","FY2026","Q4","Historic","FY2026 Q4 [Historic]","FY2026 Q4 [Historic]","FY2026 Q4 [Historic]","FY2026 Q4 [Historic]","FY2026 Q4 [Historic]","FY2026 Q4 [Historic]","FY2026 Q4 [Historic]","FY2026 Q4 [Historic]","FY2026 Q4 [Historic]","FY2026 Q4 [Historic]"
"MUKKA","Tier 3","10","FY2026","Q4","Historic","FY2026 Q4 [Historic]","FY2026 Q4 [Historic]","FY2026 Q4 [Historic]","FY2026 Q4 [Historic]","FY2026 Q4 [Historic]","FY2026 Q4 [Historic]","FY2026 Q4 [Historic]","FY2026 Q4 [Historic]","FY2026 Q4 [Historic]","FY2026 Q4 [Historic]"
"MUKTAARTS","Tier 3","10","FY2026","Q4","Historic","FY2026 Q4 [Historic]","FY2026 Q4 [Historic]","FY2026 Q4 [Historic]","FY2026 Q4 [Historic]","FY2026 Q4 [Historic]","FY2026 Q4 [Historic]","FY2026 Q4 [Historic]","FY2026 Q4 [Historic]","FY2026 Q4 [Historic]","FY2026 Q4 [Historic]"
"MUNJALSHOW","Tier 3","10","FY2026","Q4","Historic","FY2026 Q4 [Historic]","FY2026 Q4 [Historic]","FY2026 Q4 [Historic]","FY2026 Q4 [Historic]","FY2026 Q4 [Historic]","FY2026 Q4 [Historic]","FY2026 Q4 [Historic]","FY2026 Q4 [Historic]","FY2026 Q4 [Historic]","FY2026 Q4 [Historic]"
"MURUDCERA","Tier 3","10","FY2026","Q4","Historic","FY2026 Q4 [Historic]","FY2026 Q4 [Historic]","FY2026 Q4 [Historic]","FY2026 Q4 [Historic]","FY2026 Q4 [Historic]","FY2026 Q4 [Historic]","FY2026 Q4 [Historic]","FY2026 Q4 [Historic]","FY2026 Q4 [Historic]","FY2026 Q4 [Historic]"
"NACLIND","Tier 3","10","FY2026","Q4","Historic","FY2026 Q4 [Historic]","FY2026 Q4 [Historic]","FY2026 Q4 [Historic]","FY2026 Q4 [Historic]","FY2026 Q4 [Historic]","FY2026 Q4 [Historic]","FY2026 Q4 [Historic]","FY2026 Q4 [Historic]","FY2026 Q4 [Historic]","FY2026 Q4 [Historic]"
"NAHARCAP","Tier 3","10","FY2026","Q4","Historic","FY2026 Q4 [Historic]","FY2026 Q4 [Historic]","FY2026 Q4 [Historic]","FY2026 Q4 [Historic]","FY2026 Q4 [Historic]","FY2026 Q4 [Historic]","FY2026 Q4 [Historic]","FY2026 Q4 [Historic]","FY2026 Q4 [Historic]","FY2026 Q4 [Historic]"
"NATIONSTD","Tier 3","10","FY2026","Q4","Historic","FY2026 Q4 [Historic]","FY2026 Q4 [Historic]","FY2026 Q4 [Historic]","FY2026 Q4 [Historic]","FY2026 Q4 [Historic]","FY2026 Q4 [Historic]","FY2026 Q4 [Historic]","FY2026 Q4 [Historic]","FY2026 Q4 [Historic]","FY2026 Q4 [Historic]"
"NBIFIN","Tier 3","10","FY2026","Q4","Historic","FY2026 Q4 [Historic]","FY2026 Q4 [Historic]","FY2026 Q4 [Historic]","FY2026 Q4 [Historic]","FY2026 Q4 [Historic]","FY2026 Q4 [Historic]","FY2026 Q4 [Historic]","FY2026 Q4 [Historic]","FY2026 Q4 [Historic]","FY2026 Q4 [Historic]"
"NCLIND","Tier 3","10","FY2026","Q4","Historic","FY2026 Q4 [Historic]","FY2026 Q4 [Historic]","FY2026 Q4 [Historic]","FY2026 Q4 [Historic]","FY2026 Q4 [Historic]","FY2026 Q4 [Historic]","FY2026 Q4 [Historic]","FY2026 Q4 [Historic]","FY2026 Q4 [Historic]","FY2026 Q4 [Historic]"
"NDGL","Tier 3","10","FY2026","Q4","Historic","FY2026 Q4 [Historic]","FY2026 Q4 [Historic]","FY2026 Q4 [Historic]","FY2026 Q4 [Historic]","FY2026 Q4 [Historic]","FY2026 Q4 [Historic]","FY2026 Q4 [Historic]","FY2026 Q4 [Historic]","FY2026 Q4 [Historic]","FY2026 Q4 [Historic]"
"NDL","Tier 3","10","FY2026","Q4","Historic","FY2026 Q4 [Historic]","FY2026 Q4 [Historic]","FY2026 Q4 [Historic]","FY2026 Q4 [Historic]","FY2026 Q4 [Historic]","FY2026 Q4 [Historic]","FY2026 Q4 [Historic]","FY2026 Q4 [Historic]","FY2026 Q4 [Historic]","FY2026 Q4 [Historic]"
"NDLVENTURE","Tier 3","10","FY2026","Q4","Historic","FY2026 Q4 [Historic]","FY2026 Q4 [Historic]","FY2026 Q4 [Historic]","FY2026 Q4 [Historic]","FY2026 Q4 [Historic]","FY2026 Q4 [Historic]","FY2026 Q4 [Historic]","FY2026 Q4 [Historic]","FY2026 Q4 [Historic]","FY2026 Q4 [Historic]"
"NDTV","Tier 3","10","FY2026","Q4","Historic","FY2026 Q4 [Historic]","FY2026 Q4 [Historic]","FY2026 Q4 [Historic]","FY2026 Q4 [Historic]","FY2026 Q4 [Historic]","FY2026 Q4 [Historic]","FY2026 Q4 [Historic]","FY2026 Q4 [Historic]","FY2026 Q4 [Historic]","FY2026 Q4 [Historic]"
"NEAGI","Tier 3","10","FY2026","Q4","Historic","FY2026 Q4 [Historic]","FY2026 Q4 [Historic]","FY2026 Q4 [Historic]","FY2026 Q4 [Historic]","FY2026 Q4 [Historic]","FY2026 Q4 [Historic]","FY2026 Q4 [Historic]","FY2026 Q4 [Historic]","FY2026 Q4 [Historic]","FY2026 Q4 [Historic]"
"NECCLTD","Tier 3","10","FY2026","Q4","Historic","FY2026 Q4 [Historic]","FY2022 Q3 [Historic]","FY2022 Q3 [Historic]","FY2022 Q3 [Historic]","FY2026 Q4 [Historic]","FY2022 Q3 [Historic]","FY2022 Q3 [Historic]","FY2022 Q3 [Historic]","FY2022 Q3 [Historic]","FY2022 Q3 [Historic]"
"NECLIFE","Tier 3","10","FY2026","Q4","Historic","FY2026 Q4 [Historic]","FY2026 Q4 [Historic]","FY2026 Q4 [Historic]","FY2026 Q4 [Historic]","FY2026 Q4 [Historic]","FY2026 Q4 [Historic]","FY2026 Q4 [Historic]","FY2026 Q4 [Historic]","FY2026 Q4 [Historic]","FY2026 Q4 [Historic]"
"NELCO","Tier 3","10","FY2026","Q4","Historic","FY2026 Q4 [Historic]","FY2026 Q4 [Historic]","FY2026 Q4 [Historic]","FY2026 Q4 [Historic]","FY2026 Q4 [Historic]","FY2026 Q4 [Historic]","FY2026 Q4 [Historic]","FY2026 Q4 [Historic]","FY2026 Q4 [Historic]","FY2026 Q4 [Historic]"
"NESCO","Tier 3","10","FY2026","Q4","Historic","FY2026 Q4 [Historic]","FY2026 Q4 [Historic]","FY2026 Q4 [Historic]","FY2026 Q4 [Historic]","FY2026 Q4 [Historic]","FY2026 Q4 [Historic]","FY2026 Q4 [Historic]","FY2026 Q4 [Historic]","FY2026 Q4 [Historic]","FY2026 Q4 [Historic]"
"NESTLEIND","Tier 3","10","FY2026","Q4","Historic","FY2026 Q4 [Historic]","FY2026 Q4 [Historic]","FY2026 Q4 [Historic]","FY2026 Q4 [Historic]","FY2026 Q4 [Historic]","FY2026 Q4 [Historic]","FY2026 Q4 [Historic]","FY2026 Q4 [Historic]","FY2026 Q4 [Historic]","FY2026 Q4 [Historic]"
"NETWORK18","Tier 3","10","FY2026","Q4","Historic","FY2026 Q4 [Historic]","FY2026 Q4 [Historic]","FY2026 Q4 [Historic]","FY2026 Q4 [Historic]","FY2026 Q4 [Historic]","FY2026 Q4 [Historic]","FY2026 Q4 [Historic]","FY2026 Q4 [Historic]","FY2026 Q4 [Historic]","FY2026 Q4 [Historic]"
"NFL","Tier 3","10","FY2026","Q4","Historic","FY2026 Q4 [Historic]","FY2026 Q4 [Historic]","FY2026 Q4 [Historic]","FY2026 Q4 [Historic]","FY2026 Q4 [Historic]","FY2026 Q4 [Historic]","FY2026 Q4 [Historic]","FY2026 Q4 [Historic]","FY2026 Q4 [Historic]","FY2026 Q4 [Historic]"
"NILKAMAL","Tier 3","10","FY2026","Q4","Historic","FY2026 Q4 [Historic]","FY2026 Q4 [Historic]","FY2026 Q4 [Historic]","FY2026 Q4 [Historic]","FY2026 Q4 [Historic]","FY2026 Q4 [Historic]","FY2026 Q4 [Historic]","FY2026 Q4 [Historic]","FY2026 Q4 [Historic]","FY2026 Q4 [Historic]"
"NINSYS","Tier 3","10","FY2026","Q4","Historic","FY2026 Q4 [Historic]","FY2026 Q4 [Historic]","FY2026 Q4 [Historic]","FY2026 Q4 [Historic]","FY2026 Q4 [Historic]","FY2026 Q4 [Historic]","FY2026 Q4 [Historic]","FY2026 Q4 [Historic]","FY2026 Q4 [Historic]","FY2026 Q4 [Historic]"
"NIPPOBATRY","Tier 3","10","FY2026","Q4","Historic","FY2026 Q4 [Historic]","FY2026 Q4 [Historic]","FY2026 Q4 [Historic]","FY2026 Q4 [Historic]","FY2026 Q4 [Historic]","FY2026 Q4 [Historic]","FY2026 Q4 [Historic]","FY2026 Q4 [Historic]","FY2026 Q4 [Historic]","FY2026 Q4 [Historic]"
"NITCO","Tier 3","10","FY2026","Q4","Historic","FY2026 Q4 [Historic]","FY2026 Q4 [Historic]","FY2026 Q4 [Historic]","FY2026 Q4 [Historic]","FY2026 Q4 [Historic]","FY2026 Q4 [Historic]","FY2026 Q4 [Historic]","FY2026 Q4 [Historic]","FY2026 Q4 [Historic]","FY2026 Q4 [Historic]"
"NITTAGELA","Tier 3","10","FY2026","Q4","Historic","FY2026 Q4 [Historic]","FY2026 Q4 [Historic]","FY2026 Q4 [Historic]","FY2026 Q4 [Historic]","FY2026 Q4 [Historic]","FY2026 Q4 [Historic]","FY2026 Q4 [Historic]","FY2026 Q4 [Historic]","FY2026 Q4 [Historic]","FY2026 Q4 [Historic]"
"NORBTEAEXP","Tier 3","10","FY2026","Q4","Historic","FY2026 Q4 [Historic]","FY2026 Q4 [Historic]","FY2026 Q4 [Historic]","FY2026 Q4 [Historic]","FY2026 Q4 [Historic]","FY2026 Q4 [Historic]","FY2026 Q4 [Historic]","FY2026 Q4 [Historic]","FY2026 Q4 [Historic]","FY2026 Q4 [Historic]"
"NRAIL","Tier 3","10","FY2026","Q4","Historic","FY2026 Q4 [Historic]","FY2026 Q4 [Historic]","FY2026 Q4 [Historic]","FY2026 Q4 [Historic]","FY2026 Q4 [Historic]","FY2026 Q4 [Historic]","FY2026 Q4 [Historic]","FY2026 Q4 [Historic]","FY2026 Q4 [Historic]","FY2026 Q4 [Historic]"
"NTPCGREEN","Tier 3","10","FY2026","Q4","Historic","FY2026 Q4 [Historic]","FY2026 Q4 [Historic]","FY2026 Q4 [Historic]","FY2026 Q4 [Historic]","FY2026 Q4 [Historic]","FY2026 Q4 [Historic]","FY2026 Q4 [Historic]","FY2026 Q4 [Historic]","FY2026 Q4 [Historic]","FY2026 Q4 [Historic]"
"OBCL","Tier 3","10","FY2026","Q4","Historic","FY2026 Q4 [Historic]","FY2026 Q4 [Historic]","FY2026 Q4 [Historic]","FY2026 Q4 [Historic]","FY2026 Q4 [Historic]","FY2026 Q4 [Historic]","FY2026 Q4 [Historic]","FY2026 Q4 [Historic]","FY2026 Q4 [Historic]","FY2026 Q4 [Historic]"
"OFSS","Tier 3","10","FY2026","Q4","Historic","FY2026 Q4 [Historic]","FY2026 Q4 [Historic]","FY2026 Q4 [Historic]","FY2026 Q4 [Historic]","FY2026 Q4 [Historic]","FY2026 Q4 [Historic]","FY2026 Q4 [Historic]","FY2026 Q4 [Historic]","FY2026 Q4 [Historic]","FY2026 Q4 [Historic]"
"OILCOUNTUB","Tier 3","10","FY2026","Q4","Historic","FY2026 Q4 [Historic]","FY2026 Q4 [Historic]","FY2026 Q4 [Historic]","FY2026 Q4 [Historic]","FY2026 Q4 [Historic]","FY2026 Q4 [Historic]","FY2026 Q4 [Historic]","FY2026 Q4 [Historic]","FY2026 Q4 [Historic]","FY2026 Q4 [Historic]"
"OMAXAUTO","Tier 3","10","FY2026","Q4","Historic","FY2026 Q4 [Historic]","FY2026 Q4 [Historic]","FY2026 Q4 [Historic]","FY2026 Q4 [Historic]","FY2026 Q4 [Historic]","FY2026 Q4 [Historic]","FY2026 Q4 [Historic]","FY2026 Q4 [Historic]","FY2026 Q4 [Historic]","FY2026 Q4 [Historic]"
"OMAXE","Tier 3","10","FY2026","Q4","Historic","FY2026 Q4 [Historic]","FY2026 Q4 [Historic]","FY2026 Q4 [Historic]","FY2026 Q4 [Historic]","FY2026 Q4 [Historic]","FY2026 Q4 [Historic]","FY2026 Q4 [Historic]","FY2026 Q4 [Historic]","FY2026 Q4 [Historic]","FY2026 Q4 [Historic]"
"ORIENTHOT","Tier 3","10","FY2026","Q4","Historic","FY2026 Q4 [Historic]","FY2026 Q4 [Historic]","FY2026 Q4 [Historic]","FY2026 Q4 [Historic]","FY2026 Q4 [Historic]","FY2026 Q4 [Historic]","FY2026 Q4 [Historic]","FY2026 Q4 [Historic]","FY2026 Q4 [Historic]","FY2026 Q4 [Historic]"
"ORIENTPPR","Tier 3","10","FY2026","Q4","Historic","FY2026 Q4 [Historic]","FY2026 Q4 [Historic]","FY2026 Q4 [Historic]","FY2026 Q4 [Historic]","FY2026 Q4 [Historic]","FY2026 Q4 [Historic]","FY2026 Q4 [Historic]","FY2026 Q4 [Historic]","FY2026 Q4 [Historic]","FY2026 Q4 [Historic]"
"PANAMAPET","Tier 3","10","FY2026","Q4","Historic","FY2026 Q4 [Historic]","FY2026 Q4 [Historic]","FY2026 Q4 [Historic]","FY2026 Q4 [Historic]","FY2026 Q4 [Historic]","FY2026 Q4 [Historic]","FY2026 Q4 [Historic]","FY2026 Q4 [Historic]","FY2026 Q4 [Historic]","FY2026 Q4 [Historic]"
"PARAS","Tier 3","10","FY2026","Q4","Historic","FY2026 Q4 [Historic]","FY2026 Q4 [Historic]","FY2026 Q4 [Historic]","FY2026 Q4 [Historic]","FY2026 Q4 [Historic]","FY2026 Q4 [Historic]","FY2026 Q4 [Historic]","FY2026 Q4 [Historic]","FY2026 Q4 [Historic]","FY2026 Q4 [Historic]"
"PAUSHAKLTD","Tier 3","10","FY2026","Q4","Historic","FY2026 Q4 [Historic]","FY2026 Q4 [Historic]","FY2026 Q4 [Historic]","FY2026 Q4 [Historic]","FY2026 Q4 [Historic]","FY2026 Q4 [Historic]","FY2026 Q4 [Historic]","FY2026 Q4 [Historic]","FY2026 Q4 [Historic]","FY2026 Q4 [Historic]"
"PAVNAIND","Tier 3","10","FY2026","Q4","Historic","FY2026 Q4 [Historic]","FY2026 Q4 [Historic]","FY2026 Q4 [Historic]","FY2026 Q4 [Historic]","FY2026 Q4 [Historic]","FY2026 Q4 [Historic]","FY2026 Q4 [Historic]","FY2026 Q4 [Historic]","FY2026 Q4 [Historic]","FY2026 Q4 [Historic]"
"PENINLAND","Tier 3","10","FY2026","Q4","Historic","FY2026 Q4 [Historic]","FY2026 Q4 [Historic]","FY2026 Q4 [Historic]","FY2026 Q4 [Historic]","FY2026 Q4 [Historic]","FY2026 Q4 [Historic]","FY2026 Q4 [Historic]","FY2026 Q4 [Historic]","FY2026 Q4 [Historic]","FY2026 Q4 [Historic]"
"PFIZER","Tier 3","10","FY2026","Q4","Historic","FY2026 Q4 [Historic]","FY2026 Q4 [Historic]","FY2026 Q4 [Historic]","FY2026 Q4 [Historic]","FY2026 Q4 [Historic]","FY2026 Q4 [Historic]","FY2026 Q4 [Historic]","FY2026 Q4 [Historic]","FY2026 Q4 [Historic]","FY2026 Q4 [Historic]"
"PGHL","Tier 3","10","FY2026","Q4","Historic","FY2026 Q4 [Historic]","FY2026 Q4 [Historic]","FY2026 Q4 [Historic]","FY2026 Q4 [Historic]","FY2026 Q4 [Historic]","FY2026 Q4 [Historic]","FY2026 Q4 [Historic]","FY2026 Q4 [Historic]","FY2026 Q4 [Historic]","FY2026 Q4 [Historic]"
"PLASTIBLEN","Tier 3","10","FY2026","Q4","Historic","FY2026 Q4 [Historic]","FY2026 Q4 [Historic]","FY2026 Q4 [Historic]","FY2026 Q4 [Historic]","FY2026 Q4 [Historic]","FY2026 Q4 [Historic]","FY2026 Q4 [Historic]","FY2026 Q4 [Historic]","FY2026 Q4 [Historic]","FY2026 Q4 [Historic]"
"PML","Tier 3","10","FY2026","Q4","Historic","FY2026 Q4 [Historic]","FY2026 Q4 [Historic]","FY2026 Q4 [Historic]","FY2026 Q4 [Historic]","FY2026 Q4 [Historic]","FY2026 Q4 [Historic]","FY2026 Q4 [Historic]","FY2026 Q4 [Historic]","FY2026 Q4 [Historic]","FY2026 Q4 [Historic]"
"PODDARMENT","Tier 3","10","FY2026","Q4","Historic","FY2026 Q4 [Historic]","FY2026 Q4 [Historic]","FY2026 Q4 [Historic]","FY2026 Q4 [Historic]","FY2026 Q4 [Historic]","FY2026 Q4 [Historic]","FY2026 Q4 [Historic]","FY2026 Q4 [Historic]","FY2026 Q4 [Historic]","FY2026 Q4 [Historic]"
"PONNIERODE","Tier 3","10","FY2026","Q4","Historic","FY2026 Q4 [Historic]","FY2026 Q4 [Historic]","FY2026 Q4 [Historic]","FY2026 Q4 [Historic]","FY2026 Q4 [Historic]","FY2026 Q4 [Historic]","FY2026 Q4 [Historic]","FY2026 Q4 [Historic]","FY2026 Q4 [Historic]","FY2026 Q4 [Historic]"
"PRABHA","Tier 3","10","FY2026","Q4","Historic","FY2026 Q4 [Historic]","FY2026 Q4 [Historic]","FY2026 Q4 [Historic]","FY2026 Q4 [Historic]","FY2026 Q4 [Historic]","FY2026 Q4 [Historic]","FY2026 Q4 [Historic]","FY2026 Q4 [Historic]","FY2026 Q4 [Historic]","FY2026 Q4 [Historic]"
"PRECOT","Tier 3","10","FY2026","Q4","Historic","FY2026 Q4 [Historic]","FY2026 Q4 [Historic]","FY2026 Q4 [Historic]","FY2026 Q4 [Historic]","FY2026 Q4 [Historic]","FY2026 Q4 [Historic]","FY2026 Q4 [Historic]","FY2026 Q4 [Historic]","FY2026 Q4 [Historic]","FY2026 Q4 [Historic]"
"PRECWIRE","Tier 3","10","FY2026","Q4","Historic","FY2026 Q4 [Historic]","FY2026 Q4 [Historic]","FY2026 Q4 [Historic]","FY2026 Q4 [Historic]","FY2026 Q4 [Historic]","FY2026 Q4 [Historic]","FY2026 Q4 [Historic]","FY2026 Q4 [Historic]","FY2026 Q4 [Historic]","FY2026 Q4 [Historic]"
"PREMCO","Tier 3","10","FY2026","Q4","Historic","FY2026 Q4 [Historic]","FY2026 Q4 [Historic]","FY2026 Q4 [Historic]","FY2026 Q4 [Historic]","FY2026 Q4 [Historic]","FY2026 Q4 [Historic]","FY2026 Q4 [Historic]","FY2026 Q4 [Historic]","FY2026 Q4 [Historic]","FY2026 Q4 [Historic]"
"PREMIERPOL","Tier 3","10","FY2026","Q4","Historic","FY2026 Q4 [Historic]","FY2026 Q4 [Historic]","FY2026 Q4 [Historic]","FY2026 Q4 [Historic]","FY2026 Q4 [Historic]","FY2026 Q4 [Historic]","FY2026 Q4 [Historic]","FY2026 Q4 [Historic]","FY2026 Q4 [Historic]","FY2026 Q4 [Historic]"
"PTL","Tier 3","10","FY2026","Q4","Historic","FY2026 Q4 [Historic]","FY2026 Q4 [Historic]","FY2026 Q4 [Historic]","FY2026 Q4 [Historic]","FY2026 Q4 [Historic]","FY2026 Q4 [Historic]","FY2026 Q4 [Historic]","FY2026 Q4 [Historic]","FY2026 Q4 [Historic]","FY2026 Q4 [Historic]"
"QUINT","Tier 3","10","FY2026","Q4","Historic","FY2026 Q4 [Historic]","FY2026 Q4 [Historic]","FY2026 Q4 [Historic]","FY2026 Q4 [Historic]","FY2026 Q4 [Historic]","FY2026 Q4 [Historic]","FY2026 Q4 [Historic]","FY2026 Q4 [Historic]","FY2026 Q4 [Historic]","FY2026 Q4 [Historic]"
"RAJPALAYAM","Tier 3","10","FY2026","Q4","Historic","FY2026 Q4 [Historic]","FY2026 Q4 [Historic]","FY2026 Q4 [Historic]","FY2026 Q4 [Historic]","FY2026 Q4 [Historic]","FY2026 Q4 [Historic]","FY2026 Q4 [Historic]","FY2026 Q4 [Historic]","FY2026 Q4 [Historic]","FY2026 Q4 [Historic]"
"RAJSREESUG","Tier 3","10","FY2026","Q4","Historic","FY2026 Q4 [Historic]","FY2026 Q4 [Historic]","FY2026 Q4 [Historic]","FY2026 Q4 [Historic]","FY2026 Q4 [Historic]","FY2026 Q4 [Historic]","FY2026 Q4 [Historic]","FY2026 Q4 [Historic]","FY2026 Q4 [Historic]","FY2026 Q4 [Historic]"
"RAMANEWS","Tier 3","10","FY2026","Q4","Historic","FY2026 Q4 [Historic]","FY2026 Q4 [Historic]","FY2026 Q4 [Historic]","FY2026 Q4 [Historic]","FY2026 Q4 [Historic]","FY2026 Q4 [Historic]","FY2026 Q4 [Historic]","FY2026 Q4 [Historic]","FY2026 Q4 [Historic]","FY2026 Q4 [Historic]"
"RAMCOSYS","Tier 3","10","FY2026","Q4","Historic","FY2026 Q4 [Historic]","FY2026 Q4 [Historic]","FY2026 Q4 [Historic]","FY2026 Q4 [Historic]","FY2026 Q4 [Historic]","FY2026 Q4 [Historic]","FY2026 Q4 [Historic]","FY2026 Q4 [Historic]","FY2026 Q4 [Historic]","FY2026 Q4 [Historic]"
"RANASUG","Tier 3","10","FY2026","Q4","Historic","FY2026 Q4 [Historic]","FY2026 Q4 [Historic]","FY2026 Q4 [Historic]","FY2026 Q4 [Historic]","FY2026 Q4 [Historic]","FY2026 Q4 [Historic]","FY2026 Q4 [Historic]","FY2026 Q4 [Historic]","FY2026 Q4 [Historic]","FY2026 Q4 [Historic]"
"RATNAVEER","Tier 3","10","FY2026","Q4","Historic","FY2026 Q4 [Historic]","FY2026 Q4 [Historic]","FY2026 Q4 [Historic]","FY2026 Q4 [Historic]","FY2026 Q4 [Historic]","FY2026 Q4 [Historic]","FY2026 Q4 [Historic]","FY2026 Q4 [Historic]","FY2026 Q4 [Historic]","FY2026 Q4 [Historic]"
"RELCHEMQ","Tier 3","10","FY2026","Q4","Historic","FY2026 Q4 [Historic]","FY2026 Q4 [Historic]","FY2026 Q4 [Historic]","FY2026 Q4 [Historic]","FY2026 Q4 [Historic]","FY2026 Q4 [Historic]","FY2026 Q4 [Historic]","FY2026 Q4 [Historic]","FY2026 Q4 [Historic]","FY2026 Q4 [Historic]"
"RENUKA","Tier 3","10","FY2026","Q4","Historic","FY2026 Q4 [Historic]","FY2026 Q4 [Historic]","FY2026 Q4 [Historic]","FY2026 Q4 [Historic]","FY2026 Q4 [Historic]","FY2026 Q4 [Historic]","FY2026 Q4 [Historic]","FY2026 Q4 [Historic]","FY2026 Q4 [Historic]","FY2026 Q4 [Historic]"
"RESPONIND","Tier 3","10","FY2026","Q4","Historic","FY2026 Q4 [Historic]","FY2026 Q4 [Historic]","FY2026 Q4 [Historic]","FY2026 Q4 [Historic]","FY2026 Q4 [Historic]","FY2026 Q4 [Historic]","FY2026 Q4 [Historic]","FY2026 Q4 [Historic]","FY2026 Q4 [Historic]","FY2026 Q4 [Historic]"
"RHETAN","Tier 3","10","FY2026","Q4","Historic","FY2026 Q4 [Historic]","FY2026 Q4 [Historic]","FY2026 Q4 [Historic]","FY2026 Q4 [Historic]","FY2026 Q4 [Historic]","FY2026 Q4 [Historic]","FY2026 Q4 [Historic]","FY2026 Q4 [Historic]","FY2026 Q4 [Historic]","FY2026 Q4 [Historic]"
"RHL","Tier 3","10","FY2026","Q4","Historic","FY2026 Q4 [Historic]","FY2026 Q4 [Historic]","FY2026 Q4 [Historic]","FY2026 Q4 [Historic]","FY2026 Q4 [Historic]","FY2026 Q4 [Historic]","FY2026 Q4 [Historic]","FY2026 Q4 [Historic]","FY2026 Q4 [Historic]","FY2026 Q4 [Historic]"
"RIIL","Tier 3","10","FY2026","Q4","Historic","FY2026 Q4 [Historic]","FY2026 Q4 [Historic]","FY2026 Q4 [Historic]","FY2026 Q4 [Historic]","FY2026 Q4 [Historic]","FY2026 Q4 [Historic]","FY2026 Q4 [Historic]","FY2026 Q4 [Historic]","FY2026 Q4 [Historic]","FY2026 Q4 [Historic]"
"RNBDENIMS","Tier 3","10","FY2026","Q4","Historic","FY2026 Q4 [Historic]","FY2023 Q3 [Historic]","FY2023 Q3 [Historic]","FY2023 Q3 [Historic]","FY2026 Q4 [Historic]","FY2023 Q3 [Historic]","FY2023 Q3 [Historic]","FY2023 Q3 [Historic]","FY2023 Q3 [Historic]","FY2023 Q3 [Historic]"
"ROSSELLIND","Tier 3","10","FY2026","Q4","Historic","FY2026 Q4 [Historic]","FY2026 Q4 [Historic]","FY2026 Q4 [Historic]","FY2026 Q4 [Historic]","FY2026 Q4 [Historic]","FY2026 Q4 [Historic]","FY2026 Q4 [Historic]","FY2026 Q4 [Historic]","FY2026 Q4 [Historic]","FY2026 Q4 [Historic]"
"RPSGVENT","Tier 3","10","FY2026","Q4","Historic","FY2026 Q4 [Historic]","FY2026 Q4 [Historic]","FY2026 Q4 [Historic]","FY2026 Q4 [Historic]","FY2026 Q4 [Historic]","FY2026 Q4 [Historic]","FY2026 Q4 [Historic]","FY2026 Q4 [Historic]","FY2026 Q4 [Historic]","FY2026 Q4 [Historic]"
"RTNPOWER","Tier 3","10","FY2026","Q4","Historic","FY2026 Q4 [Historic]","FY2026 Q4 [Historic]","FY2026 Q4 [Historic]","FY2026 Q4 [Historic]","FY2026 Q4 [Historic]","FY2026 Q4 [Historic]","FY2026 Q4 [Historic]","FY2026 Q4 [Historic]","FY2026 Q4 [Historic]","FY2026 Q4 [Historic]"
"RUDRA","Tier 3","10","FY2026","Q4","Historic","FY2026 Q4 [Historic]","FY2026 Q4 [Historic]","FY2026 Q4 [Historic]","FY2026 Q4 [Historic]","FY2026 Q4 [Historic]","FY2026 Q4 [Historic]","FY2026 Q4 [Historic]","FY2026 Q4 [Historic]","FY2026 Q4 [Historic]","FY2026 Q4 [Historic]"
"SAFARI","Tier 3","10","FY2026","Q4","Historic","FY2026 Q4 [Historic]","FY2026 Q4 [Historic]","FY2026 Q4 [Historic]","FY2026 Q4 [Historic]","FY2026 Q4 [Historic]","FY2026 Q4 [Historic]","FY2026 Q4 [Historic]","FY2026 Q4 [Historic]","FY2026 Q4 [Historic]","FY2026 Q4 [Historic]"
"SAMBHAAV","Tier 3","10","FY2026","Q4","Historic","FY2026 Q4 [Historic]","FY2026 Q4 [Historic]","FY2026 Q4 [Historic]","FY2026 Q4 [Historic]","FY2026 Q4 [Historic]","FY2026 Q4 [Historic]","FY2026 Q4 [Historic]","FY2026 Q4 [Historic]","FY2026 Q4 [Historic]","FY2026 Q4 [Historic]"
"SANSTAR","Tier 3","10","FY2026","Q4","Historic","FY2026 Q4 [Historic]","FY2026 Q4 [Historic]","FY2026 Q4 [Historic]","FY2026 Q4 [Historic]","FY2026 Q4 [Historic]","FY2026 Q4 [Historic]","FY2026 Q4 [Historic]","FY2026 Q4 [Historic]","FY2026 Q4 [Historic]","FY2026 Q4 [Historic]"
"SARLAPOLY","Tier 3","10","FY2026","Q4","Historic","FY2026 Q4 [Historic]","FY2026 Q4 [Historic]","FY2026 Q4 [Historic]","FY2026 Q4 [Historic]","FY2026 Q4 [Historic]","FY2026 Q4 [Historic]","FY2026 Q4 [Historic]","FY2026 Q4 [Historic]","FY2026 Q4 [Historic]","FY2026 Q4 [Historic]"
"SAYAJIHOTL","Tier 3","10","FY2026","Q4","Historic","FY2026 Q4 [Historic]","FY2026 Q4 [Historic]","FY2026 Q4 [Historic]","FY2026 Q4 [Historic]","FY2026 Q4 [Historic]","FY2026 Q4 [Historic]","FY2026 Q4 [Historic]","FY2026 Q4 [Historic]","FY2026 Q4 [Historic]","FY2026 Q4 [Historic]"
"SBC","Tier 3","10","FY2026","Q4","Historic","FY2026 Q4 [Historic]","FY2026 Q4 [Historic]","FY2026 Q4 [Historic]","FY2026 Q4 [Historic]","FY2026 Q4 [Historic]","FY2026 Q4 [Historic]","FY2026 Q4 [Historic]","FY2026 Q4 [Historic]","FY2026 Q4 [Historic]","FY2026 Q4 [Historic]"
"SBGLP","Tier 3","10","FY2026","Q4","Historic","FY2026 Q4 [Historic]","FY2026 Q4 [Historic]","FY2026 Q4 [Historic]","FY2026 Q4 [Historic]","FY2026 Q4 [Historic]","FY2026 Q4 [Historic]","FY2026 Q4 [Historic]","FY2026 Q4 [Historic]","FY2026 Q4 [Historic]","FY2026 Q4 [Historic]"
"SCILAL","Tier 3","10","FY2026","Q4","Historic","FY2026 Q4 [Historic]","FY2026 Q4 [Historic]","FY2026 Q4 [Historic]","FY2026 Q4 [Historic]","FY2026 Q4 [Historic]","FY2026 Q4 [Historic]","FY2026 Q4 [Historic]","FY2026 Q4 [Historic]","FY2026 Q4 [Historic]","FY2026 Q4 [Historic]"
"SEIL","Tier 3","10","FY2026","Q4","Historic","FY2026 Q4 [Historic]","FY2026 Q4 [Historic]","FY2026 Q4 [Historic]","FY2026 Q4 [Historic]","FY2026 Q4 [Historic]","FY2026 Q4 [Historic]","FY2026 Q4 [Historic]","FY2026 Q4 [Historic]","FY2026 Q4 [Historic]","FY2026 Q4 [Historic]"
"SHAHALLOYS","Tier 3","10","FY2026","Q4","Historic","FY2026 Q4 [Historic]","FY2026 Q4 [Historic]","FY2026 Q4 [Historic]","FY2026 Q4 [Historic]","FY2026 Q4 [Historic]","FY2026 Q4 [Historic]","FY2026 Q4 [Historic]","FY2026 Q4 [Historic]","FY2026 Q4 [Historic]","FY2026 Q4 [Historic]"
"SHALPAINTS","Tier 3","10","FY2026","Q4","Historic","FY2026 Q4 [Historic]","FY2024 Q1 [Historic]","FY2024 Q1 [Historic]","FY2024 Q1 [Historic]","FY2026 Q4 [Historic]","FY2024 Q1 [Historic]","FY2024 Q1 [Historic]","FY2024 Q1 [Historic]","FY2024 Q1 [Historic]","FY2024 Q1 [Historic]"
"SHANTIGEAR","Tier 3","10","FY2026","Q4","Historic","FY2026 Q4 [Historic]","FY2026 Q4 [Historic]","FY2026 Q4 [Historic]","FY2026 Q4 [Historic]","FY2026 Q4 [Historic]","FY2026 Q4 [Historic]","FY2026 Q4 [Historic]","FY2026 Q4 [Historic]","FY2026 Q4 [Historic]","FY2026 Q4 [Historic]"
"SHARDUL","Tier 3","10","FY2026","Q4","Historic","FY2026 Q4 [Historic]","FY2026 Q4 [Historic]","FY2026 Q4 [Historic]","FY2026 Q4 [Historic]","FY2026 Q4 [Historic]","FY2026 Q4 [Historic]","FY2026 Q4 [Historic]","FY2026 Q4 [Historic]","FY2026 Q4 [Historic]","FY2026 Q4 [Historic]"
"SHIVATEX","Tier 3","10","FY2026","Q4","Historic","FY2024 Q1 [Historic]","FY2024 Q1 [Historic]","FY2024 Q1 [Historic]","FY2024 Q1 [Historic]","FY2026 Q4 [Historic]","FY2024 Q1 [Historic]","FY2024 Q1 [Historic]","FY2024 Q1 [Historic]","FY2024 Q1 [Historic]","FY2024 Q1 [Historic]"
"SHIVAUM","Tier 3","10","FY2026","Q4","Historic","FY2026 Q4 [Historic]","FY2026 Q4 [Historic]","FY2026 Q4 [Historic]","FY2026 Q4 [Historic]","FY2026 Q4 [Historic]","FY2026 Q4 [Historic]","FY2026 Q4 [Historic]","FY2026 Q4 [Historic]","FY2026 Q4 [Historic]","FY2026 Q4 [Historic]"
"SHRADHA","Tier 3","10","FY2026","Q4","Historic","FY2026 Q4 [Historic]","FY2026 Q4 [Historic]","FY2026 Q4 [Historic]","FY2026 Q4 [Historic]","FY2026 Q4 [Historic]","FY2026 Q4 [Historic]","FY2026 Q4 [Historic]","FY2026 Q4 [Historic]","FY2026 Q4 [Historic]","FY2026 Q4 [Historic]"
"SHREDIGCEM","Tier 3","10","FY2026","Q4","Historic","FY2026 Q4 [Historic]","FY2026 Q4 [Historic]","FY2026 Q4 [Historic]","FY2026 Q4 [Historic]","FY2026 Q4 [Historic]","FY2026 Q4 [Historic]","FY2026 Q4 [Historic]","FY2026 Q4 [Historic]","FY2026 Q4 [Historic]","FY2026 Q4 [Historic]"
"SHREERAMA","Tier 3","10","FY2026","Q4","Historic","FY2026 Q4 [Historic]","FY2026 Q4 [Historic]","FY2026 Q4 [Historic]","FY2026 Q4 [Historic]","FY2026 Q4 [Historic]","FY2026 Q4 [Historic]","FY2026 Q4 [Historic]","FY2026 Q4 [Historic]","FY2026 Q4 [Historic]","FY2026 Q4 [Historic]"
"SHREYANIND","Tier 3","10","FY2026","Q4","Historic","FY2026 Q4 [Historic]","FY2026 Q4 [Historic]","FY2026 Q4 [Historic]","FY2026 Q4 [Historic]","FY2026 Q4 [Historic]","FY2026 Q4 [Historic]","FY2026 Q4 [Historic]","FY2026 Q4 [Historic]","FY2026 Q4 [Historic]","FY2026 Q4 [Historic]"
"SHYAMCENT","Tier 3","10","FY2026","Q4","Historic","FY2026 Q4 [Historic]","FY2026 Q4 [Historic]","FY2026 Q4 [Historic]","FY2026 Q4 [Historic]","FY2026 Q4 [Historic]","FY2026 Q4 [Historic]","FY2026 Q4 [Historic]","FY2026 Q4 [Historic]","FY2026 Q4 [Historic]","FY2026 Q4 [Historic]"
"SICAGEN","Tier 3","10","FY2026","Q4","Historic","FY2026 Q4 [Historic]","FY2026 Q4 [Historic]","FY2026 Q4 [Historic]","FY2026 Q4 [Historic]","FY2026 Q4 [Historic]","FY2026 Q4 [Historic]","FY2026 Q4 [Historic]","FY2026 Q4 [Historic]","FY2026 Q4 [Historic]","FY2026 Q4 [Historic]"
"SIGMA","Tier 3","10","FY2026","Q4","Historic","FY2026 Q4 [Historic]","FY2026 Q4 [Historic]","FY2026 Q4 [Historic]","FY2026 Q4 [Historic]","FY2026 Q4 [Historic]","FY2026 Q4 [Historic]","FY2026 Q4 [Historic]","FY2026 Q4 [Historic]","FY2026 Q4 [Historic]","FY2026 Q4 [Historic]"
"SIL","Tier 3","10","FY2026","Q4","Historic","FY2026 Q4 [Historic]","FY2026 Q4 [Historic]","FY2026 Q4 [Historic]","FY2026 Q4 [Historic]","FY2026 Q4 [Historic]","FY2026 Q4 [Historic]","FY2026 Q4 [Historic]","FY2026 Q4 [Historic]","FY2026 Q4 [Historic]","FY2026 Q4 [Historic]"
"SILINV","Tier 3","10","FY2026","Q4","Historic","FY2026 Q4 [Historic]","FY2026 Q4 [Historic]","FY2026 Q4 [Historic]","FY2026 Q4 [Historic]","FY2026 Q4 [Historic]","FY2026 Q4 [Historic]","FY2026 Q4 [Historic]","FY2026 Q4 [Historic]","FY2026 Q4 [Historic]","FY2026 Q4 [Historic]"
"SINTERCOM","Tier 3","10","FY2026","Q4","Historic","FY2026 Q4 [Historic]","FY2026 Q4 [Historic]","FY2026 Q4 [Historic]","FY2026 Q4 [Historic]","FY2026 Q4 [Historic]","FY2026 Q4 [Historic]","FY2026 Q4 [Historic]","FY2026 Q4 [Historic]","FY2026 Q4 [Historic]","FY2026 Q4 [Historic]"
"SKMEGGPROD","Tier 3","10","FY2026","Q4","Historic","FY2026 Q4 [Historic]","FY2026 Q4 [Historic]","FY2026 Q4 [Historic]","FY2026 Q4 [Historic]","FY2026 Q4 [Historic]","FY2026 Q4 [Historic]","FY2026 Q4 [Historic]","FY2026 Q4 [Historic]","FY2026 Q4 [Historic]","FY2026 Q4 [Historic]"
"SMARTLINK","Tier 3","10","FY2026","Q4","Historic","FY2026 Q4 [Historic]","FY2026 Q4 [Historic]","FY2026 Q4 [Historic]","FY2026 Q4 [Historic]","FY2026 Q4 [Historic]","FY2026 Q4 [Historic]","FY2026 Q4 [Historic]","FY2026 Q4 [Historic]","FY2026 Q4 [Historic]","FY2026 Q4 [Historic]"
"SOMATEX","Tier 3","10","FY2026","Q4","Historic","FY2026 Q4 [Historic]","FY2026 Q4 [Historic]","FY2026 Q4 [Historic]","FY2026 Q4 [Historic]","FY2026 Q4 [Historic]","FY2026 Q4 [Historic]","FY2026 Q4 [Historic]","FY2026 Q4 [Historic]","FY2026 Q4 [Historic]","FY2026 Q4 [Historic]"
"SONAMLTD","Tier 3","10","FY2026","Q4","Historic","FY2026 Q4 [Historic]","FY2026 Q4 [Historic]","FY2026 Q4 [Historic]","FY2026 Q4 [Historic]","FY2026 Q4 [Historic]","FY2026 Q4 [Historic]","FY2026 Q4 [Historic]","FY2026 Q4 [Historic]","FY2026 Q4 [Historic]","FY2026 Q4 [Historic]"
"SRD","Tier 3","10","FY2026","Q4","Historic","FY2026 Q4 [Historic]","FY2026 Q4 [Historic]","FY2026 Q4 [Historic]","FY2026 Q4 [Historic]","FY2026 Q4 [Historic]","FY2026 Q4 [Historic]","FY2026 Q4 [Historic]","FY2026 Q4 [Historic]","FY2026 Q4 [Historic]","FY2026 Q4 [Historic]"
"STARTECK","Tier 3","10","FY2026","Q4","Historic","FY2026 Q4 [Historic]","FY2026 Q4 [Historic]","FY2026 Q4 [Historic]","FY2026 Q4 [Historic]","FY2026 Q4 [Historic]","FY2026 Q4 [Historic]","FY2026 Q4 [Historic]","FY2026 Q4 [Historic]","FY2026 Q4 [Historic]","FY2026 Q4 [Historic]"
"STEELCITY","Tier 3","10","FY2026","Q4","Historic","FY2026 Q4 [Historic]","FY2025 Q4 [Historic]","FY2025 Q4 [Historic]","FY2025 Q4 [Historic]","FY2026 Q4 [Historic]","FY2025 Q4 [Historic]","FY2025 Q4 [Historic]","FY2025 Q4 [Historic]","FY2025 Q4 [Historic]","FY2025 Q4 [Historic]"
"STEELXIND","Tier 3","10","FY2026","Q4","Historic","FY2026 Q4 [Historic]","FY2026 Q4 [Historic]","FY2026 Q4 [Historic]","FY2026 Q4 [Historic]","FY2026 Q4 [Historic]","FY2026 Q4 [Historic]","FY2026 Q4 [Historic]","FY2026 Q4 [Historic]","FY2026 Q4 [Historic]","FY2026 Q4 [Historic]"
"STLNETWORK","Tier 3","10","FY2026","Q4","Historic","FY2026 Q4 [Historic]","FY2026 Q4 [Historic]","FY2026 Q4 [Historic]","FY2026 Q4 [Historic]","FY2026 Q4 [Historic]","FY2026 Q4 [Historic]","FY2026 Q4 [Historic]","FY2026 Q4 [Historic]","FY2026 Q4 [Historic]","FY2026 Q4 [Historic]"
"SUMMITSEC","Tier 3","10","FY2026","Q4","Historic","FY2026 Q4 [Historic]","FY2026 Q4 [Historic]","FY2026 Q4 [Historic]","FY2026 Q4 [Historic]","FY2026 Q4 [Historic]","FY2026 Q4 [Historic]","FY2026 Q4 [Historic]","FY2026 Q4 [Historic]","FY2026 Q4 [Historic]","FY2026 Q4 [Historic]"
"SUNCLAY","Tier 3","10","FY2026","Q4","Historic","FY2026 Q4 [Historic]","FY2026 Q4 [Historic]","FY2026 Q4 [Historic]","FY2026 Q4 [Historic]","FY2026 Q4 [Historic]","FY2026 Q4 [Historic]","FY2026 Q4 [Historic]","FY2026 Q4 [Historic]","FY2026 Q4 [Historic]","FY2026 Q4 [Historic]"
"SUNDRMBRAK","Tier 3","10","FY2026","Q4","Historic","FY2026 Q4 [Historic]","FY2026 Q4 [Historic]","FY2026 Q4 [Historic]","FY2026 Q4 [Historic]","FY2026 Q4 [Historic]","FY2026 Q4 [Historic]","FY2026 Q4 [Historic]","FY2026 Q4 [Historic]","FY2026 Q4 [Historic]","FY2026 Q4 [Historic]"
"SUNTV","Tier 3","10","FY2026","Q4","Historic","FY2026 Q4 [Historic]","FY2026 Q4 [Historic]","FY2026 Q4 [Historic]","FY2026 Q4 [Historic]","FY2026 Q4 [Historic]","FY2026 Q4 [Historic]","FY2026 Q4 [Historic]","FY2026 Q4 [Historic]","FY2026 Q4 [Historic]","FY2026 Q4 [Historic]"
"SUPERHOUSE","Tier 3","10","FY2026","Q4","Historic","FY2026 Q4 [Historic]","FY2026 Q4 [Historic]","FY2026 Q4 [Historic]","FY2026 Q4 [Historic]","FY2026 Q4 [Historic]","FY2026 Q4 [Historic]","FY2026 Q4 [Historic]","FY2026 Q4 [Historic]","FY2026 Q4 [Historic]","FY2026 Q4 [Historic]"
"SURAJLTD","Tier 3","10","FY2026","Q4","Historic","FY2026 Q4 [Historic]","FY2026 Q4 [Historic]","FY2026 Q4 [Historic]","FY2026 Q4 [Historic]","FY2026 Q4 [Historic]","FY2026 Q4 [Historic]","FY2026 Q4 [Historic]","FY2026 Q4 [Historic]","FY2026 Q4 [Historic]","FY2026 Q4 [Historic]"
"SURYALA","Tier 3","10","FY2026","Q4","Historic","FY2026 Q4 [Historic]","FY2026 Q4 [Historic]","FY2026 Q4 [Historic]","FY2026 Q4 [Historic]","FY2026 Q4 [Historic]","FY2026 Q4 [Historic]","FY2026 Q4 [Historic]","FY2026 Q4 [Historic]","FY2026 Q4 [Historic]","FY2026 Q4 [Historic]"
"SUVEN","Tier 3","10","FY2026","Q4","Historic","FY2026 Q4 [Historic]","FY2026 Q4 [Historic]","FY2026 Q4 [Historic]","FY2026 Q4 [Historic]","FY2026 Q4 [Historic]","FY2026 Q4 [Historic]","FY2026 Q4 [Historic]","FY2026 Q4 [Historic]","FY2026 Q4 [Historic]","FY2026 Q4 [Historic]"
"SWANCORP","Tier 3","10","FY2026","Q4","Historic","FY2026 Q4 [Historic]","FY2026 Q4 [Historic]","FY2026 Q4 [Historic]","FY2026 Q4 [Historic]","FY2026 Q4 [Historic]","FY2026 Q4 [Historic]","FY2026 Q4 [Historic]","FY2026 Q4 [Historic]","FY2026 Q4 [Historic]","FY2026 Q4 [Historic]"
"SWANDEF","Tier 3","10","FY2026","Q4","Historic","FY2026 Q4 [Historic]","FY2026 Q4 [Historic]","FY2026 Q4 [Historic]","FY2026 Q4 [Historic]","FY2026 Q4 [Historic]","FY2026 Q4 [Historic]","FY2026 Q4 [Historic]","FY2026 Q4 [Historic]","FY2026 Q4 [Historic]","FY2026 Q4 [Historic]"
"SWARAJENG","Tier 3","10","FY2026","Q4","Historic","FY2026 Q4 [Historic]","FY2026 Q4 [Historic]","FY2026 Q4 [Historic]","FY2026 Q4 [Historic]","FY2026 Q4 [Historic]","FY2026 Q4 [Historic]","FY2026 Q4 [Historic]","FY2026 Q4 [Historic]","FY2026 Q4 [Historic]","FY2026 Q4 [Historic]"
"SWELECTES","Tier 3","10","FY2026","Q4","Historic","FY2026 Q4 [Historic]","FY2026 Q4 [Historic]","FY2026 Q4 [Historic]","FY2026 Q4 [Historic]","FY2026 Q4 [Historic]","FY2026 Q4 [Historic]","FY2026 Q4 [Historic]","FY2026 Q4 [Historic]","FY2026 Q4 [Historic]","FY2026 Q4 [Historic]"
"TAALTECH","Tier 3","10","FY2026","Q4","Historic","FY2026 Q4 [Historic]","FY2026 Q4 [Historic]","FY2026 Q4 [Historic]","FY2026 Q4 [Historic]","FY2026 Q4 [Historic]","FY2026 Q4 [Historic]","FY2026 Q4 [Historic]","FY2026 Q4 [Historic]","FY2026 Q4 [Historic]","FY2026 Q4 [Historic]"
"TAINWALCHM","Tier 3","10","FY2026","Q4","Historic","FY2026 Q4 [Historic]","FY2026 Q4 [Historic]","FY2026 Q4 [Historic]","FY2026 Q4 [Historic]","FY2026 Q4 [Historic]","FY2026 Q4 [Historic]","FY2026 Q4 [Historic]","FY2026 Q4 [Historic]","FY2026 Q4 [Historic]","FY2026 Q4 [Historic]"
"TAJGVK","Tier 3","10","FY2026","Q4","Historic","FY2026 Q4 [Historic]","FY2026 Q4 [Historic]","FY2026 Q4 [Historic]","FY2026 Q4 [Historic]","FY2026 Q4 [Historic]","FY2026 Q4 [Historic]","FY2026 Q4 [Historic]","FY2026 Q4 [Historic]","FY2026 Q4 [Historic]","FY2026 Q4 [Historic]"
"TAMBOLIIN","Tier 3","10","FY2026","Q4","Historic","FY2025 Q3 [Historic]","FY2025 Q3 [Historic]","FY2025 Q3 [Historic]","FY2026 Q4 [Historic]","FY2026 Q4 [Historic]","FY2025 Q3 [Historic]","FY2025 Q3 [Historic]","FY2025 Q3 [Historic]","FY2025 Q3 [Historic]","FY2025 Q3 [Historic]"
"TASTYBITE","Tier 3","10","FY2026","Q4","Historic","FY2026 Q4 [Historic]","FY2026 Q4 [Historic]","FY2026 Q4 [Historic]","FY2026 Q4 [Historic]","FY2026 Q4 [Historic]","FY2026 Q4 [Historic]","FY2026 Q4 [Historic]","FY2026 Q4 [Historic]","FY2026 Q4 [Historic]","FY2026 Q4 [Historic]"
"TATAINVEST","Tier 3","10","FY2026","Q4","Historic","FY2026 Q4 [Historic]","FY2026 Q4 [Historic]","FY2026 Q4 [Historic]","FY2026 Q4 [Historic]","FY2026 Q4 [Historic]","FY2026 Q4 [Historic]","FY2026 Q4 [Historic]","FY2026 Q4 [Historic]","FY2026 Q4 [Historic]","FY2026 Q4 [Historic]"
"TEAMGTY","Tier 3","10","FY2026","Q4","Historic","FY2026 Q4 [Historic]","FY2026 Q4 [Historic]","FY2026 Q4 [Historic]","FY2026 Q4 [Historic]","FY2026 Q4 [Historic]","FY2026 Q4 [Historic]","FY2026 Q4 [Historic]","FY2026 Q4 [Historic]","FY2026 Q4 [Historic]","FY2026 Q4 [Historic]"
"TEXINFRA","Tier 3","10","FY2026","Q4","Historic","FY2026 Q4 [Historic]","FY2026 Q4 [Historic]","FY2026 Q4 [Historic]","FY2026 Q4 [Historic]","FY2026 Q4 [Historic]","FY2026 Q4 [Historic]","FY2026 Q4 [Historic]","FY2026 Q4 [Historic]","FY2026 Q4 [Historic]","FY2026 Q4 [Historic]"
"TEXMOPIPES","Tier 3","10","FY2026","Q4","Historic","FY2026 Q4 [Historic]","FY2026 Q4 [Historic]","FY2026 Q4 [Historic]","FY2026 Q4 [Historic]","FY2026 Q4 [Historic]","FY2026 Q4 [Historic]","FY2026 Q4 [Historic]","FY2026 Q4 [Historic]","FY2026 Q4 [Historic]","FY2026 Q4 [Historic]"
"THACKER","Tier 3","10","FY2026","Q4","Historic","FY2026 Q4 [Historic]","FY2026 Q4 [Historic]","FY2026 Q4 [Historic]","FY2026 Q4 [Historic]","FY2026 Q4 [Historic]","FY2026 Q4 [Historic]","FY2026 Q4 [Historic]","FY2026 Q4 [Historic]","FY2026 Q4 [Historic]","FY2026 Q4 [Historic]"
"THANGAMAYL","Tier 3","10","FY2026","Q4","Historic","FY2026 Q4 [Historic]","FY2026 Q4 [Historic]","FY2026 Q4 [Historic]","FY2026 Q4 [Historic]","FY2026 Q4 [Historic]","FY2026 Q4 [Historic]","FY2026 Q4 [Historic]","FY2026 Q4 [Historic]","FY2026 Q4 [Historic]","FY2026 Q4 [Historic]"
"THEINVEST","Tier 3","10","FY2026","Q4","Historic","FY2026 Q4 [Historic]","FY2026 Q4 [Historic]","FY2026 Q4 [Historic]","FY2026 Q4 [Historic]","FY2026 Q4 [Historic]","FY2026 Q4 [Historic]","FY2026 Q4 [Historic]","FY2026 Q4 [Historic]","FY2026 Q4 [Historic]","FY2026 Q4 [Historic]"
"THEJO","Tier 3","10","FY2026","Q4","Historic","FY2026 Q4 [Historic]","FY2026 Q4 [Historic]","FY2026 Q4 [Historic]","FY2026 Q4 [Historic]","FY2026 Q4 [Historic]","FY2026 Q4 [Historic]","FY2026 Q4 [Historic]","FY2026 Q4 [Historic]","FY2026 Q4 [Historic]","FY2026 Q4 [Historic]"
"TICL","Tier 3","10","FY2026","Q4","Historic","FY2026 Q4 [Historic]","FY2026 Q4 [Historic]","FY2026 Q4 [Historic]","FY2026 Q4 [Historic]","FY2026 Q4 [Historic]","FY2026 Q4 [Historic]","FY2026 Q4 [Historic]","FY2026 Q4 [Historic]","FY2026 Q4 [Historic]","FY2026 Q4 [Historic]"
"TIPSFILMS","Tier 3","10","FY2026","Q4","Historic","FY2026 Q4 [Historic]","FY2026 Q4 [Historic]","FY2026 Q4 [Historic]","FY2026 Q4 [Historic]","FY2026 Q4 [Historic]","FY2026 Q4 [Historic]","FY2026 Q4 [Historic]","FY2026 Q4 [Historic]","FY2026 Q4 [Historic]","FY2026 Q4 [Historic]"
"TIRUMALCHM","Tier 3","10","FY2026","Q4","Historic","FY2026 Q4 [Historic]","FY2026 Q4 [Historic]","FY2026 Q4 [Historic]","FY2026 Q4 [Historic]","FY2026 Q4 [Historic]","FY2026 Q4 [Historic]","FY2026 Q4 [Historic]","FY2026 Q4 [Historic]","FY2026 Q4 [Historic]","FY2026 Q4 [Historic]"
"TNPL","Tier 3","10","FY2026","Q4","Historic","FY2026 Q4 [Historic]","FY2026 Q4 [Historic]","FY2026 Q4 [Historic]","FY2026 Q4 [Historic]","FY2026 Q4 [Historic]","FY2026 Q4 [Historic]","FY2026 Q4 [Historic]","FY2026 Q4 [Historic]","FY2026 Q4 [Historic]","FY2026 Q4 [Historic]"
"TREJHARA","Tier 3","10","FY2026","Q4","Historic","FY2026 Q4 [Historic]","FY2026 Q4 [Historic]","FY2026 Q4 [Historic]","FY2026 Q4 [Historic]","FY2026 Q4 [Historic]","FY2026 Q4 [Historic]","FY2026 Q4 [Historic]","FY2026 Q4 [Historic]","FY2026 Q4 [Historic]","FY2026 Q4 [Historic]"
"TRF","Tier 3","10","FY2026","Q4","Historic","FY2026 Q4 [Historic]","FY2026 Q1 [Historic]","FY2026 Q1 [Historic]","FY2026 Q1 [Historic]","FY2026 Q4 [Historic]","FY2026 Q1 [Historic]","FY2026 Q1 [Historic]","FY2026 Q1 [Historic]","FY2026 Q1 [Historic]","FY2026 Q1 [Historic]"
"TTKHLTCARE","Tier 3","10","FY2026","Q4","Historic","FY2026 Q4 [Historic]","FY2026 Q4 [Historic]","FY2026 Q4 [Historic]","FY2026 Q4 [Historic]","FY2026 Q4 [Historic]","FY2026 Q4 [Historic]","FY2026 Q4 [Historic]","FY2026 Q4 [Historic]","FY2026 Q4 [Historic]","FY2026 Q4 [Historic]"
"TTL","Tier 3","10","FY2026","Q4","Historic","FY2026 Q4 [Historic]","FY2026 Q4 [Historic]","FY2026 Q4 [Historic]","FY2026 Q4 [Historic]","FY2026 Q4 [Historic]","FY2026 Q4 [Historic]","FY2026 Q4 [Historic]","FY2026 Q4 [Historic]","FY2026 Q4 [Historic]","FY2026 Q4 [Historic]"
"TTML","Tier 3","10","FY2026","Q4","Historic","FY2026 Q4 [Historic]","FY2026 Q4 [Historic]","FY2026 Q4 [Historic]","FY2026 Q4 [Historic]","FY2026 Q4 [Historic]","FY2026 Q4 [Historic]","FY2026 Q4 [Historic]","FY2026 Q4 [Historic]","FY2026 Q4 [Historic]","FY2026 Q4 [Historic]"
"TVSSRICHAK","Tier 3","10","FY2026","Q4","Historic","FY2026 Q4 [Historic]","FY2026 Q4 [Historic]","FY2026 Q4 [Historic]","FY2026 Q4 [Historic]","FY2026 Q4 [Historic]","FY2026 Q4 [Historic]","FY2026 Q4 [Historic]","FY2026 Q4 [Historic]","FY2026 Q4 [Historic]","FY2026 Q4 [Historic]"
"TVTODAY","Tier 3","10","FY2026","Q4","Historic","FY2026 Q4 [Historic]","FY2026 Q4 [Historic]","FY2026 Q4 [Historic]","FY2026 Q4 [Historic]","FY2026 Q4 [Historic]","FY2026 Q4 [Historic]","FY2026 Q4 [Historic]","FY2026 Q4 [Historic]","FY2026 Q4 [Historic]","FY2026 Q4 [Historic]"
"UEL","Tier 3","10","FY2026","Q4","Historic","FY2026 Q4 [Historic]","FY2026 Q4 [Historic]","FY2026 Q4 [Historic]","FY2026 Q4 [Historic]","FY2026 Q4 [Historic]","FY2026 Q4 [Historic]","FY2026 Q4 [Historic]","FY2026 Q4 [Historic]","FY2026 Q4 [Historic]","FY2026 Q4 [Historic]"
"UGARSUGAR","Tier 3","10","FY2026","Q4","Historic","FY2026 Q4 [Historic]","FY2026 Q4 [Historic]","FY2026 Q4 [Historic]","FY2026 Q4 [Historic]","FY2026 Q4 [Historic]","FY2026 Q4 [Historic]","FY2026 Q4 [Historic]","FY2026 Q4 [Historic]","FY2026 Q4 [Historic]","FY2026 Q4 [Historic]"
"ULTRAMAR","Tier 3","10","FY2026","Q4","Historic","FY2026 Q4 [Historic]","FY2026 Q4 [Historic]","FY2026 Q4 [Historic]","FY2026 Q4 [Historic]","FY2026 Q4 [Historic]","FY2026 Q4 [Historic]","FY2026 Q4 [Historic]","FY2026 Q4 [Historic]","FY2026 Q4 [Historic]","FY2026 Q4 [Historic]"
"UMIYA-MRO","Tier 3","10","FY2026","Q4","Historic","FY2026 Q4 [Historic]","FY2026 Q4 [Historic]","FY2026 Q4 [Historic]","FY2026 Q4 [Historic]","FY2026 Q4 [Historic]","FY2026 Q4 [Historic]","FY2026 Q4 [Historic]","FY2026 Q4 [Historic]","FY2026 Q4 [Historic]","FY2026 Q4 [Historic]"
"UNICHEMLAB","Tier 3","10","FY2026","Q4","Historic","FY2026 Q4 [Historic]","FY2026 Q4 [Historic]","FY2026 Q4 [Historic]","FY2026 Q4 [Historic]","FY2026 Q4 [Historic]","FY2026 Q4 [Historic]","FY2026 Q4 [Historic]","FY2026 Q4 [Historic]","FY2026 Q4 [Historic]","FY2026 Q4 [Historic]"
"UNIDT","Tier 3","10","FY2026","Q4","Historic","FY2026 Q4 [Historic]","FY2026 Q4 [Historic]","FY2026 Q4 [Historic]","FY2026 Q4 [Historic]","FY2026 Q4 [Historic]","FY2026 Q4 [Historic]","FY2026 Q4 [Historic]","FY2026 Q4 [Historic]","FY2026 Q4 [Historic]","FY2026 Q4 [Historic]"
"UNITEDTEA","Tier 3","10","FY2026","Q4","Historic","FY2026 Q4 [Historic]","FY2026 Q4 [Historic]","FY2026 Q4 [Historic]","FY2026 Q4 [Historic]","FY2026 Q4 [Historic]","FY2026 Q4 [Historic]","FY2026 Q4 [Historic]","FY2026 Q4 [Historic]","FY2026 Q4 [Historic]","FY2026 Q4 [Historic]"
"UNIVCABLES","Tier 3","10","FY2026","Q4","Historic","FY2026 Q4 [Historic]","FY2026 Q4 [Historic]","FY2026 Q4 [Historic]","FY2026 Q4 [Historic]","FY2026 Q4 [Historic]","FY2026 Q4 [Historic]","FY2026 Q4 [Historic]","FY2026 Q4 [Historic]","FY2026 Q4 [Historic]","FY2026 Q4 [Historic]"
"URJA","Tier 3","10","FY2026","Q4","Historic","FY2026 Q4 [Historic]","FY2026 Q4 [Historic]","FY2026 Q4 [Historic]","FY2026 Q4 [Historic]","FY2026 Q4 [Historic]","FY2026 Q4 [Historic]","FY2026 Q4 [Historic]","FY2026 Q4 [Historic]","FY2026 Q4 [Historic]","FY2026 Q4 [Historic]"
"VADILALIND","Tier 3","10","FY2026","Q4","Historic","FY2026 Q4 [Historic]","FY2026 Q4 [Historic]","FY2026 Q4 [Historic]","FY2026 Q4 [Historic]","FY2026 Q4 [Historic]","FY2026 Q4 [Historic]","FY2026 Q4 [Historic]","FY2026 Q4 [Historic]","FY2026 Q4 [Historic]","FY2026 Q4 [Historic]"
"VARDHACRLC","Tier 3","10","FY2026","Q4","Historic","FY2026 Q4 [Historic]","FY2026 Q4 [Historic]","FY2026 Q4 [Historic]","FY2026 Q4 [Historic]","FY2026 Q4 [Historic]","FY2026 Q4 [Historic]","FY2026 Q4 [Historic]","FY2026 Q4 [Historic]","FY2026 Q4 [Historic]","FY2026 Q4 [Historic]"
"VENUSREM","Tier 3","10","FY2026","Q4","Historic","FY2026 Q4 [Historic]","FY2026 Q4 [Historic]","FY2026 Q4 [Historic]","FY2026 Q4 [Historic]","FY2026 Q4 [Historic]","FY2026 Q4 [Historic]","FY2026 Q4 [Historic]","FY2026 Q4 [Historic]","FY2026 Q4 [Historic]","FY2026 Q4 [Historic]"
"VETO","Tier 3","10","FY2026","Q4","Historic","FY2026 Q4 [Historic]","FY2026 Q4 [Historic]","FY2026 Q4 [Historic]","FY2026 Q4 [Historic]","FY2026 Q4 [Historic]","FY2026 Q4 [Historic]","FY2026 Q4 [Historic]","FY2026 Q4 [Historic]","FY2026 Q4 [Historic]","FY2026 Q4 [Historic]"
"VHL","Tier 3","10","FY2026","Q4","Historic","FY2026 Q4 [Historic]","FY2026 Q4 [Historic]","FY2026 Q4 [Historic]","FY2026 Q4 [Historic]","FY2026 Q4 [Historic]","FY2026 Q4 [Historic]","FY2026 Q4 [Historic]","FY2026 Q4 [Historic]","FY2026 Q4 [Historic]","FY2026 Q4 [Historic]"
"VINDHYATEL","Tier 3","10","FY2026","Q4","Historic","FY2026 Q4 [Historic]","FY2026 Q4 [Historic]","FY2026 Q4 [Historic]","FY2026 Q4 [Historic]","FY2026 Q4 [Historic]","FY2026 Q4 [Historic]","FY2026 Q4 [Historic]","FY2026 Q4 [Historic]","FY2026 Q4 [Historic]","FY2026 Q4 [Historic]"
"VINYLINDIA","Tier 3","10","FY2026","Q4","Historic","FY2026 Q4 [Historic]","FY2026 Q4 [Historic]","FY2026 Q4 [Historic]","FY2026 Q4 [Historic]","FY2026 Q4 [Historic]","FY2026 Q4 [Historic]","FY2026 Q4 [Historic]","FY2026 Q4 [Historic]","FY2026 Q4 [Historic]","FY2026 Q4 [Historic]"
"VISAKAIND","Tier 3","10","FY2026","Q4","Historic","FY2026 Q4 [Historic]","FY2026 Q4 [Historic]","FY2026 Q4 [Historic]","FY2026 Q4 [Historic]","FY2026 Q4 [Historic]","FY2026 Q4 [Historic]","FY2026 Q4 [Historic]","FY2026 Q4 [Historic]","FY2026 Q4 [Historic]","FY2026 Q4 [Historic]"
"VIVIANA","Tier 3","10","FY2026","Q4","Historic","FY2026 Q4 [Historic]","FY2026 Q4 [Historic]","FY2026 Q4 [Historic]","FY2026 Q4 [Historic]","FY2026 Q4 [Historic]","FY2026 Q4 [Historic]","FY2026 Q4 [Historic]","FY2026 Q4 [Historic]","FY2026 Q4 [Historic]","FY2026 Q4 [Historic]"
"VLEGOV","Tier 3","10","FY2026","Q4","Historic","FY2026 Q4 [Historic]","FY2026 Q4 [Historic]","FY2026 Q4 [Historic]","FY2026 Q4 [Historic]","FY2026 Q4 [Historic]","FY2026 Q4 [Historic]","FY2026 Q4 [Historic]","FY2026 Q4 [Historic]","FY2026 Q4 [Historic]","FY2026 Q4 [Historic]"
"VOLTAMP","Tier 3","10","FY2026","Q4","Historic","FY2026 Q4 [Historic]","FY2026 Q4 [Historic]","FY2026 Q4 [Historic]","FY2026 Q4 [Historic]","FY2026 Q4 [Historic]","FY2026 Q4 [Historic]","FY2026 Q4 [Historic]","FY2026 Q4 [Historic]","FY2026 Q4 [Historic]","FY2026 Q4 [Historic]"
"VRAJ","Tier 3","10","FY2026","Q4","Historic","FY2026 Q4 [Historic]","FY2026 Q4 [Historic]","FY2026 Q4 [Historic]","FY2026 Q4 [Historic]","FY2026 Q4 [Historic]","FY2026 Q4 [Historic]","FY2026 Q4 [Historic]","FY2026 Q4 [Historic]","FY2026 Q4 [Historic]","FY2026 Q4 [Historic]"
"VSTIND","Tier 3","10","FY2026","Q4","Historic","FY2026 Q4 [Historic]","FY2026 Q4 [Historic]","FY2026 Q4 [Historic]","FY2026 Q4 [Historic]","FY2026 Q4 [Historic]","FY2026 Q4 [Historic]","FY2026 Q4 [Historic]","FY2026 Q4 [Historic]","FY2026 Q4 [Historic]","FY2026 Q4 [Historic]"
"WAAREEINDO","Tier 3","10","FY2026","Q4","Historic","FY2026 Q4 [Historic]","FY2026 Q4 [Historic]","FY2026 Q4 [Historic]","FY2026 Q4 [Historic]","FY2026 Q4 [Historic]","FY2026 Q4 [Historic]","FY2026 Q4 [Historic]","FY2026 Q4 [Historic]","FY2026 Q4 [Historic]","FY2026 Q4 [Historic]"
"WALCHANNAG","Tier 3","10","FY2026","Q4","Historic","FY2026 Q4 [Historic]","FY2026 Q4 [Historic]","FY2026 Q4 [Historic]","FY2026 Q4 [Historic]","FY2026 Q4 [Historic]","FY2026 Q4 [Historic]","FY2026 Q4 [Historic]","FY2026 Q4 [Historic]","FY2026 Q4 [Historic]","FY2026 Q4 [Historic]"
"WEIZMANIND","Tier 3","10","FY2026","Q4","Historic","FY2026 Q4 [Historic]","FY2026 Q4 [Historic]","FY2026 Q4 [Historic]","FY2026 Q4 [Historic]","FY2026 Q4 [Historic]","FY2026 Q4 [Historic]","FY2026 Q4 [Historic]","FY2026 Q4 [Historic]","FY2026 Q4 [Historic]","FY2026 Q4 [Historic]"
"WENDT","Tier 3","10","FY2026","Q4","Historic","FY2026 Q4 [Historic]","FY2026 Q4 [Historic]","FY2026 Q4 [Historic]","FY2026 Q4 [Historic]","FY2026 Q4 [Historic]","FY2026 Q4 [Historic]","FY2026 Q4 [Historic]","FY2026 Q4 [Historic]","FY2026 Q4 [Historic]","FY2026 Q4 [Historic]"
"WINDMACHIN","Tier 3","10","FY2026","Q4","Historic","FY2026 Q4 [Historic]","FY2026 Q4 [Historic]","FY2026 Q4 [Historic]","FY2026 Q4 [Historic]","FY2026 Q4 [Historic]","FY2026 Q4 [Historic]","FY2026 Q4 [Historic]","FY2026 Q4 [Historic]","FY2026 Q4 [Historic]","FY2026 Q4 [Historic]"
"WIPL","Tier 3","10","FY2026","Q4","Historic","FY2026 Q4 [Historic]","FY2026 Q4 [Historic]","FY2026 Q4 [Historic]","FY2026 Q4 [Historic]","FY2026 Q4 [Historic]","FY2026 Q4 [Historic]","FY2026 Q4 [Historic]","FY2026 Q4 [Historic]","FY2026 Q4 [Historic]","FY2026 Q4 [Historic]"
"WORTHPERI","Tier 3","10","FY2026","Q4","Historic","FY2026 Q4 [Historic]","FY2026 Q4 [Historic]","FY2026 Q4 [Historic]","FY2026 Q4 [Historic]","FY2026 Q4 [Historic]","FY2026 Q4 [Historic]","FY2026 Q4 [Historic]","FY2026 Q4 [Historic]","FY2026 Q4 [Historic]","FY2026 Q4 [Historic]"
"WSI","Tier 3","10","FY2026","Q4","Historic","FY2026 Q4 [Historic]","FY2026 Q4 [Historic]","FY2026 Q4 [Historic]","FY2026 Q4 [Historic]","FY2026 Q4 [Historic]","FY2026 Q4 [Historic]","FY2026 Q4 [Historic]","FY2026 Q4 [Historic]","FY2026 Q4 [Historic]","FY2026 Q4 [Historic]"
"WSTCSTPAPR","Tier 3","10","FY2026","Q4","Historic","FY2026 Q4 [Historic]","FY2026 Q4 [Historic]","FY2026 Q4 [Historic]","FY2026 Q4 [Historic]","FY2026 Q4 [Historic]","FY2026 Q4 [Historic]","FY2026 Q4 [Historic]","FY2026 Q4 [Historic]","FY2026 Q4 [Historic]","FY2026 Q4 [Historic]"
"XCHANGING","Tier 3","10","FY2026","Q4","Historic","FY2026 Q4 [Historic]","FY2026 Q4 [Historic]","FY2026 Q4 [Historic]","FY2026 Q4 [Historic]","FY2026 Q4 [Historic]","FY2026 Q4 [Historic]","FY2026 Q4 [Historic]","FY2026 Q4 [Historic]","FY2026 Q4 [Historic]","FY2026 Q4 [Historic]"
"XPROINDIA","Tier 3","10","FY2026","Q4","Historic","FY2026 Q4 [Historic]","FY2026 Q4 [Historic]","FY2026 Q4 [Historic]","FY2026 Q4 [Historic]","FY2026 Q4 [Historic]","FY2026 Q4 [Historic]","FY2026 Q4 [Historic]","FY2026 Q4 [Historic]","FY2026 Q4 [Historic]","FY2026 Q4 [Historic]"
"YUKEN","Tier 3","10","FY2026","Q4","Historic","FY2026 Q4 [Historic]","FY2026 Q4 [Historic]","FY2026 Q4 [Historic]","FY2026 Q4 [Historic]","FY2026 Q4 [Historic]","FY2026 Q4 [Historic]","FY2026 Q4 [Historic]","FY2026 Q4 [Historic]","FY2026 Q4 [Historic]","FY2026 Q4 [Historic]"
"ZEELEARN","Tier 3","10","FY2026","Q4","Historic","FY2026 Q4 [Historic]","FY2026 Q4 [Historic]","FY2026 Q4 [Historic]","FY2026 Q4 [Historic]","FY2026 Q4 [Historic]","FY2026 Q4 [Historic]","FY2026 Q4 [Historic]","FY2026 Q4 [Historic]","FY2026 Q4 [Historic]","FY2026 Q4 [Historic]"
"ZENITHEXPO","Tier 3","10","FY2026","Q4","Historic","FY2026 Q4 [Historic]","FY2026 Q4 [Historic]","FY2026 Q4 [Historic]","FY2026 Q4 [Historic]","FY2026 Q4 [Historic]","FY2026 Q4 [Historic]","FY2026 Q4 [Historic]","FY2026 Q4 [Historic]","FY2026 Q4 [Historic]","FY2026 Q4 [Historic]"
"ZFSTEERING","Tier 3","10","FY2026","Q4","Historic","FY2026 Q4 [Historic]","FY2026 Q4 [Historic]","FY2026 Q4 [Historic]","FY2026 Q4 [Historic]","FY2026 Q4 [Historic]","FY2026 Q4 [Historic]","FY2026 Q4 [Historic]","FY2026 Q4 [Historic]","FY2026 Q4 [Historic]","FY2026 Q4 [Historic]"
"ZODIAC","Tier 3","10","FY2026","Q4","Historic","FY2026 Q4 [Historic]","FY2026 Q4 [Historic]","FY2026 Q4 [Historic]","FY2026 Q4 [Historic]","FY2026 Q4 [Historic]","FY2026 Q4 [Historic]","FY2026 Q4 [Historic]","FY2026 Q4 [Historic]","FY2026 Q4 [Historic]","FY2026 Q4 [Historic]"
"ZUARI","Tier 3","10","FY2026","Q4","Historic","FY2026 Q4 [Historic]","FY2026 Q4 [Historic]","FY2026 Q4 [Historic]","FY2026 Q4 [Historic]","FY2026 Q4 [Historic]","FY2026 Q4 [Historic]","FY2026 Q4 [Historic]","FY2026 Q4 [Historic]","FY2026 Q4 [Historic]","FY2026 Q4 [Historic]"
