ticker,capital-allocation_score,competition_score,customer-distribution_score,disclosure-honesty_score,earning-quality_score,earnings-forecast_score,financial-strength_score,guidance-credibility_score,industry-analysis_score,pe-rerating-potential_score,promoter-activity_score,target-price-matrix_score,capital-allocation_z_score,competition_z_score,customer-distribution_z_score,disclosure-honesty_z_score,earning-quality_z_score,earnings-forecast_z_score,financial-strength_z_score,guidance-credibility_z_score,industry-analysis_z_score,pe-rerating-potential_z_score,promoter-activity_z_score,target-price-matrix_z_score
20MICRONS,72,72,71,71,72,73,73,62,72,72,78,72,0.72,0.72,0.71,0.71,0.72,0.73,0.73,0.62,0.72,0.72,0.78,0.72
360ONE,75,78,78,69,72,78,82,62,82,28,28,72,0.75,0.78,0.78,0.69,0.72,0.78,0.82,0.62,0.82,0.28,0.28,0.72
3IINFOLTD,42,72,78,68,42,62,62,35,88,52,42,42,0.42,0.72,0.78,0.68,0.42,0.62,0.62,0.35,0.88,0.52,0.42,0.42
3MINDIA,68,72,71,62,72,72,78,52,68,72,78,72,0.68,0.72,0.71,0.62,0.72,0.72,0.78,0.52,0.68,0.72,0.78,0.72
5PAISA,62,62,62,68,62,58,62,72,62,72,78,72,0.62,0.62,0.62,0.68,0.62,0.58,0.62,0.72,0.62,0.72,0.78,0.72
AAATECH,78,72,32,28,72,72,76,35,78,42,35,62,0.78,0.72,0.32,0.28,0.72,0.72,0.76,0.35,0.78,0.42,0.35,0.62
AADHARHFC,76,78,78,72,72,78,78,78,78,72,78,78,0.76,0.78,0.78,0.72,0.72,0.78,0.78,0.78,0.78,0.72,0.78,0.78
AAKAAR,58,42,79,56,28,35,42,68,78,42,72,35,0.58,0.42,0.79,0.56,0.28,0.35,0.42,0.68,0.78,0.42,0.72,0.35
AARON,75,82,82,56,72,78,84,72,98,72,78,78,0.75,0.82,0.82,0.56,0.72,0.78,0.84,0.72,0.98,0.72,0.78,0.78
AARTECH,62,78,89,44,62,72,78,62,72,62,76,72,0.62,0.78,0.89,0.44,0.62,0.72,0.78,0.62,0.72,0.62,0.76,0.72
AARTIDRUGS,58,72,72,72,48,62,72,72,72,62,72,68,0.58,0.72,0.72,0.72,0.48,0.62,0.72,0.72,0.72,0.62,0.72,0.68
AARTIIND,72,78,72,71,62,72,78,72,78,72,72,72,0.72,0.78,0.72,0.71,0.62,0.72,0.78,0.72,0.78,0.72,0.72,0.72
AARTISURF,42,62,72,45,38,28,42,45,51,38,78,42,0.42,0.62,0.72,0.45,0.38,0.28,0.42,0.45,0.51,0.38,0.78,0.42
AARVI,52,78,72,72,42,35,72,58,78,62,78,42,0.52,0.78,0.72,0.72,0.42,0.35,0.72,0.58,0.78,0.62,0.78,0.42
AATMAJ,72,78,68,28,72,72,78,42,72,62,72,62,0.72,0.78,0.68,0.28,0.72,0.72,0.78,0.42,0.72,0.62,0.72,0.62
AAVAS,72,82,78,75,75,78,87,72,82,72,78,78,0.72,0.82,0.78,0.75,0.75,0.78,0.87,0.72,0.82,0.72,0.78,0.78
ABB,78,72,82,72,78,82,82,72,82,78,78,78,0.78,0.72,0.82,0.72,0.78,0.82,0.82,0.72,0.82,0.78,0.78,0.78
ABBOTINDIA,72,78,76,28,72,72,78,62,76,72,82,72,0.72,0.78,0.76,0.28,0.72,0.72,0.78,0.62,0.76,0.72,0.82,0.72
ABCAPITAL,76,72,76,72,72,78,28,72,75,72,78,78,0.76,0.72,0.76,0.72,0.72,0.78,0.28,0.72,0.75,0.72,0.78,0.78
ABDL,74,78,70,73,72,72,78,72,72,72,82,78,0.74,0.78,0.7,0.73,0.72,0.72,0.78,0.72,0.72,0.72,0.82,0.78
ABFRL,58,72,78,72,28,42,68,68,78,62,62,68,0.58,0.72,0.78,0.72,0.28,0.42,0.68,0.68,0.78,0.62,0.62,0.68
ABHAPOWER,62,72,62,24,52,62,72,62,72,58,72,62,0.62,0.72,0.62,0.24,0.52,0.62,0.72,0.62,0.72,0.58,0.72,0.62
ABLBL,76,78,78,35,78,78,82,62,78,72,72,72,0.76,0.78,0.78,0.35,0.78,0.78,0.82,0.62,0.78,0.72,0.72,0.72
ABREL,62,78,78,64,38,35,78,42,78,48,72,62,0.62,0.78,0.78,0.64,0.38,0.35,0.78,0.42,0.78,0.48,0.72,0.62
ABSLAMC,72,78,78,64,78,78,82,72,78,72,78,72,0.72,0.78,0.78,0.64,0.78,0.78,0.82,0.72,0.78,0.72,0.78,0.72
ABSMARINE,76,72,68,52,72,72,72,45,78,68,72,72,0.76,0.72,0.68,0.52,0.72,0.72,0.72,0.45,0.78,0.68,0.72,0.72
ACC,82,82,70,72,78,87,92,72,78,72,82,78,0.82,0.82,0.7,0.72,0.78,0.87,0.92,0.72,0.78,0.72,0.82,0.78
ACCENTMIC,62,62,72,28,42,42,75,58,72,62,72,62,0.62,0.62,0.72,0.28,0.42,0.42,0.75,0.58,0.72,0.62,0.72,0.62
ACCPL,76,85,78,58,78,78,92,68,80,72,78,75,0.76,0.85,0.78,0.58,0.78,0.78,0.92,0.68,0.8,0.72,0.78,0.75
ACCURACY,68,68,62,62,42,35,62,62,72,62,78,62,0.68,0.68,0.62,0.62,0.42,0.35,0.62,0.62,0.72,0.62,0.78,0.62
ACE,72,72,62,64,72,72,78,62,78,72,78,72,0.72,0.72,0.62,0.64,0.72,0.72,0.78,0.62,0.78,0.72,0.78,0.72
ACI,72,71,72,73,62,72,72,58,72,62,78,68,0.72,0.71,0.72,0.73,0.62,0.72,0.72,0.58,0.72,0.62,0.78,0.68
ACUTAAS,76,86,68,74,72,78,87,78,62,72,72,78,0.76,0.86,0.68,0.74,0.72,0.78,0.87,0.78,0.62,0.72,0.72,0.78
ADANIENSOL,76,78,52,78,72,82,62,72,78,72,92,78,0.76,0.78,0.52,0.78,0.72,0.82,0.62,0.72,0.78,0.72,0.92,0.78
ADANIENT,72,72,52,78,72,78,84,72,72,72,78,78,0.72,0.72,0.52,0.78,0.72,0.78,0.84,0.72,0.72,0.72,0.78,0.78
ADANIGREEN,76,82,48,92,78,78,72,72,88,78,78,87,0.76,0.82,0.48,0.92,0.78,0.78,0.72,0.72,0.88,0.78,0.78,0.87
ADANIPORTS,78,78,61,72,78,78,28,78,82,78,78,78,0.78,0.78,0.61,0.72,0.78,0.78,0.28,0.78,0.82,0.78,0.78,0.78
ADANIPOWER,78,72,74,68,72,78,78,72,72,72,78,78,0.78,0.72,0.74,0.68,0.72,0.78,0.78,0.72,0.72,0.72,0.78,0.78
ADDICTIVE,62,42,52,38,42,58,45,38,35,62,72,62,0.62,0.42,0.52,0.38,0.42,0.58,0.45,0.38,0.35,0.62,0.72,0.62
ADFFOODS,72,82,75,62,72,78,82,62,78,72,72,72,0.72,0.82,0.75,0.62,0.72,0.78,0.82,0.62,0.78,0.72,0.72,0.72
ADSL,72,72,,72,58,72,72,52,72,72,72,72,0.72,0.72,11.68,0.72,0.58,0.72,0.72,0.52,0.72,0.72,0.72,0.72
ADVAIT,72,78,78,79,72,72,78,72,78,72,72,78,0.72,0.78,0.78,0.79,0.72,0.72,0.78,0.72,0.78,0.72,0.72,0.78
ADVENZYMES,48,62,62,72,42,42,72,52,72,62,78,42,0.48,0.62,0.62,0.72,0.42,0.42,0.72,0.52,0.72,0.62,0.78,0.42
AEGISLOG,76,78,72,72,78,82,82,78,78,78,82,78,0.76,0.78,0.72,0.72,0.78,0.82,0.82,0.78,0.78,0.78,0.82,0.78
AEGISVOPAK,72,78,78,63,72,78,84,72,78,72,78,72,0.72,0.78,0.78,0.63,0.72,0.78,0.84,0.72,0.78,0.72,0.78,0.72
AEQUS,68,72,72,38,62,72,72,58,78,62,72,62,0.68,0.72,0.72,0.38,0.62,0.72,0.72,0.58,0.78,0.62,0.72,0.62
AEROENTER,72,78,78,62,68,72,78,62,72,72,78,72,0.72,0.78,0.78,0.62,0.68,0.72,0.78,0.62,0.72,0.72,0.78,0.72
AEROFLEX,72,78,74,86,72,78,78,72,78,78,78,78,0.72,0.78,0.74,0.86,0.72,0.78,0.78,0.72,0.78,0.78,0.78,0.78
AERON,68,72,72,48,62,72,72,62,78,62,78,72,0.68,0.72,0.72,0.48,0.62,0.72,0.72,0.62,0.78,0.62,0.78,0.72
AERONEU,32,28,28,71,28,28,28,72,50,52,78,42,0.32,0.28,0.28,0.71,0.28,0.28,0.28,0.72,0.5,0.52,0.78,0.42
AETHER,72,82,76,68,72,72,78,58,72,72,72,78,0.72,0.82,0.76,0.68,0.72,0.72,0.78,0.58,0.72,0.72,0.72,0.78
AFCONS,72,78,58,70,72,72,72,58,78,68,78,72,0.72,0.78,0.58,0.7,0.72,0.72,0.72,0.58,0.78,0.68,0.78,0.72
AFFLE,76,82,82,72,72,78,82,72,87,76,78,78,0.76,0.82,0.82,0.72,0.72,0.78,0.82,0.72,0.87,0.76,0.78,0.78
AFFORDABLE,62,72,68,45,42,62,62,42,72,62,42,62,0.62,0.72,0.68,0.45,0.42,0.62,0.62,0.42,0.72,0.62,0.42,0.62
AGARIND,68,28,42,72,52,62,42,42,58,62,78,48,0.68,0.28,0.42,0.72,0.52,0.62,0.42,0.42,0.58,0.62,0.78,0.48
AGARWALEYE,78,78,82,76,72,78,82,72,82,28,72,82,0.78,0.78,0.82,0.76,0.72,0.78,0.82,0.72,0.82,0.28,0.72,0.82
AGARWALTUF,72,78,35,54,72,78,88,42,78,72,72,72,0.72,0.78,0.35,0.54,0.72,0.78,0.88,0.42,0.78,0.72,0.72,0.72
AGI,72,72,74,68,72,72,78,72,40,72,78,72,0.72,0.72,0.74,0.68,0.72,0.72,0.78,0.72,0.4,0.72,0.78,0.72
AGSTRA,32,78,72,72,22,28,72,68,78,32,28,28,0.32,0.78,0.72,0.72,0.22,0.28,0.72,0.68,0.78,0.32,0.28,0.28
AHCL,78,78,82,56,72,78,85,72,82,72,72,72,0.78,0.78,0.82,0.56,0.72,0.78,0.85,0.72,0.82,0.72,0.72,0.72
AHLUCONT,72,72,74,72,72,76,78,72,78,72,78,72,0.72,0.72,0.74,0.72,0.72,0.76,0.78,0.72,0.78,0.72,0.78,0.72
AIIL,72,42,62,42,72,72,78,72,58,68,72,72,0.72,0.42,0.62,0.42,0.72,0.72,0.78,0.72,0.58,0.68,0.72,0.72
AIMTRON,78,85,88,71,78,87,87,72,82,82,78,78,0.78,0.85,0.88,0.71,0.78,0.87,0.87,0.72,0.82,0.82,0.78,0.78
AISL,72,72,58,54,72,72,78,68,78,72,72,72,0.72,0.72,0.58,0.54,0.72,0.72,0.78,0.68,0.78,0.72,0.72,0.72
AJANTPHARM,78,87,84,76,78,78,82,72,78,72,78,78,0.78,0.87,0.84,0.76,0.78,0.78,0.82,0.72,0.78,0.72,0.78,0.78
AJAXENGG,42,32,72,59,32,28,58,72,42,52,78,52,0.42,0.32,0.72,0.59,0.32,0.28,0.58,0.72,0.42,0.52,0.78,0.52
AJMERA,72,82,88,72,72,78,87,72,82,72,78,78,0.72,0.82,0.88,0.72,0.72,0.78,0.87,0.72,0.82,0.72,0.78,0.78
AJOONI,52,68,65,56,32,48,68,45,65,42,72,62,0.52,0.68,0.65,0.56,0.32,0.48,0.68,0.45,0.65,0.42,0.72,0.62
AKUMS,62,78,69,71,42,42,74,62,78,62,78,52,0.62,0.78,0.69,0.71,0.42,0.42,0.74,0.62,0.78,0.62,0.78,0.52
AKZOINDIA,58,63,68,69,58,58,72,58,61,62,62,68,0.58,0.63,0.68,0.69,0.58,0.58,0.72,0.58,0.61,0.62,0.62,0.68
ALGOQUANT,72,78,62,56,72,72,86,62,62,72,78,62,0.72,0.78,0.62,0.56,0.72,0.72,0.86,0.62,0.62,0.72,0.78,0.62
ALICON,52,72,62,54,28,42,72,68,82,62,72,62,0.52,0.72,0.62,0.54,0.28,0.42,0.72,0.68,0.82,0.62,0.72,0.62
ALIVUS,72,78,73,68,72,72,82,62,78,68,72,62,0.72,0.78,0.73,0.68,0.72,0.72,0.82,0.62,0.78,0.68,0.72,0.62
ALKEM,72,72,72,73,72,78,78,72,72,72,72,72,0.72,0.72,0.72,0.73,0.72,0.78,0.78,0.72,0.72,0.72,0.72,0.72
ALLCARGO,58,68,72,71,32,42,72,62,72,62,58,72,0.58,0.68,0.72,0.71,0.32,0.42,0.72,0.62,0.72,0.62,0.58,0.72
ALLDIGI,72,78,76,68,72,72,78,62,78,72,78,72,0.72,0.78,0.76,0.68,0.72,0.72,0.78,0.62,0.78,0.72,0.78,0.72
ALLETEC,58,62,72,64,42,28,62,62,72,62,72,68,0.58,0.62,0.72,0.64,0.42,0.28,0.62,0.62,0.72,0.62,0.72,0.68
ALLTIME,42,51,28,72,28,28,62,68,48,48,72,62,0.42,0.51,0.28,0.72,0.28,0.28,0.62,0.68,0.48,0.48,0.72,0.62
ALPEXSOLAR,72,78,72,64,72,72,89,72,78,72,72,78,0.72,0.78,0.72,0.64,0.72,0.72,0.89,0.72,0.78,0.72,0.72,0.78
ALPHAGEO,42,42,62,65,32,38,62,72,62,42,78,62,0.42,0.42,0.62,0.65,0.32,0.38,0.62,0.72,0.62,0.42,0.78,0.62
AMAGI,68,72,72,52,72,72,72,42,62,72,62,72,0.68,0.72,0.72,0.52,0.72,0.72,0.72,0.42,0.62,0.72,0.62,0.72
AMANTA,68,72,62,32,68,72,72,45,72,62,72,72,0.68,0.72,0.62,0.32,0.68,0.72,0.72,0.45,0.72,0.62,0.72,0.72
AMBER,72,78,78,71,72,78,78,72,78,72,72,78,0.72,0.78,0.78,0.71,0.72,0.78,0.78,0.72,0.78,0.72,0.72,0.78
AMBUJACEM,76,88,35,72,72,72,82,78,78,78,72,78,0.76,0.88,0.35,0.72,0.72,0.72,0.82,0.78,0.78,0.78,0.72,0.78
AMRUTANJAN,72,76,78,72,68,72,76,58,78,72,72,72,0.72,0.76,0.78,0.72,0.68,0.72,0.76,0.58,0.78,0.72,0.72,0.72
ANANDRATHI,78,79,82,71,78,82,80,72,78,72,62,78,0.78,0.79,0.82,0.71,0.78,0.82,0.8,0.72,0.78,0.72,0.62,0.78
ANANTAM,78,78,72,38,72,72,80,68,72,72,62,72,0.78,0.78,0.72,0.38,0.72,0.72,0.8,0.68,0.72,0.72,0.62,0.72
ANANTRAJ,72,78,72,88,72,78,93,72,82,72,72,79,0.72,0.78,0.72,0.88,0.72,0.78,0.93,0.72,0.82,0.72,0.72,0.79
ANDHRAPAP,68,68,35,62,62,62,70,72,72,68,78,72,0.68,0.68,0.35,0.62,0.62,0.62,0.7,0.72,0.72,0.68,0.78,0.72
ANGELONE,82,78,78,72,78,78,82,72,72,72,72,78,0.82,0.78,0.78,0.72,0.78,0.78,0.82,0.72,0.72,0.72,0.72,0.78
ANLON,72,75,72,24,72,72,82,58,78,62,72,72,0.72,0.75,0.72,0.24,0.72,0.72,0.82,0.58,0.78,0.62,0.72,0.72
ANMOL,72,65,70,28,72,72,81,45,61,72,72,72,0.72,0.65,0.7,0.28,0.72,0.72,0.81,0.45,0.61,0.72,0.72,0.72
ANNAPURNA,72,78,73,49,72,72,78,62,73,72,72,72,0.72,0.78,0.73,0.49,0.72,0.72,0.78,0.62,0.73,0.72,0.72,0.72
ANONDITA,72,78,74,42,72,72,83,35,78,62,58,72,0.72,0.78,0.74,0.42,0.72,0.72,0.83,0.35,0.78,0.62,0.58,0.72
ANTELOPUS,62,78,73,72,68,72,78,68,78,68,78,62,0.62,0.78,0.73,0.72,0.68,0.72,0.78,0.68,0.78,0.68,0.78,0.62
ANTHEM,78,78,72,56,78,78,82,72,72,72,75,72,0.78,0.78,0.72,0.56,0.78,0.78,0.82,0.72,0.72,0.72,0.75,0.72
ANUP,72,78,78,72,78,78,86,62,78,78,72,78,0.72,0.78,0.78,0.72,0.78,0.78,0.86,0.62,0.78,0.78,0.72,0.78
ANURAS,72,82,78,71,62,78,78,62,78,72,72,78,0.72,0.82,0.78,0.71,0.62,0.78,0.78,0.62,0.78,0.72,0.72,0.78
APARINDS,76,78,78,73,72,78,76,72,78,72,82,78,0.76,0.78,0.78,0.73,0.72,0.78,0.76,0.72,0.78,0.72,0.82,0.78
APCOTEXIND,52,78,78,72,35,42,82,62,72,62,78,62,0.52,0.78,0.78,0.72,0.35,0.42,0.82,0.62,0.72,0.62,0.78,0.62
APEX,48,78,72,68,28,28,78,62,68,42,82,38,0.48,0.78,0.72,0.68,0.28,0.28,0.78,0.62,0.68,0.42,0.82,0.38
APEXECO,78,82,35,48,78,78,86,58,62,72,78,75,0.78,0.82,0.35,0.48,0.78,0.78,0.86,0.58,0.62,0.72,0.78,0.75
APLLTD,72,78,78,68,72,72,78,62,74,68,78,72,0.72,0.78,0.78,0.68,0.72,0.72,0.78,0.62,0.74,0.68,0.78,0.72
APOLLO,72,92,72,68,72,82,82,62,92,78,72,78,0.72,0.92,0.72,0.68,0.72,0.82,0.82,0.62,0.92,0.78,0.72,0.78
APOLLOHOSP,72,78,72,72,72,78,78,62,82,72,72,78,0.72,0.78,0.72,0.72,0.72,0.78,0.78,0.62,0.82,0.72,0.72,0.78
APOLLOPIPE,35,28,72,66,28,28,32,62,72,62,75,58,0.35,0.28,0.72,0.66,0.28,0.28,0.32,0.62,0.72,0.62,0.75,0.58
APOLLOTYRE,72,72,82,69,68,72,78,42,72,72,72,72,0.72,0.72,0.82,0.69,0.68,0.72,0.78,0.42,0.72,0.72,0.72,0.72
APOLSINHOT,58,74,62,56,48,62,72,42,62,58,72,58,0.58,0.74,0.62,0.56,0.48,0.62,0.72,0.42,0.62,0.58,0.72,0.58
APRAMEYA,72,82,78,58,72,78,84,72,82,72,78,78,0.72,0.82,0.78,0.58,0.72,0.78,0.84,0.72,0.82,0.72,0.78,0.78
APS,82,82,85,74,78,82,92,68,87,82,72,78,0.82,0.82,0.85,0.74,0.78,0.82,0.92,0.68,0.87,0.82,0.72,0.78
APTECHT,85,78,78,58,78,78,87,68,78,78,82,78,0.85,0.78,0.78,0.58,0.78,0.78,0.87,0.68,0.78,0.78,0.82,0.78
ARCOTECH,52,62,45,28,52,58,72,35,,42,78,52,0.52,0.62,0.45,0.28,0.52,0.58,0.72,0.35,537,0.42,0.78,0.52
ARE&M,72,62,62,66,72,78,72,62,61,62,78,72,0.72,0.62,0.62,0.66,0.72,0.78,0.72,0.62,0.61,0.62,0.78,0.72
ARHAM,68,72,62,52,58,62,72,45,72,68,62,62,0.68,0.72,0.62,0.52,0.58,0.62,0.72,0.45,0.72,0.68,0.62,0.62
ARIES,68,78,78,48,62,68,78,58,78,62,78,72,0.68,0.78,0.78,0.48,0.62,0.68,0.78,0.58,0.78,0.62,0.78,0.72
ARIHANTCAP,72,72,62,42,72,75,72,72,78,68,72,72,0.72,0.72,0.62,0.42,0.72,0.75,0.72,0.72,0.78,0.68,0.72,0.72
ARIHANTSUP,62,72,74,72,32,72,76,62,78,72,72,72,0.62,0.72,0.74,0.72,0.32,0.72,0.76,0.62,0.78,0.72,0.72,0.72
ARIS,76,72,72,69,72,72,74,72,78,72,76,72,0.76,0.72,0.72,0.69,0.72,0.72,0.74,0.72,0.78,0.72,0.76,0.72
ARKADE,72,72,78,54,72,72,82,72,78,72,78,76,0.72,0.72,0.78,0.54,0.72,0.72,0.82,0.72,0.78,0.72,0.78,0.76
AROGRANITE,38,62,52,79,28,32,32,62,62,32,78,38,0.38,0.62,0.52,0.79,0.28,0.32,0.32,0.62,0.62,0.32,0.78,0.38
ARROWGREEN,76,42,42,48,78,78,42,62,42,72,72,72,0.76,0.42,0.42,0.48,0.78,0.78,0.42,0.62,0.42,0.72,0.72,0.72
ARSHIYA,64,78,70,52,72,62,82,42,68,62,72,72,0.64,0.78,0.7,0.52,0.72,0.62,0.82,0.42,0.68,0.62,0.72,0.72
ARSSBL,78,78,82,52,78,78,86,72,78,72,72,76,0.78,0.78,0.82,0.52,0.78,0.78,0.86,0.72,0.78,0.72,0.72,0.76
ARSSINFRA,52,78,60,58,42,58,60,72,78,62,72,72,0.52,0.78,0.6,0.58,0.42,0.58,0.6,0.72,0.78,0.62,0.72,0.72
ARTEMISMED,72,78,78,72,72,72,78,62,76,72,62,72,0.72,0.78,0.78,0.72,0.72,0.72,0.78,0.62,0.76,0.72,0.62,0.72
ARVIND,72,74,89,73,72,72,78,72,78,72,78,76,0.72,0.74,0.89,0.73,0.72,0.72,0.78,0.72,0.78,0.72,0.78,0.76
ARVINDFASN,72,78,86,68,42,72,85,42,88,28,72,42,0.72,0.78,0.86,0.68,0.42,0.72,0.85,0.42,0.88,0.28,0.72,0.42
ASALCBR,72,78,72,62,72,72,78,68,78,72,72,72,0.72,0.78,0.72,0.62,0.72,0.72,0.78,0.68,0.78,0.72,0.72,0.72
ASHAPURMIN,72,78,42,52,72,78,78,58,72,72,72,72,0.72,0.78,0.42,0.52,0.72,0.78,0.78,0.58,0.72,0.72,0.72,0.72
ASHIANA,42,78,85,84,28,32,,62,76,62,78,72,0.42,0.78,0.85,0.84,0.28,0.32,0.3358333333333333,0.62,0.76,0.62,0.78,0.72
ASHIMASYN,28,28,57,58,28,28,28,62,65,28,78,28,0.28,0.28,0.57,0.58,0.28,0.28,0.28,0.62,0.65,0.28,0.78,0.28
ASHOKA,72,42,72,62,62,42,72,62,42,62,78,68,0.72,0.42,0.72,0.62,0.62,0.42,0.72,0.62,0.42,0.62,0.78,0.68
ASHOKLEY,62,78,72,72,72,72,82,62,78,72,78,72,0.62,0.78,0.72,0.72,0.72,0.72,0.82,0.62,0.78,0.72,0.78,0.72
ASHWINI,72,76,68,38,72,72,72,35,72,72,45,72,0.72,0.76,0.68,0.38,0.72,0.72,0.72,0.35,0.72,0.72,0.45,0.72
ASIANENE,72,82,82,72,72,78,87,72,96,72,78,72,0.72,0.82,0.82,0.72,0.72,0.78,0.87,0.72,0.96,0.72,0.78,0.72
ASIANPAINT,72,72,78,71,78,78,75,72,76,72,78,78,0.72,0.72,0.78,0.71,0.78,0.78,0.75,0.72,0.76,0.72,0.78,0.78
ASIANTILES,42,78,76,69,28,28,89,72,78,42,72,42,0.42,0.78,0.76,0.69,0.28,0.28,0.89,0.72,0.78,0.42,0.72,0.42
ASKAUTOLTD,72,78,68,72,72,78,88,72,72,72,72,78,0.72,0.78,0.68,0.72,0.72,0.78,0.88,0.72,0.72,0.72,0.72,0.78
ASMS,72,78,72,42,72,78,78,58,78,72,58,72,0.72,0.78,0.72,0.42,0.72,0.78,0.78,0.58,0.78,0.72,0.58,0.72
ASTEC,72,82,82,65,72,78,88,72,82,78,78,72,0.72,0.82,0.82,0.65,0.72,0.78,0.88,0.72,0.82,0.78,0.78,0.72
ASTRAL,72,73,62,72,72,72,78,68,62,72,78,78,0.72,0.73,0.62,0.72,0.72,0.72,0.78,0.68,0.62,0.72,0.78,0.78
ASTRAZEN,76,78,85,55,78,78,92,62,82,72,82,72,0.76,0.78,0.85,0.55,0.78,0.78,0.92,0.62,0.82,0.72,0.82,0.72
ASTRON,72,78,81,28,68,72,74,45,78,62,72,68,0.72,0.78,0.81,0.28,0.68,0.72,0.74,0.45,0.78,0.62,0.72,0.68
ATAM,58,72,72,72,62,72,72,52,72,68,72,72,0.58,0.72,0.72,0.72,0.62,0.72,0.72,0.52,0.72,0.68,0.72,0.72
ATGL,72,78,78,72,62,78,76,62,78,28,78,72,0.72,0.78,0.78,0.72,0.62,0.78,0.76,0.62,0.78,0.28,0.78,0.72
ATHERENERG,42,76,78,73,28,62,62,72,78,68,72,62,0.42,0.76,0.78,0.73,0.28,0.62,0.62,0.72,0.78,0.68,0.72,0.62
ATL,72,78,72,71,72,72,78,62,78,72,78,76,0.72,0.78,0.72,0.71,0.72,0.72,0.78,0.62,0.78,0.72,0.78,0.76
ATLANTAELE,72,78,58,42,72,72,78,72,78,72,78,72,0.72,0.78,0.58,0.42,0.72,0.72,0.78,0.72,0.78,0.72,0.78,0.72
ATULAUTO,72,78,62,59,62,72,78,42,72,68,78,72,0.72,0.78,0.62,0.59,0.62,0.72,0.78,0.42,0.72,0.68,0.78,0.72
AUBANK,72,82,78,69,72,78,82,72,78,72,72,72,0.72,0.82,0.78,0.69,0.72,0.78,0.82,0.72,0.78,0.72,0.72,0.72
AURIONPRO,76,93,87,72,78,82,80,72,85,72,78,78,0.76,0.93,0.87,0.72,0.78,0.82,0.8,0.72,0.85,0.72,0.78,0.78
AUROPHARMA,72,78,82,65,72,72,82,52,78,68,78,72,0.72,0.78,0.82,0.65,0.72,0.72,0.82,0.52,0.78,0.68,0.78,0.72
AURUM,62,72,72,75,42,72,72,62,82,68,68,72,0.62,0.72,0.72,0.75,0.42,0.72,0.72,0.62,0.82,0.68,0.68,0.72
AUTOAXLES,72,72,72,52,72,68,74,58,72,72,78,72,0.72,0.72,0.72,0.52,0.72,0.68,0.74,0.58,0.72,0.72,0.78,0.72
AUTOIND,72,79,78,61,72,76,87,72,78,72,72,72,0.72,0.79,0.78,0.61,0.72,0.76,0.87,0.72,0.78,0.72,0.72,0.72
AVADHSUGAR,42,72,72,72,28,28,78,62,72,52,78,62,0.42,0.72,0.72,0.72,0.28,0.28,0.78,0.62,0.72,0.52,0.78,0.62
AVALON,76,82,88,73,72,82,92,78,88,76,68,78,0.76,0.82,0.88,0.73,0.72,0.82,0.92,0.78,0.88,0.76,0.68,0.78
AVANTIFEED,48,62,69,72,42,42,78,58,68,72,78,68,0.48,0.62,0.69,0.72,0.42,0.42,0.78,0.58,0.68,0.72,0.78,0.68
AVG,68,72,78,52,62,72,73,28,72,62,72,72,0.68,0.72,0.78,0.52,0.62,0.72,0.73,0.28,0.72,0.62,0.72,0.72
AVL,68,78,75,72,72,72,78,76,74,72,72,78,0.68,0.78,0.75,0.72,0.72,0.72,0.78,0.76,0.74,0.72,0.72,0.78
AVPINFRA,72,78,62,62,72,72,76,62,72,72,72,72,0.72,0.78,0.62,0.62,0.72,0.72,0.76,0.62,0.72,0.72,0.72,0.72
AVROIND,72,72,76,45,72,72,72,42,78,62,58,62,0.72,0.72,0.76,0.45,0.72,0.72,0.72,0.42,0.78,0.62,0.58,0.62
AWFIS,78,81,79,71,62,78,78,62,80,72,52,78,0.78,0.81,0.79,0.71,0.62,0.78,0.78,0.62,0.8,0.72,0.52,0.78
AWHCL,72,78,72,71,72,78,76,72,78,72,78,72,0.72,0.78,0.72,0.71,0.72,0.78,0.76,0.72,0.78,0.72,0.78,0.72
AWL,78,82,78,72,72,78,78,62,78,72,62,78,0.78,0.82,0.78,0.72,0.72,0.78,0.78,0.62,0.78,0.72,0.62,0.78
AXISBANK,78,78,78,72,78,78,82,72,78,72,72,78,0.78,0.78,0.78,0.72,0.78,0.78,0.82,0.72,0.78,0.72,0.72,0.78
AXISCADES,52,72,74,68,42,42,71,62,72,68,62,72,0.52,0.72,0.74,0.68,0.42,0.42,0.71,0.62,0.72,0.68,0.62,0.72
AXITA,52,72,71,42,42,62,72,42,78,62,72,68,0.52,0.72,0.71,0.42,0.42,0.62,0.72,0.42,0.78,0.62,0.72,0.68
AYE,72,72,82,48,72,72,78,72,72,72,45,72,0.72,0.72,0.82,0.48,0.72,0.72,0.78,0.72,0.72,0.72,0.45,0.72
AYMSYNTEX,58,62,35,70,48,58,58,58,72,62,72,58,0.58,0.62,0.35,0.7,0.48,0.58,0.58,0.58,0.72,0.62,0.72,0.58
BABAFP,72,72,72,52,72,72,72,65,72,68,78,68,0.72,0.72,0.72,0.52,0.72,0.72,0.72,0.65,0.72,0.68,0.78,0.68
BAHETI,72,78,68,42,78,78,78,45,82,72,74,72,0.72,0.78,0.68,0.42,0.78,0.78,0.78,0.45,0.82,0.72,0.74,0.72
BAIDFIN,72,72,72,62,65,62,61,62,72,62,72,65,0.72,0.72,0.72,0.62,0.65,0.62,0.61,0.62,0.72,0.62,0.72,0.65
BAJAJ-AUTO,78,78,78,72,78,78,82,72,72,76,78,78,0.78,0.78,0.78,0.72,0.78,0.78,0.82,0.72,0.72,0.76,0.78,0.78
BAJAJCON,72,75,72,72,72,78,87,72,66,72,78,78,0.72,0.75,0.72,0.72,0.72,0.78,0.87,0.72,0.66,0.72,0.78,0.78
BAJAJELEC,42,72,72,72,32,38,72,48,72,42,78,62,0.42,0.72,0.72,0.72,0.32,0.38,0.72,0.48,0.72,0.42,0.78,0.62
BAJAJHCARE,72,82,72,70,72,72,82,72,78,72,72,72,0.72,0.82,0.72,0.7,0.72,0.72,0.82,0.72,0.78,0.72,0.72,0.72
BAJAJHFL,72,78,82,65,72,72,78,72,78,68,72,72,0.72,0.78,0.82,0.65,0.72,0.72,0.78,0.72,0.78,0.68,0.72,0.72
BAJFINANCE,78,32,72,72,78,78,28,72,82,78,78,78,0.78,0.32,0.72,0.72,0.78,0.78,0.28,0.72,0.82,0.78,0.78,0.78
BALAMINES,72,72,68,72,72,72,72,72,72,68,78,72,0.72,0.72,0.68,0.72,0.72,0.72,0.72,0.72,0.72,0.68,0.78,0.72
BALAXI,28,32,62,62,28,28,28,42,72,28,72,28,0.28,0.32,0.62,0.62,0.28,0.28,0.28,0.42,0.72,0.28,0.72,0.28
BALKRISIND,72,72,72,72,72,75,74,62,72,72,78,78,0.72,0.72,0.72,0.72,0.72,0.75,0.74,0.62,0.72,0.72,0.78,0.78
BALPHARMA,42,42,62,42,35,38,62,62,42,32,74,42,0.42,0.42,0.62,0.42,0.35,0.38,0.62,0.62,0.42,0.32,0.74,0.42
BALRAMCHIN,76,62,72,72,72,76,52,72,62,68,78,78,0.76,0.62,0.72,0.72,0.72,0.76,0.52,0.72,0.62,0.68,0.78,0.78
BALUFORGE,78,72,70,72,78,78,82,68,80,78,72,78,0.78,0.72,0.7,0.72,0.78,0.78,0.82,0.68,0.8,0.78,0.72,0.78
BANARBEADS,62,72,72,66,62,62,82,42,72,62,78,68,0.62,0.72,0.72,0.66,0.62,0.62,0.82,0.42,0.72,0.62,0.78,0.68
BANDHANBNK,58,72,78,72,42,32,72,62,78,42,72,42,0.58,0.72,0.78,0.72,0.42,0.32,0.72,0.62,0.78,0.42,0.72,0.42
BANKA,42,42,23,62,32,28,45,58,72,42,72,62,0.42,0.42,0.23,0.62,0.32,0.28,0.45,0.58,0.72,0.42,0.72,0.62
BANKBARODA,72,78,78,72,78,78,78,78,87,72,78,78,0.72,0.78,0.78,0.72,0.78,0.78,0.78,0.78,0.87,0.72,0.78,0.78
BANKINDIA,76,78,87,72,78,72,84,72,78,72,78,72,0.76,0.78,0.87,0.72,0.78,0.72,0.84,0.72,0.78,0.72,0.78,0.72
BANSALWIRE,78,78,78,74,72,72,78,72,82,72,78,78,0.78,0.78,0.78,0.74,0.72,0.72,0.78,0.72,0.82,0.72,0.78,0.78
BANSWRAS,62,58,72,58,42,62,62,42,72,68,78,62,0.62,0.58,0.72,0.58,0.42,0.62,0.62,0.42,0.72,0.68,0.78,0.62
BASF,32,38,32,52,28,28,42,42,42,62,78,42,0.32,0.38,0.32,0.52,0.28,0.28,0.42,0.42,0.42,0.62,0.78,0.42
BASILIC,78,85,74,63,76,78,79,62,96,72,68,72,0.78,0.85,0.74,0.63,0.76,0.78,0.79,0.62,0.96,0.72,0.68,0.72
BATAINDIA,48,78,68,68,38,45,72,62,74,72,82,72,0.48,0.78,0.68,0.68,0.38,0.45,0.72,0.62,0.74,0.72,0.82,0.72
BAYERCROP,72,72,72,68,68,72,78,62,78,62,78,62,0.72,0.72,0.72,0.68,0.68,0.72,0.78,0.62,0.78,0.62,0.78,0.62
BBOX,72,68,78,73,68,72,72,68,72,72,76,72,0.72,0.68,0.78,0.73,0.68,0.72,0.72,0.68,0.72,0.72,0.76,0.72
BBTC,42,28,62,32,28,38,42,45,62,28,82,28,0.42,0.28,0.62,0.32,0.28,0.38,0.42,0.45,0.62,0.28,0.82,0.28
BBTCL,72,78,68,42,72,72,78,68,78,72,75,72,0.72,0.78,0.68,0.42,0.72,0.72,0.78,0.68,0.78,0.72,0.75,0.72
BCLIND,68,72,78,52,68,72,78,42,78,62,72,68,0.68,0.72,0.78,0.52,0.68,0.72,0.78,0.42,0.78,0.62,0.72,0.68
BCONCEPTS,72,78,85,78,78,78,78,68,78,72,78,72,0.72,0.78,0.85,0.78,0.78,0.78,0.78,0.68,0.78,0.72,0.78,0.72
BEACON,72,78,82,38,72,78,78,62,92,72,75,72,0.72,0.78,0.82,0.38,0.72,0.78,0.78,0.62,0.92,0.72,0.75,0.72
BEARDSELL,35,28,42,42,28,42,28,45,62,38,62,42,0.35,0.28,0.42,0.42,0.28,0.42,0.28,0.45,0.62,0.38,0.62,0.42
BECTORFOOD,72,72,72,72,72,72,78,62,72,68,78,72,0.72,0.72,0.72,0.72,0.72,0.72,0.78,0.62,0.72,0.68,0.78,0.72
BEL,75,82,72,72,72,78,82,68,78,72,82,78,0.75,0.82,0.72,0.72,0.72,0.78,0.82,0.68,0.78,0.72,0.82,0.78
BELLACASA,72,82,72,58,72,78,78,72,78,72,72,78,0.72,0.82,0.72,0.58,0.72,0.78,0.78,0.72,0.78,0.72,0.72,0.78
BELRISE,72,78,78,69,72,78,82,72,78,72,72,72,0.72,0.78,0.78,0.69,0.72,0.78,0.82,0.72,0.78,0.72,0.72,0.72
BEML,72,72,76,72,72,78,72,62,78,72,82,78,0.72,0.72,0.76,0.72,0.72,0.78,0.72,0.62,0.78,0.72,0.82,0.78
BEPL,76,72,62,28,72,72,78,35,72,62,78,68,0.76,0.72,0.62,0.28,0.72,0.72,0.78,0.35,0.72,0.62,0.78,0.68
BERGEPAINT,72,86,42,54,72,68,72,62,85,68,78,72,0.72,0.86,0.42,0.54,0.72,0.68,0.72,0.62,0.85,0.68,0.78,0.72
BESTAGRO,42,28,42,38,28,28,42,28,28,28,72,32,0.42,0.28,0.42,0.38,0.28,0.28,0.42,0.28,0.28,0.28,0.72,0.32
BETA,72,78,78,53,72,78,78,42,78,72,78,78,0.72,0.78,0.78,0.53,0.72,0.78,0.78,0.42,0.78,0.72,0.78,0.78
BEWLTD,58,42,78,38,42,42,58,62,68,68,72,62,0.58,0.42,0.78,0.38,0.42,0.42,0.58,0.62,0.68,0.68,0.72,0.62
BHAGCHEM,68,72,76,69,62,72,83,72,72,72,72,72,0.68,0.72,0.76,0.69,0.62,0.72,0.83,0.72,0.72,0.72,0.72,0.72
BHAGERIA,72,78,72,75,72,72,82,72,78,72,78,72,0.72,0.78,0.72,0.75,0.72,0.72,0.82,0.72,0.78,0.72,0.78,0.72
BHARATWIRE,72,78,78,72,72,72,82,72,78,68,78,72,0.72,0.78,0.78,0.72,0.72,0.72,0.82,0.72,0.78,0.68,0.78,0.72
BHARTIHEXA,72,72,72,52,68,72,76,72,62,72,78,72,0.72,0.72,0.72,0.52,0.68,0.72,0.76,0.72,0.62,0.72,0.78,0.72
BHEL,52,78,65,34,42,42,52,62,78,62,75,72,0.52,0.78,0.65,0.34,0.42,0.42,0.52,0.62,0.78,0.62,0.75,0.72
BIKAJI,72,78,78,71,72,76,82,72,78,72,78,78,0.72,0.78,0.78,0.71,0.72,0.76,0.82,0.72,0.78,0.72,0.78,0.78
BIL,72,83,72,42,68,72,78,45,62,68,72,72,0.72,0.83,0.72,0.42,0.68,0.72,0.78,0.45,0.62,0.68,0.72,0.72
BIOCON,72,82,78,64,62,72,82,42,82,72,52,72,0.72,0.82,0.78,0.64,0.62,0.72,0.82,0.42,0.82,0.72,0.52,0.72
BIRET,72,78,76,38,72,72,78,35,78,68,45,58,0.72,0.78,0.76,0.38,0.72,0.72,0.78,0.35,0.78,0.68,0.45,0.58
BIRLANU,52,32,82,52,28,42,28,58,72,42,78,42,0.52,0.32,0.82,0.52,0.28,0.42,0.28,0.58,0.72,0.42,0.78,0.42
BLACKBUCK,72,78,82,68,72,78,82,72,78,72,62,78,0.72,0.78,0.82,0.68,0.72,0.78,0.82,0.72,0.78,0.72,0.62,0.78
BLISSGVS,72,78,62,45,72,68,75,58,72,58,72,72,0.72,0.78,0.62,0.45,0.72,0.68,0.75,0.58,0.72,0.58,0.72,0.72
BLS,74,78,92,72,68,72,92,72,82,72,78,78,0.74,0.78,0.92,0.72,0.68,0.72,0.92,0.72,0.82,0.72,0.78,0.78
BLSE,72,82,88,42,78,78,88,72,88,72,82,78,0.72,0.82,0.88,0.42,0.78,0.78,0.88,0.72,0.88,0.72,0.82,0.78
BLUEDART,68,72,72,72,72,72,72,72,72,72,78,72,0.68,0.72,0.72,0.72,0.72,0.72,0.72,0.72,0.72,0.72,0.78,0.72
BLUEJET,52,58,62,68,52,62,62,72,62,68,72,72,0.52,0.58,0.62,0.68,0.52,0.62,0.62,0.72,0.62,0.68,0.72,0.72
BLUEPEBBLE,72,82,88,28,72,78,78,45,94,72,75,72,0.72,0.82,0.88,0.28,0.72,0.78,0.78,0.45,0.94,0.72,0.75,0.72
BLUESTARCO,68,58,62,73,62,72,72,68,62,78,78,78,0.68,0.58,0.62,0.73,0.62,0.72,0.72,0.68,0.62,0.78,0.78,0.78
BLUESTONE,72,78,72,52,72,72,78,35,72,72,35,72,0.72,0.78,0.72,0.52,0.72,0.72,0.78,0.35,0.72,0.72,0.35,0.72
BLUEWATER,72,82,78,52,78,78,82,58,82,72,72,72,0.72,0.82,0.78,0.52,0.78,0.78,0.82,0.58,0.82,0.72,0.72,0.72
BLUSPRING,58,78,79,24,42,62,68,72,78,52,72,58,0.58,0.78,0.79,0.24,0.42,0.62,0.68,0.72,0.78,0.52,0.72,0.58
BODALCHEM,54,62,87,52,48,52,72,62,72,68,72,62,0.54,0.62,0.87,0.52,0.48,0.52,0.72,0.62,0.72,0.68,0.72,0.62
BORANA,82,78,53,58,78,78,85,72,78,72,72,78,0.82,0.78,0.53,0.58,0.78,0.78,0.85,0.72,0.78,0.72,0.72,0.78
BOROLTD,76,78,78,69,72,78,72,72,78,72,78,72,0.76,0.78,0.78,0.69,0.72,0.78,0.72,0.72,0.78,0.72,0.78,0.72
BORORENEW,72,78,76,71,72,72,86,42,76,62,62,62,0.72,0.78,0.76,0.71,0.72,0.72,0.86,0.42,0.76,0.62,0.62,0.62
BOROSCI,42,72,62,72,28,42,78,62,72,52,78,62,0.42,0.72,0.62,0.72,0.28,0.42,0.78,0.62,0.72,0.52,0.78,0.62
BOSCHLTD,76,78,72,73,76,82,77,72,78,72,78,78,0.76,0.78,0.72,0.73,0.76,0.82,0.77,0.72,0.78,0.72,0.78,0.78
BPCL,78,72,35,32,72,72,92,68,78,62,78,72,0.78,0.72,0.35,0.32,0.72,0.72,0.92,0.68,0.78,0.62,0.78,0.72
BRACEPORT,72,72,29,56,72,72,73,72,72,72,78,72,0.72,0.72,0.29,0.56,0.72,0.72,0.73,0.72,0.72,0.72,0.78,0.72
BRFL,82,73,62,24,68,72,84,45,68,62,45,62,0.82,0.73,0.62,0.24,0.68,0.72,0.84,0.45,0.68,0.62,0.45,0.62
BRIGADE,72,78,72,72,72,74,65,72,78,72,72,78,0.72,0.78,0.72,0.72,0.72,0.74,0.65,0.72,0.78,0.72,0.72,0.78
BRIGHOTEL,72,72,82,64,68,72,78,68,72,72,72,72,0.72,0.72,0.82,0.64,0.68,0.72,0.78,0.68,0.72,0.72,0.72,0.72
BRITANNIA,76,78,74,72,72,78,82,72,74,72,82,78,0.76,0.78,0.74,0.72,0.72,0.78,0.82,0.72,0.74,0.72,0.82,0.78
BSHSL,72,78,35,38,72,72,78,35,72,68,75,72,0.72,0.78,0.35,0.38,0.72,0.72,0.78,0.35,0.72,0.68,0.75,0.72
BSL,62,62,62,74,52,72,42,72,62,72,78,72,0.62,0.62,0.62,0.74,0.52,0.72,0.42,0.72,0.62,0.72,0.78,0.72
BSOFT,72,79,62,62,72,62,82,28,87,58,72,68,0.72,0.79,0.62,0.62,0.72,0.62,0.82,0.28,0.87,0.58,0.72,0.68
BTML,72,78,85,62,72,72,82,72,78,72,62,68,0.72,0.78,0.85,0.62,0.72,0.72,0.82,0.72,0.78,0.72,0.62,0.68
BUILDPRO,72,78,79,28,62,68,72,45,87,72,42,68,0.72,0.78,0.79,0.28,0.62,0.68,0.72,0.45,0.87,0.72,0.42,0.68
BULKCORP,72,78,78,24,72,72,81,42,78,68,72,72,0.72,0.78,0.78,0.24,0.72,0.72,0.81,0.42,0.78,0.68,0.72,0.72
BYKE,82,78,88,52,78,78,78,42,72,72,72,74,0.82,0.78,0.88,0.52,0.78,0.78,0.78,0.42,0.72,0.72,0.72,0.74
CADSYS,28,58,62,42,28,28,62,58,52,38,72,42,0.28,0.58,0.62,0.42,0.28,0.28,0.62,0.58,0.52,0.38,0.72,0.42
CAMLINFINE,32,32,72,65,24,18,35,62,72,45,72,42,0.32,0.32,0.72,0.65,0.24,0.18,0.35,0.62,0.72,0.45,0.72,0.42
CAMPUS,76,82,82,73,78,78,82,62,82,72,72,72,0.76,0.82,0.82,0.73,0.78,0.78,0.82,0.62,0.82,0.72,0.72,0.72
CAMS,82,88,78,69,82,82,78,78,88,72,72,78,0.82,0.88,0.78,0.69,0.82,0.82,0.78,0.78,0.88,0.72,0.72,0.78
CANARYS,72,72,72,42,62,72,75,72,72,62,72,72,0.72,0.72,0.72,0.42,0.62,0.72,0.75,0.72,0.72,0.62,0.72,0.72
CANBK,72,72,72,72,68,68,82,78,78,72,78,72,0.72,0.72,0.72,0.72,0.68,0.68,0.82,0.78,0.78,0.72,0.78,0.72
CANFINHOME,72,78,78,79,72,72,78,72,78,72,78,72,0.72,0.78,0.78,0.79,0.72,0.72,0.78,0.72,0.78,0.72,0.78,0.72
CANHLIFE,78,96,78,62,72,78,78,68,93,72,72,72,0.78,0.96,0.78,0.62,0.72,0.78,0.78,0.68,0.93,0.72,0.72,0.72
CANTABIL,72,78,86,62,75,72,78,72,78,72,82,78,0.72,0.78,0.86,0.62,0.75,0.72,0.78,0.72,0.78,0.72,0.82,0.78
CAPACITE,72,78,72,72,72,72,79,72,78,68,72,72,0.72,0.78,0.72,0.72,0.72,0.72,0.79,0.72,0.78,0.68,0.72,0.72
CAPILLARY,72,72,78,52,62,72,78,45,78,72,72,72,0.72,0.72,0.78,0.52,0.62,0.72,0.78,0.45,0.78,0.72,0.72,0.72
CAPINVIT,62,78,72,42,45,62,72,72,78,62,62,62,0.62,0.78,0.72,0.42,0.45,0.62,0.72,0.72,0.78,0.62,0.62,0.62
CAPITALSFB,72,78,76,71,72,72,78,68,78,72,72,72,0.72,0.78,0.76,0.71,0.72,0.72,0.78,0.68,0.78,0.72,0.72,0.72
CAPLIPOINT,75,84,76,71,78,78,82,72,74,72,82,78,0.75,0.84,0.76,0.71,0.78,0.78,0.82,0.72,0.74,0.72,0.82,0.78
CARBORUNIV,72,72,58,71,62,72,72,58,72,72,58,72,0.72,0.72,0.58,0.71,0.62,0.72,0.72,0.58,0.72,0.72,0.58,0.72
CARRARO,72,72,78,28,72,72,78,72,72,72,78,72,0.72,0.72,0.78,0.28,0.72,0.72,0.78,0.72,0.72,0.72,0.78,0.72
CARTRADE,72,78,82,62,72,78,88,72,78,78,72,78,0.72,0.78,0.82,0.62,0.72,0.78,0.88,0.72,0.78,0.78,0.72,0.78
CARYSIL,72,78,76,75,72,78,78,62,78,68,72,72,0.72,0.78,0.76,0.75,0.72,0.78,0.78,0.62,0.78,0.68,0.72,0.72
CASTROLIND,72,78,78,73,72,76,97,72,78,72,78,72,0.72,0.78,0.78,0.73,0.72,0.76,0.97,0.72,0.78,0.72,0.78,0.72
CCAVENUE,78,78,78,72,78,78,82,72,78,72,78,78,0.78,0.78,0.78,0.72,0.78,0.78,0.82,0.72,0.78,0.72,0.78,0.78
CCL,76,78,82,68,78,78,92,68,78,72,78,78,0.76,0.78,0.82,0.68,0.78,0.78,0.92,0.68,0.78,0.72,0.78,0.78
CDSL,78,42,72,66,76,78,62,68,42,72,72,72,0.78,0.42,0.72,0.66,0.76,0.78,0.62,0.68,0.42,0.72,0.72,0.72
CEATLTD,72,77,78,72,72,78,78,72,74,72,78,78,0.72,0.77,0.78,0.72,0.72,0.78,0.78,0.72,0.74,0.72,0.78,0.78
CEIGALL,72,72,73,72,72,72,79,72,78,72,78,75,0.72,0.72,0.73,0.72,0.72,0.72,0.79,0.72,0.78,0.72,0.78,0.75
CEINSYS,76,72,78,78,78,78,62,58,78,78,72,78,0.76,0.72,0.78,0.78,0.78,0.78,0.62,0.58,0.78,0.78,0.72,0.78
CELLECOR,72,82,72,56,72,78,78,62,72,72,68,72,0.72,0.82,0.72,0.56,0.72,0.78,0.78,0.62,0.72,0.72,0.68,0.72
CELLO,78,78,35,73,72,78,82,68,72,72,78,82,0.78,0.78,0.35,0.73,0.72,0.78,0.82,0.68,0.72,0.72,0.78,0.82
CEMPRO,72,78,72,64,72,78,76,68,78,72,78,72,0.72,0.78,0.72,0.64,0.72,0.78,0.76,0.68,0.78,0.72,0.78,0.72
CENTENKA,28,32,28,69,28,28,72,58,28,42,72,42,0.28,0.32,0.28,0.69,0.28,0.28,0.72,0.58,0.28,0.42,0.72,0.42
CENTRALBK,68,74,72,72,62,62,78,72,78,68,72,72,0.68,0.74,0.72,0.72,0.62,0.62,0.78,0.72,0.78,0.68,0.72,0.72
CENTUM,52,72,72,85,38,52,72,72,78,62,72,72,0.52,0.72,0.72,0.85,0.38,0.52,0.72,0.72,0.78,0.62,0.72,0.72
CENTURYPLY,72,72,78,52,72,72,72,52,78,72,78,78,0.72,0.72,0.78,0.52,0.72,0.72,0.72,0.52,0.78,0.72,0.78,0.78
CERA,68,42,62,74,62,72,58,72,72,72,82,72,0.68,0.42,0.62,0.74,0.62,0.72,0.58,0.72,0.72,0.72,0.82,0.72
CEREBRAINT,72,78,92,56,72,72,92,72,78,72,72,62,0.72,0.78,0.92,0.56,0.72,0.72,0.92,0.72,0.78,0.72,0.72,0.62
CEWATER,62,32,42,62,45,42,28,62,62,42,78,42,0.62,0.32,0.42,0.62,0.45,0.42,0.28,0.62,0.62,0.42,0.78,0.42
CGPOWER,78,82,82,52,78,78,82,72,82,72,72,78,0.78,0.82,0.82,0.52,0.78,0.78,0.82,0.72,0.82,0.72,0.72,0.78
CGRAPHICS,62,61,72,52,42,72,72,62,58,72,78,68,0.62,0.61,0.72,0.52,0.42,0.72,0.72,0.62,0.58,0.72,0.78,0.68
CHALET,72,78,72,68,72,78,78,72,78,72,78,78,0.72,0.78,0.72,0.68,0.72,0.78,0.78,0.72,0.78,0.72,0.78,0.78
CHAMUNDA,68,62,72,38,62,62,72,68,62,58,72,68,0.68,0.62,0.72,0.38,0.62,0.62,0.72,0.68,0.62,0.58,0.72,0.68
CHANDAN,78,78,78,54,78,82,88,72,88,78,72,78,0.78,0.78,0.78,0.54,0.78,0.82,0.88,0.72,0.88,0.78,0.72,0.78
CHAVDA,72,72,72,62,72,72,72,72,72,68,62,72,0.72,0.72,0.72,0.62,0.72,0.72,0.72,0.72,0.72,0.68,0.62,0.72
CHEMBONDCH,62,72,54,52,62,62,72,62,72,52,72,68,0.62,0.72,0.54,0.52,0.62,0.62,0.72,0.62,0.72,0.52,0.72,0.68
CHEMCON,32,78,72,73,28,28,82,62,78,42,78,72,0.32,0.78,0.72,0.73,0.28,0.28,0.82,0.62,0.78,0.42,0.78,0.72
CHEMPLASTS,28,28,76,58,18,24,18,34,62,28,72,28,0.28,0.28,0.76,0.58,0.18,0.24,0.18,0.34,0.62,0.28,0.72,0.28
CHETANA,72,74,75,72,78,78,78,58,68,72,78,75,0.72,0.74,0.75,0.72,0.78,0.78,0.78,0.58,0.68,0.72,0.78,0.75
CHOICEIN,72,78,82,62,72,78,88,42,78,72,62,72,0.72,0.78,0.82,0.62,0.72,0.78,0.88,0.42,0.78,0.72,0.62,0.72
CIEINDIA,72,72,72,75,72,76,78,72,72,62,78,72,0.72,0.72,0.72,0.75,0.72,0.76,0.78,0.72,0.72,0.62,0.78,0.72
CIFL,62,78,72,61,42,58,72,62,78,58,72,62,0.62,0.78,0.72,0.61,0.42,0.58,0.72,0.62,0.78,0.58,0.72,0.62
CIGNITITEC,68,74,75,62,62,72,72,58,72,68,72,72,0.68,0.74,0.75,0.62,0.62,0.72,0.72,0.58,0.72,0.68,0.72,0.72
CINELINE,72,78,78,71,72,78,87,72,78,72,78,78,0.72,0.78,0.78,0.71,0.72,0.78,0.87,0.72,0.78,0.72,0.78,0.78
CIPLA,76,78,78,72,78,78,73,62,82,72,72,72,0.76,0.78,0.78,0.72,0.78,0.78,0.73,0.62,0.82,0.72,0.72,0.72
CLASSICEIL,72,72,72,42,58,62,70,52,78,62,62,72,0.72,0.72,0.72,0.42,0.58,0.62,0.7,0.52,0.78,0.62,0.62,0.72
CLEAN,72,78,72,72,72,72,78,58,72,68,62,72,0.72,0.78,0.72,0.72,0.72,0.72,0.78,0.58,0.72,0.68,0.62,0.72
CLEDUCATE,58,72,72,72,35,72,72,62,72,68,75,68,0.58,0.72,0.72,0.72,0.35,0.72,0.72,0.62,0.72,0.68,0.75,0.68
CLOUD,72,78,42,38,72,78,78,72,42,72,45,72,0.72,0.78,0.42,0.38,0.72,0.78,0.78,0.72,0.42,0.72,0.45,0.72
CLSEL,72,72,62,52,62,72,72,62,72,72,78,72,0.72,0.72,0.62,0.52,0.62,0.72,0.72,0.62,0.72,0.72,0.78,0.72
CMNL,62,72,72,42,58,62,76,45,72,62,78,68,0.62,0.72,0.72,0.42,0.58,0.62,0.76,0.45,0.72,0.62,0.78,0.68
CMPDI,68,72,62,38,68,72,72,45,52,72,45,58,0.68,0.72,0.62,0.38,0.68,0.72,0.72,0.45,0.52,0.72,0.45,0.58
CMRSL,58,78,72,61,42,58,42,62,78,62,72,52,0.58,0.78,0.72,0.61,0.42,0.58,0.42,0.62,0.78,0.62,0.72,0.52
CMSINFO,72,78,72,67,72,72,78,72,78,72,78,72,0.72,0.78,0.72,0.67,0.72,0.72,0.78,0.72,0.78,0.72,0.78,0.72
CNL,72,78,70,58,76,75,78,72,82,72,75,78,0.72,0.78,0.7,0.58,0.76,0.75,0.78,0.72,0.82,0.72,0.75,0.78
COALINDIA,62,22,48,76,68,72,62,72,18,62,82,78,0.62,0.22,0.48,0.76,0.68,0.72,0.62,0.72,0.18,0.62,0.82,0.78
COCHINSHIP,72,78,72,72,72,78,84,62,73,72,72,78,0.72,0.78,0.72,0.72,0.72,0.78,0.84,0.62,0.73,0.72,0.72,0.78
COFFEEDAY,62,72,72,72,42,42,72,58,72,62,72,68,0.62,0.72,0.72,0.72,0.42,0.42,0.72,0.58,0.72,0.62,0.72,0.68
COFORGE,78,79,76,81,82,82,79,72,78,78,72,78,0.78,0.79,0.76,0.81,0.82,0.82,0.79,0.72,0.78,0.78,0.72,0.78
COHANCE,28,25,28,42,28,28,42,28,28,28,42,28,0.28,0.25,0.28,0.42,0.28,0.28,0.42,0.28,0.28,0.28,0.42,0.28
COLPAL,82,72,72,78,78,78,82,72,72,78,82,78,0.82,0.72,0.72,0.78,0.78,0.78,0.82,0.72,0.72,0.78,0.82,0.78
COMMITTED,68,79,70,28,45,62,72,62,76,62,58,62,0.68,0.79,0.7,0.28,0.45,0.62,0.72,0.62,0.76,0.62,0.58,0.62
COMSYN,58,72,72,70,62,68,72,62,72,72,78,72,0.58,0.72,0.72,0.7,0.62,0.68,0.72,0.62,0.72,0.72,0.78,0.72
CONCOR,72,72,72,62,72,72,72,72,72,72,78,72,0.72,0.72,0.72,0.62,0.72,0.72,0.72,0.72,0.72,0.72,0.78,0.72
CONCORDBIO,72,,62,72,72,62,69,62,72,72,78,78,0.72,166175000131.3,0.62,0.72,0.72,0.62,0.69,0.62,0.72,0.72,0.78,0.78
CONFIPET,72,76,74,38,62,62,78,62,62,58,78,62,0.72,0.76,0.74,0.38,0.62,0.62,0.78,0.62,0.62,0.58,0.78,0.62
CONNPLEX,72,72,78,42,72,72,78,72,72,72,45,72,0.72,0.72,0.78,0.42,0.72,0.72,0.78,0.72,0.72,0.72,0.45,0.72
CONTROLPR,78,78,81,53,78,82,82,42,78,72,78,72,0.78,0.78,0.81,0.53,0.78,0.82,0.82,0.42,0.78,0.72,0.78,0.72
COOLCAPS,62,58,55,38,52,62,69,62,72,62,42,72,0.62,0.58,0.55,0.38,0.52,0.62,0.69,0.62,0.72,0.62,0.42,0.72
CORDSCABLE,52,62,62,67,42,42,62,62,72,62,78,52,0.52,0.62,0.62,0.67,0.42,0.42,0.62,0.62,0.72,0.62,0.78,0.52
COROMANDEL,72,78,78,72,72,78,78,72,82,72,72,78,0.72,0.78,0.78,0.72,0.72,0.78,0.78,0.72,0.82,0.72,0.72,0.78
CORONA,82,82,82,62,78,82,87,72,82,78,72,78,0.82,0.82,0.82,0.62,0.78,0.82,0.87,0.72,0.82,0.78,0.72,0.78
COSMOFIRST,62,74,72,72,52,72,74,62,93,72,72,72,0.62,0.74,0.72,0.72,0.52,0.72,0.74,0.62,0.93,0.72,0.72,0.72
CPCAP,78,78,70,66,78,78,82,72,78,72,78,78,0.78,0.78,0.7,0.66,0.78,0.78,0.82,0.72,0.78,0.72,0.78,0.78
CPEDU,78,82,89,32,78,82,92,72,85,72,72,78,0.78,0.82,0.89,0.32,0.78,0.82,0.92,0.72,0.85,0.72,0.72,0.78
CPPLUS,78,82,72,56,78,82,78,72,72,75,78,78,0.78,0.82,0.72,0.56,0.78,0.82,0.78,0.72,0.72,0.75,0.78,0.78
CPS,58,72,72,52,58,62,72,62,72,58,72,68,0.58,0.72,0.72,0.52,0.58,0.62,0.72,0.62,0.72,0.58,0.72,0.68
CRAFTSMAN,72,86,84,72,62,72,72,62,74,68,78,72,0.72,0.86,0.84,0.72,0.62,0.72,0.72,0.62,0.74,0.68,0.78,0.72
CRAMC,72,78,78,62,72,72,82,72,78,72,72,72,0.72,0.78,0.78,0.62,0.72,0.72,0.82,0.72,0.78,0.72,0.72,0.72
CRAYONS,58,68,72,28,62,72,72,35,56,58,78,32,0.58,0.68,0.72,0.28,0.62,0.72,0.72,0.35,0.56,0.58,0.78,0.32
CRISIL,76,72,28,60,78,78,68,62,68,72,78,72,0.76,0.72,0.28,0.6,0.78,0.78,0.68,0.62,0.68,0.72,0.78,0.72
CRIZAC,72,78,79,42,72,78,77,72,78,72,72,72,0.72,0.78,0.79,0.42,0.72,0.78,0.77,0.72,0.78,0.72,0.72,0.72
CROMPTON,72,72,72,72,72,72,72,62,72,72,72,72,0.72,0.72,0.72,0.72,0.72,0.72,0.72,0.62,0.72,0.72,0.72,0.72
CSBBANK,72,72,72,72,72,68,72,72,62,72,78,72,0.72,0.72,0.72,0.72,0.72,0.68,0.72,0.72,0.62,0.72,0.78,0.72
CSLFINANCE,72,62,78,78,72,72,72,72,72,72,78,72,0.72,0.62,0.78,0.78,0.72,0.72,0.72,0.72,0.72,0.72,0.78,0.72
CSSL,62,72,78,24,62,72,72,68,78,72,62,72,0.62,0.72,0.78,0.24,0.62,0.72,0.72,0.68,0.78,0.72,0.62,0.72
CTE,78,94,78,54,78,78,92,32,78,72,72,78,0.78,0.94,0.78,0.54,0.78,0.78,0.92,0.32,0.78,0.72,0.72,0.78
CUB,76,76,72,72,72,72,82,78,78,72,72,72,0.76,0.76,0.72,0.72,0.72,0.72,0.82,0.78,0.78,0.72,0.72,0.72
CUBEINVIT,72,78,78,56,72,72,78,72,82,72,62,72,0.72,0.78,0.78,0.56,0.72,0.72,0.78,0.72,0.82,0.72,0.62,0.72
CUDML,78,76,70,42,72,78,82,72,75,72,62,72,0.78,0.76,0.7,0.42,0.72,0.78,0.82,0.72,0.75,0.72,0.62,0.72
CUMMINSIND,77,78,35,63,78,78,72,72,82,78,78,78,0.77,0.78,0.35,0.63,0.78,0.78,0.72,0.72,0.82,0.78,0.78,0.78
CUPID,76,78,82,72,78,78,88,72,88,78,72,78,0.76,0.78,0.82,0.72,0.78,0.78,0.88,0.72,0.88,0.78,0.72,0.78
CURIS,68,72,62,38,72,72,78,42,42,62,72,62,0.68,0.72,0.62,0.38,0.72,0.72,0.78,0.42,0.42,0.62,0.72,0.62
CYBERMEDIA,62,72,72,28,62,62,72,62,72,62,72,68,0.62,0.72,0.72,0.28,0.62,0.62,0.72,0.62,0.72,0.62,0.72,0.68
CYBERTECH,76,38,62,75,78,78,62,62,80,72,78,72,0.76,0.38,0.62,0.75,0.78,0.78,0.62,0.62,0.8,0.72,0.78,0.72
CYIENT,72,72,72,70,72,72,72,42,72,58,72,58,0.72,0.72,0.72,0.7,0.72,0.72,0.72,0.42,0.72,0.58,0.72,0.58
CYIENTDLM,58,74,76,71,52,62,72,72,28,62,72,72,0.58,0.74,0.76,0.71,0.52,0.62,0.72,0.72,0.28,0.62,0.72,0.72
DABUR,72,78,82,72,62,72,89,72,82,72,78,74,0.72,0.78,0.82,0.72,0.62,0.72,0.89,0.72,0.82,0.72,0.78,0.74
DALBHARAT,58,72,72,69,28,38,78,62,72,42,78,72,0.58,0.72,0.72,0.69,0.28,0.38,0.78,0.62,0.72,0.42,0.78,0.72
DALMIASUG,72,78,82,42,72,78,86,65,78,72,78,72,0.72,0.78,0.82,0.42,0.72,0.78,0.86,0.65,0.78,0.72,0.78,0.72
DANISH,72,78,78,38,72,78,82,58,78,72,78,72,0.72,0.78,0.78,0.38,0.72,0.78,0.82,0.58,0.78,0.72,0.78,0.72
DATAMATICS,72,78,78,72,68,72,82,62,71,68,78,72,0.72,0.78,0.78,0.72,0.68,0.72,0.82,0.62,0.71,0.68,0.78,0.72
DATAPATTNS,72,92,86,72,78,78,88,72,82,78,78,72,0.72,0.92,0.86,0.72,0.78,0.78,0.88,0.72,0.82,0.78,0.78,0.72
DBCORP,75,68,62,72,72,78,72,72,62,72,78,72,0.75,0.68,0.62,0.72,0.72,0.78,0.72,0.72,0.62,0.72,0.78,0.72
DBL,52,62,42,72,38,62,62,72,72,72,72,76,0.52,0.62,0.42,0.72,0.38,0.62,0.62,0.72,0.72,0.72,0.72,0.76
DBREALTY,28,18,28,32,18,22,22,42,62,28,72,28,0.28,0.18,0.28,0.32,0.18,0.22,0.22,0.42,0.62,0.28,0.72,0.28
DCAL,62,78,72,69,38,68,76,42,72,62,78,68,0.62,0.78,0.72,0.69,0.38,0.68,0.76,0.42,0.72,0.62,0.78,0.68
DCI,78,78,78,62,72,78,78,72,78,72,78,78,0.78,0.78,0.78,0.62,0.72,0.78,0.78,0.72,0.78,0.72,0.78,0.78
DCMSHRIRAM,62,72,71,72,62,62,72,72,72,72,78,72,0.62,0.72,0.71,0.72,0.62,0.62,0.72,0.72,0.72,0.72,0.78,0.72
DCW,68,62,76,66,68,72,68,62,72,72,72,72,0.68,0.62,0.76,0.66,0.68,0.72,0.68,0.62,0.72,0.72,0.72,0.72
DCXINDIA,42,62,35,51,32,28,42,42,74,58,58,52,0.42,0.62,0.35,0.51,0.32,0.28,0.42,0.42,0.74,0.58,0.58,0.52
DDEVPLSTIK,72,72,72,72,72,72,74,72,78,72,82,78,0.72,0.72,0.72,0.72,0.72,0.72,0.74,0.72,0.78,0.72,0.82,0.78
DEEDEV,76,78,78,44,72,78,78,72,72,72,78,72,0.76,0.78,0.78,0.44,0.72,0.78,0.78,0.72,0.72,0.72,0.78,0.72
DEEPAKFERT,58,72,70,72,42,62,58,72,72,68,78,72,0.58,0.72,0.7,0.72,0.42,0.62,0.58,0.72,0.72,0.68,0.78,0.72
DEEPAKNTR,62,62,68,68,42,62,72,62,72,38,78,72,0.62,0.62,0.68,0.68,0.42,0.62,0.72,0.62,0.72,0.38,0.78,0.72
DEEPINDS,78,75,78,72,78,82,87,72,78,78,82,78,0.78,0.75,0.78,0.72,0.78,0.82,0.87,0.72,0.78,0.78,0.82,0.78
DELAPLEX,72,78,72,58,72,72,78,72,72,72,72,72,0.72,0.78,0.72,0.58,0.72,0.72,0.78,0.72,0.72,0.72,0.72,0.72
DELHIVERY,42,78,76,72,28,38,82,68,78,42,62,58,0.42,0.78,0.76,0.72,0.28,0.38,0.82,0.68,0.78,0.42,0.62,0.58
DELPHIFX,78,78,42,48,76,72,79,62,42,72,72,68,0.78,0.78,0.42,0.48,0.76,0.72,0.79,0.62,0.42,0.72,0.72,0.68
DELTACORP,68,42,28,72,68,62,42,42,58,68,72,72,0.68,0.42,0.28,0.72,0.68,0.62,0.42,0.42,0.58,0.68,0.72,0.72
DELTIC,72,75,78,52,68,72,86,62,78,68,72,72,0.72,0.75,0.78,0.52,0.68,0.72,0.86,0.62,0.78,0.68,0.72,0.72
DEN,72,62,35,69,72,72,78,62,40,62,82,62,0.72,0.62,0.35,0.69,0.72,0.72,0.78,0.62,0.4,0.62,0.82,0.62
DENEERS,72,78,68,68,72,72,78,68,78,72,62,78,0.72,0.78,0.68,0.68,0.72,0.72,0.78,0.68,0.78,0.72,0.62,0.78
DENTA,81,78,72,72,78,78,78,48,78,68,78,72,0.81,0.78,0.72,0.72,0.78,0.78,0.78,0.48,0.78,0.68,0.78,0.72
DENTALKART,72,72,76,61,72,72,68,72,72,72,62,72,0.72,0.72,0.76,0.61,0.72,0.72,0.68,0.72,0.72,0.72,0.62,0.72
DEVIT,76,78,86,28,72,78,82,58,78,72,72,72,0.76,0.78,0.86,0.28,0.72,0.78,0.82,0.58,0.78,0.72,0.72,0.72
DEVX,72,78,78,32,78,78,82,72,82,72,68,72,0.72,0.78,0.78,0.32,0.78,0.78,0.82,0.72,0.82,0.72,0.68,0.72
DEVYANI,62,72,72,58,28,28,72,62,78,32,62,28,0.62,0.72,0.72,0.58,0.28,0.28,0.72,0.62,0.78,0.32,0.62,0.28
DHARAN,72,78,68,32,72,72,85,68,72,68,32,62,0.72,0.78,0.68,0.32,0.72,0.72,0.85,0.68,0.72,0.68,0.32,0.62
DHARMAJ,72,65,72,74,72,75,72,68,73,72,78,78,0.72,0.65,0.72,0.74,0.72,0.75,0.72,0.68,0.73,0.72,0.78,0.78
DHRUV,72,72,72,72,72,78,68,58,72,72,72,72,0.72,0.72,0.72,0.72,0.72,0.78,0.68,0.58,0.72,0.72,0.72,0.72
DIACABS,58,73,92,42,42,62,92,52,88,62,72,72,0.58,0.73,0.92,0.42,0.42,0.62,0.92,0.52,0.88,0.62,0.72,0.72
DIAMONDYD,62,72,72,71,58,42,72,72,65,62,72,72,0.62,0.72,0.72,0.71,0.58,0.42,0.72,0.72,0.65,0.62,0.72,0.72
DIFFNKG,72,78,72,62,72,72,78,72,78,72,78,72,0.72,0.78,0.72,0.62,0.72,0.72,0.78,0.72,0.78,0.72,0.78,0.72
DIGIKORE,58,78,64,72,62,72,72,58,78,72,72,62,0.58,0.78,0.64,0.72,0.62,0.72,0.72,0.58,0.78,0.72,0.72,0.62
DIGITIDE,68,88,88,62,62,68,74,72,72,68,68,72,0.68,0.88,0.88,0.62,0.62,0.68,0.74,0.72,0.72,0.68,0.68,0.72
DIVGIITTS,72,82,80,54,78,82,88,62,78,78,78,78,0.72,0.82,0.8,0.54,0.78,0.82,0.88,0.62,0.78,0.78,0.78,0.78
DIVISLAB,62,62,42,58,42,72,78,58,52,72,78,72,0.62,0.62,0.42,0.58,0.42,0.72,0.78,0.58,0.52,0.72,0.78,0.72
DLF,72,78,79,71,72,75,78,72,78,72,82,78,0.72,0.78,0.79,0.71,0.72,0.75,0.78,0.72,0.78,0.72,0.82,0.78
DMART,72,72,62,55,72,78,72,72,72,72,82,78,0.72,0.72,0.62,0.55,0.72,0.78,0.72,0.72,0.72,0.72,0.82,0.78
DMCC,62,73,62,62,58,62,78,42,68,58,78,62,0.62,0.73,0.62,0.62,0.58,0.62,0.78,0.42,0.68,0.58,0.78,0.62
DODLA,72,68,78,72,72,78,72,68,72,72,72,78,0.72,0.68,0.78,0.72,0.72,0.78,0.72,0.68,0.72,0.72,0.72,0.78
DOLATALGO,68,78,72,42,72,72,78,35,42,68,78,58,0.68,0.78,0.72,0.42,0.72,0.72,0.78,0.35,0.42,0.68,0.78,0.58
DOLLAR,72,78,76,52,72,72,78,68,78,72,82,72,0.72,0.78,0.76,0.52,0.72,0.72,0.78,0.68,0.78,0.72,0.82,0.72
DOMS,73,78,72,72,78,78,72,78,78,72,78,82,0.73,0.78,0.72,0.72,0.78,0.78,0.72,0.78,0.78,0.72,0.78,0.82
DPABHUSHAN,72,82,78,89,78,78,82,72,78,72,78,78,0.72,0.82,0.78,0.89,0.78,0.78,0.82,0.72,0.78,0.72,0.78,0.78
DPWIRES,78,72,50,72,72,72,78,72,72,72,78,72,0.78,0.72,0.5,0.72,0.72,0.72,0.78,0.72,0.72,0.72,0.78,0.72
DRCSYSTEMS,82,85,92,42,72,78,92,45,88,72,58,78,0.82,0.85,0.92,0.42,0.72,0.78,0.92,0.45,0.88,0.72,0.58,0.78
DREAMFOLKS,32,58,81,70,28,38,32,72,76,42,78,38,0.32,0.58,0.81,0.7,0.28,0.38,0.32,0.72,0.76,0.42,0.78,0.38
DRREDDY,62,42,62,72,62,68,72,72,72,62,78,72,0.62,0.42,0.62,0.72,0.62,0.68,0.72,0.72,0.72,0.62,0.78,0.72
DUCOL,38,52,35,73,42,42,42,62,62,62,68,62,0.38,0.52,0.35,0.73,0.42,0.42,0.42,0.62,0.62,0.62,0.68,0.62
DUGLOBAL,68,78,76,38,72,75,82,72,78,68,62,72,0.68,0.78,0.76,0.38,0.72,0.75,0.82,0.72,0.78,0.68,0.62,0.72
DWARKESH,28,28,68,72,28,28,35,62,72,58,78,42,0.28,0.28,0.68,0.72,0.28,0.28,0.35,0.62,0.72,0.58,0.78,0.42
DYCL,72,78,72,85,72,78,82,62,78,72,78,78,0.72,0.78,0.72,0.85,0.72,0.78,0.82,0.62,0.78,0.72,0.78,0.78
DYNAMATECH,62,76,82,58,62,72,74,62,82,72,72,72,0.62,0.76,0.82,0.58,0.62,0.72,0.74,0.62,0.82,0.72,0.72,0.72
DYNPRO,72,78,72,68,72,72,78,68,78,72,78,72,0.72,0.78,0.72,0.68,0.72,0.72,0.78,0.68,0.78,0.72,0.78,0.72
E2E,68,78,78,52,68,78,78,68,78,72,55,72,0.68,0.78,0.78,0.52,0.68,0.78,0.78,0.68,0.78,0.72,0.55,0.72
EASEMYTRIP,52,78,81,58,38,62,82,38,82,42,52,62,0.52,0.78,0.81,0.58,0.38,0.62,0.82,0.38,0.82,0.42,0.52,0.62
EBGNG,68,72,74,72,72,72,78,72,72,72,78,72,0.68,0.72,0.74,0.72,0.72,0.72,0.78,0.72,0.72,0.72,0.78,0.72
ECLERX,78,78,73,72,78,78,78,72,71,72,78,78,0.78,0.78,0.73,0.72,0.78,0.78,0.78,0.72,0.71,0.72,0.78,0.78
ECOSMOBLTY,72,72,78,76,72,72,72,72,82,68,82,72,0.72,0.72,0.78,0.76,0.72,0.72,0.72,0.72,0.82,0.68,0.82,0.72
EEPL,76,78,82,28,78,78,87,62,82,72,72,78,0.76,0.78,0.82,0.28,0.78,0.78,0.87,0.62,0.82,0.72,0.72,0.78
EFACTOR,72,78,72,42,72,72,78,62,78,68,72,68,0.72,0.78,0.72,0.42,0.72,0.72,0.78,0.62,0.78,0.68,0.72,0.68
EFCIL,72,78,78,58,72,72,78,72,78,72,72,72,0.72,0.78,0.78,0.58,0.72,0.72,0.78,0.72,0.78,0.72,0.72,0.72
EFFWA,76,82,72,79,78,78,78,72,88,72,78,78,0.76,0.82,0.72,0.79,0.78,0.78,0.78,0.72,0.88,0.72,0.78,0.78
EIDPARRY,38,32,72,42,28,28,18,38,68,28,68,28,0.38,0.32,0.72,0.42,0.28,0.28,0.18,0.38,0.68,0.28,0.68,0.28
EIEL,75,72,62,75,78,78,62,72,72,72,78,78,0.75,0.72,0.62,0.75,0.78,0.78,0.62,0.72,0.72,0.72,0.78,0.78
EIHAHOTELS,72,38,62,72,72,72,78,62,42,72,78,72,0.72,0.38,0.62,0.72,0.72,0.72,0.78,0.62,0.42,0.72,0.78,0.72
EIHOTEL,68,62,62,72,58,72,62,72,72,62,82,72,0.68,0.62,0.62,0.72,0.58,0.72,0.62,0.72,0.72,0.62,0.82,0.72
EKC,76,78,62,72,78,78,82,72,72,72,78,78,0.76,0.78,0.62,0.72,0.78,0.78,0.82,0.72,0.72,0.72,0.78,0.78
ELDEHSG,72,78,78,72,72,72,78,58,78,72,78,72,0.72,0.78,0.78,0.72,0.72,0.72,0.78,0.58,0.78,0.72,0.78,0.72
ELECON,72,52,74,72,72,72,72,72,72,68,78,72,0.72,0.52,0.74,0.72,0.72,0.72,0.72,0.72,0.72,0.68,0.78,0.72
ELECTCAST,54,42,42,62,38,28,34,38,32,28,72,42,0.54,0.42,0.42,0.62,0.38,0.28,0.34,0.38,0.32,0.28,0.72,0.42
ELGIEQUIP,72,62,42,82,72,72,62,72,42,72,78,72,0.72,0.62,0.42,0.82,0.72,0.72,0.62,0.72,0.42,0.72,0.78,0.72
ELIN,72,72,72,72,68,68,72,72,72,72,72,72,0.72,0.72,0.72,0.72,0.68,0.68,0.72,0.72,0.72,0.72,0.72,0.72
ELLEN,68,62,72,71,68,72,72,72,72,72,78,72,0.68,0.62,0.72,0.71,0.68,0.72,0.72,0.72,0.72,0.72,0.78,0.72
EMAMILTD,62,78,78,72,72,62,78,72,82,62,78,72,0.62,0.78,0.78,0.72,0.72,0.62,0.78,0.72,0.82,0.62,0.78,0.72
EMAPARTNER,62,62,72,34,62,68,72,62,72,58,72,68,0.62,0.62,0.72,0.34,0.62,0.68,0.72,0.62,0.72,0.58,0.72,0.68
EMBASSY,75,78,78,68,72,78,85,72,78,72,62,72,0.75,0.78,0.78,0.68,0.72,0.78,0.85,0.72,0.78,0.72,0.62,0.72
EMBDL,72,72,71,62,42,58,72,62,78,62,72,62,0.72,0.72,0.71,0.62,0.42,0.58,0.72,0.62,0.78,0.62,0.72,0.62
EMCURE,74,78,82,66,72,78,89,72,85,72,78,72,0.74,0.78,0.82,0.66,0.72,0.78,0.89,0.72,0.85,0.72,0.78,0.72
EMKAY,78,72,72,72,78,78,72,72,78,78,72,78,0.78,0.72,0.72,0.72,0.78,0.78,0.72,0.72,0.78,0.78,0.72,0.78
EMMBI,72,72,62,62,68,72,68,62,65,68,76,68,0.72,0.72,0.62,0.62,0.68,0.72,0.68,0.62,0.65,0.68,0.76,0.68
EMMVEE,82,82,72,48,82,78,92,72,72,78,72,78,0.82,0.82,0.72,0.48,0.82,0.78,0.92,0.72,0.72,0.78,0.72,0.78
EMSLIMITED,68,62,72,29,68,72,48,38,72,72,75,68,0.68,0.62,0.72,0.29,0.68,0.72,0.48,0.38,0.72,0.72,0.75,0.68
EMUDHRA,72,78,87,62,68,72,78,42,82,62,72,72,0.72,0.78,0.87,0.62,0.68,0.72,0.78,0.42,0.82,0.62,0.72,0.72
ENDURANCE,72,78,78,66,72,78,74,72,78,72,82,78,0.72,0.78,0.78,0.66,0.72,0.78,0.74,0.72,0.78,0.72,0.82,0.78
ENGINERSIN,76,82,82,68,72,78,92,42,82,72,78,72,0.76,0.82,0.82,0.68,0.72,0.78,0.92,0.42,0.82,0.72,0.78,0.72
ENIL,58,72,87,63,28,52,62,62,77,62,78,62,0.58,0.72,0.87,0.63,0.28,0.52,0.62,0.62,0.77,0.62,0.78,0.62
ENRIN,78,72,82,48,72,72,82,72,78,72,72,78,0.78,0.72,0.82,0.48,0.72,0.72,0.82,0.72,0.78,0.72,0.72,0.78
ENSER,82,92,92,52,78,85,76,62,88,78,78,78,0.82,0.92,0.92,0.52,0.78,0.85,0.76,0.62,0.88,0.78,0.78,0.78
ENTERO,72,78,78,72,62,72,81,72,78,62,78,78,0.72,0.78,0.78,0.72,0.62,0.72,0.81,0.72,0.78,0.62,0.78,0.78
ENVIRO,76,82,82,48,72,78,88,62,77,72,72,72,0.76,0.82,0.82,0.48,0.72,0.78,0.88,0.62,0.77,0.72,0.72,0.72
EPACK,72,78,72,69,58,72,72,72,78,72,72,72,0.72,0.78,0.72,0.69,0.58,0.72,0.72,0.72,0.78,0.72,0.72,0.72
EPACKPEB,78,78,82,38,78,82,82,72,78,76,72,78,0.78,0.78,0.82,0.38,0.78,0.82,0.82,0.72,0.78,0.76,0.72,0.78
EPIGRAL,62,58,62,71,68,72,68,72,62,68,78,72,0.62,0.58,0.62,0.71,0.68,0.72,0.68,0.72,0.62,0.68,0.78,0.72
EPL,78,78,25,72,78,78,82,72,61,72,42,78,0.78,0.78,0.25,0.72,0.78,0.78,0.82,0.72,0.61,0.72,0.42,0.78
EQUITASBNK,68,38,62,72,62,62,72,28,42,42,35,62,0.68,0.38,0.62,0.72,0.62,0.62,0.72,0.28,0.42,0.42,0.35,0.62
EROSMEDIA,68,82,72,42,62,72,82,62,78,72,72,62,0.68,0.82,0.72,0.42,0.62,0.72,0.82,0.62,0.78,0.72,0.72,0.62
ESCONET,74,72,68,68,72,78,58,72,72,72,72,78,0.74,0.72,0.68,0.68,0.72,0.78,0.58,0.72,0.72,0.72,0.72,0.78
ESCORTS,72,78,72,72,72,78,82,72,78,72,78,72,0.72,0.78,0.72,0.72,0.72,0.78,0.82,0.72,0.78,0.72,0.78,0.72
ESFL,72,72,62,28,58,58,78,52,72,62,72,62,0.72,0.72,0.62,0.28,0.58,0.58,0.78,0.52,0.72,0.62,0.72,0.62
ESTER,42,72,72,68,38,58,78,62,78,62,75,62,0.42,0.72,0.72,0.68,0.38,0.58,0.78,0.62,0.78,0.62,0.75,0.62
ETERNAL,72,78,72,71,72,78,78,72,78,72,62,78,0.72,0.78,0.72,0.71,0.72,0.78,0.78,0.72,0.78,0.72,0.62,0.78
ETHOSLTD,72,71,72,71,72,78,72,68,72,72,72,72,0.72,0.71,0.72,0.71,0.72,0.78,0.72,0.68,0.72,0.72,0.72,0.72
ETML,62,72,84,19,58,72,72,28,89,52,72,62,0.62,0.72,0.84,0.19,0.58,0.72,0.72,0.28,0.89,0.52,0.72,0.62
EUREKAFORB,72,76,78,72,68,78,78,72,82,72,78,78,0.72,0.76,0.78,0.72,0.68,0.78,0.78,0.72,0.82,0.72,0.78,0.78
EUROPRATIK,72,72,62,58,72,72,68,72,72,72,72,72,0.72,0.72,0.62,0.58,0.72,0.72,0.68,0.72,0.72,0.72,0.72,0.72
EVEREADY,52,78,85,58,42,62,72,52,78,62,78,58,0.52,0.78,0.85,0.58,0.42,0.62,0.72,0.52,0.78,0.62,0.78,0.58
EXCELINDUS,68,72,72,72,68,62,72,72,78,68,78,72,0.68,0.72,0.72,0.72,0.68,0.62,0.72,0.72,0.78,0.68,0.78,0.72
EXICOM,62,72,72,73,42,72,72,72,78,72,72,76,0.62,0.72,0.72,0.73,0.42,0.72,0.72,0.72,0.78,0.72,0.72,0.76
EXIDEIND,62,72,72,54,62,68,78,62,72,62,78,72,0.62,0.72,0.72,0.54,0.62,0.68,0.78,0.62,0.72,0.62,0.78,0.72
EXXARO,52,42,68,53,42,62,62,72,72,42,78,68,0.52,0.42,0.68,0.53,0.42,0.62,0.62,0.72,0.72,0.42,0.78,0.68
FABTECH,72,78,73,62,68,72,73,68,78,72,72,72,0.72,0.78,0.73,0.62,0.68,0.72,0.73,0.68,0.78,0.72,0.72,0.72
FAIRCHEMOR,28,28,28,62,15,18,22,32,32,28,72,28,0.28,0.28,0.28,0.62,0.15,0.18,0.22,0.32,0.32,0.28,0.72,0.28
FAZE3Q,72,72,78,72,62,72,72,72,78,72,78,72,0.72,0.72,0.78,0.72,0.62,0.72,0.72,0.72,0.78,0.72,0.78,0.72
FCL,72,77,78,72,72,76,82,72,74,72,72,72,0.72,0.77,0.78,0.72,0.72,0.76,0.82,0.72,0.74,0.72,0.72,0.72
FCONSUMER,52,,68,65,35,42,,62,71,62,35,62,0.52,4.793143333333333,0.68,0.65,0.35,0.42,7.40814,0.62,0.71,0.62,0.35,0.62
FDC,72,78,72,58,72,72,78,62,78,68,78,72,0.72,0.78,0.72,0.58,0.72,0.72,0.78,0.62,0.78,0.68,0.78,0.72
FEDERALBNK,76,78,72,78,72,72,78,78,78,72,82,72,0.76,0.78,0.72,0.78,0.72,0.72,0.78,0.78,0.78,0.72,0.82,0.72
FEDFINA,72,78,76,66,72,72,78,72,78,68,72,72,0.72,0.78,0.76,0.66,0.72,0.72,0.78,0.72,0.78,0.68,0.72,0.72
FEL,62,68,86,52,52,62,72,45,72,62,55,68,0.62,0.68,0.86,0.52,0.52,0.62,0.72,0.45,0.72,0.62,0.55,0.68
FELIX,72,92,78,52,78,78,92,72,78,72,72,78,0.72,0.92,0.78,0.52,0.78,0.78,0.92,0.72,0.78,0.72,0.72,0.78
FIDEL,72,78,78,82,72,72,82,72,82,72,78,78,0.72,0.78,0.78,0.82,0.72,0.72,0.82,0.72,0.82,0.72,0.78,0.78
FIEMIND,73,76,45,71,78,78,72,72,74,72,72,78,0.73,0.76,0.45,0.71,0.78,0.78,0.72,0.72,0.74,0.72,0.72,0.78
FILATEX,76,78,62,66,72,72,72,62,78,78,78,78,0.76,0.78,0.62,0.66,0.72,0.72,0.72,0.62,0.78,0.78,0.78,0.78
FINCABLES,72,72,78,75,62,68,75,62,78,62,78,72,0.72,0.72,0.78,0.75,0.62,0.68,0.75,0.62,0.78,0.62,0.78,0.72
FINEORG,42,72,72,76,42,42,58,62,72,62,82,62,0.42,0.72,0.72,0.76,0.42,0.42,0.58,0.62,0.72,0.62,0.82,0.62
FINKURVE,72,82,78,62,72,72,74,72,82,68,72,72,0.72,0.82,0.78,0.62,0.72,0.72,0.74,0.72,0.82,0.68,0.72,0.72
FINOPB,72,78,76,72,72,78,78,68,82,72,85,72,0.72,0.78,0.76,0.72,0.72,0.78,0.78,0.68,0.82,0.72,0.85,0.72
FINPIPE,28,72,50,56,32,38,78,58,62,42,78,62,0.28,0.72,0.5,0.56,0.32,0.38,0.78,0.58,0.62,0.42,0.78,0.62
FIRSTCRY,68,82,78,64,58,72,82,68,72,68,62,72,0.68,0.82,0.78,0.64,0.58,0.72,0.82,0.68,0.72,0.68,0.62,0.72
FISCHER,72,78,72,62,72,82,92,62,78,72,72,78,0.72,0.78,0.72,0.62,0.72,0.82,0.92,0.62,0.78,0.72,0.72,0.78
FIVESTAR,76,72,42,72,78,78,76,72,72,72,68,78,0.76,0.72,0.42,0.72,0.78,0.78,0.76,0.72,0.72,0.72,0.68,0.78
FLAIR,75,78,71,79,72,76,78,72,78,72,82,78,0.75,0.78,0.71,0.79,0.72,0.76,0.78,0.72,0.78,0.72,0.82,0.78
FLFL,28,34,35,58,28,34,28,58,62,28,72,28,0.28,0.34,0.35,0.58,0.28,0.34,0.28,0.58,0.62,0.28,0.72,0.28
FLUOROCHEM,72,42,50,72,62,68,62,62,72,72,78,72,0.72,0.42,0.5,0.72,0.62,0.68,0.62,0.62,0.72,0.72,0.78,0.72
FLYSBS,62,72,78,58,58,62,72,72,78,72,52,72,0.62,0.72,0.78,0.58,0.58,0.62,0.72,0.72,0.78,0.72,0.52,0.72
FOCUS,76,78,72,42,78,78,88,58,78,72,72,72,0.76,0.78,0.72,0.42,0.78,0.78,0.88,0.58,0.78,0.72,0.72,0.72
FONEBOX,72,78,78,42,72,72,78,58,78,62,72,68,0.72,0.78,0.78,0.42,0.72,0.72,0.78,0.58,0.78,0.62,0.72,0.68
FORCAS,72,78,78,58,72,72,82,58,82,72,72,72,0.72,0.78,0.78,0.58,0.72,0.72,0.82,0.58,0.82,0.72,0.72,0.72
FORTIS,68,78,78,62,42,72,78,42,78,42,72,35,0.68,0.78,0.78,0.62,0.42,0.72,0.78,0.42,0.78,0.42,0.72,0.35
FRACTAL,76,78,82,38,78,82,82,68,82,78,72,78,0.76,0.78,0.82,0.38,0.78,0.82,0.82,0.68,0.82,0.78,0.72,0.78
FRESHARA,72,72,72,38,68,72,72,45,78,62,72,72,0.72,0.72,0.72,0.38,0.68,0.72,0.72,0.45,0.78,0.62,0.72,0.72
FRETAIL,62,58,58,72,42,62,62,42,62,42,58,62,0.62,0.58,0.58,0.72,0.42,0.62,0.62,0.42,0.62,0.42,0.58,0.62
FROG,68,62,32,62,62,68,58,38,72,62,72,62,0.68,0.62,0.32,0.62,0.62,0.68,0.58,0.38,0.72,0.62,0.72,0.62
FSL,72,82,74,72,72,78,76,72,78,68,82,72,0.72,0.82,0.74,0.72,0.72,0.78,0.76,0.72,0.78,0.68,0.82,0.72
FUSION,32,68,82,72,32,32,72,68,74,52,72,42,0.32,0.68,0.82,0.72,0.32,0.32,0.72,0.68,0.74,0.52,0.72,0.42
GABRIEL,76,78,76,74,62,72,75,72,82,72,75,75,0.76,0.78,0.76,0.74,0.62,0.72,0.75,0.72,0.82,0.72,0.75,0.75
GALAPREC,78,78,68,71,78,78,73,72,78,75,72,72,0.78,0.78,0.68,0.71,0.78,0.78,0.73,0.72,0.78,0.75,0.72,0.72
GALAXYSURF,68,72,72,72,72,72,82,72,72,72,78,72,0.68,0.72,0.72,0.72,0.72,0.72,0.82,0.72,0.72,0.72,0.78,0.72
GALLANTT,72,78,72,42,72,72,78,72,78,68,78,72,0.72,0.78,0.72,0.42,0.72,0.72,0.78,0.72,0.78,0.68,0.78,0.72
GANDHAR,58,72,72,71,52,62,72,62,62,72,78,72,0.58,0.72,0.72,0.71,0.52,0.62,0.72,0.62,0.62,0.72,0.78,0.72
GANECOS,58,78,35,52,42,62,76,42,72,72,72,72,0.58,0.78,0.35,0.52,0.42,0.62,0.76,0.42,0.72,0.72,0.72,0.72
GANESHBE,78,72,72,74,72,72,72,62,72,72,72,71,0.78,0.72,0.72,0.74,0.72,0.72,0.72,0.62,0.72,0.72,0.72,0.71
GANESHCP,72,62,72,66,68,72,72,62,62,68,72,72,0.72,0.62,0.72,0.66,0.68,0.72,0.72,0.62,0.62,0.68,0.72,0.72
GANESHIN,72,87,82,65,72,78,87,62,87,72,78,72,0.72,0.87,0.82,0.65,0.72,0.78,0.87,0.62,0.87,0.72,0.78,0.72
GARFIBRES,72,72,50,72,72,72,50,72,75,72,78,72,0.72,0.72,0.5,0.72,0.72,0.72,0.5,0.72,0.75,0.72,0.78,0.72
GARUDA,72,78,72,62,72,72,78,72,78,72,78,72,0.72,0.78,0.72,0.62,0.72,0.72,0.78,0.72,0.78,0.72,0.78,0.72
GATEWAY,72,72,78,72,68,62,82,72,72,62,78,68,0.72,0.72,0.78,0.72,0.68,0.62,0.82,0.72,0.72,0.62,0.78,0.68
GAYAPROJ,32,72,72,55,28,28,58,42,62,42,42,42,0.32,0.72,0.72,0.55,0.28,0.28,0.58,0.42,0.62,0.42,0.42,0.42
GCSL,72,83,72,58,72,78,82,72,72,72,72,78,0.72,0.83,0.72,0.58,0.72,0.78,0.82,0.72,0.72,0.72,0.72,0.78
GEMAROMA,62,72,72,38,58,62,72,62,72,68,72,72,0.62,0.72,0.72,0.38,0.58,0.62,0.72,0.62,0.72,0.68,0.72,0.72
GENCON,68,72,62,72,68,68,72,68,62,62,72,72,0.68,0.72,0.62,0.72,0.68,0.68,0.72,0.68,0.62,0.62,0.72,0.72
GENSOL,72,82,82,26,72,78,78,72,82,72,42,72,0.72,0.82,0.82,0.26,0.72,0.78,0.78,0.72,0.82,0.72,0.42,0.72
GENUSPAPER,58,72,72,44,62,62,72,45,72,62,78,62,0.58,0.72,0.72,0.44,0.62,0.62,0.72,0.45,0.72,0.62,0.78,0.62
GGBL,75,84,72,62,78,78,82,72,72,72,78,72,0.75,0.84,0.72,0.62,0.78,0.78,0.82,0.72,0.72,0.72,0.78,0.72
GHCLTEXTIL,58,72,72,76,48,62,78,72,78,72,72,76,0.58,0.72,0.72,0.76,0.48,0.62,0.78,0.72,0.78,0.72,0.72,0.76
GILLETTE,78,70,78,52,78,78,81,78,74,72,82,78,0.78,0.7,0.78,0.52,0.78,0.78,0.81,0.78,0.74,0.72,0.82,0.78
GKENERGY,72,78,82,32,72,78,85,78,92,78,72,78,0.72,0.78,0.82,0.32,0.72,0.78,0.85,0.78,0.92,0.78,0.72,0.78
GLAND,72,78,82,71,72,78,78,62,78,72,78,72,0.72,0.78,0.82,0.71,0.72,0.78,0.78,0.62,0.78,0.72,0.78,0.72
GLAXO,77,62,62,52,68,68,72,62,72,58,78,58,0.77,0.62,0.62,0.52,0.68,0.68,0.72,0.62,0.72,0.58,0.78,0.58
GLENMARK,62,62,48,62,62,62,62,62,62,72,78,72,0.62,0.62,0.48,0.62,0.62,0.62,0.62,0.62,0.62,0.72,0.78,0.72
GLOBE,58,72,82,28,62,58,72,32,82,42,62,62,0.58,0.72,0.82,0.28,0.62,0.58,0.72,0.32,0.82,0.42,0.62,0.62
GLOBECIVIL,62,73,78,52,62,62,72,72,78,68,72,72,0.62,0.73,0.78,0.52,0.62,0.62,0.72,0.72,0.78,0.68,0.72,0.72
GLOTTIS,62,72,78,34,58,62,72,45,78,62,72,72,0.62,0.72,0.78,0.34,0.58,0.62,0.72,0.45,0.78,0.62,0.72,0.72
GMDCLTD,58,72,35,32,62,72,72,62,72,58,78,72,0.58,0.72,0.35,0.32,0.62,0.72,0.72,0.62,0.72,0.58,0.78,0.72
GMMPFAUDLR,72,72,82,64,72,72,73,62,78,72,82,72,0.72,0.72,0.82,0.64,0.72,0.72,0.73,0.62,0.78,0.72,0.82,0.72
GMRAIRPORT,52,72,72,72,38,38,91,62,62,62,72,62,0.52,0.72,0.72,0.72,0.38,0.38,0.91,0.62,0.62,0.62,0.72,0.62
GNFC,72,72,72,43,72,72,72,62,72,62,78,72,0.72,0.72,0.72,0.43,0.72,0.72,0.72,0.62,0.72,0.62,0.78,0.72
GOCLCORP,72,62,72,58,72,72,72,58,72,68,72,68,0.72,0.62,0.72,0.58,0.72,0.72,0.72,0.58,0.72,0.68,0.72,0.68
GOCOLORS,68,72,62,68,42,72,78,58,78,68,78,72,0.68,0.72,0.62,0.68,0.42,0.72,0.78,0.58,0.78,0.68,0.78,0.72
GODAVARIB,32,78,72,77,28,42,72,72,73,42,78,45,0.32,0.78,0.72,0.77,0.28,0.42,0.72,0.72,0.73,0.42,0.78,0.45
GODFRYPHLP,72,78,72,85,72,78,78,72,78,72,82,72,0.72,0.78,0.72,0.85,0.72,0.78,0.78,0.72,0.78,0.72,0.82,0.72
GODIGIT,72,42,68,63,72,72,78,72,62,72,78,72,0.72,0.42,0.68,0.63,0.72,0.72,0.78,0.72,0.62,0.72,0.78,0.72
GODREJCP,62,86,80,54,68,72,85,72,78,72,72,72,0.62,0.86,0.8,0.54,0.68,0.72,0.85,0.72,0.78,0.72,0.72,0.72
GODREJIND,58,73,72,24,32,42,72,42,76,42,78,72,0.58,0.73,0.72,0.24,0.32,0.42,0.72,0.42,0.76,0.42,0.78,0.72
GODREJPROP,82,78,78,74,78,78,82,82,82,78,72,78,0.82,0.78,0.78,0.74,0.78,0.78,0.82,0.82,0.82,0.78,0.72,0.78
GOKEX,72,62,72,58,72,72,62,58,72,72,72,72,0.72,0.62,0.72,0.58,0.72,0.72,0.62,0.58,0.72,0.72,0.72,0.72
GOKULAGRO,78,62,78,62,72,72,42,68,72,78,78,78,0.78,0.62,0.78,0.62,0.72,0.72,0.42,0.68,0.72,0.78,0.78,0.78
GOODLUCK,72,72,72,72,72,72,75,72,72,72,78,72,0.72,0.72,0.72,0.72,0.72,0.72,0.75,0.72,0.72,0.72,0.78,0.72
GOPAL,58,72,72,72,42,72,72,38,72,52,78,62,0.58,0.72,0.72,0.72,0.42,0.72,0.72,0.38,0.72,0.52,0.78,0.62
GPECO,72,82,78,18,78,78,82,45,88,76,72,78,0.72,0.82,0.78,0.18,0.78,0.78,0.82,0.45,0.88,0.76,0.72,0.78
GPIL,68,78,62,69,68,72,78,52,78,68,78,72,0.68,0.78,0.62,0.69,0.68,0.72,0.78,0.52,0.78,0.68,0.78,0.72
GPPL,76,78,70,65,78,78,76,68,78,72,78,78,0.76,0.78,0.7,0.65,0.78,0.78,0.76,0.68,0.78,0.72,0.78,0.78
GPTHEALTH,62,72,72,79,62,62,72,72,72,72,78,72,0.62,0.72,0.72,0.79,0.62,0.62,0.72,0.72,0.72,0.72,0.78,0.72
GPTINFRA,72,78,62,72,72,78,74,72,78,72,72,72,0.72,0.78,0.62,0.72,0.72,0.78,0.74,0.72,0.78,0.72,0.72,0.72
GRANULES,72,78,72,65,72,72,78,62,72,72,72,72,0.72,0.78,0.72,0.65,0.72,0.72,0.78,0.62,0.72,0.72,0.72,0.72
GRAPHITE,72,58,62,72,62,72,62,72,58,68,82,75,0.72,0.58,0.62,0.72,0.62,0.72,0.62,0.72,0.58,0.68,0.82,0.75
GRASIM,72,82,78,72,68,72,82,62,78,72,78,72,0.72,0.82,0.78,0.72,0.68,0.72,0.82,0.62,0.78,0.72,0.78,0.72
GRAVITA,78,76,72,72,78,78,78,72,72,72,72,78,0.78,0.76,0.72,0.72,0.78,0.78,0.78,0.72,0.72,0.72,0.72,0.78
GREAVESCOT,74,78,62,73,72,72,66,62,78,68,72,72,0.74,0.78,0.62,0.73,0.72,0.72,0.66,0.62,0.78,0.68,0.72,0.72
GREENLAM,32,28,72,72,28,28,28,72,72,42,78,42,0.32,0.28,0.72,0.72,0.28,0.28,0.28,0.72,0.72,0.42,0.78,0.42
GREENPANEL,52,74,84,55,28,28,72,42,70,28,78,52,0.52,0.74,0.84,0.55,0.28,0.28,0.72,0.42,0.7,0.28,0.78,0.52
GREENPLY,72,78,74,71,62,72,72,72,78,72,78,72,0.72,0.78,0.74,0.71,0.62,0.72,0.72,0.72,0.78,0.72,0.78,0.72
GREENPOWER,62,78,72,62,62,72,72,42,78,62,68,68,0.62,0.78,0.72,0.62,0.62,0.72,0.72,0.42,0.78,0.62,0.68,0.68
GRINDWELL,73,78,52,65,72,72,75,62,72,72,78,62,0.73,0.78,0.52,0.65,0.72,0.72,0.75,0.62,0.72,0.72,0.78,0.62
GRINFRA,73,78,78,71,72,72,82,68,78,72,78,72,0.73,0.78,0.78,0.71,0.72,0.72,0.82,0.68,0.78,0.72,0.78,0.72
GROWW,72,72,72,32,62,72,68,62,72,62,72,72,0.72,0.72,0.72,0.32,0.62,0.72,0.68,0.62,0.72,0.62,0.72,0.72
GRSE,72,78,72,71,68,72,76,72,82,72,82,78,0.72,0.78,0.72,0.71,0.68,0.72,0.76,0.72,0.82,0.72,0.82,0.78
GRWRHITECH,78,52,62,76,78,78,68,72,72,72,82,78,0.78,0.52,0.62,0.76,0.78,0.78,0.68,0.72,0.72,0.72,0.82,0.78
GSFC,68,68,72,52,72,72,78,68,72,72,78,72,0.68,0.68,0.72,0.52,0.72,0.72,0.78,0.68,0.72,0.72,0.78,0.72
GSLSU,28,42,70,58,22,28,42,72,72,28,78,28,0.28,0.42,0.7,0.58,0.22,0.28,0.42,0.72,0.72,0.28,0.78,0.28
GSMFOILS,78,78,45,68,72,78,78,62,78,72,72,72,0.78,0.78,0.45,0.68,0.72,0.78,0.78,0.62,0.78,0.72,0.72,0.72
GSPL,72,72,52,53,62,72,78,62,72,68,78,68,0.72,0.72,0.52,0.53,0.62,0.72,0.78,0.62,0.72,0.68,0.78,0.68
GTPL,72,65,67,72,68,72,71,62,72,62,82,72,0.72,0.65,0.67,0.72,0.68,0.72,0.71,0.62,0.72,0.62,0.82,0.72
GUFICBIO,72,72,72,74,68,72,72,58,72,68,78,72,0.72,0.72,0.72,0.74,0.68,0.72,0.72,0.58,0.72,0.68,0.78,0.72
GUJALKALI,28,42,68,64,18,28,28,72,72,28,78,32,0.28,0.42,0.68,0.64,0.18,0.28,0.28,0.72,0.72,0.28,0.78,0.32
GUJAPOLLO,58,62,72,52,45,42,62,62,68,72,62,72,0.58,0.62,0.72,0.52,0.45,0.42,0.62,0.62,0.68,0.72,0.62,0.72
GUJGASLTD,78,72,78,76,76,78,86,72,72,72,78,78,0.78,0.72,0.78,0.76,0.76,0.78,0.86,0.72,0.72,0.72,0.78,0.78
GULFOILLUB,76,82,93,75,76,78,82,78,88,72,78,78,0.76,0.82,0.93,0.75,0.76,0.78,0.82,0.78,0.88,0.72,0.78,0.78
GULPOLY,72,78,82,75,72,78,78,58,78,72,78,72,0.72,0.78,0.82,0.75,0.72,0.78,0.78,0.58,0.78,0.72,0.78,0.72
GURUNANAK,72,73,72,50,72,72,72,45,71,68,72,68,0.72,0.73,0.72,0.5,0.72,0.72,0.72,0.45,0.71,0.68,0.72,0.68
GVPIL,62,78,72,72,52,72,78,58,78,72,78,72,0.62,0.78,0.72,0.72,0.52,0.72,0.78,0.58,0.78,0.72,0.78,0.72
HAL,78,78,74,72,72,78,78,68,78,72,82,78,0.78,0.78,0.74,0.72,0.72,0.78,0.78,0.68,0.78,0.72,0.82,0.78
HAPPSTMNDS,72,79,73,72,68,72,78,72,79,72,78,72,0.72,0.79,0.73,0.72,0.68,0.72,0.78,0.72,0.79,0.72,0.78,0.72
HAPPYFORGE,78,78,84,73,82,82,82,72,78,78,78,78,0.78,0.78,0.84,0.73,0.82,0.82,0.82,0.72,0.78,0.78,0.78,0.78
HARIOMPIPE,72,72,72,72,62,72,72,72,72,72,78,78,0.72,0.72,0.72,0.72,0.62,0.72,0.72,0.72,0.72,0.72,0.78,0.78
HATHWAY,52,72,78,70,32,42,78,62,72,48,75,68,0.52,0.72,0.78,0.7,0.32,0.42,0.78,0.62,0.72,0.48,0.75,0.68
HATSUN,52,63,63,73,38,62,63,42,63,62,82,58,0.52,0.63,0.63,0.73,0.38,0.62,0.63,0.42,0.63,0.62,0.82,0.58
HAVELLS,72,78,72,65,72,72,76,72,95,72,78,72,0.72,0.78,0.72,0.65,0.72,0.72,0.76,0.72,0.95,0.72,0.78,0.72
HBLENGINE,72,78,76,42,72,78,78,52,78,68,78,72,0.72,0.78,0.76,0.42,0.72,0.78,0.78,0.52,0.78,0.68,0.78,0.72
HCC,54,62,72,34,38,58,82,62,72,52,62,42,0.54,0.62,0.72,0.34,0.38,0.58,0.82,0.62,0.72,0.52,0.62,0.42
HCG,76,78,79,32,72,76,78,58,78,72,68,72,0.76,0.78,0.79,0.32,0.72,0.76,0.78,0.58,0.78,0.72,0.68,0.72
HCLTECH,82,95,78,64,78,78,76,72,91,72,78,82,0.82,0.95,0.78,0.64,0.78,0.78,0.76,0.72,0.91,0.72,0.78,0.82
HDBFS,72,72,78,72,72,72,78,72,78,68,72,72,0.72,0.72,0.78,0.72,0.72,0.72,0.78,0.72,0.78,0.68,0.72,0.72
HDFCAMC,78,78,78,74,78,82,62,78,78,75,78,72,0.78,0.78,0.78,0.74,0.78,0.82,0.62,0.78,0.78,0.75,0.78,0.72
HDFCBANK,75,58,72,76,72,72,39,72,72,72,72,78,0.75,0.58,0.72,0.76,0.72,0.72,0.39,0.72,0.72,0.72,0.72,0.78
HDFCLIFE,76,82,82,72,78,82,82,72,82,72,78,78,0.76,0.82,0.82,0.72,0.78,0.82,0.82,0.72,0.82,0.72,0.78,0.78
HEADSUP,72,73,72,56,72,72,72,62,72,62,72,72,0.72,0.73,0.72,0.56,0.72,0.72,0.72,0.62,0.72,0.62,0.72,0.72
HECPROJECT,76,72,72,76,78,78,78,72,72,72,78,72,0.76,0.72,0.72,0.76,0.78,0.78,0.78,0.72,0.72,0.72,0.78,0.72
HEG,68,72,72,72,62,72,78,68,72,72,78,78,0.68,0.72,0.72,0.72,0.62,0.72,0.78,0.68,0.72,0.72,0.78,0.78
HEIDELBERG,62,72,73,76,48,58,65,72,76,72,78,72,0.62,0.72,0.73,0.76,0.48,0.58,0.65,0.72,0.76,0.72,0.78,0.72
HERITGFOOD,72,72,62,76,72,75,62,72,72,72,78,72,0.72,0.72,0.62,0.76,0.72,0.75,0.62,0.72,0.72,0.72,0.78,0.72
HESTERBIO,62,68,68,68,68,62,72,42,68,72,78,68,0.62,0.68,0.68,0.68,0.68,0.62,0.72,0.42,0.68,0.72,0.78,0.68
HEXT,62,73,72,53,62,62,74,72,62,72,72,68,0.62,0.73,0.72,0.53,0.62,0.62,0.74,0.72,0.62,0.72,0.72,0.68
HFCL,58,72,72,71,28,62,72,32,72,68,32,62,0.58,0.72,0.72,0.71,0.28,0.62,0.72,0.32,0.72,0.68,0.32,0.62
HGINFRA,62,72,72,69,42,72,58,58,72,72,78,52,0.62,0.72,0.72,0.69,0.42,0.72,0.58,0.58,0.72,0.72,0.78,0.52
HGS,42,78,78,68,32,28,78,58,78,62,78,42,0.42,0.78,0.78,0.68,0.32,0.28,0.78,0.58,0.78,0.62,0.78,0.42
HIGREEN,62,72,62,52,62,62,72,35,72,58,78,62,0.62,0.72,0.62,0.52,0.62,0.62,0.72,0.35,0.72,0.58,0.78,0.62
HIKAL,42,72,72,58,28,28,75,38,72,28,76,34,0.42,0.72,0.72,0.58,0.28,0.28,0.75,0.38,0.72,0.28,0.76,0.34
HILINFRA,76,88,78,26,72,78,78,58,92,72,72,72,0.76,0.88,0.78,0.26,0.72,0.78,0.78,0.58,0.92,0.72,0.72,0.72
HINDALCO,62,72,72,42,62,72,72,72,68,68,82,72,0.62,0.72,0.72,0.42,0.62,0.72,0.72,0.72,0.68,0.68,0.82,0.72
HINDCOPPER,72,78,62,58,62,72,82,72,72,72,78,72,0.72,0.78,0.62,0.58,0.62,0.72,0.82,0.72,0.72,0.72,0.78,0.72
HINDPETRO,72,,72,73,72,72,82,72,78,68,78,78,0.72,79550260810.54317,0.72,0.73,0.72,0.72,0.82,0.72,0.78,0.68,0.78,0.78
HINDUNILVR,78,85,78,74,78,78,78,72,78,72,78,75,0.78,0.85,0.78,0.74,0.78,0.78,0.78,0.72,0.78,0.72,0.78,0.75
HINDWAREAP,58,72,72,72,52,52,72,62,72,68,78,62,0.58,0.72,0.72,0.72,0.52,0.52,0.72,0.62,0.72,0.68,0.78,0.62
HIRECT,78,78,78,69,72,78,82,72,78,78,78,76,0.78,0.78,0.78,0.69,0.72,0.78,0.82,0.72,0.78,0.78,0.78,0.76
HITECH,76,72,85,68,78,78,72,72,78,78,72,78,0.76,0.72,0.85,0.68,0.78,0.78,0.72,0.72,0.78,0.78,0.72,0.78
HLEGLAS,72,74,78,64,72,78,78,62,74,72,78,72,0.72,0.74,0.78,0.64,0.72,0.78,0.78,0.62,0.74,0.72,0.78,0.72
HLVLTD,45,42,64,32,42,28,35,35,62,52,72,35,0.45,0.42,0.64,0.32,0.42,0.28,0.35,0.35,0.62,0.52,0.72,0.35
HMVL,62,68,62,52,62,72,72,38,50,52,78,62,0.62,0.68,0.62,0.52,0.62,0.72,0.72,0.38,0.5,0.52,0.78,0.62
HNDFDS,78,74,72,72,72,78,83,62,58,72,78,78,0.78,0.74,0.72,0.72,0.72,0.78,0.83,0.62,0.58,0.72,0.78,0.78
HOMEFIRST,72,78,82,72,72,78,78,72,78,72,58,78,0.72,0.78,0.82,0.72,0.72,0.78,0.78,0.72,0.78,0.72,0.58,0.78
HONASA,72,82,78,72,72,72,82,72,88,72,78,78,0.72,0.82,0.78,0.72,0.72,0.72,0.82,0.72,0.88,0.72,0.78,0.78
HONAUT,72,72,72,71,72,78,76,72,72,72,78,72,0.72,0.72,0.72,0.71,0.72,0.78,0.76,0.72,0.72,0.72,0.78,0.72
HPAL,76,72,72,42,72,72,96,58,72,72,78,72,0.76,0.72,0.72,0.42,0.72,0.72,0.96,0.58,0.72,0.72,0.78,0.72
HPL,72,82,78,64,72,78,78,72,82,72,82,78,0.72,0.82,0.78,0.64,0.72,0.78,0.78,0.72,0.82,0.72,0.82,0.78
HUBTOWN,72,78,79,75,72,72,78,72,78,72,72,72,0.72,0.78,0.79,0.75,0.72,0.72,0.78,0.72,0.78,0.72,0.72,0.72
HUDCO,72,72,78,72,72,72,74,72,78,72,78,78,0.72,0.72,0.78,0.72,0.72,0.72,0.74,0.72,0.78,0.72,0.78,0.78
HUHTAMAKI,72,73,35,68,72,78,78,58,65,72,78,72,0.72,0.73,0.35,0.68,0.72,0.78,0.78,0.58,0.65,0.72,0.78,0.72
HVAX,62,77,72,62,42,72,72,72,73,72,75,72,0.62,0.77,0.72,0.62,0.42,0.72,0.72,0.72,0.73,0.72,0.75,0.72
HYUNDAI,72,78,73,71,76,78,78,72,78,72,78,78,0.72,0.78,0.73,0.71,0.76,0.78,0.78,0.72,0.78,0.72,0.78,0.78
IBULLSLTD,72,78,78,45,72,72,78,45,72,72,72,72,0.72,0.78,0.78,0.45,0.72,0.72,0.78,0.45,0.72,0.72,0.72,0.72
ICEMAKE,72,78,78,72,68,76,78,58,82,72,72,72,0.72,0.78,0.78,0.72,0.68,0.76,0.78,0.58,0.82,0.72,0.72,0.72
ICICIGI,78,78,76,72,78,82,89,72,78,78,72,78,0.78,0.78,0.76,0.72,0.78,0.82,0.89,0.72,0.78,0.78,0.72,0.78
ICICIPRULI,72,72,78,62,78,78,72,45,72,72,72,72,0.72,0.72,0.78,0.62,0.78,0.78,0.72,0.45,0.72,0.72,0.72,0.72
ICIL,48,42,72,72,38,35,62,72,72,62,78,62,0.48,0.42,0.72,0.72,0.38,0.35,0.62,0.72,0.72,0.62,0.78,0.62
ICRA,72,72,78,78,72,78,82,72,73,72,78,72,0.72,0.72,0.78,0.78,0.72,0.78,0.82,0.72,0.73,0.72,0.78,0.72
IDBI,72,82,72,79,62,72,85,42,78,72,78,72,0.72,0.82,0.72,0.79,0.62,0.72,0.85,0.42,0.78,0.72,0.78,0.72
IDFCFIRSTB,72,78,78,72,68,72,82,38,78,72,28,72,0.72,0.78,0.78,0.72,0.68,0.72,0.82,0.38,0.78,0.72,0.28,0.72
IEML,72,78,78,52,72,78,82,62,82,72,62,72,0.72,0.78,0.78,0.52,0.72,0.78,0.82,0.62,0.82,0.72,0.62,0.72
IEX,72,72,82,34,72,78,78,62,78,62,72,72,0.72,0.72,0.82,0.34,0.72,0.78,0.78,0.62,0.78,0.62,0.72,0.72
IFBIND,72,42,72,28,68,72,68,28,62,54,72,58,0.72,0.42,0.72,0.28,0.68,0.72,0.68,0.28,0.62,0.54,0.72,0.58
IFGLEXPOR,62,72,70,68,42,62,62,68,92,68,78,72,0.62,0.72,0.7,0.68,0.42,0.62,0.62,0.68,0.92,0.68,0.78,0.72
IGCL,72,82,79,72,72,78,78,72,79,72,78,72,0.72,0.82,0.79,0.72,0.72,0.78,0.78,0.72,0.79,0.72,0.78,0.72
IGIL,82,78,82,75,82,78,92,78,87,78,82,82,0.82,0.78,0.82,0.75,0.82,0.78,0.92,0.78,0.87,0.78,0.82,0.82
IGL,72,78,72,54,72,72,82,72,72,72,78,72,0.72,0.78,0.72,0.54,0.72,0.72,0.82,0.72,0.72,0.72,0.78,0.72
IIFL,62,78,78,72,58,72,81,72,82,52,72,72,0.62,0.78,0.78,0.72,0.58,0.72,0.81,0.72,0.82,0.52,0.72,0.72
IIFLCAPS,52,32,38,78,48,42,42,72,42,62,78,62,0.52,0.32,0.38,0.78,0.48,0.42,0.42,0.72,0.42,0.62,0.78,0.62
IKIO,72,78,78,85,72,72,78,62,78,72,78,72,0.72,0.78,0.78,0.85,0.72,0.72,0.78,0.62,0.78,0.72,0.78,0.72
IKS,78,92,82,74,82,82,92,72,82,78,78,78,0.78,0.92,0.82,0.74,0.82,0.82,0.92,0.72,0.82,0.78,0.78,0.78
IL&FSTRANS,76,72,72,68,72,72,71,72,78,72,78,76,0.76,0.72,0.72,0.68,0.72,0.72,0.71,0.72,0.78,0.72,0.78,0.76
INA,76,78,79,42,78,82,82,72,82,76,72,82,0.76,0.78,0.79,0.42,0.78,0.82,0.82,0.72,0.82,0.76,0.72,0.82
INDGN,72,78,78,74,72,78,78,72,72,72,72,78,0.72,0.78,0.78,0.74,0.72,0.78,0.78,0.72,0.72,0.72,0.72,0.78
INDHOTEL,76,78,78,62,72,78,82,72,78,76,78,78,0.76,0.78,0.78,0.62,0.72,0.78,0.82,0.72,0.78,0.76,0.78,0.78
INDIACEM,72,72,76,79,48,62,58,72,78,62,78,72,0.72,0.72,0.76,0.79,0.48,0.62,0.58,0.72,0.78,0.62,0.78,0.72
INDIAGLYCO,72,78,78,68,72,76,74,72,76,72,72,78,0.72,0.78,0.78,0.68,0.72,0.76,0.74,0.72,0.76,0.72,0.72,0.78
INDIANB,78,82,82,72,78,78,82,78,82,72,78,78,0.78,0.82,0.82,0.72,0.78,0.78,0.82,0.78,0.82,0.72,0.78,0.78
INDIASHLTR,78,78,78,79,78,78,72,72,78,72,72,78,0.78,0.78,0.78,0.79,0.78,0.78,0.72,0.72,0.78,0.72,0.72,0.78
INDIGO,52,72,72,72,38,68,68,72,78,72,62,72,0.52,0.72,0.72,0.72,0.38,0.68,0.68,0.72,0.78,0.72,0.62,0.72
INDIGOPNTS,74,80,76,72,72,72,82,72,72,72,78,72,0.74,0.8,0.76,0.72,0.72,0.72,0.82,0.72,0.72,0.72,0.78,0.72
INDIGRID,76,78,72,75,78,76,76,78,78,72,72,82,0.76,0.78,0.72,0.75,0.78,0.76,0.76,0.78,0.78,0.72,0.72,0.82
INDIQUBE,78,78,82,70,82,78,88,72,78,82,72,82,0.78,0.78,0.82,0.7,0.82,0.78,0.88,0.72,0.78,0.82,0.72,0.82
INDNIPPON,68,72,82,77,72,72,75,72,83,72,78,75,0.68,0.72,0.82,0.77,0.72,0.72,0.75,0.72,0.83,0.72,0.78,0.75
INDOAMIN,68,82,82,58,72,72,87,52,82,72,72,68,0.68,0.82,0.82,0.58,0.72,0.72,0.87,0.52,0.82,0.72,0.72,0.68
INDOCO,28,42,72,56,18,28,32,42,72,28,72,38,0.28,0.42,0.72,0.56,0.18,0.28,0.32,0.42,0.72,0.28,0.72,0.38
INDOFARM,72,78,72,58,72,72,78,72,78,72,78,72,0.72,0.78,0.72,0.58,0.72,0.72,0.78,0.72,0.78,0.72,0.78,0.72
INDOWIND,72,72,45,28,72,72,74,72,42,68,72,68,0.72,0.72,0.45,0.28,0.72,0.72,0.74,0.72,0.42,0.68,0.72,0.68
INDSWFTLAB,72,78,78,61,76,78,78,42,78,72,72,72,0.72,0.78,0.78,0.61,0.76,0.78,0.78,0.42,0.78,0.72,0.72,0.72
INDTERRAIN,42,84,55,71,32,28,72,62,55,28,72,42,0.42,0.84,0.55,0.71,0.32,0.28,0.72,0.62,0.55,0.28,0.72,0.42
INDUSINDBK,58,62,74,72,52,58,78,35,72,32,58,32,0.58,0.62,0.74,0.72,0.52,0.58,0.78,0.35,0.72,0.32,0.58,0.32
INDUSINVIT,72,78,78,78,72,78,79,78,74,72,72,72,0.72,0.78,0.78,0.78,0.72,0.78,0.79,0.78,0.74,0.72,0.72,0.72
INDUSTOWER,72,78,68,56,72,78,78,72,78,72,72,78,0.72,0.78,0.68,0.56,0.72,0.78,0.78,0.72,0.78,0.72,0.72,0.78
INFLUX,78,82,87,50,78,78,87,68,87,72,75,78,0.78,0.82,0.87,0.5,0.78,0.78,0.87,0.68,0.87,0.72,0.75,0.78
INFOBEAN,62,78,87,64,52,72,84,42,78,62,72,58,0.62,0.78,0.87,0.64,0.52,0.72,0.84,0.42,0.78,0.62,0.72,0.58
INFOLLION,72,78,82,52,72,78,79,72,82,72,72,72,0.72,0.78,0.82,0.52,0.72,0.78,0.79,0.72,0.82,0.72,0.72,0.72
INFY,62,72,72,58,68,72,72,62,62,62,72,72,0.62,0.72,0.72,0.58,0.68,0.72,0.72,0.62,0.62,0.62,0.72,0.72
INNOVACAP,74,78,82,62,72,78,78,42,78,72,82,76,0.74,0.78,0.82,0.62,0.72,0.78,0.78,0.42,0.78,0.72,0.82,0.76
INOXGREEN,72,82,42,75,48,72,82,72,78,72,72,76,0.72,0.82,0.42,0.75,0.48,0.72,0.82,0.72,0.78,0.72,0.72,0.76
INOXINDIA,78,82,82,77,76,78,78,78,78,72,78,78,0.78,0.82,0.82,0.77,0.76,0.78,0.78,0.78,0.78,0.72,0.78,0.78
INOXWIND,75,82,72,75,75,78,82,72,82,72,72,76,0.75,0.82,0.72,0.75,0.75,0.78,0.82,0.72,0.82,0.72,0.72,0.76
INSECTICID,72,78,28,72,65,68,75,62,78,72,78,72,0.72,0.78,0.28,0.72,0.65,0.68,0.75,0.62,0.78,0.72,0.78,0.72
INTELLECT,72,78,88,72,72,78,82,72,82,76,72,78,0.72,0.78,0.88,0.72,0.72,0.78,0.82,0.72,0.82,0.76,0.72,0.78
INTENTECH,68,72,60,34,72,72,73,42,60,72,42,72,0.68,0.72,0.6,0.34,0.72,0.72,0.73,0.42,0.6,0.72,0.42,0.72
INTERARCH,78,78,78,72,78,82,78,72,78,78,76,82,0.78,0.78,0.78,0.72,0.78,0.82,0.78,0.72,0.78,0.78,0.76,0.82
INTLCONV,72,72,87,62,72,82,92,62,78,78,78,78,0.72,0.72,0.87,0.62,0.72,0.82,0.92,0.62,0.78,0.78,0.78,0.78
IOB,78,87,87,72,78,78,82,72,82,72,62,78,0.78,0.87,0.87,0.72,0.78,0.78,0.82,0.72,0.82,0.72,0.62,0.78
IOC,72,72,72,68,62,72,82,42,72,62,78,62,0.72,0.72,0.72,0.68,0.62,0.72,0.82,0.42,0.72,0.62,0.78,0.62
IOLCP,74,78,78,62,72,78,78,68,78,72,72,72,0.74,0.78,0.78,0.62,0.72,0.78,0.78,0.68,0.78,0.72,0.72,0.72
IONEXCHANG,58,58,78,68,52,62,62,52,72,52,72,58,0.58,0.58,0.78,0.68,0.52,0.62,0.62,0.52,0.72,0.52,0.72,0.58
IPHL,68,72,78,38,72,72,82,52,78,68,72,72,0.68,0.72,0.78,0.38,0.72,0.72,0.82,0.52,0.78,0.68,0.72,0.72
IPL,72,92,82,71,78,78,82,72,82,76,78,78,0.72,0.92,0.82,0.71,0.78,0.78,0.82,0.72,0.82,0.76,0.78,0.78
IRB,72,78,78,76,72,78,78,72,78,72,78,72,0.72,0.78,0.78,0.76,0.72,0.78,0.78,0.72,0.78,0.72,0.78,0.72
IRBINVIT,72,78,68,72,68,72,81,72,82,72,72,72,0.72,0.78,0.68,0.72,0.68,0.72,0.81,0.72,0.82,0.72,0.72,0.72
IRBIT,42,78,72,78,32,42,85,72,72,52,72,68,0.42,0.78,0.72,0.78,0.32,0.42,0.85,0.72,0.72,0.52,0.72,0.68
IRCON,62,72,42,72,62,68,78,62,78,58,82,72,0.62,0.72,0.42,0.72,0.62,0.68,0.78,0.62,0.78,0.58,0.82,0.72
IRFC,76,77,82,80,72,78,87,72,78,76,82,78,0.76,0.77,0.82,0.8,0.72,0.78,0.87,0.72,0.78,0.76,0.82,0.78
IRIS,78,72,50,72,78,78,78,72,62,72,72,72,0.78,0.72,0.5,0.72,0.78,0.78,0.78,0.72,0.62,0.72,0.72,0.72
IRISDOREME,68,42,86,72,58,72,62,62,68,72,72,72,0.68,0.42,0.86,0.72,0.58,0.72,0.62,0.62,0.68,0.72,0.72,0.72
IRMENERGY,72,72,82,69,72,75,72,72,78,72,78,72,0.72,0.72,0.82,0.69,0.72,0.75,0.72,0.72,0.78,0.72,0.78,0.72
ISGEC,72,90,82,72,68,72,78,72,75,68,78,72,0.72,0.9,0.82,0.72,0.68,0.72,0.78,0.72,0.75,0.68,0.78,0.72
ITC,72,68,72,72,72,72,,72,72,72,72,72,0.72,0.68,0.72,0.72,0.72,0.72,9.012166666666667,0.72,0.72,0.72,0.72,0.72
IVP,52,72,42,68,42,42,72,62,72,58,82,68,0.52,0.72,0.42,0.68,0.42,0.42,0.72,0.62,0.72,0.58,0.82,0.68
IXIGO,72,78,78,68,72,76,72,72,82,76,62,78,0.72,0.78,0.78,0.68,0.72,0.76,0.72,0.72,0.82,0.76,0.62,0.78
IZMO,72,78,54,71,72,72,78,38,82,72,72,72,0.72,0.78,0.54,0.71,0.72,0.72,0.78,0.38,0.82,0.72,0.72,0.72
J&KBANK,72,82,78,68,72,72,78,62,82,68,72,72,0.72,0.82,0.78,0.68,0.72,0.72,0.78,0.62,0.82,0.68,0.72,0.72
JAGRAN,72,32,72,74,52,72,42,62,38,62,78,68,0.72,0.32,0.72,0.74,0.52,0.72,0.42,0.62,0.38,0.62,0.78,0.68
JAIBALAJI,72,78,78,72,62,78,78,62,82,72,78,78,0.72,0.78,0.78,0.72,0.62,0.78,0.78,0.62,0.82,0.72,0.78,0.78
JAINAM,72,78,72,18,72,68,84,25,78,72,68,72,0.72,0.78,0.72,0.18,0.72,0.68,0.84,0.25,0.78,0.72,0.68,0.72
JAINREC,75,78,78,52,75,78,82,72,87,78,72,78,0.75,0.78,0.78,0.52,0.75,0.78,0.82,0.72,0.87,0.78,0.72,0.78
JAMNAAUTO,72,78,78,72,72,72,78,72,79,62,78,72,0.72,0.78,0.78,0.72,0.72,0.72,0.78,0.72,0.79,0.62,0.78,0.72
JARO,78,78,74,42,78,82,82,72,82,72,72,78,0.78,0.78,0.74,0.42,0.78,0.82,0.82,0.72,0.82,0.72,0.72,0.78
JASH,78,62,78,74,75,78,72,72,62,72,72,78,0.78,0.62,0.78,0.74,0.75,0.78,0.72,0.72,0.62,0.72,0.72,0.78
JAYBARMARU,42,38,72,32,28,42,58,45,72,42,72,52,0.42,0.38,0.72,0.32,0.28,0.42,0.58,0.45,0.72,0.42,0.72,0.52
JAYBEE,72,78,78,51,72,78,72,62,78,72,72,72,0.72,0.78,0.78,0.51,0.72,0.78,0.72,0.62,0.78,0.72,0.72,0.72
JAYNECOIND,72,82,78,62,72,72,78,78,78,72,72,75,0.72,0.82,0.78,0.62,0.72,0.72,0.78,0.78,0.78,0.72,0.72,0.75
JBCHEPHARM,72,78,78,72,74,72,78,72,78,72,72,72,0.72,0.78,0.78,0.72,0.74,0.72,0.78,0.72,0.78,0.72,0.72,0.72
JETFREIGHT,68,72,72,28,62,72,72,72,72,72,78,72,0.68,0.72,0.72,0.28,0.62,0.72,0.72,0.72,0.72,0.72,0.78,0.72
JEYYAM,78,78,78,38,78,82,88,35,78,72,72,72,0.78,0.78,0.78,0.38,0.78,0.82,0.88,0.35,0.78,0.72,0.72,0.72
JGCHEM,68,72,72,72,62,72,72,62,72,72,82,72,0.68,0.72,0.72,0.72,0.62,0.72,0.72,0.62,0.72,0.72,0.82,0.72
JHS,28,28,85,72,22,28,28,48,72,42,72,42,0.28,0.28,0.85,0.72,0.22,0.28,0.28,0.48,0.72,0.42,0.72,0.42
JINDALSTEL,72,72,50,73,72,72,72,72,78,72,78,78,0.72,0.72,0.5,0.73,0.72,0.72,0.72,0.72,0.78,0.72,0.78,0.78
JINDRILL,52,38,62,74,42,42,42,62,32,62,78,62,0.52,0.38,0.62,0.74,0.42,0.42,0.42,0.62,0.32,0.62,0.78,0.62
JIOFIN,62,74,78,72,35,68,78,72,72,62,78,72,0.62,0.74,0.78,0.72,0.35,0.68,0.78,0.72,0.72,0.62,0.78,0.72
JISLJALEQS,62,72,62,56,42,52,62,32,62,62,62,68,0.62,0.72,0.62,0.56,0.42,0.52,0.62,0.32,0.62,0.62,0.62,0.68
JKCEMENT,68,78,32,71,62,72,76,62,72,72,78,72,0.68,0.78,0.32,0.71,0.62,0.72,0.76,0.62,0.72,0.72,0.78,0.72
JKIL,68,62,72,69,72,72,66,62,78,62,78,72,0.68,0.62,0.72,0.69,0.72,0.72,0.66,0.62,0.78,0.62,0.78,0.72
JKLAKSHMI,68,72,68,62,72,72,72,72,72,72,72,76,0.68,0.72,0.68,0.62,0.72,0.72,0.72,0.72,0.72,0.72,0.72,0.76
JKPAPER,74,78,75,42,78,78,78,72,78,72,76,78,0.74,0.78,0.75,0.42,0.78,0.78,0.78,0.72,0.78,0.72,0.76,0.78
JKTYRE,72,82,82,80,72,78,82,72,78,72,75,72,0.72,0.82,0.82,0.8,0.72,0.78,0.82,0.72,0.78,0.72,0.75,0.72
JLHL,62,68,74,64,68,62,72,72,72,68,78,72,0.62,0.68,0.74,0.64,0.68,0.62,0.72,0.72,0.72,0.68,0.78,0.72
JMFINANCIL,74,78,78,72,72,78,78,68,78,72,75,78,0.74,0.78,0.78,0.72,0.72,0.78,0.78,0.68,0.78,0.72,0.75,0.78
JSFB,72,78,78,72,72,72,82,68,78,62,72,68,0.72,0.78,0.78,0.72,0.72,0.72,0.82,0.68,0.78,0.62,0.72,0.68
JSL,76,78,72,72,78,78,74,72,78,72,78,76,0.76,0.78,0.72,0.72,0.78,0.78,0.74,0.72,0.78,0.72,0.78,0.76
JSLL,72,82,82,88,78,78,82,72,92,78,78,78,0.72,0.82,0.82,0.88,0.78,0.78,0.82,0.72,0.92,0.78,0.78,0.78
JSWENERGY,78,78,82,60,78,82,86,72,78,78,78,82,0.78,0.78,0.82,0.6,0.78,0.82,0.86,0.72,0.78,0.78,0.78,0.82
JSWINFRA,78,78,74,71,72,72,78,72,82,72,78,78,0.78,0.78,0.74,0.71,0.72,0.72,0.78,0.72,0.82,0.72,0.78,0.78
JSWSTEEL,72,78,72,72,72,72,78,72,78,72,78,78,0.72,0.78,0.72,0.72,0.72,0.72,0.78,0.72,0.78,0.72,0.78,0.78
JTEKTINDIA,72,72,72,68,62,68,78,68,72,72,78,72,0.72,0.72,0.72,0.68,0.62,0.68,0.78,0.68,0.72,0.72,0.78,0.72
JTLIND,72,74,72,73,62,72,78,72,74,72,72,72,0.72,0.74,0.72,0.73,0.62,0.72,0.78,0.72,0.74,0.72,0.72,0.72
JUBLCPL,72,74,74,74,72,72,78,72,75,62,78,68,0.72,0.74,0.74,0.74,0.72,0.72,0.78,0.72,0.75,0.62,0.78,0.68
JUBLFOOD,72,78,76,78,76,72,82,72,73,78,78,82,0.72,0.78,0.76,0.78,0.76,0.72,0.82,0.72,0.73,0.78,0.78,0.82
JUBLINGREA,72,85,72,72,72,78,89,72,96,72,72,78,0.72,0.85,0.72,0.72,0.72,0.78,0.89,0.72,0.96,0.72,0.72,0.78
JUBLPHARMA,32,78,82,38,25,28,78,42,78,28,68,28,0.32,0.78,0.82,0.38,0.25,0.28,0.78,0.42,0.78,0.28,0.68,0.28
JUSTDIAL,72,82,78,77,72,72,82,72,78,62,78,72,0.72,0.82,0.78,0.77,0.72,0.72,0.82,0.72,0.78,0.62,0.78,0.72
JWL,72,78,68,70,72,76,76,62,78,72,78,72,0.72,0.78,0.68,0.7,0.72,0.76,0.76,0.62,0.78,0.72,0.78,0.72
JYOTHYLAB,62,62,76,71,58,72,68,72,74,68,78,72,0.62,0.62,0.76,0.71,0.58,0.72,0.68,0.72,0.74,0.68,0.78,0.72
JYOTICNC,72,78,82,75,72,78,84,72,78,72,78,78,0.72,0.78,0.82,0.75,0.72,0.78,0.84,0.72,0.78,0.72,0.78,0.78
K2INFRA,62,78,62,66,62,72,78,72,82,62,72,72,0.62,0.78,0.62,0.66,0.62,0.72,0.78,0.72,0.82,0.62,0.72,0.72
KABRAEXTRU,72,72,73,73,72,78,68,62,78,76,72,72,0.72,0.72,0.73,0.73,0.72,0.78,0.68,0.62,0.78,0.76,0.72,0.72
KAJARIACER,72,62,68,62,72,72,78,42,42,72,78,72,0.72,0.62,0.68,0.62,0.72,0.72,0.78,0.42,0.42,0.72,0.78,0.72
KALAMANDIR,72,78,78,72,72,78,82,72,78,72,78,78,0.72,0.78,0.78,0.72,0.72,0.78,0.82,0.72,0.78,0.72,0.78,0.78
KALPATARU,42,62,62,64,28,72,72,68,72,68,78,72,0.42,0.62,0.62,0.64,0.28,0.72,0.72,0.68,0.72,0.68,0.78,0.72
KALYANIFRG,62,72,78,65,62,72,76,72,72,68,78,72,0.62,0.72,0.78,0.65,0.62,0.72,0.76,0.72,0.72,0.68,0.78,0.72
KALYANKJIL,76,72,82,72,78,78,78,62,78,72,76,78,0.76,0.72,0.82,0.72,0.78,0.78,0.78,0.62,0.78,0.72,0.76,0.78
KAMDHENU,72,72,62,72,62,72,82,28,72,68,72,42,0.72,0.72,0.62,0.72,0.62,0.72,0.82,0.28,0.72,0.68,0.72,0.42
KAMOPAINTS,68,42,58,68,35,72,42,58,62,62,78,68,0.68,0.42,0.58,0.68,0.35,0.72,0.42,0.58,0.62,0.62,0.78,0.68
KANPRPLA,68,72,72,72,72,72,76,68,72,72,78,72,0.68,0.72,0.72,0.72,0.72,0.72,0.76,0.68,0.72,0.72,0.78,0.72
KANSAINER,42,42,70,72,38,42,32,72,64,42,78,62,0.42,0.42,0.7,0.72,0.38,0.42,0.32,0.72,0.64,0.42,0.78,0.62
KAPSTON,58,62,52,58,62,72,28,62,68,68,78,72,0.58,0.62,0.52,0.58,0.62,0.72,0.28,0.62,0.68,0.68,0.78,0.72
KARNIKA,72,78,78,42,72,72,78,62,82,72,78,72,0.72,0.78,0.78,0.42,0.72,0.72,0.78,0.62,0.82,0.72,0.78,0.72
KARURVYSYA,76,78,72,72,78,78,72,72,78,74,72,78,0.76,0.78,0.72,0.72,0.78,0.78,0.72,0.72,0.78,0.74,0.72,0.78
KAYA,32,59,72,72,25,22,38,62,72,35,72,32,0.32,0.59,0.72,0.72,0.25,0.22,0.38,0.62,0.72,0.35,0.72,0.32
KDL,62,78,72,75,62,68,85,42,78,72,78,72,0.62,0.78,0.72,0.75,0.62,0.68,0.85,0.42,0.78,0.72,0.78,0.72
KEC,72,78,82,72,72,78,78,72,78,76,78,78,0.72,0.78,0.82,0.72,0.72,0.78,0.78,0.72,0.78,0.76,0.78,0.78
KELLTONTEC,62,66,78,56,58,68,78,32,61,52,58,62,0.62,0.66,0.78,0.56,0.58,0.68,0.78,0.32,0.61,0.52,0.58,0.62
KENNAMET,68,72,75,28,72,72,76,35,72,72,78,62,0.68,0.72,0.75,0.28,0.72,0.72,0.76,0.35,0.72,0.72,0.78,0.62
KERNEX,68,74,35,42,72,72,88,62,40,72,72,62,0.68,0.74,0.35,0.42,0.72,0.72,0.88,0.62,0.4,0.72,0.72,0.62
KESORAMIND,62,97,75,24,62,62,77,42,77,62,72,38,0.62,0.97,0.75,0.24,0.62,0.62,0.77,0.42,0.77,0.62,0.72,0.38
KFINTECH,78,72,78,72,78,78,82,72,78,76,62,78,0.78,0.72,0.78,0.72,0.78,0.78,0.82,0.72,0.78,0.76,0.62,0.78
KHADIM,38,62,52,54,28,28,38,62,62,45,78,62,0.38,0.62,0.52,0.54,0.28,0.28,0.38,0.62,0.62,0.45,0.78,0.62
KHAICHEM,62,72,72,52,42,62,78,58,78,62,78,68,0.62,0.72,0.72,0.52,0.42,0.62,0.78,0.58,0.78,0.62,0.78,0.68
KILITCH,68,72,72,38,68,72,78,42,78,62,72,68,0.68,0.72,0.72,0.38,0.68,0.72,0.78,0.42,0.78,0.62,0.72,0.68
KIMS,52,42,82,73,42,42,42,42,32,42,72,72,0.52,0.42,0.82,0.73,0.42,0.42,0.42,0.42,0.32,0.42,0.72,0.72
KIRIINDUS,28,18,62,62,18,28,22,62,78,68,72,52,0.28,0.18,0.62,0.62,0.18,0.28,0.22,0.62,0.78,0.68,0.72,0.52
KIRLFER,68,62,51,67,62,62,78,62,58,72,72,72,0.68,0.62,0.51,0.67,0.62,0.62,0.78,0.62,0.58,0.72,0.72,0.72
KIRLOSBROS,76,72,73,62,78,78,72,72,78,72,78,78,0.76,0.72,0.73,0.62,0.78,0.78,0.72,0.72,0.78,0.72,0.78,0.78
KIRLOSENG,76,78,85,73,78,78,78,72,85,73,72,78,0.76,0.78,0.85,0.73,0.78,0.78,0.78,0.72,0.85,0.73,0.72,0.78
KITEX,62,82,78,28,62,72,78,25,82,58,78,72,0.62,0.82,0.78,0.28,0.62,0.72,0.78,0.25,0.82,0.58,0.78,0.72
KKCL,78,82,78,62,72,78,84,62,82,72,78,78,0.78,0.82,0.78,0.62,0.72,0.78,0.84,0.62,0.82,0.72,0.78,0.78
KKJEWELS,72,78,70,62,72,72,79,62,78,72,72,72,0.72,0.78,0.7,0.62,0.72,0.72,0.79,0.62,0.78,0.72,0.72,0.72
KMEW,82,82,72,72,78,78,82,72,82,78,72,78,0.82,0.82,0.72,0.72,0.78,0.78,0.82,0.72,0.82,0.78,0.72,0.78
KNAGRI,72,72,72,42,68,62,78,62,72,72,72,62,0.72,0.72,0.72,0.42,0.68,0.62,0.78,0.62,0.72,0.72,0.72,0.62
KNRCON,52,62,72,72,42,42,68,62,72,42,78,62,0.52,0.62,0.72,0.72,0.42,0.42,0.68,0.62,0.72,0.42,0.78,0.62
KOLTEPATIL,68,72,85,73,68,72,72,72,78,72,78,78,0.68,0.72,0.85,0.73,0.68,0.72,0.72,0.72,0.78,0.72,0.78,0.78
KONSTELEC,38,72,74,54,32,42,72,42,72,42,72,42,0.38,0.72,0.74,0.54,0.32,0.42,0.72,0.42,0.72,0.42,0.72,0.42
KONTOR,72,78,72,58,72,72,79,68,82,72,72,72,0.72,0.78,0.72,0.58,0.72,0.72,0.79,0.68,0.82,0.72,0.72,0.72
KORE,52,78,72,59,38,42,78,62,78,62,78,62,0.52,0.78,0.72,0.59,0.38,0.42,0.78,0.62,0.78,0.62,0.78,0.62
KOTAKBANK,72,32,72,69,68,72,72,72,32,62,78,68,0.72,0.32,0.72,0.69,0.68,0.72,0.72,0.72,0.32,0.62,0.78,0.68
KPEL,72,82,78,62,78,78,82,62,78,72,78,78,0.72,0.82,0.78,0.62,0.78,0.78,0.82,0.62,0.78,0.72,0.78,0.78
KPIGREEN,76,78,97,81,78,82,89,72,78,78,72,78,0.76,0.78,0.97,0.81,0.78,0.82,0.89,0.72,0.78,0.78,0.72,0.78
KPIL,58,78,91,65,38,72,78,52,82,42,72,72,0.58,0.78,0.91,0.65,0.38,0.72,0.78,0.52,0.82,0.42,0.72,0.72
KPITTECH,62,42,52,72,62,72,62,62,42,72,72,72,0.62,0.42,0.52,0.72,0.62,0.72,0.62,0.62,0.42,0.72,0.72,0.72
KPRMILL,68,72,62,24,68,62,68,62,72,62,62,72,0.68,0.72,0.62,0.24,0.68,0.62,0.68,0.62,0.72,0.62,0.62,0.72
KRBL,72,78,78,56,72,78,86,42,78,72,78,72,0.72,0.78,0.78,0.56,0.72,0.78,0.86,0.42,0.78,0.72,0.78,0.72
KRIDHANINF,68,72,72,82,62,72,63,62,72,52,68,62,0.68,0.72,0.72,0.82,0.62,0.72,0.63,0.62,0.72,0.52,0.68,0.62
KRISHCA,72,78,82,72,72,72,78,58,78,72,78,72,0.72,0.78,0.82,0.72,0.72,0.72,0.78,0.58,0.78,0.72,0.78,0.72
KRISHIVAL,72,82,62,28,74,78,82,68,72,72,72,72,0.72,0.82,0.62,0.28,0.74,0.78,0.82,0.68,0.72,0.72,0.72,0.72
KRISHNADEF,78,78,70,81,82,82,82,58,76,78,72,78,0.78,0.78,0.7,0.81,0.82,0.82,0.82,0.58,0.76,0.78,0.72,0.78
KRITI,28,22,28,72,15,18,22,58,28,28,78,28,0.28,0.22,0.28,0.72,0.15,0.18,0.22,0.58,0.28,0.28,0.78,0.28
KRN,72,78,72,62,62,76,72,42,72,72,78,74,0.72,0.78,0.72,0.62,0.62,0.76,0.72,0.42,0.72,0.72,0.78,0.74
KROSS,72,72,69,67,68,72,78,72,78,72,78,72,0.72,0.72,0.69,0.67,0.68,0.72,0.78,0.72,0.78,0.72,0.78,0.72
KRSNAA,76,72,74,72,78,78,78,72,72,78,78,78,0.76,0.72,0.74,0.72,0.78,0.78,0.78,0.72,0.72,0.78,0.78,0.78
KRT,62,78,78,28,68,72,78,78,78,72,45,78,0.62,0.78,0.78,0.28,0.68,0.72,0.78,0.78,0.78,0.72,0.45,0.78
KRYSTAL,72,72,72,58,62,68,72,45,72,62,78,62,0.72,0.72,0.72,0.58,0.62,0.68,0.72,0.45,0.72,0.62,0.78,0.62
KSB,76,78,82,48,72,78,82,72,82,72,78,72,0.76,0.78,0.82,0.48,0.72,0.78,0.82,0.72,0.82,0.72,0.78,0.72
KSCL,62,72,78,69,68,72,79,58,72,62,78,72,0.62,0.72,0.78,0.69,0.68,0.72,0.79,0.58,0.72,0.62,0.78,0.72
KSHINTL,72,78,78,42,72,72,78,72,78,72,72,72,0.72,0.78,0.78,0.42,0.72,0.72,0.78,0.72,0.78,0.72,0.72,0.72
KSOLVES,76,78,82,68,78,82,86,68,81,78,78,72,0.76,0.78,0.82,0.68,0.78,0.82,0.86,0.68,0.81,0.78,0.78,0.72
KTKBANK,58,72,62,66,52,58,45,42,72,28,42,62,0.58,0.72,0.62,0.66,0.52,0.58,0.45,0.42,0.72,0.28,0.42,0.62
KUANTUM,72,72,45,79,72,78,62,62,72,72,78,72,0.72,0.72,0.45,0.79,0.72,0.78,0.62,0.62,0.72,0.72,0.78,0.72
LAKSHYA,62,72,78,52,72,72,72,62,72,72,72,72,0.62,0.72,0.78,0.52,0.72,0.72,0.72,0.62,0.72,0.72,0.72,0.72
LALPATHLAB,76,72,75,75,76,78,78,72,78,72,78,78,0.76,0.72,0.75,0.75,0.76,0.78,0.78,0.72,0.78,0.72,0.78,0.78
LANCER,68,74,62,64,62,72,76,42,78,68,72,72,0.68,0.74,0.62,0.64,0.62,0.72,0.76,0.42,0.78,0.68,0.72,0.72
LANDMARK,72,74,78,72,72,72,78,72,78,72,68,72,0.72,0.74,0.78,0.72,0.72,0.72,0.78,0.72,0.78,0.72,0.68,0.72
LASA,68,78,72,53,72,62,87,52,75,72,75,72,0.68,0.78,0.72,0.53,0.72,0.62,0.87,0.52,0.75,0.72,0.75,0.72
LATENTVIEW,68,70,72,69,62,78,62,62,72,72,72,72,0.68,0.7,0.72,0.69,0.62,0.78,0.62,0.62,0.72,0.72,0.72,0.72
LATTEYS,58,87,78,42,58,52,72,42,82,62,72,62,0.58,0.87,0.78,0.42,0.58,0.52,0.72,0.42,0.82,0.62,0.72,0.62
LAURUSLABS,72,82,82,52,72,78,82,52,78,72,72,72,0.72,0.82,0.82,0.52,0.72,0.78,0.82,0.52,0.78,0.72,0.72,0.72
LAXMIDENTL,72,78,71,68,72,78,62,78,78,78,78,78,0.72,0.78,0.71,0.68,0.72,0.78,0.62,0.78,0.78,0.78,0.78,0.78
LAXMIINDIA,72,72,72,54,72,72,78,68,72,72,72,72,0.72,0.72,0.72,0.54,0.72,0.72,0.78,0.68,0.72,0.72,0.72,0.72
LENSKART,82,82,88,64,78,82,89,72,88,78,72,78,0.82,0.82,0.88,0.64,0.78,0.82,0.89,0.72,0.88,0.78,0.72,0.78
LICHSGFIN,58,72,72,55,42,72,76,42,72,42,82,62,0.58,0.72,0.72,0.55,0.42,0.72,0.76,0.42,0.72,0.42,0.82,0.62
LIKHITHA,78,62,62,76,72,72,68,62,54,72,82,72,0.78,0.62,0.62,0.76,0.72,0.72,0.68,0.62,0.54,0.72,0.82,0.72
LINC,68,62,58,75,42,62,86,62,62,68,78,72,0.68,0.62,0.58,0.75,0.42,0.62,0.86,0.62,0.62,0.68,0.78,0.72
LINCOLN,72,72,78,72,72,72,76,72,72,72,78,72,0.72,0.72,0.78,0.72,0.72,0.72,0.76,0.72,0.72,0.72,0.78,0.72
LINDEINDIA,76,78,70,52,72,78,82,42,70,78,82,72,0.76,0.78,0.7,0.52,0.72,0.78,0.82,0.42,0.7,0.78,0.82,0.72
LLOYDSENGG,76,82,88,68,72,78,87,52,82,72,42,72,0.76,0.82,0.88,0.68,0.72,0.78,0.87,0.52,0.82,0.72,0.42,0.72
LMW,68,72,78,54,68,78,78,62,72,72,72,78,0.68,0.72,0.78,0.54,0.68,0.78,0.78,0.62,0.72,0.72,0.72,0.78
LODHA,82,92,69,72,78,78,87,78,88,75,78,78,0.82,0.92,0.69,0.72,0.78,0.78,0.87,0.78,0.88,0.75,0.78,0.78
LOKESHMACH,,72,72,48,62,72,72,72,72,72,78,72,55.40650666666666,0.72,0.72,0.48,0.62,0.72,0.72,0.72,0.72,0.72,0.78,0.72
LORDSCHLO,52,72,72,62,35,32,74,72,72,62,78,68,0.52,0.72,0.72,0.62,0.35,0.32,0.74,0.72,0.72,0.62,0.78,0.68
LOTUSDEV,78,78,82,63,78,74,82,72,72,78,78,78,0.78,0.78,0.82,0.63,0.78,0.74,0.82,0.72,0.72,0.78,0.78,0.78
LOTUSEYE,72,72,78,58,72,72,78,72,78,72,72,72,0.72,0.72,0.78,0.58,0.72,0.72,0.78,0.72,0.78,0.72,0.72,0.72
LRRPL,72,78,82,38,75,78,82,65,78,72,72,72,0.72,0.78,0.82,0.38,0.75,0.78,0.82,0.65,0.78,0.72,0.72,0.72
LT,78,82,82,72,76,78,78,72,82,76,72,78,0.78,0.82,0.82,0.72,0.76,0.78,0.78,0.72,0.82,0.76,0.72,0.78
LTF,78,78,82,72,78,78,87,72,82,75,78,78,0.78,0.78,0.82,0.72,0.78,0.78,0.87,0.72,0.82,0.75,0.78,0.78
LTFOODS,72,78,82,75,68,75,84,58,82,72,78,75,0.72,0.78,0.82,0.75,0.68,0.75,0.84,0.58,0.82,0.72,0.78,0.75
LTIM,76,72,72,68,78,82,78,72,75,72,62,78,0.76,0.72,0.72,0.68,0.78,0.82,0.78,0.72,0.75,0.72,0.62,0.78
LTM,78,78,74,68,78,78,78,72,72,72,78,78,0.78,0.78,0.74,0.68,0.78,0.78,0.78,0.72,0.72,0.72,0.78,0.78
LTTS,72,72,72,72,72,72,78,72,72,72,78,72,0.72,0.72,0.72,0.72,0.72,0.72,0.78,0.72,0.72,0.72,0.78,0.72
LUMAXIND,72,78,82,72,72,76,82,72,82,72,78,72,0.72,0.78,0.82,0.72,0.72,0.76,0.82,0.72,0.82,0.72,0.78,0.72
LUMAXTECH,72,78,78,68,62,72,78,72,78,72,78,78,0.72,0.78,0.78,0.68,0.62,0.72,0.78,0.72,0.78,0.72,0.78,0.78
LUPIN,76,78,94,72,78,76,85,72,78,72,72,78,0.76,0.78,0.94,0.72,0.78,0.76,0.85,0.72,0.78,0.72,0.72,0.78
LUXIND,72,78,78,76,72,78,76,72,78,72,82,72,0.72,0.78,0.78,0.76,0.72,0.78,0.76,0.72,0.78,0.72,0.82,0.72
LYPSAGEMS,72,78,82,42,72,72,82,58,88,72,72,72,0.72,0.78,0.82,0.42,0.72,0.72,0.82,0.58,0.88,0.72,0.72,0.72
M&M,78,82,87,68,78,82,88,72,86,72,72,78,0.78,0.82,0.87,0.68,0.78,0.82,0.88,0.72,0.86,0.72,0.72,0.78
M&MFIN,72,78,72,64,76,78,78,62,78,72,72,72,0.72,0.78,0.72,0.64,0.76,0.78,0.78,0.62,0.78,0.72,0.72,0.72
MAANALU,54,42,42,42,52,38,,68,42,72,75,72,0.54,0.42,0.42,0.42,0.52,0.38,18.66666666666667,0.68,0.42,0.72,0.75,0.72
MACPOWER,72,78,82,72,72,78,82,72,82,78,82,78,0.72,0.78,0.82,0.72,0.72,0.78,0.82,0.72,0.82,0.78,0.82,0.78
MADHAVBAUG,72,82,78,72,72,72,82,38,78,72,78,72,0.72,0.82,0.78,0.72,0.72,0.72,0.82,0.38,0.78,0.72,0.78,0.72
MADHUSUDAN,72,78,82,62,72,72,76,58,78,72,72,72,0.72,0.78,0.82,0.62,0.72,0.72,0.76,0.58,0.78,0.72,0.72,0.72
MAGADSUGAR,28,72,62,72,28,28,78,72,78,48,82,62,0.28,0.72,0.62,0.72,0.28,0.28,0.78,0.72,0.78,0.48,0.82,0.62
MAGNUM,38,72,72,42,32,28,72,45,72,45,76,42,0.38,0.72,0.72,0.42,0.32,0.28,0.72,0.45,0.72,0.45,0.76,0.42
MAHABANK,72,85,82,72,68,72,92,76,82,72,72,72,0.72,0.85,0.82,0.72,0.68,0.72,0.92,0.76,0.82,0.72,0.72,0.72
MAHASTEEL,42,42,62,28,28,28,38,45,62,42,72,42,0.42,0.42,0.62,0.28,0.28,0.28,0.38,0.45,0.62,0.42,0.72,0.42
MAHLIFE,62,72,78,72,62,72,78,72,62,62,72,75,0.62,0.72,0.78,0.72,0.62,0.72,0.78,0.72,0.62,0.62,0.72,0.75
MAHLOG,42,72,68,68,38,38,72,58,68,42,76,62,0.42,0.72,0.68,0.68,0.38,0.38,0.72,0.58,0.68,0.42,0.76,0.62
MAHSEAMLES,62,78,35,66,58,42,72,72,78,35,78,42,0.62,0.78,0.35,0.66,0.58,0.42,0.72,0.72,0.78,0.35,0.78,0.42
MAITHANALL,78,78,72,76,72,72,82,72,78,72,78,72,0.78,0.78,0.72,0.76,0.72,0.72,0.82,0.72,0.78,0.72,0.78,0.72
MAMATA,78,72,72,67,78,78,82,72,78,76,78,76,0.78,0.72,0.72,0.67,0.78,0.78,0.82,0.72,0.78,0.76,0.78,0.76
MANAKCOAT,72,78,73,74,72,78,82,72,78,72,62,82,0.72,0.78,0.73,0.74,0.72,0.78,0.82,0.72,0.78,0.72,0.62,0.82
MANAPPURAM,62,76,82,72,52,62,76,58,82,58,72,64,0.62,0.76,0.82,0.72,0.52,0.62,0.76,0.58,0.82,0.58,0.72,0.64
MANBA,76,78,76,64,82,82,82,72,78,72,78,78,0.76,0.78,0.76,0.64,0.82,0.82,0.82,0.72,0.78,0.72,0.78,0.78
MANCREDIT,62,72,82,42,52,62,72,62,72,52,78,62,0.62,0.72,0.82,0.42,0.52,0.62,0.72,0.62,0.72,0.52,0.78,0.62
MANGALAM,68,72,62,62,62,62,72,58,72,72,72,62,0.68,0.72,0.62,0.62,0.62,0.62,0.72,0.58,0.72,0.72,0.72,0.62
MANGLMCEM,52,42,38,24,52,35,58,35,72,52,72,52,0.52,0.42,0.38,0.24,0.52,0.35,0.58,0.35,0.72,0.52,0.72,0.52
MANINDS,72,78,72,72,72,78,82,72,65,72,72,72,0.72,0.78,0.72,0.72,0.72,0.78,0.82,0.72,0.65,0.72,0.72,0.72
MANINFRA,68,78,78,42,72,72,78,52,78,72,62,72,0.68,0.78,0.78,0.42,0.72,0.72,0.78,0.52,0.78,0.72,0.62,0.72
MANKIND,72,78,78,67,72,78,78,68,78,72,78,78,0.72,0.78,0.78,0.67,0.72,0.78,0.78,0.68,0.78,0.72,0.78,0.78
MANOMAY,72,72,72,68,62,72,72,62,78,68,78,72,0.72,0.72,0.72,0.68,0.62,0.72,0.72,0.62,0.78,0.68,0.78,0.72
MANORAMA,78,82,70,74,78,82,82,72,78,78,72,78,0.78,0.82,0.7,0.74,0.78,0.82,0.82,0.72,0.78,0.78,0.72,0.78
MANORG,72,72,72,58,72,72,78,38,28,68,78,72,0.72,0.72,0.72,0.58,0.72,0.72,0.78,0.38,0.28,0.68,0.78,0.72
MAPMYINDIA,68,62,62,72,58,72,72,72,68,72,72,76,0.68,0.62,0.62,0.72,0.58,0.72,0.72,0.72,0.68,0.72,0.72,0.76
MARATHON,78,78,75,72,78,78,82,72,72,72,72,72,0.78,0.78,0.75,0.72,0.78,0.78,0.82,0.72,0.72,0.72,0.72,0.72
MARICO,72,42,72,72,72,78,33,72,35,78,72,78,0.72,0.42,0.72,0.72,0.72,0.78,0.33,0.72,0.35,0.78,0.72,0.78
MARINE,72,82,72,58,72,76,85,62,72,72,72,72,0.72,0.82,0.72,0.58,0.72,0.76,0.85,0.62,0.72,0.72,0.72,0.72
MARKOLINES,72,78,72,62,72,72,82,58,68,72,72,72,0.72,0.78,0.72,0.62,0.72,0.72,0.82,0.58,0.68,0.72,0.72,0.72
MARKSANS,72,72,72,72,72,78,78,62,72,72,78,72,0.72,0.72,0.72,0.72,0.72,0.78,0.78,0.62,0.72,0.72,0.78,0.72
MARUTI,77,74,72,67,78,78,72,76,72,76,82,87,0.77,0.74,0.72,0.67,0.78,0.78,0.72,0.76,0.72,0.76,0.82,0.87
MASFIN,76,78,82,72,76,82,79,72,82,76,78,78,0.76,0.78,0.82,0.72,0.76,0.82,0.79,0.72,0.82,0.76,0.78,0.78
MASTEK,62,28,28,74,58,72,42,68,62,72,72,72,0.62,0.28,0.28,0.74,0.58,0.72,0.42,0.68,0.62,0.72,0.72,0.72
MATRIMONY,52,38,42,68,38,38,42,42,42,48,78,62,0.52,0.38,0.42,0.68,0.38,0.38,0.42,0.42,0.42,0.48,0.78,0.62
MAXESTATES,68,78,76,72,38,72,72,78,82,72,72,72,0.68,0.78,0.76,0.72,0.38,0.72,0.72,0.78,0.82,0.72,0.72,0.72
MAXHEALTH,72,72,76,58,62,72,84,72,78,72,72,72,0.72,0.72,0.76,0.58,0.62,0.72,0.84,0.72,0.78,0.72,0.72,0.72
MAXVOLT,78,78,72,62,78,82,85,72,78,72,78,78,0.78,0.78,0.72,0.62,0.78,0.82,0.85,0.72,0.78,0.72,0.78,0.78
MAZDA,62,72,72,52,72,72,72,42,72,62,72,62,0.62,0.72,0.72,0.52,0.72,0.72,0.72,0.42,0.72,0.62,0.72,0.62
MAZDOCK,72,78,72,78,72,78,82,72,78,72,78,72,0.72,0.78,0.72,0.78,0.72,0.78,0.82,0.72,0.78,0.72,0.78,0.72
MBAPL,78,82,86,72,78,78,85,62,78,78,78,78,0.78,0.82,0.86,0.72,0.78,0.78,0.85,0.62,0.78,0.78,0.78,0.78
MBEL,72,78,78,63,72,78,78,72,82,72,72,72,0.72,0.78,0.78,0.63,0.72,0.78,0.78,0.72,0.82,0.72,0.72,0.72
MBLINFRA,28,78,62,63,28,28,68,45,87,42,72,42,0.28,0.78,0.62,0.63,0.28,0.28,0.68,0.45,0.87,0.42,0.72,0.42
MCL,72,78,35,58,72,72,78,68,78,72,72,72,0.72,0.78,0.35,0.58,0.72,0.72,0.78,0.68,0.78,0.72,0.72,0.72
MCLOUD,76,74,78,68,78,78,72,62,72,72,72,72,0.76,0.74,0.78,0.68,0.78,0.78,0.72,0.62,0.72,0.72,0.72,0.72
MCON,72,72,72,42,72,78,72,42,72,72,68,72,0.72,0.72,0.72,0.42,0.72,0.78,0.72,0.42,0.72,0.72,0.68,0.72
MCX,82,92,62,72,82,92,89,72,82,82,72,78,0.82,0.92,0.62,0.72,0.82,0.92,0.89,0.72,0.82,0.82,0.72,0.78
MEDANTA,74,72,78,60,72,78,76,62,72,72,82,78,0.74,0.72,0.78,0.6,0.72,0.78,0.76,0.62,0.72,0.72,0.82,0.78
MEDIASSIST,78,82,82,72,78,78,81,72,82,72,35,78,0.78,0.82,0.82,0.72,0.78,0.78,0.81,0.72,0.82,0.72,0.35,0.78
MEDICO,76,82,85,35,72,72,82,52,86,62,62,68,0.76,0.82,0.85,0.35,0.72,0.72,0.82,0.52,0.86,0.62,0.62,0.68
MEDIORG,78,78,82,34,78,82,82,62,78,72,72,72,0.78,0.78,0.82,0.34,0.78,0.82,0.82,0.62,0.78,0.72,0.72,0.72
MEDPLUS,68,72,78,58,72,72,62,62,72,62,72,72,0.68,0.72,0.78,0.58,0.72,0.72,0.62,0.62,0.72,0.62,0.72,0.72
MEESHO,48,72,76,42,28,38,62,68,78,62,72,72,0.48,0.72,0.76,0.42,0.28,0.38,0.62,0.68,0.78,0.62,0.72,0.72
MEGASTAR,76,78,78,54,72,78,72,62,78,72,78,72,0.76,0.78,0.78,0.54,0.72,0.78,0.72,0.62,0.78,0.72,0.78,0.72
MEGATHERM,62,72,72,62,58,68,72,62,72,62,72,72,0.62,0.72,0.72,0.62,0.58,0.68,0.72,0.62,0.72,0.62,0.72,0.72
MENONBE,72,78,72,68,72,72,85,72,72,72,78,72,0.72,0.78,0.72,0.68,0.72,0.72,0.85,0.72,0.72,0.72,0.78,0.72
MEP,68,72,72,62,58,72,72,58,72,68,62,72,0.68,0.72,0.72,0.62,0.58,0.72,0.72,0.58,0.72,0.68,0.62,0.72
METROBRAND,72,78,86,72,78,78,88,72,78,72,78,78,0.72,0.78,0.86,0.72,0.78,0.78,0.88,0.72,0.78,0.72,0.78,0.78
METROPOLIS,78,82,82,76,78,82,82,72,78,72,78,78,0.78,0.82,0.82,0.76,0.78,0.82,0.82,0.72,0.78,0.72,0.78,0.78
MFSL,78,78,87,75,82,82,88,72,82,72,42,78,0.78,0.78,0.87,0.75,0.82,0.82,0.88,0.72,0.82,0.72,0.42,0.78
MGL,72,78,76,66,72,72,78,72,78,68,78,72,0.72,0.78,0.76,0.66,0.72,0.72,0.78,0.72,0.78,0.68,0.78,0.72
MHRIL,72,72,62,55,62,72,72,62,78,72,78,72,0.72,0.72,0.62,0.55,0.62,0.72,0.72,0.62,0.78,0.72,0.78,0.72
MIDHANI,72,78,70,85,72,78,76,62,78,72,78,78,0.72,0.78,0.7,0.85,0.72,0.78,0.76,0.62,0.78,0.72,0.78,0.78
MIDWESTLTD,72,78,78,52,72,78,82,72,78,74,68,78,0.72,0.78,0.78,0.52,0.72,0.78,0.82,0.72,0.78,0.74,0.68,0.78
MINDACORP,76,78,76,68,72,78,78,68,78,72,82,78,0.76,0.78,0.76,0.68,0.72,0.78,0.78,0.68,0.78,0.72,0.82,0.78
MINDSPACE,72,78,78,73,72,78,82,72,78,72,72,72,0.72,0.78,0.78,0.73,0.72,0.78,0.82,0.72,0.78,0.72,0.72,0.72
MIRCELECTR,42,38,35,52,28,28,32,42,62,28,62,28,0.42,0.38,0.35,0.52,0.28,0.28,0.32,0.42,0.62,0.28,0.62,0.28
MMFL,62,68,38,72,58,72,52,62,72,72,78,72,0.62,0.68,0.38,0.72,0.58,0.72,0.52,0.62,0.72,0.72,0.78,0.72
MMP,76,62,72,78,78,78,62,62,72,72,78,78,0.76,0.62,0.72,0.78,0.78,0.78,0.62,0.62,0.72,0.72,0.78,0.78
MODINATUR,72,89,72,78,72,72,82,72,72,72,78,72,0.72,0.89,0.72,0.78,0.72,0.72,0.82,0.72,0.72,0.72,0.78,0.72
MODIS,78,82,72,62,78,78,91,72,72,72,78,76,0.78,0.82,0.72,0.62,0.78,0.78,0.91,0.72,0.72,0.72,0.78,0.76
MODISONLTD,62,82,78,72,68,72,82,62,78,72,78,72,0.62,0.82,0.78,0.72,0.68,0.72,0.82,0.62,0.78,0.72,0.78,0.72
MOIL,72,78,78,54,72,72,82,72,82,72,78,72,0.72,0.78,0.78,0.54,0.72,0.72,0.82,0.72,0.82,0.72,0.78,0.72
MOKSH,52,72,62,38,58,52,72,32,72,52,62,62,0.52,0.72,0.62,0.38,0.58,0.52,0.72,0.32,0.72,0.52,0.62,0.62
MOLDTECH,72,78,78,56,72,72,78,42,78,72,72,68,0.72,0.78,0.78,0.56,0.72,0.72,0.78,0.42,0.78,0.72,0.72,0.68
MOLDTKPAC,72,78,72,76,72,78,76,72,72,72,72,75,0.72,0.78,0.72,0.76,0.72,0.78,0.76,0.72,0.72,0.72,0.72,0.75
MONEYBOXX,72,72,76,72,62,72,78,72,72,72,72,72,0.72,0.72,0.76,0.72,0.62,0.72,0.78,0.72,0.72,0.72,0.72,0.72
MONOLITH,78,82,78,65,78,78,85,72,78,76,72,82,0.78,0.82,0.78,0.65,0.78,0.78,0.85,0.72,0.78,0.76,0.72,0.82
MONTECARLO,52,72,78,71,28,42,82,62,72,62,82,62,0.52,0.72,0.78,0.71,0.28,0.42,0.82,0.62,0.72,0.62,0.82,0.62
MOS,72,78,78,42,72,72,78,58,,62,62,72,0.72,0.78,0.78,0.42,0.72,0.72,0.78,0.58,44324030002.8663,0.62,0.62,0.72
MOSCHIP,72,78,78,38,72,72,78,72,78,72,45,72,0.72,0.78,0.78,0.38,0.72,0.72,0.78,0.72,0.78,0.72,0.45,0.72
MOTHERSON,72,72,92,72,68,72,82,72,72,72,72,82,0.72,0.72,0.92,0.72,0.68,0.72,0.82,0.72,0.72,0.72,0.72,0.82
MOTILALOFS,82,82,78,73,78,82,76,78,82,78,72,88,0.82,0.82,0.78,0.73,0.78,0.82,0.76,0.78,0.82,0.78,0.72,0.88
MPSLTD,82,72,72,72,78,78,92,62,72,78,82,78,0.82,0.72,0.72,0.72,0.78,0.78,0.92,0.62,0.72,0.78,0.82,0.78
MSTCLTD,52,77,72,48,58,55,91,38,72,42,78,58,0.52,0.77,0.72,0.48,0.58,0.55,0.91,0.38,0.72,0.42,0.78,0.58
MSUMI,72,78,78,68,72,72,78,72,78,68,78,76,0.72,0.78,0.78,0.68,0.72,0.72,0.78,0.72,0.78,0.68,0.78,0.76
MTARTECH,72,82,78,67,72,78,78,62,82,78,62,78,0.72,0.82,0.78,0.67,0.72,0.78,0.78,0.62,0.82,0.78,0.62,0.78
MTEDUCARE,68,72,79,44,68,72,72,58,72,62,78,72,0.68,0.72,0.79,0.44,0.68,0.72,0.72,0.58,0.72,0.62,0.78,0.72
MUFTI,42,68,68,78,28,28,72,52,72,42,78,38,0.42,0.68,0.68,0.78,0.28,0.28,0.72,0.52,0.72,0.42,0.78,0.38
MUKANDLTD,52,42,68,42,42,42,62,62,72,52,78,42,0.52,0.42,0.68,0.42,0.42,0.42,0.62,0.62,0.72,0.52,0.78,0.42
MUKKA,62,72,78,42,52,72,62,72,78,68,78,72,0.62,0.72,0.78,0.42,0.52,0.72,0.62,0.72,0.78,0.68,0.78,0.72
MUKTAARTS,38,62,68,42,28,28,68,62,72,28,78,32,0.38,0.62,0.68,0.42,0.28,0.28,0.68,0.62,0.72,0.28,0.78,0.32
MUNISH,62,78,72,52,72,72,78,42,78,62,58,72,0.62,0.78,0.72,0.52,0.72,0.72,0.78,0.42,0.78,0.62,0.58,0.72
MUTHOOTFIN,78,72,76,72,78,78,28,72,72,78,82,82,0.78,0.72,0.76,0.72,0.78,0.78,0.28,0.72,0.72,0.78,0.82,0.82
MUTHOOTMF,78,72,78,79,72,72,62,72,72,72,82,72,0.78,0.72,0.78,0.79,0.72,0.72,0.62,0.72,0.72,0.72,0.82,0.72
MVGJL,72,82,79,62,78,78,82,72,78,72,78,72,0.72,0.82,0.79,0.62,0.78,0.78,0.82,0.72,0.78,0.72,0.78,0.72
MYMUDRA,72,72,68,24,72,72,76,42,78,68,72,62,0.72,0.72,0.68,0.24,0.72,0.72,0.76,0.42,0.78,0.68,0.72,0.62
NACLIND,42,38,28,72,28,28,62,72,32,42,72,38,0.42,0.38,0.28,0.72,0.28,0.28,0.62,0.72,0.32,0.42,0.72,0.38
NAM-INDIA,,78,82,72,72,82,82,72,78,78,73,78,45.14446666666667,0.78,0.82,0.72,0.72,0.82,0.82,0.72,0.78,0.78,0.73,0.78
NAMAN,68,78,82,28,62,72,82,45,82,72,62,72,0.68,0.78,0.82,0.28,0.62,0.72,0.82,0.45,0.82,0.72,0.62,0.72
NAMOEWASTE,76,78,82,56,76,78,82,72,78,72,78,72,0.76,0.78,0.82,0.56,0.76,0.78,0.82,0.72,0.78,0.72,0.78,0.72
NARMADA,72,72,71,52,72,72,72,45,72,62,72,68,0.72,0.72,0.71,0.52,0.72,0.72,0.72,0.45,0.72,0.62,0.72,0.68
NATCAPSUQ,28,22,28,72,18,18,18,62,38,28,72,28,0.28,0.22,0.28,0.72,0.18,0.18,0.18,0.62,0.38,0.28,0.72,0.28
NATCOPHARM,72,78,71,72,72,72,82,68,72,68,72,72,0.72,0.78,0.71,0.72,0.72,0.72,0.82,0.68,0.72,0.68,0.72,0.72
NATHBIOGEN,76,78,78,72,76,78,82,68,82,72,78,72,0.76,0.78,0.78,0.72,0.76,0.78,0.82,0.68,0.82,0.72,0.78,0.72
NAUKRI,72,78,86,72,72,72,78,62,72,68,78,72,0.72,0.78,0.86,0.72,0.72,0.72,0.78,0.62,0.72,0.68,0.78,0.72
NAVA,72,78,72,68,72,72,82,72,78,72,78,78,0.72,0.78,0.72,0.68,0.72,0.72,0.82,0.72,0.78,0.72,0.78,0.78
NAVINFLUOR,78,88,78,28,78,87,88,72,82,76,72,82,0.78,0.88,0.78,0.28,0.78,0.87,0.88,0.72,0.82,0.76,0.72,0.82
NAVKARCORP,72,78,72,72,72,78,78,72,78,72,78,76,0.72,0.78,0.72,0.72,0.72,0.78,0.78,0.72,0.78,0.72,0.78,0.76
NAVNETEDUL,28,32,53,68,28,28,58,45,32,28,78,42,0.28,0.32,0.53,0.68,0.28,0.28,0.58,0.45,0.32,0.28,0.78,0.42
NAZARA,62,72,72,72,45,62,78,72,78,72,72,72,0.62,0.72,0.72,0.72,0.45,0.62,0.78,0.72,0.78,0.72,0.72,0.72
NBCC,52,78,72,68,28,62,78,42,78,28,78,72,0.52,0.78,0.72,0.68,0.28,0.62,0.78,0.42,0.78,0.28,0.78,0.72
NCC,52,62,72,52,52,52,72,38,72,38,72,42,0.52,0.62,0.72,0.52,0.52,0.52,0.72,0.38,0.72,0.38,0.72,0.42
NDRAUTO,76,72,73,74,72,78,76,72,72,72,78,72,0.76,0.72,0.73,0.74,0.72,0.78,0.76,0.72,0.72,0.72,0.78,0.72
NECCLTD,42,68,62,44,42,42,64,58,72,42,72,42,0.42,0.68,0.62,0.44,0.42,0.42,0.64,0.58,0.72,0.42,0.72,0.42
NECLIFE,68,72,81,42,72,72,78,72,72,62,72,72,0.68,0.72,0.81,0.42,0.72,0.72,0.78,0.72,0.72,0.62,0.72,0.72
NELCAST,58,62,62,56,42,62,77,72,72,62,78,68,0.58,0.62,0.62,0.56,0.42,0.62,0.77,0.72,0.72,0.62,0.78,0.68
NEOCHEM,72,74,78,58,72,72,78,62,76,72,52,72,0.72,0.74,0.78,0.58,0.72,0.72,0.78,0.62,0.76,0.72,0.52,0.72
NEOGEN,62,72,73,68,42,72,62,48,78,72,72,72,0.62,0.72,0.73,0.68,0.42,0.72,0.62,0.48,0.78,0.72,0.72,0.72
NEPHROCARE,58,72,71,52,62,72,72,62,72,68,72,72,0.58,0.72,0.71,0.52,0.62,0.72,0.72,0.62,0.72,0.68,0.72,0.72
NESCO,72,78,62,58,75,72,78,68,62,68,82,72,0.72,0.78,0.62,0.58,0.75,0.72,0.78,0.68,0.62,0.68,0.82,0.72
NESTLEIND,76,78,79,66,72,78,87,72,78,72,82,78,0.76,0.78,0.79,0.66,0.72,0.78,0.87,0.72,0.78,0.72,0.82,0.78
NETWEB,76,82,82,55,78,82,82,72,88,78,72,78,0.76,0.82,0.82,0.55,0.78,0.82,0.82,0.72,0.88,0.78,0.72,0.78
NEULANDLAB,54,68,72,76,42,38,72,62,58,62,78,62,0.54,0.68,0.72,0.76,0.42,0.38,0.72,0.62,0.58,0.62,0.78,0.62
NEWGEN,72,75,72,62,72,78,62,72,71,72,72,72,0.72,0.75,0.72,0.62,0.72,0.78,0.62,0.72,0.71,0.72,0.72,0.72
NGLFINE,72,82,72,62,72,78,82,62,78,72,82,72,0.72,0.82,0.72,0.62,0.72,0.78,0.82,0.62,0.78,0.72,0.82,0.72
NHIT,68,62,38,62,72,68,78,72,62,72,62,72,0.68,0.62,0.38,0.62,0.72,0.68,0.78,0.72,0.62,0.72,0.62,0.72
NHPC,72,87,72,59,62,72,78,72,84,72,78,72,0.72,0.87,0.72,0.59,0.62,0.72,0.78,0.72,0.84,0.72,0.78,0.72
NIACL,62,72,82,72,52,62,72,68,,62,82,68,0.62,0.72,0.82,0.72,0.52,0.62,0.72,0.68,12412.5208,0.62,0.82,0.68
NIITLTD,52,42,42,73,42,58,62,62,38,42,72,68,0.52,0.42,0.42,0.73,0.42,0.58,0.62,0.62,0.38,0.42,0.72,0.68
NIITMTS,72,78,80,68,72,72,79,68,78,72,72,72,0.72,0.78,0.8,0.68,0.72,0.72,0.79,0.68,0.78,0.72,0.72,0.72
NIKITA,72,72,78,48,72,72,78,72,78,68,65,72,0.72,0.72,0.78,0.48,0.72,0.72,0.78,0.72,0.78,0.68,0.65,0.72
NILAINFRA,28,42,62,72,22,25,62,42,72,28,78,28,0.28,0.42,0.62,0.72,0.22,0.25,0.62,0.42,0.72,0.28,0.78,0.28
NILASPACES,42,28,62,42,32,28,58,45,32,45,72,32,0.42,0.28,0.62,0.42,0.32,0.28,0.58,0.45,0.32,0.45,0.72,0.32
NINSYS,82,87,78,38,72,82,87,72,88,78,75,78,0.82,0.87,0.78,0.38,0.72,0.82,0.87,0.72,0.88,0.78,0.75,0.78
NIPPOBATRY,68,62,67,28,62,42,72,42,72,58,78,62,0.68,0.62,0.67,0.28,0.62,0.42,0.72,0.42,0.72,0.58,0.78,0.62
NIRMAN,72,78,82,61,72,82,88,72,78,72,58,72,0.72,0.78,0.82,0.61,0.72,0.82,0.88,0.72,0.78,0.72,0.58,0.72
NITCO,42,72,78,38,28,42,42,45,78,62,45,42,0.42,0.72,0.78,0.38,0.28,0.42,0.42,0.45,0.78,0.62,0.45,0.42
NITIRAJ,72,85,78,32,72,78,92,62,76,72,72,78,0.72,0.85,0.78,0.32,0.72,0.78,0.92,0.62,0.76,0.72,0.72,0.78
NIVABUPA,72,78,78,78,72,78,82,72,82,72,72,78,0.72,0.78,0.78,0.78,0.72,0.78,0.82,0.72,0.82,0.72,0.72,0.78
NLCINDIA,76,78,78,62,78,78,92,72,78,72,78,78,0.76,0.78,0.78,0.62,0.78,0.78,0.92,0.72,0.78,0.72,0.78,0.78
NMSTEEL,62,72,62,58,58,62,72,62,78,62,72,62,0.62,0.72,0.62,0.58,0.58,0.62,0.72,0.62,0.78,0.62,0.72,0.62
NOCIL,52,58,60,74,42,42,52,62,57,52,72,54,0.52,0.58,0.6,0.74,0.42,0.42,0.52,0.62,0.57,0.52,0.72,0.54
NOIDATOLL,42,62,72,28,68,68,72,35,62,42,62,32,0.42,0.62,0.72,0.28,0.68,0.68,0.72,0.35,0.62,0.42,0.62,0.32
NPST,88,78,74,74,85,92,82,62,78,78,62,78,0.88,0.78,0.74,0.74,0.85,0.92,0.82,0.62,0.78,0.78,0.62,0.78
NRBBEARING,72,78,72,62,72,72,78,72,78,72,78,72,0.72,0.78,0.72,0.62,0.72,0.72,0.78,0.72,0.78,0.72,0.78,0.72
NTPC,72,78,78,65,72,78,78,72,72,72,78,78,0.72,0.78,0.78,0.65,0.72,0.78,0.78,0.72,0.72,0.72,0.78,0.78
NURECA,28,62,72,34,28,28,32,62,72,42,78,42,0.28,0.62,0.72,0.34,0.28,0.28,0.32,0.62,0.72,0.42,0.78,0.42
NUVAMA,78,78,78,71,78,78,82,72,78,78,78,82,0.78,0.78,0.78,0.71,0.78,0.78,0.82,0.72,0.78,0.78,0.78,0.82
NUVOCO,72,72,72,68,45,72,72,72,78,68,78,72,0.72,0.72,0.72,0.68,0.45,0.72,0.72,0.72,0.78,0.68,0.78,0.72
NXST,78,78,82,72,78,78,86,78,78,78,72,78,0.78,0.78,0.82,0.72,0.78,0.78,0.86,0.78,0.78,0.78,0.72,0.78
NYKAA,72,82,82,62,68,72,72,62,82,28,72,72,0.72,0.82,0.82,0.62,0.68,0.72,0.72,0.62,0.82,0.28,0.72,0.72
OAL,32,42,58,71,28,28,42,72,72,42,78,58,0.32,0.42,0.58,0.71,0.28,0.28,0.42,0.72,0.72,0.42,0.78,0.58
OBCL,58,72,48,38,52,42,72,62,72,62,78,62,0.58,0.72,0.48,0.38,0.52,0.42,0.72,0.62,0.72,0.62,0.78,0.62
OBSCP,78,82,72,58,78,78,78,72,82,72,72,78,0.78,0.82,0.72,0.58,0.78,0.78,0.78,0.72,0.82,0.72,0.72,0.78
OCCL,62,72,28,72,62,62,72,62,62,62,78,68,0.62,0.72,0.28,0.72,0.62,0.62,0.72,0.62,0.62,0.62,0.78,0.68
OCCLLTD,68,72,32,41,72,72,73,62,72,58,78,62,0.68,0.72,0.32,0.41,0.72,0.72,0.73,0.62,0.72,0.58,0.78,0.62
OIL,72,62,72,68,72,78,72,62,84,72,78,72,0.72,0.62,0.72,0.68,0.72,0.78,0.72,0.62,0.84,0.72,0.78,0.72
OLAELEC,42,34,72,72,28,28,72,72,28,72,72,72,0.42,0.34,0.72,0.72,0.28,0.28,0.72,0.72,0.28,0.72,0.72,0.72
OLECTRA,72,78,72,32,62,78,72,28,78,62,72,58,0.72,0.78,0.72,0.32,0.62,0.78,0.72,0.28,0.78,0.62,0.72,0.58
OMINFRAL,68,72,78,63,58,72,68,62,72,72,78,72,0.68,0.72,0.78,0.63,0.58,0.72,0.68,0.62,0.72,0.72,0.78,0.72
OMKARCHEM,65,72,62,58,72,68,78,58,72,62,58,72,0.65,0.72,0.62,0.58,0.72,0.68,0.78,0.58,0.72,0.62,0.58,0.72
OMNI,78,82,72,28,78,82,82,45,78,72,62,78,0.78,0.82,0.72,0.28,0.78,0.82,0.82,0.45,0.78,0.72,0.62,0.78
ONESOURCE,72,78,78,52,62,62,82,42,78,62,42,72,0.72,0.78,0.78,0.52,0.62,0.62,0.82,0.42,0.78,0.62,0.42,0.72
ONWARDTEC,72,78,72,72,72,78,82,52,85,68,72,72,0.72,0.78,0.72,0.72,0.72,0.78,0.82,0.52,0.85,0.68,0.72,0.72
OPTIEMUS,68,78,72,52,62,62,78,42,82,58,72,72,0.68,0.78,0.72,0.52,0.62,0.62,0.78,0.42,0.82,0.58,0.72,0.72
ORCHPHARMA,42,18,71,56,32,32,28,48,15,38,78,42,0.42,0.18,0.71,0.56,0.32,0.32,0.28,0.48,0.15,0.38,0.78,0.42
ORIANA,72,88,92,67,72,72,78,62,88,72,78,72,0.72,0.88,0.92,0.67,0.72,0.72,0.78,0.62,0.88,0.72,0.78,0.72
ORICONENT,62,58,54,67,54,72,62,52,62,62,76,72,0.62,0.58,0.54,0.67,0.54,0.72,0.62,0.52,0.62,0.62,0.76,0.72
ORIENTBELL,76,78,52,75,72,78,78,58,62,72,78,72,0.76,0.78,0.52,0.75,0.72,0.78,0.78,0.58,0.62,0.72,0.78,0.72
ORIENTCEM,78,82,72,45,78,78,92,72,82,72,78,78,0.78,0.82,0.72,0.45,0.78,0.78,0.92,0.72,0.82,0.72,0.78,0.78
ORIENTELEC,68,72,55,64,58,62,72,58,76,62,72,72,0.68,0.72,0.55,0.64,0.58,0.62,0.72,0.58,0.76,0.62,0.72,0.72
ORKLAINDIA,72,72,78,32,72,72,78,45,78,68,72,72,0.72,0.72,0.78,0.32,0.72,0.72,0.78,0.45,0.78,0.68,0.72,0.72
ORTEL,72,72,78,58,68,72,74,58,78,62,72,62,0.72,0.72,0.78,0.58,0.68,0.72,0.74,0.58,0.78,0.62,0.72,0.62
OSELDEVICE,68,,72,45,68,72,78,62,76,68,72,72,0.68,662.4248333333335,0.72,0.45,0.68,0.72,0.78,0.62,0.76,0.68,0.72,0.72
OSWALPUMPS,72,78,82,62,78,78,78,72,82,72,78,78,0.72,0.78,0.82,0.62,0.78,0.78,0.78,0.72,0.82,0.72,0.78,0.78
OWAIS,76,78,35,38,78,78,73,62,62,72,72,72,0.76,0.78,0.35,0.38,0.78,0.78,0.73,0.62,0.62,0.72,0.72,0.72
PACEDIGITK,78,78,72,58,72,72,78,45,78,72,72,72,0.78,0.78,0.72,0.58,0.72,0.72,0.78,0.45,0.78,0.72,0.72,0.72
PAGEIND,52,76,58,72,42,35,72,72,62,62,72,62,0.52,0.76,0.58,0.72,0.42,0.35,0.72,0.72,0.62,0.62,0.72,0.62
PAISALO,75,82,84,72,72,78,82,62,82,72,42,78,0.75,0.82,0.84,0.72,0.72,0.78,0.82,0.62,0.82,0.72,0.42,0.78
PAKKA,52,22,42,69,28,32,28,62,72,62,72,62,0.52,0.22,0.42,0.69,0.28,0.32,0.28,0.62,0.72,0.62,0.72,0.62
PANACHE,72,82,78,69,72,78,82,62,78,72,72,72,0.72,0.82,0.78,0.69,0.72,0.78,0.82,0.62,0.78,0.72,0.72,0.72
PANAMAPET,72,78,72,72,72,72,85,72,72,72,78,78,0.72,0.78,0.72,0.72,0.72,0.72,0.85,0.72,0.72,0.72,0.78,0.78
PARACABLES,62,62,78,75,52,68,58,68,78,62,78,72,0.62,0.62,0.78,0.75,0.52,0.68,0.58,0.68,0.78,0.62,0.78,0.72
PARADEEP,72,78,74,72,72,78,78,72,78,72,78,72,0.72,0.78,0.74,0.72,0.72,0.78,0.78,0.72,0.78,0.72,0.78,0.72
PARAGMILK,72,72,74,48,72,72,72,68,72,72,72,72,0.72,0.72,0.74,0.48,0.72,0.72,0.72,0.68,0.72,0.72,0.72,0.72
PARAGON,78,72,72,38,72,72,78,62,72,72,72,72,0.78,0.72,0.72,0.38,0.72,0.72,0.78,0.62,0.72,0.72,0.72,0.72
PARAMATRIX,78,82,72,28,78,78,88,62,78,78,72,72,0.78,0.82,0.72,0.28,0.78,0.78,0.88,0.62,0.78,0.78,0.72,0.72
PARKHOSPS,76,72,76,52,72,75,78,45,78,72,72,72,0.76,0.72,0.76,0.52,0.72,0.75,0.78,0.45,0.78,0.72,0.72,0.72
PARKHOTELS,72,82,78,72,68,72,85,72,82,72,82,78,0.72,0.82,0.78,0.72,0.68,0.72,0.85,0.72,0.82,0.72,0.82,0.78
PARTH,78,78,79,54,72,72,78,72,78,72,62,76,0.78,0.78,0.79,0.54,0.72,0.72,0.78,0.72,0.78,0.72,0.62,0.76
PATANJALI,72,78,78,72,72,78,78,68,78,72,72,78,0.72,0.78,0.78,0.72,0.72,0.78,0.78,0.68,0.78,0.72,0.72,0.78
PATELENG,62,78,82,72,62,68,72,62,,58,68,62,0.62,0.78,0.82,0.72,0.62,0.68,0.72,0.62,140193700000075.1,0.58,0.68,0.62
PATELRMART,72,78,78,48,72,76,79,72,78,72,62,72,0.72,0.78,0.78,0.48,0.72,0.76,0.79,0.72,0.78,0.72,0.62,0.72
PATILAUTOM,68,78,78,28,68,72,76,62,78,72,62,72,0.68,0.78,0.78,0.28,0.68,0.72,0.76,0.62,0.78,0.72,0.62,0.72
PATINTLOG,58,68,64,49,38,42,72,42,72,42,72,42,0.58,0.68,0.64,0.49,0.38,0.42,0.72,0.42,0.72,0.42,0.72,0.42
PAVNAIND,58,62,72,62,32,58,62,62,72,62,72,62,0.58,0.62,0.72,0.62,0.32,0.58,0.62,0.62,0.72,0.62,0.72,0.62
PCBL,72,72,42,72,72,72,71,62,72,72,78,72,0.72,0.72,0.42,0.72,0.72,0.72,0.71,0.62,0.72,0.72,0.78,0.72
PCCL,42,62,70,22,28,28,62,62,72,58,75,62,0.42,0.62,0.7,0.22,0.28,0.28,0.62,0.62,0.72,0.58,0.75,0.62
PELATRO,75,82,78,62,78,78,85,62,78,72,72,78,0.75,0.82,0.78,0.62,0.78,0.78,0.85,0.62,0.78,0.72,0.72,0.78
PENIND,72,78,78,38,72,78,78,72,78,72,72,72,0.72,0.78,0.78,0.38,0.72,0.78,0.78,0.72,0.78,0.72,0.72,0.72
PERFECT,45,62,28,52,25,25,50,45,62,68,72,62,0.45,0.62,0.28,0.52,0.25,0.25,0.5,0.45,0.62,0.68,0.72,0.62
PERSISTENT,72,78,78,72,72,78,78,78,82,78,72,78,0.72,0.78,0.78,0.72,0.72,0.78,0.78,0.78,0.82,0.78,0.72,0.78
PFC,76,82,78,62,78,78,85,72,78,72,78,78,0.76,0.82,0.78,0.62,0.78,0.78,0.85,0.72,0.78,0.72,0.78,0.78
PFOCUS,62,78,82,48,42,62,72,72,78,72,62,72,0.62,0.78,0.82,0.48,0.42,0.62,0.72,0.72,0.78,0.72,0.62,0.72
PFS,62,78,42,48,72,72,78,62,78,68,78,72,0.62,0.78,0.42,0.48,0.72,0.72,0.78,0.62,0.78,0.68,0.78,0.72
PGEL,68,72,82,72,62,72,82,62,78,68,62,78,0.68,0.72,0.82,0.72,0.62,0.72,0.82,0.62,0.78,0.68,0.62,0.78
PGHH,82,78,72,67,78,78,78,72,72,72,82,78,0.82,0.78,0.72,0.67,0.78,0.78,0.78,0.72,0.72,0.72,0.82,0.78
PGHL,72,78,79,62,72,76,82,62,78,72,82,62,0.72,0.78,0.79,0.62,0.72,0.76,0.82,0.62,0.78,0.72,0.82,0.62
PGIL,82,72,74,72,78,78,74,62,72,72,68,78,0.82,0.72,0.74,0.72,0.78,0.78,0.74,0.62,0.72,0.72,0.68,0.78
PGINVIT,72,72,62,79,72,72,72,78,78,72,72,72,0.72,0.72,0.62,0.79,0.72,0.72,0.72,0.78,0.78,0.72,0.72,0.72
PHANTOMFX,72,78,72,76,72,78,78,72,72,72,62,72,0.72,0.78,0.72,0.76,0.72,0.78,0.78,0.72,0.72,0.72,0.62,0.72
PHOENIXLTD,78,78,78,72,62,72,78,68,78,42,78,72,0.78,0.78,0.78,0.72,0.62,0.72,0.78,0.68,0.78,0.42,0.78,0.72
PICCADIL,72,82,72,42,72,72,88,68,78,72,72,72,0.72,0.82,0.72,0.42,0.72,0.72,0.88,0.68,0.78,0.72,0.72,0.72
PIDILITIND,72,74,82,68,78,78,79,72,74,72,78,78,0.72,0.74,0.82,0.68,0.78,0.78,0.79,0.72,0.74,0.72,0.78,0.78
PIGL,52,78,78,32,42,72,68,58,82,72,72,72,0.52,0.78,0.78,0.32,0.42,0.72,0.68,0.58,0.82,0.72,0.72,0.72
PILITA,72,78,72,38,72,72,78,62,72,68,75,72,0.72,0.78,0.72,0.38,0.72,0.72,0.78,0.62,0.72,0.68,0.75,0.72
PINELABS,78,82,88,28,78,78,82,62,92,78,72,76,0.78,0.82,0.88,0.28,0.78,0.78,0.82,0.62,0.92,0.78,0.72,0.76
PIONEEREMB,68,72,82,42,72,72,78,42,72,68,72,72,0.68,0.72,0.82,0.42,0.72,0.72,0.78,0.42,0.72,0.68,0.72,0.72
PLATIND,52,72,72,72,35,42,78,72,72,68,78,72,0.52,0.72,0.72,0.72,0.35,0.42,0.78,0.72,0.72,0.68,0.78,0.72
PNB,72,78,82,62,72,72,82,72,82,72,78,72,0.72,0.78,0.82,0.62,0.72,0.72,0.82,0.72,0.82,0.72,0.78,0.72
PNBHOUSING,78,78,78,68,78,82,78,68,,72,72,78,0.78,0.78,0.78,0.68,0.78,0.82,0.78,0.68,772000825.9925002,0.72,0.72,0.78
PNCINFRA,72,78,76,68,76,78,72,62,78,72,78,72,0.72,0.78,0.76,0.68,0.76,0.78,0.72,0.62,0.78,0.72,0.78,0.72
PNGJL,72,78,85,72,72,78,78,72,82,72,78,78,0.72,0.78,0.85,0.72,0.72,0.78,0.78,0.72,0.82,0.72,0.78,0.78
PNGSREVA,58,72,69,28,62,58,78,45,72,62,62,62,0.58,0.72,0.69,0.28,0.62,0.58,0.78,0.45,0.72,0.62,0.62,0.62
POCL,72,78,72,65,72,72,88,62,78,72,72,72,0.72,0.78,0.72,0.65,0.72,0.72,0.88,0.62,0.78,0.72,0.72,0.72
POKARNA,72,72,52,68,76,78,68,62,97,72,72,72,0.72,0.72,0.52,0.68,0.76,0.78,0.68,0.62,0.97,0.72,0.72,0.72
POLICYBZR,72,87,78,72,78,82,79,72,88,72,72,82,0.72,0.87,0.78,0.72,0.78,0.82,0.79,0.72,0.88,0.72,0.72,0.82
POLYCAB,78,78,74,72,78,87,82,72,78,78,72,82,0.78,0.78,0.74,0.72,0.78,0.87,0.82,0.72,0.78,0.78,0.72,0.82
POLYMED,78,78,78,68,72,82,72,72,78,78,78,78,0.78,0.78,0.78,0.68,0.72,0.82,0.72,0.72,0.78,0.78,0.78,0.78
POLYPLEX,62,72,72,62,62,72,68,72,72,72,78,72,0.62,0.72,0.72,0.62,0.62,0.72,0.68,0.72,0.72,0.72,0.78,0.72
POONAWALLA,62,82,82,72,28,28,82,62,82,35,72,32,0.62,0.82,0.82,0.72,0.28,0.28,0.82,0.62,0.82,0.35,0.72,0.32
POSITRON,62,52,72,32,58,58,72,42,42,62,72,62,0.62,0.52,0.72,0.32,0.58,0.58,0.72,0.42,0.42,0.62,0.72,0.62
POWERGRID,74,78,53,72,78,82,76,72,78,72,82,78,0.74,0.78,0.53,0.72,0.78,0.82,0.76,0.72,0.78,0.72,0.82,0.78
POWERINDIA,76,78,78,72,75,78,78,72,78,78,72,78,0.76,0.78,0.78,0.72,0.75,0.78,0.78,0.72,0.78,0.78,0.72,0.78
PPAP,28,28,62,74,28,32,28,72,62,48,78,62,0.28,0.28,0.62,0.74,0.28,0.32,0.28,0.72,0.62,0.48,0.78,0.62
PPL,78,78,72,28,72,72,85,62,78,72,72,72,0.78,0.78,0.72,0.28,0.72,0.72,0.85,0.62,0.78,0.72,0.72,0.72
PPLPHARMA,72,72,72,69,68,72,78,72,72,62,78,72,0.72,0.72,0.72,0.69,0.68,0.72,0.78,0.72,0.72,0.62,0.78,0.72
PRAJIND,42,28,78,71,42,28,42,62,62,52,78,62,0.42,0.28,0.78,0.71,0.42,0.28,0.42,0.62,0.62,0.52,0.78,0.62
PRAKASH,72,78,72,61,72,78,74,62,78,72,72,72,0.72,0.78,0.72,0.61,0.72,0.78,0.74,0.62,0.78,0.72,0.72,0.72
PRAMARA,72,78,86,38,72,78,76,62,78,72,42,72,0.72,0.78,0.86,0.38,0.72,0.78,0.76,0.62,0.78,0.72,0.42,0.72
PRANIK,72,76,78,63,72,78,78,62,78,68,76,72,0.72,0.76,0.78,0.63,0.72,0.78,0.78,0.62,0.78,0.68,0.76,0.72
PRECOT,42,78,72,71,28,32,78,42,72,48,78,42,0.42,0.78,0.72,0.71,0.28,0.32,0.78,0.42,0.72,0.48,0.78,0.42
PREMEXPLN,78,62,42,68,75,78,62,62,62,78,78,72,0.78,0.62,0.42,0.68,0.75,0.78,0.62,0.62,0.62,0.78,0.78,0.72
PREMIERENE,72,72,78,73,62,72,82,62,78,72,72,78,0.72,0.72,0.78,0.73,0.62,0.72,0.82,0.62,0.78,0.72,0.72,0.78
PRESTIGE,72,92,82,62,62,78,85,72,92,72,76,78,0.72,0.92,0.82,0.62,0.62,0.78,0.85,0.72,0.92,0.72,0.76,0.78
PRICOLLTD,72,82,87,68,72,78,84,72,82,72,78,72,0.72,0.82,0.87,0.68,0.72,0.78,0.84,0.72,0.82,0.72,0.78,0.72
PRIMECAB,72,78,87,38,72,72,78,72,82,72,72,72,0.72,0.78,0.87,0.38,0.72,0.72,0.78,0.72,0.82,0.72,0.72,0.72
PRINCEPIPE,52,32,38,72,42,42,42,62,18,68,82,72,0.52,0.32,0.38,0.72,0.42,0.42,0.42,0.62,0.18,0.68,0.82,0.72
PRITIKA,72,78,78,42,72,72,78,58,78,72,72,72,0.72,0.78,0.78,0.42,0.72,0.72,0.78,0.58,0.78,0.72,0.72,0.72
PRITIKAUTO,62,78,72,62,68,68,74,62,78,68,72,72,0.62,0.78,0.72,0.62,0.68,0.68,0.74,0.62,0.78,0.68,0.72,0.72
PRIVISCL,78,78,72,68,78,82,82,72,78,72,62,78,0.78,0.78,0.72,0.68,0.78,0.82,0.82,0.72,0.78,0.72,0.62,0.78
PRIZOR,82,82,82,52,78,78,86,72,78,78,72,78,0.82,0.82,0.82,0.52,0.78,0.78,0.86,0.72,0.78,0.78,0.72,0.78
PRLIND,76,72,62,52,72,72,78,62,78,72,78,72,0.76,0.72,0.62,0.52,0.72,0.72,0.78,0.62,0.78,0.72,0.78,0.72
PROFX,58,62,72,68,62,72,68,58,78,68,72,72,0.58,0.62,0.72,0.68,0.62,0.72,0.68,0.58,0.78,0.68,0.72,0.72
PROSTARM,68,78,70,38,72,72,78,72,78,68,78,72,0.68,0.78,0.7,0.38,0.72,0.72,0.78,0.72,0.78,0.68,0.78,0.72
PROTEAN,52,42,62,58,38,42,62,35,42,42,55,38,0.52,0.42,0.62,0.58,0.38,0.42,0.62,0.35,0.42,0.42,0.55,0.38
PROV,72,78,78,42,72,78,82,58,78,72,62,72,0.72,0.78,0.78,0.42,0.72,0.78,0.82,0.58,0.78,0.72,0.62,0.72
PRSMJOHNSN,38,72,76,73,28,28,81,72,72,42,78,42,0.38,0.72,0.76,0.73,0.28,0.28,0.81,0.72,0.72,0.42,0.78,0.42
PSB,72,78,82,79,62,62,78,72,78,68,78,72,0.72,0.78,0.82,0.79,0.62,0.62,0.78,0.72,0.78,0.68,0.78,0.72
PSFL,52,72,62,52,42,68,72,62,72,72,74,72,0.52,0.72,0.62,0.52,0.42,0.68,0.72,0.62,0.72,0.72,0.74,0.72
PSPPROJECT,52,82,78,71,28,52,78,58,82,62,78,62,0.52,0.82,0.78,0.71,0.28,0.52,0.78,0.58,0.82,0.62,0.78,0.62
PTC,62,72,78,68,62,68,73,68,70,62,72,68,0.62,0.72,0.78,0.68,0.62,0.68,0.73,0.68,0.7,0.62,0.72,0.68
PUNJABCHEM,68,78,62,68,62,72,82,72,72,72,78,72,0.68,0.78,0.62,0.68,0.62,0.72,0.82,0.72,0.72,0.72,0.78,0.72
PURPLEUTED,72,82,82,38,72,78,92,45,92,72,72,78,0.72,0.82,0.82,0.38,0.72,0.78,0.92,0.45,0.92,0.72,0.72,0.78
PURVA,48,72,76,72,32,42,79,62,78,62,78,68,0.48,0.72,0.76,0.72,0.32,0.42,0.79,0.62,0.78,0.62,0.78,0.68
PUSHPA,82,78,72,18,78,78,87,35,78,78,62,78,0.82,0.78,0.72,0.18,0.78,0.78,0.87,0.35,0.78,0.78,0.62,0.78
PVRINOX,76,78,72,71,68,72,78,68,78,72,72,68,0.76,0.78,0.72,0.71,0.68,0.72,0.78,0.68,0.78,0.72,0.72,0.68
PVSL,62,82,78,54,42,62,62,62,74,62,78,72,0.62,0.82,0.78,0.54,0.42,0.62,0.62,0.62,0.74,0.62,0.78,0.72
PWL,62,78,78,42,72,72,72,62,35,68,68,72,0.62,0.78,0.78,0.42,0.72,0.72,0.72,0.62,0.35,0.68,0.68,0.72
PYRAMID,82,72,69,72,72,76,72,62,69,72,78,72,0.82,0.72,0.69,0.72,0.72,0.76,0.72,0.62,0.69,0.72,0.78,0.72
QMSMEDI,72,72,72,59,72,72,78,62,62,68,72,72,0.72,0.72,0.72,0.59,0.72,0.72,0.78,0.62,0.62,0.68,0.72,0.72
QPOWER,78,82,32,42,78,78,92,45,82,72,78,78,0.78,0.82,0.32,0.42,0.78,0.78,0.92,0.45,0.82,0.72,0.78,0.78
QUADFUTURE,48,81,72,42,28,28,68,72,72,68,72,42,0.48,0.81,0.72,0.42,0.28,0.28,0.68,0.72,0.72,0.68,0.72,0.42
QUESS,76,91,78,72,72,72,72,72,79,72,72,72,0.76,0.91,0.78,0.72,0.72,0.72,0.72,0.72,0.79,0.72,0.72,0.72
QUESTLAB,62,82,78,52,62,78,78,72,82,72,74,78,0.62,0.82,0.78,0.52,0.62,0.78,0.78,0.72,0.82,0.72,0.74,0.78
QUICKHEAL,28,42,62,65,18,28,22,72,78,42,72,32,0.28,0.42,0.62,0.65,0.18,0.28,0.22,0.72,0.78,0.42,0.72,0.32
RACE,72,72,72,72,72,72,78,72,78,68,72,72,0.72,0.72,0.72,0.72,0.72,0.72,0.78,0.72,0.78,0.68,0.72,0.72
RACLGEAR,72,82,68,54,72,82,88,62,87,75,58,78,0.72,0.82,0.68,0.54,0.72,0.82,0.88,0.62,0.87,0.75,0.58,0.78
RADHIKAJWE,72,78,72,28,72,72,75,45,78,62,72,68,0.72,0.78,0.72,0.28,0.72,0.72,0.75,0.45,0.78,0.62,0.72,0.68
RADIANTCMS,62,62,42,58,62,72,62,58,42,62,72,68,0.62,0.62,0.42,0.58,0.62,0.72,0.62,0.58,0.42,0.62,0.72,0.68
RADICO,78,82,78,73,78,78,87,72,82,78,78,78,0.78,0.82,0.78,0.73,0.78,0.78,0.87,0.72,0.82,0.78,0.78,0.78
RADIOCITY,42,28,68,71,28,28,28,58,62,52,78,38,0.42,0.28,0.68,0.71,0.28,0.28,0.28,0.58,0.62,0.52,0.78,0.38
RADIOWALLA,42,58,59,52,52,42,62,62,35,62,72,62,0.42,0.58,0.59,0.52,0.52,0.42,0.62,0.62,0.35,0.62,0.72,0.62
RAIN,52,72,68,72,38,35,78,62,72,28,78,58,0.52,0.72,0.68,0.72,0.38,0.35,0.78,0.62,0.72,0.28,0.78,0.58
RAINBOW,78,76,78,72,76,78,91,72,72,72,78,78,0.78,0.76,0.78,0.72,0.76,0.78,0.91,0.72,0.72,0.72,0.78,0.78
RAJINDLTD,58,68,71,42,52,68,68,42,42,62,78,72,0.58,0.68,0.71,0.42,0.52,0.68,0.68,0.42,0.42,0.62,0.78,0.72
RAJOOENG,72,78,72,42,72,72,78,72,72,72,62,72,0.72,0.78,0.72,0.42,0.72,0.72,0.78,0.72,0.72,0.72,0.62,0.72
RAJRATAN,68,78,72,72,68,72,78,72,78,72,78,72,0.68,0.78,0.72,0.72,0.68,0.72,0.78,0.72,0.78,0.72,0.78,0.72
RALLIS,62,72,79,75,42,62,78,62,,62,78,62,0.62,0.72,0.79,0.75,0.42,0.62,0.78,0.62,125.63,0.62,0.78,0.62
RAMAPHO,68,72,72,56,68,72,78,62,72,62,78,72,0.68,0.72,0.72,0.56,0.68,0.72,0.78,0.62,0.72,0.62,0.78,0.72
RAMCOSYS,42,50,72,72,28,32,52,42,50,42,72,32,0.42,0.5,0.72,0.72,0.28,0.32,0.52,0.42,0.5,0.42,0.72,0.32
RAMKY,58,72,62,42,62,58,72,72,62,62,78,62,0.58,0.72,0.62,0.42,0.62,0.58,0.72,0.72,0.62,0.62,0.78,0.62
RAMRAT,76,78,72,38,72,76,87,62,79,72,72,72,0.76,0.78,0.72,0.38,0.72,0.76,0.87,0.62,0.79,0.72,0.72,0.72
RANEHOLDIN,68,72,71,62,62,72,72,62,71,68,78,68,0.68,0.72,0.71,0.62,0.62,0.72,0.72,0.62,0.71,0.68,0.78,0.68
RATEGAIN,72,72,78,77,62,72,78,72,72,62,76,72,0.72,0.72,0.78,0.77,0.62,0.72,0.78,0.72,0.72,0.62,0.76,0.72
RATNAMANI,72,42,42,72,62,72,72,72,42,72,78,72,0.72,0.42,0.42,0.72,0.62,0.72,0.72,0.72,0.42,0.72,0.78,0.72
RATNAVEER,78,76,75,28,72,72,71,45,75,68,68,72,0.78,0.76,0.75,0.28,0.72,0.72,0.71,0.45,0.75,0.68,0.68,0.72
RAYMOND,72,74,78,72,72,78,78,72,78,72,78,78,0.72,0.74,0.78,0.72,0.72,0.78,0.78,0.72,0.78,0.72,0.78,0.78
RAYMONDLSL,52,78,78,72,38,52,78,42,78,62,78,72,0.52,0.78,0.78,0.72,0.38,0.52,0.78,0.42,0.78,0.62,0.78,0.72
RAYMONDREL,68,78,78,28,72,72,78,42,78,72,62,72,0.68,0.78,0.78,0.28,0.72,0.72,0.78,0.42,0.78,0.72,0.62,0.72
RBLBANK,72,78,78,72,68,62,78,72,78,58,68,62,0.72,0.78,0.78,0.72,0.68,0.62,0.78,0.72,0.78,0.58,0.68,0.62
RBMINFRA,72,72,74,28,72,78,78,68,72,68,72,72,0.72,0.72,0.74,0.28,0.72,0.78,0.78,0.68,0.72,0.68,0.72,0.72
RBZJEWEL,78,78,72,71,78,78,94,62,78,72,78,78,0.78,0.78,0.72,0.71,0.78,0.78,0.94,0.62,0.78,0.72,0.78,0.78
REDINGTON,76,78,82,72,72,72,72,58,72,72,62,72,0.76,0.78,0.82,0.72,0.72,0.72,0.72,0.58,0.72,0.72,0.62,0.72
REFEX,72,82,78,72,72,72,78,62,88,68,72,72,0.72,0.82,0.78,0.72,0.72,0.72,0.78,0.62,0.88,0.68,0.72,0.72
REGAAL,68,80,73,42,62,72,72,62,73,68,72,72,0.68,0.8,0.73,0.42,0.62,0.72,0.72,0.62,0.73,0.68,0.72,0.72
RELAXO,68,72,78,71,72,72,68,62,72,62,82,72,0.68,0.72,0.78,0.71,0.72,0.72,0.68,0.62,0.72,0.62,0.82,0.72
RELCAPITAL,72,78,78,28,72,68,78,35,78,68,72,42,0.72,0.78,0.78,0.28,0.72,0.68,0.78,0.35,0.78,0.68,0.72,0.42
RELIANCE,76,78,78,62,78,78,85,72,82,78,78,78,0.76,0.78,0.78,0.62,0.78,0.78,0.85,0.72,0.82,0.78,0.78,0.78
RELIGARE,62,72,78,58,58,68,72,62,78,62,68,72,0.62,0.72,0.78,0.58,0.58,0.68,0.72,0.62,0.78,0.62,0.68,0.72
REMSONSIND,72,78,82,72,72,72,78,72,78,72,78,78,0.72,0.78,0.82,0.72,0.72,0.72,0.78,0.72,0.78,0.72,0.78,0.78
REMUS,72,72,72,61,68,72,68,68,78,68,78,72,0.72,0.72,0.72,0.61,0.68,0.72,0.68,0.68,0.78,0.68,0.78,0.72
RENUKA,38,52,62,38,28,28,62,52,72,42,72,42,0.38,0.52,0.62,0.38,0.28,0.28,0.62,0.52,0.72,0.42,0.72,0.42
REPCOHOME,72,78,72,68,72,72,84,62,78,68,78,72,0.72,0.78,0.72,0.68,0.72,0.72,0.84,0.62,0.78,0.68,0.78,0.72
RESPONIND,68,38,68,28,62,72,59,62,28,28,72,68,0.68,0.38,0.68,0.28,0.62,0.72,0.59,0.62,0.28,0.28,0.72,0.68
RGL,76,78,72,72,72,78,78,72,78,72,72,78,0.76,0.78,0.72,0.72,0.72,0.78,0.78,0.72,0.78,0.72,0.72,0.78
RHFL,72,78,72,62,72,72,72,72,78,68,72,72,0.72,0.78,0.72,0.62,0.72,0.72,0.72,0.72,0.78,0.68,0.72,0.72
RHIM,72,68,75,72,62,76,78,68,72,72,82,76,0.72,0.68,0.75,0.72,0.62,0.76,0.78,0.68,0.72,0.72,0.82,0.76
RICOAUTO,72,76,72,73,62,72,76,72,72,72,82,72,0.72,0.76,0.72,0.73,0.62,0.72,0.76,0.72,0.72,0.72,0.82,0.72
RISHABH,68,78,78,41,72,62,78,72,72,68,72,72,0.68,0.78,0.78,0.41,0.72,0.62,0.78,0.72,0.72,0.68,0.72,0.72
RITES,68,78,82,75,68,72,82,72,78,68,82,72,0.68,0.78,0.82,0.75,0.68,0.72,0.82,0.72,0.78,0.68,0.82,0.72
RKFORGE,78,78,78,72,62,72,78,72,78,68,78,72,0.78,0.78,0.78,0.72,0.62,0.72,0.78,0.72,0.78,0.68,0.78,0.72
RKSWAMY,58,78,72,58,58,52,82,62,62,58,78,52,0.58,0.78,0.72,0.58,0.58,0.52,0.82,0.62,0.62,0.58,0.78,0.52
RMDRIP,82,82,78,28,78,78,88,62,82,78,72,78,0.82,0.82,0.78,0.28,0.78,0.78,0.88,0.62,0.82,0.78,0.72,0.78
RNBDENIMS,68,72,28,62,62,58,72,52,72,68,72,68,0.68,0.72,0.28,0.62,0.62,0.58,0.72,0.52,0.72,0.68,0.72,0.68
RNFI,72,78,72,52,72,72,83,58,78,72,72,72,0.72,0.78,0.72,0.52,0.72,0.72,0.83,0.58,0.78,0.72,0.72,0.72
ROCKINGDCE,68,72,62,19,62,72,72,72,72,68,35,72,0.68,0.72,0.62,0.19,0.62,0.72,0.72,0.72,0.72,0.68,0.35,0.72
ROHLTD,72,78,72,61,68,72,72,72,78,72,78,72,0.72,0.78,0.72,0.61,0.68,0.72,0.72,0.72,0.78,0.72,0.78,0.72
ROLEXRINGS,72,72,58,59,68,72,72,62,58,62,78,68,0.72,0.72,0.58,0.59,0.68,0.72,0.72,0.62,0.58,0.62,0.78,0.68
ROSSARI,72,72,78,72,72,72,78,72,78,72,78,72,0.72,0.72,0.78,0.72,0.72,0.72,0.78,0.72,0.78,0.72,0.78,0.72
ROSSTECH,72,78,78,42,72,76,82,58,82,72,78,72,0.72,0.78,0.78,0.42,0.72,0.76,0.82,0.58,0.82,0.72,0.78,0.72
ROUTE,72,78,62,71,68,72,78,62,72,68,72,72,0.72,0.78,0.62,0.71,0.68,0.72,0.78,0.62,0.72,0.68,0.72,0.72
RPEL,72,76,72,58,72,72,78,72,78,72,72,72,0.72,0.76,0.72,0.58,0.72,0.72,0.78,0.72,0.78,0.72,0.72,0.72
RPGLIFE,78,82,68,64,78,78,82,72,75,72,78,72,0.78,0.82,0.68,0.64,0.78,0.78,0.82,0.72,0.75,0.72,0.78,0.72
RPOWER,62,78,58,62,52,54,72,62,78,68,72,68,0.62,0.78,0.58,0.62,0.52,0.54,0.72,0.62,0.78,0.68,0.72,0.68
RPPINFRA,38,72,56,75,32,32,71,72,82,72,68,72,0.38,0.72,0.56,0.75,0.32,0.32,0.71,0.72,0.82,0.72,0.68,0.72
RPTECH,62,72,72,28,68,62,72,72,78,62,78,68,0.62,0.72,0.72,0.28,0.68,0.62,0.72,0.72,0.78,0.62,0.78,0.68
RRKABEL,75,82,78,66,72,78,92,62,88,78,72,78,0.75,0.82,0.78,0.66,0.72,0.78,0.92,0.62,0.88,0.78,0.72,0.78
RSWM,62,72,72,62,58,58,68,62,72,62,78,62,0.62,0.72,0.72,0.62,0.58,0.58,0.68,0.62,0.72,0.62,0.78,0.62
RSYSTEMS,75,82,82,58,76,78,82,62,82,76,78,78,0.75,0.82,0.82,0.58,0.76,0.78,0.82,0.62,0.82,0.76,0.78,0.78
RTNINDIA,72,72,72,71,68,72,78,72,78,72,78,72,0.72,0.72,0.72,0.71,0.68,0.72,0.78,0.72,0.78,0.72,0.78,0.72
RTNPOWER,72,78,72,42,58,72,75,62,72,72,72,72,0.72,0.78,0.72,0.42,0.58,0.72,0.75,0.62,0.72,0.72,0.72,0.72
RUBICON,68,78,72,63,68,72,78,72,82,72,78,72,0.68,0.78,0.72,0.63,0.68,0.72,0.78,0.72,0.82,0.72,0.78,0.72
RUCHIRA,72,62,87,38,72,72,68,62,72,72,78,68,0.72,0.62,0.87,0.38,0.72,0.72,0.68,0.62,0.72,0.72,0.78,0.68
RULKA,72,72,58,42,72,72,72,65,62,62,78,72,0.72,0.72,0.58,0.42,0.72,0.72,0.72,0.65,0.62,0.62,0.78,0.72
RUPA,28,32,38,68,28,28,42,58,42,32,82,42,0.28,0.32,0.38,0.68,0.28,0.28,0.42,0.58,0.42,0.32,0.82,0.42
RUSHIL,72,78,78,59,62,72,72,72,78,72,72,72,0.72,0.78,0.78,0.59,0.62,0.72,0.72,0.72,0.78,0.72,0.72,0.72
S&SPOWER,28,50,50,56,28,28,50,45,50,42,78,42,0.28,0.5,0.5,0.56,0.28,0.28,0.5,0.45,0.5,0.42,0.78,0.42
SAAKSHI,68,72,81,58,62,72,72,58,81,62,72,62,0.68,0.72,0.81,0.58,0.62,0.72,0.72,0.58,0.81,0.62,0.72,0.62
SAATVIKGL,78,78,88,42,78,78,92,72,78,82,78,82,0.78,0.78,0.88,0.42,0.78,0.78,0.92,0.72,0.78,0.82,0.78,0.82
SACHEEROME,82,78,58,38,78,78,82,45,78,75,62,72,0.82,0.78,0.58,0.38,0.78,0.78,0.82,0.45,0.78,0.75,0.62,0.72
SADBHIN,62,62,62,42,52,62,72,62,68,58,78,62,0.62,0.62,0.62,0.42,0.52,0.62,0.72,0.62,0.68,0.58,0.78,0.62
SADHNANIQ,72,78,82,28,68,72,78,72,78,72,42,72,0.72,0.78,0.82,0.28,0.68,0.72,0.78,0.72,0.78,0.72,0.42,0.72
SAGCEM,42,62,72,77,38,62,62,62,72,42,78,42,0.42,0.62,0.72,0.77,0.38,0.62,0.62,0.62,0.72,0.42,0.78,0.42
SAGILITY,78,68,72,78,78,78,76,78,72,72,48,78,0.78,0.68,0.72,0.78,0.78,0.78,0.76,0.78,0.72,0.72,0.48,0.78
SAHAJSOLAR,72,78,86,48,72,72,72,62,82,72,72,72,0.72,0.78,0.86,0.48,0.72,0.72,0.72,0.62,0.82,0.72,0.72,0.72
SAHANA,75,94,78,42,78,78,82,45,,72,72,78,0.75,0.94,0.78,0.42,0.78,0.78,0.82,0.45,72.09,0.72,0.72,0.78
SAHASRA,72,72,72,35,72,72,78,62,62,62,78,72,0.72,0.72,0.72,0.35,0.72,0.72,0.78,0.62,0.62,0.62,0.78,0.72
SAHYADRI,62,78,72,75,62,68,78,72,78,62,82,72,0.62,0.78,0.72,0.75,0.62,0.68,0.78,0.72,0.78,0.62,0.82,0.72
SAILIFE,78,78,82,63,78,82,78,72,82,75,72,78,0.78,0.78,0.82,0.63,0.78,0.82,0.78,0.72,0.82,0.75,0.72,0.78
SAKAR,72,82,85,72,78,78,82,72,82,72,72,72,0.72,0.82,0.85,0.72,0.78,0.78,0.82,0.72,0.82,0.72,0.72,0.72
SALASAR,72,78,78,62,72,72,78,42,78,72,52,72,0.72,0.78,0.78,0.62,0.72,0.72,0.78,0.42,0.78,0.72,0.52,0.72
SAMBHV,72,78,78,66,72,72,82,62,82,72,78,76,0.72,0.78,0.78,0.66,0.72,0.72,0.82,0.62,0.82,0.72,0.78,0.76
SAMHI,72,79,78,68,72,76,78,72,76,72,62,72,0.72,0.79,0.78,0.68,0.72,0.76,0.78,0.72,0.76,0.72,0.62,0.72
SAMMAANCAP,62,72,74,68,42,42,88,72,78,62,72,72,0.62,0.72,0.74,0.68,0.42,0.42,0.88,0.72,0.78,0.62,0.72,0.72
SANATHAN,68,72,72,48,62,72,82,68,78,72,78,72,0.68,0.72,0.72,0.48,0.62,0.72,0.82,0.68,0.78,0.72,0.78,0.72
SANDHAR,62,76,85,54,62,72,74,72,78,68,78,62,0.62,0.76,0.85,0.54,0.62,0.72,0.74,0.72,0.78,0.68,0.78,0.62
SANDUMA,68,28,25,72,62,72,25,68,28,72,78,72,0.68,0.28,0.25,0.72,0.62,0.72,0.25,0.68,0.28,0.72,0.78,0.72
SANGAMIND,58,78,78,56,38,42,72,42,82,68,78,68,0.58,0.78,0.78,0.56,0.38,0.42,0.72,0.42,0.82,0.68,0.78,0.68
SANGHIIND,72,78,72,75,72,72,78,72,78,72,78,72,0.72,0.78,0.72,0.75,0.72,0.72,0.78,0.72,0.78,0.72,0.78,0.72
SANGHVIMOV,72,72,68,66,72,78,78,72,78,72,78,74,0.72,0.72,0.68,0.66,0.72,0.78,0.78,0.72,0.78,0.72,0.78,0.74
SANOFICONR,78,78,78,32,82,82,92,42,78,72,72,72,0.78,0.78,0.78,0.32,0.82,0.82,0.92,0.42,0.78,0.72,0.72,0.72
SANSERA,72,78,82,72,72,78,82,72,78,72,72,78,0.72,0.78,0.82,0.72,0.72,0.78,0.82,0.72,0.78,0.72,0.72,0.78
SANSTAR,52,72,55,42,35,28,72,68,42,58,78,42,0.52,0.72,0.55,0.42,0.35,0.28,0.72,0.68,0.42,0.58,0.78,0.42
SANWARIA,72,78,74,42,72,72,82,42,78,72,62,72,0.72,0.78,0.74,0.42,0.72,0.72,0.82,0.42,0.78,0.72,0.62,0.72
SAPPHIRE,72,42,42,72,72,72,62,72,38,72,72,72,0.72,0.42,0.42,0.72,0.72,0.72,0.62,0.72,0.38,0.72,0.72,0.72
SARDAEN,78,72,35,72,78,78,78,72,72,72,82,78,0.78,0.72,0.35,0.72,0.78,0.78,0.78,0.72,0.72,0.72,0.82,0.78
SARLAPOLY,72,78,78,42,72,72,78,32,78,68,72,68,0.72,0.78,0.78,0.42,0.72,0.72,0.78,0.32,0.78,0.68,0.72,0.68
SARTELE,72,72,72,42,58,58,78,58,78,62,62,68,0.72,0.72,0.72,0.42,0.58,0.58,0.78,0.58,0.78,0.62,0.62,0.68
SARVESHWAR,62,72,79,38,62,62,72,42,79,62,62,72,0.62,0.72,0.79,0.38,0.62,0.62,0.72,0.42,0.79,0.62,0.62,0.72
SASKEN,78,92,78,44,78,78,92,72,92,72,75,78,0.78,0.92,0.78,0.44,0.78,0.78,0.92,0.72,0.92,0.72,0.75,0.78
SATKARTAR,72,72,72,48,72,72,78,72,72,72,72,72,0.72,0.72,0.72,0.48,0.72,0.72,0.78,0.72,0.72,0.72,0.72,0.72
SATTVAENGG,78,72,85,42,72,72,78,42,78,72,72,72,0.78,0.72,0.85,0.42,0.72,0.72,0.78,0.42,0.78,0.72,0.72,0.72
SBC,58,62,57,52,52,58,62,58,62,62,45,52,0.58,0.62,0.57,0.52,0.52,0.58,0.62,0.58,0.62,0.62,0.45,0.52
SBCL,76,72,72,68,78,74,78,72,68,72,72,78,0.76,0.72,0.72,0.68,0.78,0.74,0.78,0.72,0.68,0.72,0.72,0.78
SBFC,72,78,78,72,72,72,74,78,78,72,72,78,0.72,0.78,0.78,0.72,0.72,0.72,0.74,0.78,0.78,0.72,0.72,0.78
SBGLP,78,78,62,28,78,78,81,42,68,72,78,72,0.78,0.78,0.62,0.28,0.78,0.78,0.81,0.42,0.68,0.72,0.78,0.72
SBICARD,76,78,82,68,68,72,78,62,74,72,76,76,0.76,0.78,0.82,0.68,0.68,0.72,0.78,0.62,0.74,0.72,0.76,0.76
SBILIFE,78,78,88,72,78,78,78,72,78,72,78,78,0.78,0.78,0.88,0.72,0.78,0.78,0.78,0.72,0.78,0.72,0.78,0.78
SBIN,78,82,74,72,78,78,72,72,92,72,72,78,0.78,0.82,0.74,0.72,0.78,0.78,0.72,0.72,0.92,0.72,0.72,0.78
SCHAEFFLER,73,78,72,71,76,78,78,62,72,72,82,78,0.73,0.78,0.72,0.71,0.76,0.78,0.78,0.62,0.72,0.72,0.82,0.78
SCHAND,78,62,72,72,72,78,42,72,74,72,76,78,0.78,0.62,0.72,0.72,0.72,0.78,0.42,0.72,0.74,0.72,0.76,0.78
SCHNEIDER,72,72,78,72,75,78,82,62,81,72,78,78,0.72,0.72,0.78,0.72,0.75,0.78,0.82,0.62,0.81,0.72,0.78,0.78
SCI,62,72,72,42,62,72,78,62,72,62,78,72,0.62,0.72,0.72,0.42,0.62,0.72,0.78,0.62,0.72,0.62,0.78,0.72
SCODATUBES,72,72,72,42,72,72,78,68,78,68,75,72,0.72,0.72,0.72,0.42,0.72,0.72,0.78,0.68,0.78,0.68,0.75,0.72
SDREAMS,58,72,72,66,38,62,68,72,62,68,78,72,0.58,0.72,0.72,0.66,0.38,0.62,0.68,0.72,0.62,0.68,0.78,0.72
SEAMECLTD,42,38,48,52,28,28,52,68,72,32,78,42,0.42,0.38,0.48,0.52,0.28,0.28,0.52,0.68,0.72,0.32,0.78,0.42
SECURCRED,62,62,42,52,62,72,78,38,42,68,35,62,0.62,0.62,0.42,0.52,0.62,0.72,0.78,0.38,0.42,0.68,0.35,0.62
SEJALLTD,72,78,72,45,72,72,78,62,72,72,78,72,0.72,0.78,0.72,0.45,0.72,0.72,0.78,0.62,0.72,0.72,0.78,0.72
SELLOWRAP,62,72,68,29,68,68,74,62,78,72,62,72,0.62,0.72,0.68,0.29,0.68,0.68,0.74,0.62,0.78,0.72,0.62,0.72
SENCO,72,72,52,72,72,72,78,72,78,72,78,78,0.72,0.72,0.52,0.72,0.72,0.72,0.78,0.72,0.78,0.72,0.78,0.78
SENORES,62,92,87,56,38,82,85,72,92,78,72,82,0.62,0.92,0.87,0.56,0.38,0.82,0.85,0.72,0.92,0.78,0.72,0.82
SERVICE,58,62,63,42,62,58,72,42,63,42,72,62,0.58,0.62,0.63,0.42,0.62,0.58,0.72,0.42,0.63,0.42,0.72,0.62
SERVOTECH,72,78,82,54,72,78,87,42,78,72,72,72,0.72,0.78,0.82,0.54,0.72,0.78,0.87,0.42,0.78,0.72,0.72,0.72
SETL,73,78,73,28,72,72,78,62,72,72,72,72,0.73,0.78,0.73,0.28,0.72,0.72,0.78,0.62,0.72,0.72,0.72,0.72
SEYAIND,78,78,72,49,78,78,87,62,72,72,78,72,0.78,0.78,0.72,0.49,0.78,0.78,0.87,0.62,0.72,0.72,0.78,0.72
SFL,72,78,82,72,72,78,78,72,79,72,78,72,0.72,0.78,0.82,0.72,0.72,0.78,0.78,0.72,0.79,0.72,0.78,0.72
SGIL,72,42,35,66,68,78,52,62,42,72,72,72,0.72,0.42,0.35,0.66,0.68,0.78,0.52,0.62,0.42,0.72,0.72,0.72
SGMART,52,72,72,66,35,62,68,72,72,62,72,72,0.52,0.72,0.72,0.66,0.35,0.62,0.68,0.72,0.72,0.62,0.72,0.72
SHADOWFAX,72,82,88,62,72,78,86,45,86,72,72,72,0.72,0.82,0.88,0.62,0.72,0.78,0.86,0.45,0.86,0.72,0.72,0.72
SHAH,58,72,72,28,62,58,72,45,62,52,68,62,0.58,0.72,0.72,0.28,0.62,0.58,0.72,0.45,0.62,0.52,0.68,0.62
SHAILY,78,78,72,62,72,78,82,62,78,78,72,78,0.78,0.78,0.72,0.62,0.72,0.78,0.82,0.62,0.78,0.78,0.72,0.78
SHAKTIPUMP,72,73,72,74,72,82,72,62,72,72,72,78,0.72,0.73,0.72,0.74,0.72,0.82,0.72,0.62,0.72,0.72,0.72,0.78
SHALPAINTS,28,72,79,52,22,28,42,42,82,28,78,28,0.28,0.72,0.79,0.52,0.22,0.28,0.42,0.42,0.82,0.28,0.78,0.28
SHANKARA,72,78,78,67,72,78,82,72,82,72,68,72,0.72,0.78,0.78,0.67,0.72,0.78,0.82,0.72,0.82,0.72,0.68,0.72
SHANTIGOLD,72,92,78,52,78,78,82,72,88,72,62,78,0.72,0.92,0.78,0.52,0.78,0.78,0.82,0.72,0.88,0.72,0.62,0.78
SHARDACROP,74,78,88,60,78,82,82,72,82,72,78,78,0.74,0.78,0.88,0.6,0.78,0.82,0.82,0.72,0.82,0.72,0.78,0.78
SHARDAMOTR,76,72,78,61,78,78,78,72,82,72,78,72,0.76,0.72,0.78,0.61,0.78,0.78,0.78,0.72,0.82,0.72,0.78,0.72
SHAREINDIA,48,72,72,78,38,32,35,42,74,28,82,38,0.48,0.72,0.72,0.78,0.38,0.32,0.35,0.42,0.74,0.28,0.82,0.38
SHEMAROO,22,18,52,62,15,18,18,45,42,22,72,18,0.22,0.18,0.52,0.62,0.15,0.18,0.18,0.45,0.42,0.22,0.72,0.18
SHERA,72,78,78,72,72,78,79,72,78,72,72,72,0.72,0.78,0.78,0.72,0.72,0.78,0.79,0.72,0.78,0.72,0.72,0.72
SHILCTECH,78,78,82,75,72,78,82,78,78,78,78,78,0.78,0.78,0.82,0.75,0.72,0.78,0.82,0.78,0.78,0.78,0.78,0.78
SHILPAMED,76,78,82,58,72,78,82,38,82,62,62,72,0.76,0.78,0.82,0.58,0.72,0.78,0.82,0.38,0.82,0.62,0.62,0.72
SHIVASHRIT,68,72,70,42,62,72,78,45,72,68,72,72,0.68,0.72,0.7,0.42,0.62,0.72,0.78,0.45,0.72,0.68,0.72,0.72
SHKSIL,62,63,68,28,62,62,72,45,68,58,72,68,0.62,0.63,0.68,0.28,0.62,0.62,0.72,0.45,0.68,0.58,0.72,0.68
SHOPERSTOP,68,42,78,68,45,68,42,62,72,62,72,68,0.68,0.42,0.78,0.68,0.45,0.68,0.42,0.62,0.72,0.62,0.72,0.68
SHREECEM,78,62,72,71,78,78,82,72,72,72,82,78,0.78,0.62,0.72,0.71,0.78,0.78,0.82,0.72,0.72,0.72,0.82,0.78
SHREEKARNI,72,78,78,28,72,78,82,42,78,72,72,72,0.72,0.78,0.78,0.28,0.72,0.78,0.82,0.42,0.78,0.72,0.72,0.72
SHREEOSFM,72,72,72,28,72,72,72,68,72,62,72,68,0.72,0.72,0.72,0.28,0.72,0.72,0.72,0.68,0.72,0.62,0.72,0.68
SHREEPUSHK,72,78,78,51,72,78,82,72,78,72,78,76,0.72,0.78,0.78,0.51,0.72,0.78,0.82,0.72,0.78,0.72,0.78,0.76
SHRIAHIMSA,78,78,76,28,78,78,84,62,78,68,72,72,0.78,0.78,0.76,0.28,0.78,0.78,0.84,0.62,0.78,0.68,0.72,0.72
SHRIKANHA,65,78,78,59,72,72,72,72,92,72,72,72,0.65,0.78,0.78,0.59,0.72,0.72,0.72,0.72,0.92,0.72,0.72,0.72
SHRINGARMS,72,88,72,58,72,78,88,62,78,72,72,78,0.72,0.88,0.72,0.58,0.72,0.78,0.88,0.62,0.78,0.72,0.72,0.78
SHRIPISTON,78,72,82,58,78,78,78,72,78,72,78,78,0.78,0.72,0.82,0.58,0.78,0.78,0.78,0.72,0.78,0.72,0.78,0.78
SHRIRAMFIN,78,72,42,72,75,78,72,72,72,72,78,78,0.78,0.72,0.42,0.72,0.75,0.78,0.72,0.72,0.72,0.72,0.78,0.78
SHRIRAMPPS,68,72,82,72,72,72,72,72,78,72,78,76,0.68,0.72,0.82,0.72,0.72,0.72,0.72,0.72,0.78,0.72,0.78,0.76
SHUBHSHREE,78,78,72,42,78,78,78,72,78,72,72,76,0.78,0.78,0.72,0.42,0.78,0.78,0.78,0.72,0.78,0.72,0.72,0.76
SHYAMMETL,68,72,78,72,62,72,78,72,81,72,82,78,0.68,0.72,0.78,0.72,0.62,0.72,0.78,0.72,0.81,0.72,0.82,0.78
SIEMENS,72,78,72,71,72,78,72,72,78,72,78,78,0.72,0.78,0.72,0.71,0.72,0.78,0.72,0.72,0.78,0.72,0.78,0.78
SIGACHI,72,72,62,72,72,72,72,62,72,72,62,72,0.72,0.72,0.62,0.72,0.72,0.72,0.72,0.62,0.72,0.72,0.62,0.72
SIGNATURE,72,78,78,72,42,78,82,72,82,78,82,82,0.72,0.78,0.78,0.72,0.42,0.78,0.82,0.72,0.82,0.78,0.82,0.82
SIGNORIA,72,72,45,42,72,72,72,45,72,62,72,68,0.72,0.72,0.45,0.42,0.72,0.72,0.72,0.45,0.72,0.62,0.72,0.68
SIGNPOST,76,78,72,72,78,78,87,72,76,72,72,72,0.76,0.78,0.72,0.72,0.78,0.78,0.87,0.72,0.76,0.72,0.72,0.72
SILKFLEX,76,78,72,28,72,78,82,45,78,72,72,72,0.76,0.78,0.72,0.28,0.72,0.78,0.82,0.45,0.78,0.72,0.72,0.72
SILKY,68,72,62,25,62,72,72,62,72,62,72,72,0.68,0.72,0.62,0.25,0.62,0.72,0.72,0.62,0.72,0.62,0.72,0.72
SINCLAIR,76,78,52,62,76,78,85,52,79,72,78,72,0.76,0.78,0.52,0.62,0.76,0.78,0.85,0.52,0.79,0.72,0.78,0.72
SINTERCOM,32,78,78,66,28,28,82,68,78,52,78,62,0.32,0.78,0.78,0.66,0.28,0.28,0.82,0.68,0.78,0.52,0.78,0.62
SIRCA,75,78,86,72,78,78,82,72,82,72,78,72,0.75,0.78,0.86,0.72,0.78,0.78,0.82,0.72,0.82,0.72,0.78,0.72
SIS,62,72,62,61,58,72,72,72,28,72,78,72,0.62,0.72,0.62,0.61,0.58,0.72,0.72,0.72,0.28,0.72,0.78,0.72
SITINET,72,76,76,38,72,72,82,62,68,68,72,68,0.72,0.76,0.76,0.38,0.72,0.72,0.82,0.62,0.68,0.68,0.72,0.68
SIYSIL,68,72,78,66,68,72,72,68,72,62,78,72,0.68,0.72,0.78,0.66,0.68,0.72,0.72,0.68,0.72,0.62,0.78,0.72
SJLOGISTIC,72,78,78,52,72,76,78,62,78,72,72,72,0.72,0.78,0.78,0.52,0.72,0.76,0.78,0.62,0.78,0.72,0.72,0.72
SJS,78,82,91,75,78,78,93,72,82,72,72,76,0.78,0.82,0.91,0.75,0.78,0.78,0.93,0.72,0.82,0.72,0.72,0.76
SKFINDIA,72,78,76,72,72,78,82,72,72,72,78,72,0.72,0.78,0.76,0.72,0.72,0.78,0.82,0.72,0.72,0.72,0.78,0.72
SKIPPER,78,82,78,68,78,78,88,62,88,72,78,78,0.78,0.82,0.78,0.68,0.78,0.78,0.88,0.62,0.88,0.72,0.78,0.78
SKMEGGPROD,58,62,62,55,42,28,72,62,72,58,78,52,0.58,0.62,0.62,0.55,0.42,0.28,0.72,0.62,0.72,0.58,0.78,0.52
SKP,38,28,75,58,28,28,62,62,72,38,78,62,0.38,0.28,0.75,0.58,0.28,0.28,0.62,0.62,0.72,0.38,0.78,0.62
SKYGOLD,72,72,72,72,72,78,76,62,78,72,72,78,0.72,0.72,0.72,0.72,0.72,0.78,0.76,0.62,0.78,0.72,0.72,0.78
SMARTEN,62,72,72,38,35,42,72,58,72,52,72,68,0.62,0.72,0.72,0.38,0.35,0.42,0.72,0.58,0.72,0.52,0.72,0.68
SMARTWORKS,78,78,78,58,72,78,78,62,78,72,72,78,0.78,0.78,0.78,0.58,0.72,0.78,0.78,0.62,0.78,0.72,0.72,0.78
SMCGLOBAL,72,78,78,68,72,72,76,62,72,72,72,72,0.72,0.78,0.78,0.68,0.72,0.72,0.76,0.62,0.72,0.72,0.72,0.72
SMLT,68,72,72,64,62,62,72,42,72,52,72,42,0.68,0.72,0.72,0.64,0.62,0.62,0.72,0.42,0.72,0.52,0.72,0.42
SMSPHARMA,72,78,73,76,68,72,78,72,74,72,76,72,0.72,0.78,0.73,0.76,0.68,0.72,0.78,0.72,0.74,0.72,0.76,0.72
SOBHA,72,78,82,72,74,78,72,62,88,72,78,72,0.72,0.78,0.82,0.72,0.74,0.78,0.72,0.62,0.88,0.72,0.78,0.72
SOFTTECH,68,82,82,62,72,78,69,62,68,72,72,72,0.68,0.82,0.82,0.62,0.72,0.78,0.69,0.62,0.68,0.72,0.72,0.72
SOLARA,72,62,60,72,68,72,72,72,62,72,72,72,0.72,0.62,0.6,0.72,0.68,0.72,0.72,0.72,0.62,0.72,0.72,0.72
SOLARINDS,78,92,78,75,78,87,94,62,92,78,82,82,0.78,0.92,0.78,0.75,0.78,0.87,0.94,0.62,0.92,0.78,0.82,0.82
SOLARWORLD,78,82,78,58,78,78,78,62,82,72,72,72,0.78,0.82,0.78,0.58,0.78,0.78,0.78,0.62,0.82,0.72,0.72,0.72
SOMANYCERA,56,62,68,48,58,52,68,62,72,62,78,64,0.56,0.62,0.68,0.48,0.58,0.52,0.68,0.62,0.72,0.62,0.78,0.64
SONACOMS,78,78,78,67,72,78,78,76,78,72,78,78,0.78,0.78,0.78,0.67,0.72,0.78,0.78,0.76,0.78,0.72,0.78,0.78
SONATSOFTW,72,78,72,62,62,72,76,62,72,68,76,72,0.72,0.78,0.72,0.62,0.62,0.72,0.76,0.62,0.72,0.68,0.76,0.72
SONUINFRA,78,78,62,42,72,78,82,58,78,72,62,72,0.78,0.78,0.62,0.42,0.72,0.78,0.82,0.58,0.78,0.72,0.62,0.72
SOUTHBANK,72,78,82,62,72,72,78,58,78,58,48,72,0.72,0.78,0.82,0.62,0.72,0.72,0.78,0.58,0.78,0.58,0.48,0.72
SOUTHWEST,72,72,89,42,72,72,78,72,78,72,72,72,0.72,0.72,0.89,0.42,0.72,0.72,0.78,0.72,0.78,0.72,0.72,0.72
SPAL,72,72,75,72,72,78,87,68,78,72,78,72,0.72,0.72,0.75,0.72,0.72,0.78,0.87,0.68,0.78,0.72,0.78,0.72
SPANDANA,28,62,81,62,28,28,42,38,78,28,62,28,0.28,0.62,0.81,0.62,0.28,0.28,0.42,0.38,0.78,0.28,0.62,0.28
SPCL,72,78,74,24,72,78,82,62,78,68,72,72,0.72,0.78,0.74,0.24,0.72,0.78,0.82,0.62,0.78,0.68,0.72,0.72
SPECTRUM,68,78,72,32,62,72,72,45,78,62,78,72,0.68,0.78,0.72,0.32,0.62,0.72,0.72,0.45,0.78,0.62,0.78,0.72
SPECTSTM,52,74,82,52,45,62,68,72,67,62,78,62,0.52,0.74,0.82,0.52,0.45,0.62,0.68,0.72,0.67,0.62,0.78,0.62
SPICEJET,28,42,74,42,15,18,28,72,78,52,62,32,0.28,0.42,0.74,0.42,0.15,0.18,0.28,0.72,0.78,0.52,0.62,0.32
SPMLINFRA,52,72,62,66,28,45,75,62,82,72,72,72,0.52,0.72,0.62,0.66,0.28,0.45,0.75,0.62,0.82,0.72,0.72,0.72
SPORTKING,52,72,58,56,42,42,75,72,72,62,78,72,0.52,0.72,0.58,0.56,0.42,0.42,0.75,0.72,0.72,0.62,0.78,0.72
SREINFRA,52,62,68,24,32,42,72,42,72,42,45,58,0.52,0.62,0.68,0.24,0.32,0.42,0.72,0.42,0.72,0.42,0.45,0.58
SRF,72,78,82,61,72,78,82,62,78,72,78,75,0.72,0.78,0.82,0.61,0.72,0.78,0.82,0.62,0.78,0.72,0.78,0.75
SRGHFL,72,78,81,79,72,72,84,72,72,72,62,72,0.72,0.78,0.81,0.79,0.72,0.72,0.84,0.72,0.72,0.72,0.62,0.72
SRM,68,78,72,62,72,72,72,62,78,62,72,72,0.68,0.78,0.72,0.62,0.72,0.72,0.72,0.62,0.78,0.62,0.72,0.72
SSDL,42,42,72,72,32,42,42,62,72,62,78,62,0.42,0.42,0.72,0.72,0.32,0.42,0.42,0.62,0.72,0.62,0.78,0.62
SSFL,68,78,78,18,68,78,78,52,78,72,72,72,0.68,0.78,0.78,0.18,0.68,0.78,0.78,0.52,0.78,0.72,0.72,0.72
STALLION,72,78,78,54,72,78,82,62,82,72,58,76,0.72,0.78,0.78,0.54,0.72,0.78,0.82,0.62,0.82,0.72,0.58,0.76
STAR,78,78,68,72,78,78,82,62,83,72,72,78,0.78,0.78,0.68,0.72,0.78,0.78,0.82,0.62,0.83,0.72,0.72,0.78
STARCEMENT,72,82,72,72,62,72,86,72,82,72,72,72,0.72,0.82,0.72,0.72,0.62,0.72,0.86,0.72,0.82,0.72,0.72,0.72
STARHEALTH,72,82,78,69,72,78,78,72,82,74,78,75,0.72,0.82,0.78,0.69,0.72,0.78,0.78,0.72,0.82,0.74,0.78,0.75
STEELCAS,78,78,72,68,78,78,82,62,72,72,78,72,0.78,0.78,0.72,0.68,0.78,0.78,0.82,0.62,0.72,0.72,0.78,0.72
STERTOOLS,62,62,68,75,58,62,72,72,68,62,78,72,0.62,0.62,0.68,0.75,0.58,0.62,0.72,0.72,0.68,0.62,0.78,0.72
STLTECH,62,78,72,72,42,68,76,72,78,68,72,72,0.62,0.78,0.72,0.72,0.42,0.68,0.76,0.72,0.78,0.68,0.72,0.72
STOVEKRAFT,72,72,52,58,72,72,72,72,75,72,78,72,0.72,0.72,0.52,0.58,0.72,0.72,0.72,0.72,0.75,0.72,0.78,0.72
STUDDS,76,78,62,52,72,72,78,72,72,72,72,72,0.76,0.78,0.62,0.52,0.72,0.72,0.78,0.72,0.72,0.72,0.72,0.72
STYL,78,78,80,50,82,82,82,62,72,72,72,72,0.78,0.78,0.8,0.5,0.82,0.82,0.82,0.62,0.72,0.72,0.72,0.72
STYLAMIND,76,78,72,64,76,78,82,72,78,72,78,78,0.76,0.78,0.72,0.64,0.76,0.78,0.82,0.72,0.78,0.72,0.78,0.78
STYLEBAAZA,78,82,82,52,78,82,87,72,82,76,78,78,0.78,0.82,0.82,0.52,0.78,0.82,0.87,0.72,0.82,0.76,0.78,0.78
STYRENIX,62,62,25,72,62,62,72,72,72,62,78,71,0.62,0.62,0.25,0.72,0.62,0.62,0.72,0.72,0.72,0.62,0.78,0.71
SUBAHOTELS,72,52,60,62,72,72,78,72,50,72,62,78,0.72,0.52,0.6,0.62,0.72,0.72,0.78,0.72,0.5,0.72,0.62,0.78
SUBEXLTD,72,72,62,54,68,72,72,35,62,62,45,62,0.72,0.72,0.62,0.54,0.68,0.72,0.72,0.35,0.62,0.62,0.45,0.62
SUBROS,72,78,82,72,72,78,78,68,78,72,78,78,0.72,0.78,0.82,0.72,0.72,0.78,0.78,0.68,0.78,0.72,0.78,0.78
SUDARSCHEM,72,62,62,63,72,72,62,58,72,68,28,62,0.72,0.62,0.62,0.63,0.72,0.72,0.62,0.58,0.72,0.68,0.28,0.62
SUDEEPPHRM,78,78,85,42,78,78,85,35,78,72,72,78,0.78,0.78,0.85,0.42,0.78,0.78,0.85,0.35,0.78,0.72,0.72,0.78
SULA,28,28,35,58,28,28,32,42,35,28,72,28,0.28,0.28,0.35,0.58,0.28,0.28,0.32,0.42,0.35,0.28,0.72,0.28
SUMICHEM,72,72,72,68,72,72,72,62,72,72,78,74,0.72,0.72,0.72,0.68,0.72,0.72,0.72,0.62,0.72,0.72,0.78,0.74
SUMIT,68,72,55,72,68,72,74,68,72,72,62,68,0.68,0.72,0.55,0.72,0.68,0.72,0.74,0.68,0.72,0.72,0.62,0.68
SUNDRMFAST,72,78,81,75,72,72,82,72,76,72,72,72,0.72,0.78,0.81,0.75,0.72,0.72,0.82,0.72,0.76,0.72,0.72,0.72
SUNDROP,72,82,32,72,72,72,78,62,78,72,72,72,0.72,0.82,0.32,0.72,0.72,0.72,0.78,0.62,0.78,0.72,0.72,0.72
SUNLITE,72,72,72,48,78,78,82,72,68,72,78,72,0.72,0.72,0.72,0.48,0.78,0.78,0.82,0.72,0.68,0.72,0.78,0.72
SUNPHARMA,72,78,72,67,72,72,87,62,78,72,78,72,0.72,0.78,0.72,0.67,0.72,0.72,0.87,0.62,0.78,0.72,0.78,0.72
SUNTECK,82,78,78,72,78,78,72,68,82,72,78,78,0.82,0.78,0.78,0.72,0.78,0.78,0.72,0.68,0.82,0.72,0.78,0.78
SUPRAJIT,71,73,74,62,68,72,78,78,85,62,78,72,0.71,0.73,0.74,0.62,0.68,0.72,0.78,0.78,0.85,0.62,0.78,0.72
SUPREMEIND,72,72,80,73,62,72,76,72,72,72,78,78,0.72,0.72,0.8,0.73,0.62,0.72,0.76,0.72,0.72,0.72,0.78,0.78
SUPREMEINF,28,28,62,42,18,18,28,62,72,28,72,28,0.28,0.28,0.62,0.42,0.18,0.18,0.28,0.62,0.72,0.28,0.72,0.28
SUPRIYA,72,72,72,72,62,72,78,72,72,68,78,72,0.72,0.72,0.72,0.72,0.62,0.72,0.78,0.72,0.72,0.68,0.78,0.72
SURAJEST,78,78,72,48,78,78,82,72,78,72,78,72,0.78,0.78,0.72,0.48,0.78,0.78,0.82,0.72,0.78,0.72,0.78,0.72
SURANI,42,68,68,38,28,28,42,62,72,42,62,62,0.42,0.68,0.68,0.38,0.28,0.28,0.42,0.62,0.72,0.42,0.62,0.62
SURYAROSNI,72,72,72,68,68,72,82,38,72,62,72,68,0.72,0.72,0.72,0.68,0.68,0.72,0.82,0.38,0.72,0.62,0.72,0.68
SUTLEJTEX,28,28,62,72,15,22,28,58,62,28,82,28,0.28,0.28,0.62,0.72,0.15,0.22,0.28,0.58,0.62,0.28,0.82,0.28
SUZLON,62,72,95,71,52,72,78,72,72,72,58,72,0.62,0.72,0.95,0.71,0.52,0.72,0.78,0.72,0.72,0.72,0.58,0.72
SVLL,45,72,42,38,35,35,45,62,72,72,78,68,0.45,0.72,0.42,0.38,0.35,0.35,0.45,0.62,0.72,0.72,0.78,0.68
SVPGLOB,72,72,72,58,52,68,78,58,72,62,78,72,0.72,0.72,0.72,0.58,0.52,0.68,0.78,0.58,0.72,0.62,0.78,0.72
SWIGGY,32,38,72,72,28,28,58,42,72,42,42,28,0.32,0.38,0.72,0.72,0.28,0.28,0.58,0.42,0.72,0.42,0.42,0.28
SWSOLAR,62,78,78,72,42,68,74,62,78,62,72,62,0.62,0.78,0.78,0.72,0.42,0.68,0.74,0.62,0.78,0.62,0.72,0.62
SYMPHONY,42,58,62,62,42,32,62,42,62,42,78,42,0.42,0.58,0.62,0.62,0.42,0.32,0.62,0.42,0.62,0.42,0.78,0.42
SYNGENE,58,42,62,72,52,42,62,58,52,42,72,52,0.58,0.42,0.62,0.72,0.52,0.42,0.62,0.58,0.52,0.42,0.72,0.52
SYNOPTICS,72,62,42,48,72,72,82,62,42,68,78,72,0.72,0.62,0.42,0.48,0.72,0.72,0.82,0.62,0.42,0.68,0.78,0.72
SYRMA,78,82,79,72,82,82,92,72,92,78,68,78,0.78,0.82,0.79,0.72,0.82,0.82,0.92,0.72,0.92,0.78,0.68,0.78
SYSTANGO,72,78,72,52,72,72,78,72,82,72,72,72,0.72,0.78,0.72,0.52,0.72,0.72,0.78,0.72,0.82,0.72,0.72,0.72
SYSTMTXC,78,82,82,23,78,82,85,72,88,72,72,72,0.78,0.82,0.82,0.23,0.78,0.82,0.85,0.72,0.88,0.72,0.72,0.72
TAC,78,92,82,58,78,82,88,62,88,78,78,78,0.78,0.92,0.82,0.58,0.78,0.82,0.88,0.62,0.88,0.78,0.78,0.78
TAKE,68,62,72,42,68,72,78,62,62,68,25,72,0.68,0.62,0.72,0.42,0.68,0.72,0.78,0.62,0.62,0.68,0.25,0.72
TALBROAUTO,72,62,72,72,68,72,78,62,58,72,78,72,0.72,0.62,0.72,0.72,0.68,0.72,0.78,0.62,0.58,0.72,0.78,0.72
TANLA,72,78,78,68,72,72,82,52,72,72,78,72,0.72,0.78,0.78,0.68,0.72,0.72,0.82,0.52,0.72,0.72,0.78,0.72
TARACHAND,72,82,82,66,78,78,84,62,82,76,76,72,0.72,0.82,0.82,0.66,0.78,0.78,0.84,0.62,0.82,0.76,0.76,0.72
TARC,38,72,92,72,28,28,52,68,88,62,78,62,0.38,0.72,0.92,0.72,0.28,0.28,0.52,0.68,0.88,0.62,0.78,0.62
TARIL,78,78,82,82,72,72,79,87,82,72,82,78,0.78,0.78,0.82,0.82,0.72,0.72,0.79,0.87,0.82,0.72,0.82,0.78
TARSONS,97,72,60,79,42,52,76,72,72,72,78,68,0.97,0.72,0.6,0.79,0.42,0.52,0.76,0.72,0.72,0.72,0.78,0.68
TASTYBITE,72,78,72,50,62,72,72,32,72,62,50,68,0.72,0.78,0.72,0.5,0.62,0.72,0.72,0.32,0.72,0.62,0.5,0.68
TATACHEM,72,62,62,78,42,42,72,68,72,68,78,62,0.72,0.62,0.62,0.78,0.42,0.42,0.72,0.68,0.72,0.68,0.78,0.62
TATACOMM,76,78,78,72,72,74,76,72,78,72,72,72,0.76,0.78,0.78,0.72,0.72,0.74,0.76,0.72,0.78,0.72,0.72,0.72
TATACONSUM,82,94,74,78,78,78,82,76,85,76,78,78,0.82,0.94,0.74,0.78,0.78,0.78,0.82,0.76,0.85,0.76,0.78,0.78
TATAELXSI,78,79,72,91,72,72,78,72,72,68,78,72,0.78,0.79,0.72,0.91,0.72,0.72,0.78,0.72,0.72,0.68,0.78,0.72
TATATECH,72,90,72,85,62,62,72,85,73,62,85,72,0.72,0.9,0.72,0.85,0.62,0.62,0.72,0.85,0.73,0.62,0.85,0.72
TAURIAN,84,84,72,72,72,78,78,78,78,72,72,72,0.84,0.84,0.72,0.72,0.72,0.78,0.78,0.78,0.78,0.72,0.72,0.72
TBI,78,74,76,65,72,78,89,72,78,72,45,76,0.78,0.74,0.76,0.65,0.72,0.78,0.89,0.72,0.78,0.72,0.45,0.76
TBOTEK,73,74,78,52,72,72,78,42,78,72,42,72,0.73,0.74,0.78,0.52,0.72,0.72,0.78,0.42,0.78,0.72,0.42,0.72
TBZ,73,72,72,78,72,72,72,78,72,72,78,72,0.73,0.72,0.72,0.78,0.72,0.72,0.72,0.78,0.72,0.72,0.78,0.72
TCC,86,92,87,35,78,82,92,62,92,72,45,78,0.86,0.92,0.87,0.35,0.78,0.82,0.92,0.62,0.92,0.72,0.45,0.78
TCIEXP,72,72,72,69,38,38,72,76,72,62,85,62,0.72,0.72,0.72,0.69,0.38,0.38,0.72,0.76,0.72,0.62,0.85,0.62
TCS,82,62,72,62,58,62,82,68,72,62,70,72,0.82,0.62,0.72,0.62,0.58,0.62,0.82,0.68,0.72,0.62,0.7,0.72
TDPOWERSYS,73,82,78,82,72,78,78,78,82,72,89,78,0.73,0.82,0.78,0.82,0.72,0.78,0.78,0.78,0.82,0.72,0.89,0.78
TEAMLEASE,74,72,72,72,68,72,78,78,72,72,78,72,0.74,0.72,0.72,0.72,0.68,0.72,0.78,0.78,0.72,0.72,0.78,0.72
TECHD,82,78,78,42,78,82,88,65,78,78,42,72,0.82,0.78,0.78,0.42,0.78,0.82,0.88,0.65,0.78,0.78,0.42,0.72
TECHLABS,78,72,74,72,72,72,82,72,72,72,72,72,0.78,0.72,0.74,0.72,0.72,0.72,0.82,0.72,0.72,0.72,0.72,0.72
TECHM,72,74,72,72,78,78,72,74,76,72,72,72,0.72,0.74,0.72,0.72,0.78,0.78,0.72,0.74,0.76,0.72,0.72,0.72
TECHNOE,82,78,74,73,72,78,82,72,78,72,78,78,0.82,0.78,0.74,0.73,0.72,0.78,0.82,0.72,0.78,0.72,0.78,0.78
TEGA,78,81,72,72,72,76,78,72,72,72,72,78,0.78,0.81,0.72,0.72,0.72,0.76,0.78,0.72,0.72,0.72,0.72,0.78
TEMBO,78,78,82,72,72,78,87,73,82,72,72,72,0.78,0.78,0.82,0.72,0.72,0.78,0.87,0.73,0.82,0.72,0.72,0.72
TENNIND,78,72,78,72,75,72,86,72,72,72,68,76,0.78,0.72,0.78,0.72,0.75,0.72,0.86,0.72,0.72,0.72,0.68,0.76
TEXRAIL,72,78,72,62,68,72,72,68,82,72,72,72,0.72,0.78,0.72,0.62,0.68,0.72,0.72,0.68,0.82,0.72,0.72,0.72
TFCILTD,78,72,68,75,75,72,78,75,78,62,72,72,0.78,0.72,0.68,0.75,0.75,0.72,0.78,0.75,0.78,0.62,0.72,0.72
TFL,50,78,68,72,45,42,50,72,87,62,68,42,0.5,0.78,0.68,0.72,0.45,0.42,0.5,0.72,0.87,0.62,0.68,0.42
TGL,84,68,72,62,72,72,71,68,72,72,62,72,0.84,0.68,0.72,0.62,0.72,0.72,0.71,0.68,0.72,0.72,0.62,0.72
THELEELA,78,82,78,68,78,82,82,78,82,78,82,78,0.78,0.82,0.78,0.68,0.78,0.82,0.82,0.78,0.82,0.78,0.82,0.78
THEMISMED,72,86,58,72,25,28,72,72,84,42,72,68,0.72,0.86,0.58,0.72,0.25,0.28,0.72,0.72,0.84,0.42,0.72,0.68
THERMAX,72,72,78,68,68,72,78,72,78,72,72,72,0.72,0.72,0.78,0.68,0.68,0.72,0.78,0.72,0.78,0.72,0.72,0.72
THOMASCOOK,72,72,78,72,28,42,72,74,78,62,72,72,0.72,0.72,0.78,0.72,0.28,0.42,0.72,0.74,0.78,0.62,0.72,0.72
THOMASCOTT,78,82,72,72,72,78,82,72,78,72,72,72,0.78,0.82,0.72,0.72,0.72,0.78,0.82,0.72,0.78,0.72,0.72,0.72
TI,78,82,78,78,72,78,82,78,82,72,78,76,0.78,0.82,0.78,0.78,0.72,0.78,0.82,0.78,0.82,0.72,0.78,0.76
TICL,62,78,92,62,35,72,75,52,78,62,62,62,0.62,0.78,0.92,0.62,0.35,0.72,0.75,0.52,0.78,0.62,0.62,0.62
TIIL,62,62,72,78,68,72,68,72,72,72,72,76,0.62,0.62,0.72,0.78,0.68,0.72,0.68,0.72,0.72,0.72,0.72,0.76
TIINDIA,72,72,78,72,68,72,72,62,72,62,72,72,0.72,0.72,0.78,0.72,0.68,0.72,0.72,0.62,0.72,0.62,0.72,0.72
TIMETECHNO,76,72,78,82,72,72,,82,78,72,82,72,0.76,0.72,0.78,0.82,0.72,0.72,150.8127513166667,0.82,0.78,0.72,0.82,0.72
TIMKEN,63,72,45,79,62,62,63,78,72,62,70,72,0.63,0.72,0.45,0.79,0.62,0.62,0.63,0.78,0.72,0.62,0.7,0.72
TINNARUBR,72,62,62,96,72,76,72,78,62,72,78,78,0.72,0.62,0.62,0.96,0.72,0.76,0.72,0.78,0.62,0.72,0.78,0.78
TIPSFILMS,18,22,68,72,18,15,18,62,68,28,72,28,0.18,0.22,0.68,0.72,0.18,0.15,0.18,0.62,0.68,0.28,0.72,0.28
TIPSMUSIC,87,92,78,72,78,82,94,72,78,78,72,82,0.87,0.92,0.78,0.72,0.78,0.82,0.94,0.72,0.78,0.78,0.72,0.82
TIRUPATIFL,88,78,78,72,72,76,78,,78,72,82,72,0.88,0.78,0.78,0.72,0.72,0.76,0.78,9,0.78,0.72,0.82,0.72
TITAGARH,72,78,72,76,72,72,72,72,78,72,78,72,0.72,0.78,0.72,0.76,0.72,0.72,0.72,0.72,0.78,0.72,0.78,0.72
TITAN,72,24,72,79,72,78,72,78,32,72,78,78,0.72,0.24,0.72,0.79,0.72,0.78,0.72,0.78,0.32,0.72,0.78,0.78
TMB,72,62,74,72,72,72,76,72,72,68,72,72,0.72,0.62,0.74,0.72,0.72,0.72,0.76,0.72,0.72,0.68,0.72,0.72
TMCV,78,78,82,72,78,78,82,62,82,72,72,78,0.78,0.78,0.82,0.72,0.78,0.78,0.82,0.62,0.82,0.72,0.72,0.78
TMPV,42,28,78,70,24,28,42,62,38,24,78,28,0.42,0.28,0.78,0.7,0.24,0.28,0.42,0.62,0.38,0.24,0.78,0.28
TOLINS,58,38,52,72,58,62,62,72,42,72,72,62,0.58,0.38,0.52,0.72,0.58,0.62,0.62,0.72,0.42,0.72,0.72,0.62
TORNTPHARM,78,72,78,72,72,78,82,78,69,72,72,75,0.78,0.72,0.78,0.72,0.72,0.78,0.82,0.78,0.69,0.72,0.72,0.75
TOTAL,82,82,82,62,35,72,82,62,87,42,62,42,0.82,0.82,0.82,0.62,0.35,0.72,0.82,0.62,0.87,0.42,0.62,0.42
TRACXN,28,32,75,68,28,28,28,72,78,45,76,52,0.28,0.32,0.75,0.68,0.28,0.28,0.28,0.72,0.78,0.45,0.76,0.52
TRANSRAILL,78,82,72,72,78,78,82,72,82,72,72,76,0.78,0.82,0.72,0.72,0.78,0.78,0.82,0.72,0.82,0.72,0.72,0.76
TRAVELFOOD,82,78,82,72,76,78,82,72,82,72,68,78,0.82,0.78,0.82,0.72,0.76,0.78,0.82,0.72,0.82,0.72,0.68,0.78
TREL,56,72,53,72,38,32,62,81,78,58,72,62,0.56,0.72,0.53,0.72,0.38,0.32,0.62,0.81,0.78,0.58,0.72,0.62
TRENT,78,78,83,72,78,82,82,78,78,72,72,78,0.78,0.78,0.83,0.72,0.78,0.82,0.82,0.78,0.78,0.72,0.72,0.78
TRF,52,62,62,45,42,42,62,52,42,42,35,42,0.52,0.62,0.62,0.45,0.42,0.42,0.62,0.52,0.42,0.42,0.35,0.42
TRIDENT,82,72,32,82,32,28,78,72,72,42,88,68,0.82,0.72,0.32,0.82,0.32,0.28,0.78,0.72,0.72,0.42,0.88,0.68
TRITURBINE,88,78,74,78,72,78,83,78,78,78,82,78,0.88,0.78,0.74,0.78,0.72,0.78,0.83,0.78,0.78,0.78,0.82,0.78
TRIVENI,78,78,78,89,72,72,76,68,78,72,78,72,0.78,0.78,0.78,0.89,0.72,0.72,0.76,0.68,0.78,0.72,0.78,0.72
TROM,72,62,62,62,58,62,72,50,62,62,62,62,0.72,0.62,0.62,0.62,0.58,0.62,0.72,0.5,0.62,0.62,0.62,0.62
TRUALT,72,72,72,62,62,72,72,72,72,62,62,62,0.72,0.72,0.72,0.62,0.62,0.72,0.72,0.72,0.72,0.62,0.62,0.62
TRUST,88,78,75,62,72,82,85,55,78,72,45,78,0.88,0.78,0.75,0.62,0.72,0.82,0.85,0.55,0.78,0.72,0.45,0.78
TTKHLTCARE,62,58,52,32,62,58,52,32,58,58,55,52,0.62,0.58,0.52,0.32,0.62,0.58,0.52,0.32,0.58,0.58,0.55,0.52
TTKPRESTIG,77,72,72,62,72,72,72,72,55,62,32,72,0.77,0.72,0.72,0.62,0.72,0.72,0.72,0.72,0.55,0.62,0.32,0.72
TVSMOTOR,78,82,78,58,72,78,82,72,78,72,62,78,0.78,0.82,0.78,0.58,0.72,0.78,0.82,0.72,0.78,0.72,0.62,0.78
TVSSCS,75,72,72,74,42,62,72,78,72,48,82,62,0.75,0.72,0.72,0.74,0.42,0.62,0.72,0.78,0.72,0.48,0.82,0.62
TVSSRICHAK,68,58,72,35,42,62,72,62,72,62,45,68,0.68,0.58,0.72,0.35,0.42,0.62,0.72,0.62,0.72,0.62,0.45,0.68
UCOBANK,78,78,78,92,52,62,78,82,82,68,82,72,0.78,0.78,0.78,0.92,0.52,0.62,0.78,0.82,0.82,0.68,0.82,0.72
UDS,82,82,71,82,75,78,87,78,82,76,78,78,0.82,0.82,0.71,0.82,0.75,0.78,0.87,0.78,0.82,0.76,0.78,0.78
UFBL,72,72,82,78,52,58,72,76,78,42,72,28,0.72,0.72,0.82,0.78,0.52,0.58,0.72,0.76,0.78,0.42,0.72,0.28
UFLEX,74,78,74,86,28,38,78,78,76,72,82,72,0.74,0.78,0.74,0.86,0.28,0.38,0.78,0.78,0.76,0.72,0.82,0.72
UGROCAP,87,,78,78,72,72,80,76,72,72,78,72,0.87,26875002976.242,0.78,0.78,0.72,0.72,0.8,0.76,0.72,0.72,0.78,0.72
UHTL,68,62,79,72,52,52,72,78,62,58,72,62,0.68,0.62,0.79,0.72,0.52,0.52,0.72,0.78,0.62,0.58,0.72,0.62
UJJIVANSFB,78,,82,77,72,72,82,72,78,72,72,72,0.78,2359001048.783,0.82,0.77,0.72,0.72,0.82,0.72,0.78,0.72,0.72,0.72
ULTRACEMCO,78,78,81,92,72,78,82,87,78,72,82,78,0.78,0.78,0.81,0.92,0.72,0.78,0.82,0.87,0.78,0.72,0.82,0.78
UMAEXPORTS,72,72,72,62,68,72,72,62,72,62,58,68,0.72,0.72,0.72,0.62,0.68,0.72,0.72,0.62,0.72,0.62,0.58,0.68
UNICHEMLAB,78,72,72,70,72,72,78,73,78,68,72,72,0.78,0.72,0.72,0.7,0.72,0.72,0.78,0.73,0.78,0.68,0.72,0.72
UNIDT,78,72,72,58,72,72,85,62,72,68,62,72,0.78,0.72,0.72,0.58,0.72,0.72,0.85,0.62,0.72,0.68,0.62,0.72
UNIECOM,78,78,76,78,82,78,82,78,78,72,78,78,0.78,0.78,0.76,0.78,0.82,0.78,0.82,0.78,0.78,0.72,0.78,0.78
UNIHEALTH,82,78,72,42,72,78,76,32,78,78,35,72,0.82,0.78,0.72,0.42,0.72,0.78,0.76,0.32,0.78,0.78,0.35,0.72
UNIMECH,76,72,24,62,42,72,76,58,72,42,62,62,0.76,0.72,0.24,0.62,0.42,0.72,0.76,0.58,0.72,0.42,0.62,0.62
UNIONBANK,78,78,72,82,72,72,82,87,76,72,92,72,0.78,0.78,0.72,0.82,0.72,0.72,0.82,0.87,0.76,0.72,0.92,0.72
UNIPARTS,78,72,52,78,58,58,78,78,62,72,80,72,0.78,0.72,0.52,0.78,0.58,0.58,0.78,0.78,0.62,0.72,0.8,0.72
UNITDSPR,78,78,89,45,72,78,78,72,78,72,62,72,0.78,0.78,0.89,0.45,0.72,0.78,0.78,0.72,0.78,0.72,0.62,0.72
UNOMINDA,82,78,82,82,72,72,82,72,78,72,85,78,0.82,0.78,0.82,0.82,0.72,0.72,0.82,0.72,0.78,0.72,0.85,0.78
UPL,82,82,82,72,72,78,82,73,82,72,78,78,0.82,0.82,0.82,0.72,0.72,0.78,0.82,0.73,0.82,0.72,0.78,0.78
URBAN,78,78,35,35,72,72,76,62,78,68,35,72,0.78,0.78,0.35,0.35,0.72,0.72,0.76,0.62,0.78,0.68,0.35,0.72
URBANCO,72,62,76,78,28,38,72,72,78,48,78,62,0.72,0.62,0.76,0.78,0.28,0.38,0.72,0.72,0.78,0.48,0.78,0.62
USHAMART,78,78,78,91,48,62,78,78,78,68,85,72,0.78,0.78,0.78,0.91,0.48,0.62,0.78,0.78,0.78,0.68,0.85,0.72
UTIAMC,58,72,78,78,68,72,68,78,72,72,82,72,0.58,0.72,0.78,0.78,0.68,0.72,0.68,0.78,0.72,0.72,0.82,0.72
UTKARSHBNK,28,28,42,50,28,18,28,58,32,32,58,28,0.28,0.28,0.42,0.5,0.28,0.18,0.28,0.58,0.32,0.32,0.58,0.28
UTLSOLAR,78,78,87,68,78,78,82,76,82,72,72,78,0.78,0.78,0.87,0.68,0.78,0.78,0.82,0.76,0.82,0.72,0.72,0.78
UTSSAV,82,78,84,35,78,78,84,72,82,78,35,78,0.82,0.78,0.84,0.35,0.78,0.78,0.84,0.72,0.82,0.78,0.35,0.78
UTTAMSUGAR,72,62,68,50,28,28,82,72,78,32,80,42,0.72,0.62,0.68,0.5,0.28,0.28,0.82,0.72,0.78,0.32,0.8,0.42
V2RETAIL,82,92,79,88,82,87,88,78,78,82,85,87,0.82,0.92,0.79,0.88,0.82,0.87,0.88,0.78,0.78,0.82,0.85,0.87
VADILALIND,62,62,72,72,52,52,68,72,72,52,72,42,0.62,0.62,0.72,0.72,0.52,0.52,0.68,0.72,0.72,0.52,0.72,0.42
VAIBHAVGBL,82,78,74,79,72,72,87,72,78,72,84,72,0.82,0.78,0.74,0.79,0.72,0.72,0.87,0.72,0.78,0.72,0.84,0.72
VAISHALI,22,28,28,72,18,28,18,62,42,42,68,42,0.22,0.28,0.28,0.72,0.18,0.28,0.18,0.62,0.42,0.42,0.68,0.42
VAKRANGEE,78,78,74,78,72,78,82,72,78,76,82,78,0.78,0.78,0.74,0.78,0.72,0.78,0.82,0.72,0.78,0.76,0.82,0.78
VALIANTORG,62,62,68,72,28,28,62,62,72,28,72,38,0.62,0.62,0.68,0.72,0.28,0.28,0.62,0.62,0.72,0.28,0.72,0.38
VARROC,72,78,78,83,68,72,76,72,78,62,82,68,0.72,0.78,0.78,0.83,0.68,0.72,0.76,0.72,0.78,0.62,0.82,0.68
VBL,78,83,72,82,78,82,78,78,82,78,82,78,0.78,0.83,0.72,0.82,0.78,0.82,0.78,0.78,0.82,0.78,0.82,0.78
VEDL,82,92,78,72,78,82,89,78,92,72,72,78,0.82,0.92,0.78,0.72,0.78,0.82,0.89,0.78,0.92,0.72,0.72,0.78
VENKEYS,28,69,35,62,28,28,28,62,68,52,68,38,0.28,0.69,0.35,0.62,0.28,0.28,0.28,0.62,0.68,0.52,0.68,0.38
VENTIVE,82,75,76,62,72,78,87,62,74,72,42,72,0.82,0.75,0.76,0.62,0.72,0.78,0.87,0.62,0.74,0.72,0.42,0.72
VENUSPIPES,71,78,78,76,78,78,78,72,82,72,82,78,0.71,0.78,0.78,0.76,0.78,0.78,0.78,0.72,0.82,0.72,0.82,0.78
VERANDA,78,78,82,78,72,78,85,78,82,72,78,72,0.78,0.78,0.82,0.78,0.72,0.78,0.85,0.78,0.82,0.72,0.78,0.72
VERTOZ,72,72,72,72,72,72,76,72,72,72,70,72,0.72,0.72,0.72,0.72,0.72,0.72,0.76,0.72,0.72,0.72,0.7,0.72
VETO,78,72,28,72,72,72,78,72,78,72,62,72,0.78,0.72,0.28,0.72,0.72,0.72,0.78,0.72,0.78,0.72,0.62,0.72
VGINFOTECH,84,82,70,72,78,78,83,72,72,72,72,72,0.84,0.82,0.7,0.72,0.78,0.78,0.83,0.72,0.72,0.72,0.72,0.72
VGL,82,78,78,78,75,82,79,76,78,72,82,78,0.82,0.78,0.78,0.78,0.75,0.82,0.79,0.76,0.78,0.72,0.82,0.78
VGUARD,71,72,72,72,72,72,72,62,72,62,72,72,0.71,0.72,0.72,0.72,0.72,0.72,0.72,0.62,0.72,0.62,0.72,0.72
VHLTD,72,78,72,69,62,72,72,72,82,72,72,72,0.72,0.78,0.72,0.69,0.62,0.72,0.72,0.72,0.82,0.72,0.72,0.72
VIAZ,89,72,78,42,68,72,78,38,72,62,45,68,0.89,0.72,0.78,0.42,0.68,0.72,0.78,0.38,0.72,0.62,0.45,0.68
VIDHIING,68,72,58,82,62,72,72,78,62,72,82,72,0.68,0.72,0.58,0.82,0.62,0.72,0.72,0.78,0.62,0.72,0.82,0.72
VIDYAWIRES,76,72,76,42,72,72,76,72,72,72,45,72,0.76,0.72,0.76,0.42,0.72,0.72,0.76,0.72,0.72,0.72,0.45,0.72
VIGOR,82,82,78,80,78,82,82,72,78,72,72,78,0.82,0.82,0.78,0.8,0.78,0.82,0.82,0.72,0.78,0.72,0.72,0.78
VIJAYA,82,82,82,78,76,78,88,74,85,72,78,78,0.82,0.82,0.82,0.78,0.76,0.78,0.88,0.74,0.85,0.72,0.78,0.78
VIKASECO,62,87,72,85,62,68,52,82,73,72,78,68,0.62,0.87,0.72,0.85,0.62,0.68,0.52,0.82,0.73,0.72,0.78,0.68
VIKRAN,62,78,89,40,58,68,62,73,78,68,52,72,0.62,0.78,0.89,0.4,0.58,0.68,0.62,0.73,0.78,0.68,0.52,0.72
VILAS,78,72,35,78,72,72,78,74,78,72,78,72,0.78,0.72,0.35,0.78,0.72,0.72,0.78,0.74,0.78,0.72,0.78,0.72
VIMTALABS,72,58,82,71,78,78,72,73,72,72,78,72,0.72,0.58,0.82,0.71,0.78,0.78,0.72,0.73,0.72,0.72,0.78,0.72
VINATIORGA,75,78,75,42,72,72,75,62,78,68,42,58,0.75,0.78,0.75,0.42,0.72,0.72,0.75,0.62,0.78,0.68,0.42,0.58
VINCOFE,82,78,85,73,78,82,85,78,88,78,72,82,0.82,0.78,0.85,0.73,0.78,0.82,0.85,0.78,0.88,0.78,0.72,0.82
VINDHYATEL,62,72,74,28,52,58,62,34,75,42,28,42,0.62,0.72,0.74,0.28,0.52,0.58,0.62,0.34,0.75,0.42,0.28,0.42
VINSYS,82,82,82,68,78,78,85,72,78,72,72,78,0.82,0.82,0.82,0.68,0.78,0.78,0.85,0.72,0.78,0.72,0.72,0.78
VINYAS,78,78,78,72,68,72,74,78,78,72,72,72,0.78,0.78,0.78,0.72,0.68,0.72,0.74,0.78,0.78,0.72,0.72,0.72
VIPCLOTHNG,74,62,72,78,68,72,73,72,72,72,78,72,0.74,0.62,0.72,0.78,0.68,0.72,0.73,0.72,0.72,0.72,0.78,0.72
VIPIND,58,71,28,62,32,68,62,66,68,58,68,32,0.58,0.71,0.28,0.62,0.32,0.68,0.62,0.66,0.68,0.58,0.68,0.32
VIRINCHI,86,78,62,76,78,78,78,62,59,72,78,72,0.86,0.78,0.62,0.76,0.78,0.78,0.78,0.62,0.59,0.72,0.78,0.72
VISAKAIND,72,78,74,42,58,62,78,59,72,58,52,52,0.72,0.78,0.74,0.42,0.58,0.62,0.78,0.59,0.72,0.58,0.52,0.52
VISHAL,78,82,76,72,72,72,78,69,82,72,72,72,0.78,0.82,0.76,0.72,0.72,0.72,0.78,0.69,0.82,0.72,0.72,0.72
VISHNU,72,62,62,76,72,72,72,88,62,72,70,72,0.72,0.62,0.62,0.76,0.72,0.72,0.72,0.88,0.62,0.72,0.7,0.72
VIVIANA,78,82,89,42,72,76,85,62,82,72,62,72,0.78,0.82,0.89,0.42,0.72,0.76,0.85,0.62,0.82,0.72,0.62,0.72
VIVIMEDLAB,72,72,73,62,62,62,72,62,72,62,62,68,0.72,0.72,0.73,0.62,0.62,0.62,0.72,0.62,0.72,0.62,0.62,0.68
VIYASH,78,82,82,82,72,72,82,78,82,62,78,72,0.78,0.82,0.82,0.82,0.72,0.72,0.82,0.78,0.82,0.62,0.78,0.72
VMARCIND,85,78,87,72,76,78,82,73,92,72,72,78,0.85,0.78,0.87,0.72,0.76,0.78,0.82,0.73,0.92,0.72,0.72,0.78
VMART,72,78,75,72,72,72,75,76,72,72,78,72,0.72,0.78,0.75,0.72,0.72,0.72,0.75,0.76,0.72,0.72,0.78,0.72
VMM,82,78,78,73,72,78,82,87,82,72,78,72,0.82,0.78,0.78,0.73,0.72,0.78,0.82,0.87,0.82,0.72,0.78,0.72
VMSTMT,71,62,62,72,62,72,74,72,62,62,62,72,0.71,0.62,0.62,0.72,0.62,0.72,0.74,0.72,0.62,0.62,0.62,0.72
VOLTAS,91,42,78,78,42,58,42,78,78,62,82,72,0.91,0.42,0.78,0.78,0.42,0.58,0.42,0.78,0.78,0.62,0.82,0.72
VPRPL,32,28,68,62,22,28,28,62,72,38,72,28,0.32,0.28,0.68,0.62,0.22,0.28,0.28,0.62,0.72,0.38,0.72,0.28
VRLLOG,78,74,78,82,78,78,78,73,76,72,88,68,0.78,0.74,0.78,0.82,0.78,0.78,0.78,0.73,0.76,0.72,0.88,0.68
VSSL,72,78,25,82,62,72,78,78,78,72,82,72,0.72,0.78,0.25,0.82,0.62,0.72,0.78,0.78,0.78,0.72,0.82,0.72
VSTL,68,72,72,78,42,52,62,72,72,62,78,62,0.68,0.72,0.72,0.78,0.42,0.52,0.62,0.72,0.72,0.62,0.78,0.62
VSTTILLERS,76,72,72,72,72,72,76,72,72,72,78,72,0.76,0.72,0.72,0.72,0.72,0.72,0.76,0.72,0.72,0.72,0.78,0.72
VTL,78,72,28,78,62,72,78,81,72,62,76,72,0.78,0.72,0.28,0.78,0.62,0.72,0.78,0.81,0.72,0.62,0.76,0.72
WAAREEENER,75,82,72,78,78,78,78,78,82,78,88,82,0.75,0.82,0.72,0.78,0.78,0.78,0.78,0.78,0.82,0.78,0.88,0.82
WAAREERTL,84,92,92,82,78,78,92,72,88,78,85,78,0.84,0.92,0.92,0.82,0.78,0.78,0.92,0.72,0.88,0.78,0.85,0.78
WABAG,78,78,58,82,78,78,82,78,78,72,88,78,0.78,0.78,0.58,0.82,0.78,0.78,0.82,0.78,0.78,0.72,0.88,0.78
WAKEFIT,72,74,51,72,54,72,76,78,72,72,62,72,0.72,0.74,0.51,0.72,0.54,0.72,0.76,0.78,0.72,0.72,0.62,0.72
WANBURY,76,78,35,74,72,72,78,78,72,68,78,72,0.76,0.78,0.35,0.74,0.72,0.72,0.78,0.78,0.72,0.68,0.78,0.72
WATERBASE,62,32,28,78,38,38,28,72,32,58,72,62,0.62,0.32,0.28,0.78,0.38,0.38,0.28,0.72,0.32,0.58,0.72,0.62
WCIL,72,72,78,72,42,62,72,62,72,62,82,72,0.72,0.72,0.78,0.72,0.42,0.62,0.72,0.62,0.72,0.62,0.82,0.72
WEALTH,68,56,78,73,78,78,72,82,52,72,82,72,0.68,0.56,0.78,0.73,0.78,0.78,0.72,0.82,0.52,0.72,0.82,0.72
WEBELSOLAR,88,87,82,72,78,78,92,76,88,72,72,78,0.88,0.87,0.82,0.72,0.78,0.78,0.92,0.76,0.88,0.72,0.72,0.78
WEL,82,78,79,72,78,78,78,72,78,72,72,72,0.82,0.78,0.79,0.72,0.78,0.78,0.78,0.72,0.78,0.72,0.72,0.72
WELCORP,78,78,78,78,72,78,85,82,62,76,78,78,0.78,0.78,0.78,0.78,0.72,0.78,0.85,0.82,0.62,0.76,0.78,0.78
WELENT,82,62,72,74,68,72,84,76,62,72,80,72,0.82,0.62,0.72,0.74,0.68,0.72,0.84,0.76,0.62,0.72,0.8,0.72
WELSPUNLIV,76,78,76,72,52,68,82,53,78,62,62,72,0.76,0.78,0.76,0.72,0.52,0.68,0.82,0.53,0.78,0.62,0.62,0.72
WENDT,82,72,72,72,78,76,85,72,72,72,72,72,0.82,0.72,0.72,0.72,0.78,0.76,0.85,0.72,0.72,0.72,0.72,0.72
WESTLIFE,62,72,73,82,62,72,72,74,62,72,78,72,0.62,0.72,0.73,0.82,0.62,0.72,0.72,0.74,0.62,0.72,0.78,0.72
WEWORK,78,60,27,62,72,72,78,50,78,68,62,68,0.78,0.6,0.27,0.62,0.72,0.72,0.78,0.5,0.78,0.68,0.62,0.68
WHEELS,78,78,76,82,72,72,78,72,72,72,82,72,0.78,0.78,0.76,0.82,0.72,0.72,0.78,0.72,0.72,0.72,0.82,0.72
WHIRLPOOL,62,72,42,76,62,72,71,72,72,62,78,72,0.62,0.72,0.42,0.76,0.62,0.72,0.71,0.72,0.72,0.62,0.78,0.72
WHITEFORCE,84,78,72,72,72,78,77,62,75,72,62,72,0.84,0.78,0.72,0.72,0.72,0.78,0.77,0.62,0.75,0.72,0.62,0.72
WINDLAS,78,78,76,74,72,72,78,72,82,72,78,72,0.78,0.78,0.76,0.74,0.72,0.72,0.78,0.72,0.82,0.72,0.78,0.72
WIPRO,62,42,52,72,42,42,58,72,42,58,72,62,0.62,0.42,0.52,0.72,0.42,0.42,0.58,0.72,0.42,0.58,0.72,0.62
WOCKPHARMA,76,72,72,72,38,28,78,62,73,38,72,42,0.76,0.72,0.72,0.72,0.38,0.28,0.78,0.62,0.73,0.38,0.72,0.42
WOL3D,66,72,72,72,62,62,67,72,72,68,78,72,0.66,0.72,0.72,0.72,0.62,0.62,0.67,0.72,0.72,0.68,0.78,0.72
WOMANCART,78,78,78,72,78,78,88,76,45,62,72,62,0.78,0.78,0.78,0.72,0.78,0.78,0.88,0.76,0.45,0.62,0.72,0.62
WONDERLA,,62,78,72,72,72,72,72,72,72,72,72,5.916666666666666,0.62,0.78,0.72,0.72,0.72,0.72,0.72,0.72,0.72,0.72,0.72
WSI,42,42,68,70,35,28,42,62,72,42,42,42,0.42,0.42,0.68,0.7,0.35,0.28,0.42,0.62,0.72,0.42,0.42,0.42
WSTCSTPAPR,72,72,72,60,72,72,72,62,72,62,42,68,0.72,0.72,0.72,0.6,0.72,0.72,0.72,0.62,0.72,0.62,0.42,0.68
WTICAB,74,78,62,72,72,72,78,72,78,72,72,72,0.74,0.78,0.62,0.72,0.72,0.72,0.78,0.72,0.78,0.72,0.72,0.72
XCHANGING,62,42,28,78,42,35,62,72,28,42,80,62,0.62,0.42,0.28,0.78,0.42,0.35,0.62,0.72,0.28,0.42,0.8,0.62
XELPMOC,18,28,62,68,18,18,15,42,72,28,62,28,0.18,0.28,0.62,0.68,0.18,0.18,0.15,0.42,0.72,0.28,0.62,0.28
XPROINDIA,68,58,42,81,62,62,72,78,58,72,82,68,0.68,0.58,0.42,0.81,0.62,0.62,0.72,0.78,0.58,0.72,0.82,0.68
XTGLOBAL,78,78,78,69,72,78,82,78,82,72,82,72,0.78,0.78,0.78,0.69,0.72,0.78,0.82,0.78,0.82,0.72,0.82,0.72
YASHO,73,72,72,72,62,58,73,,72,72,80,72,0.73,0.72,0.72,0.72,0.62,0.58,0.73,30.31,0.72,0.72,0.8,0.72
YASHOPTICS,76,72,68,32,76,75,78,66,72,72,35,72,0.76,0.72,0.68,0.32,0.76,0.75,0.78,0.66,0.72,0.72,0.35,0.72
YATHARTH,78,78,76,78,72,78,78,72,72,72,82,78,0.78,0.78,0.76,0.78,0.72,0.78,0.78,0.72,0.72,0.72,0.82,0.78
YATRA,76,78,78,78,72,72,78,78,78,72,80,72,0.76,0.78,0.78,0.78,0.72,0.72,0.78,0.78,0.78,0.72,0.8,0.72
YESBANK,76,82,82,78,72,72,78,78,82,72,78,78,0.76,0.82,0.82,0.78,0.72,0.72,0.78,0.78,0.82,0.72,0.78,0.78
ZAGGLE,82,85,91,94,78,82,86,78,81,78,78,82,0.82,0.85,0.91,0.94,0.78,0.82,0.86,0.78,0.81,0.78,0.78,0.82
ZEAL,88,92,92,35,78,82,92,62,92,78,42,72,0.88,0.92,0.92,0.35,0.78,0.82,0.92,0.62,0.92,0.78,0.42,0.72
ZEEL,78,72,76,58,62,68,78,62,72,62,32,62,0.78,0.72,0.76,0.58,0.62,0.68,0.78,0.62,0.72,0.62,0.32,0.62
ZEEMEDIA,72,78,72,62,62,68,78,68,78,62,58,62,0.72,0.78,0.72,0.62,0.62,0.68,0.78,0.68,0.78,0.62,0.58,0.62
ZENSARTECH,72,72,78,72,72,72,72,62,72,68,62,72,0.72,0.72,0.78,0.72,0.72,0.72,0.72,0.62,0.72,0.68,0.62,0.72
ZFCVINDIA,78,68,73,72,62,62,80,74,72,68,78,72,0.78,0.68,0.73,0.72,0.62,0.62,0.8,0.74,0.72,0.68,0.78,0.72
ZIMLAB,76,72,78,72,62,72,72,74,72,62,78,72,0.76,0.72,0.78,0.72,0.62,0.72,0.72,0.74,0.72,0.62,0.78,0.72
ZODIAC,72,78,82,32,62,68,72,62,78,62,32,72,0.72,0.78,0.82,0.32,0.62,0.68,0.72,0.62,0.78,0.62,0.32,0.72
ZODIACLOTH,32,34,72,78,28,28,42,72,72,28,78,42,0.32,0.34,0.72,0.78,0.28,0.28,0.42,0.72,0.72,0.28,0.78,0.42
ZOTA,42,72,74,78,28,32,62,72,82,72,78,68,0.42,0.72,0.74,0.78,0.28,0.32,0.62,0.72,0.82,0.72,0.78,0.68
ZUARI,22,18,28,50,18,15,22,42,32,18,50,28,0.22,0.18,0.28,0.5,0.18,0.15,0.22,0.42,0.32,0.18,0.5,0.28
ZUARIIND,72,68,42,72,42,45,72,72,68,62,78,72,0.72,0.68,0.42,0.72,0.42,0.45,0.72,0.72,0.68,0.62,0.78,0.72
ZYDUSLIFE,82,78,91,72,78,78,92,72,91,72,72,72,0.82,0.78,0.91,0.72,0.78,0.78,0.92,0.72,0.91,0.72,0.72,0.72
ZYDUSWELL,62,72,72,78,28,32,62,72,78,38,88,68,0.62,0.72,0.72,0.78,0.28,0.32,0.62,0.72,0.78,0.38,0.88,0.68