,id,company,fiscal_year,quarter,call_date,transcript_url,ppt_url,basic_industry,company_name,month,expected_quarter
514,DRONE_FY2026_Q1,DRONE,FY2026,Q1,Jun 2025,https://nsearchives.nseindia.com/corporate/DRONEDESTINATION_03062025132746_TranscriptEarningsCall300529.pdf,,Education,Drone Destination Ltd.,Jun,Q4
515,DRONE_FY2025_Q1,DRONE,FY2025,Q1,Jun 2024,https://nsearchives.nseindia.com/corporate/DRONE_03062024225311_EarningsCallTranscript.pdf,,Education,Drone Destination Ltd.,Jun,Q4
555,DUGLOBAL_FY2026_Q1,DUGLOBAL,FY2026,Q1,Jun 2025,,https://nsearchives.nseindia.com/corporate/DUDIGITAL_11062025154349_NSEINTIMATIONINVESTORPRESENTATION11062025s.pdf,"Tour, Travel Related Services",Dudigital Global Ltd.,Jun,Q4
644,KECL_FY2025_Q2,KECL,FY2025,Q2,Sep 2024,https://kirloskarelectric.com/images/pdf/transcript_77th_agm.pdf,,Other Electrical Equipment,Kirloskar Electric Co. Ltd.,Sep,Q1
869,EFACTOR_FY2026_Q1,EFACTOR,FY2026,Q1,Jun 2025,https://nsearchives.nseindia.com/corporate/EFACTOR_09062025135409_Transcript___3_June_2025.pdf,https://nsearchives.nseindia.com/corporate/EFACTOR_31052025212732_Presentation_31052025.pdf,Other Consumer Services,E Factor Experiences Ltd.,Jun,Q4
1012,EMSLIMITED_FY2026_Q1,EMSLIMITED,FY2026,Q1,Jun 2025,https://ems.co.in/home/images/pdfs/Transcript-Earning-Call-held%20on-30.05.2025.pdf,https://www.bseindia.com/xml-data/corpfiling/AttachHis/04b80bc3-ba23-404c-8ddb-16c2f1759127.pdf,Waste Management,E M S Ltd.,Jun,Q4
1402,EIMCOELECO_FY2026_Q2,EIMCOELECO,FY2026,Q2,Sep 2025,,https://www.bseindia.com/xml-data/corpfiling/AttachHis/1265dec8-a94f-4f34-9838-354009118c03.pdf,Industrial Products,Eimco Elecon (India) Ltd.,Sep,Q1
1586,ELGNZ_FY2026_Q4,ELGNZ,FY2026,Q4,Mar 2026,,https://nsearchives.nseindia.com/corporate/ELEGANZ_05032026162231_Investor_Presentation_Vivro_Eleganz_sd.pdf,Diversified Commercial Services,Eleganz Interiors Ltd.,Mar,Q3
1598,ELGNZ_FY2025_Q4,ELGNZ,FY2025,Q4,Mar 2025,,https://nsearchives.nseindia.com/corporate/ELEGANZ_24032025232220_EIL_Corporate_Presentation.pdf,Diversified Commercial Services,Eleganz Interiors Ltd.,Mar,Q3
1599,ELGIEQUIP_FY2026_Q4,ELGIEQUIP,FY2026,Q4,Mar 2026,https://www.bseindia.com/xml-data/corpfiling/AttachHis/76ca8e77-b84d-4199-884f-f3a876a32968.pdf,https://www.bseindia.com/xml-data/corpfiling/AttachHis/9603f8b7-35d5-4807-afe9-910d9f2cdc97.pdf,"Compressors, Pumps & Diesel Engines",Elgi Equipments Ltd.,Mar,Q3
1953,AARVI_FY2025_Q4,AARVI,FY2025,Q4,Mar 2025,,https://nsearchives.nseindia.com/corporate/AARVI_12032025140641_Aarvi_Encon_-_Investor_Presentation_-_March_2025.pdf,Diversified Commercial Services,Aarvi Encon Ltd.,Mar,Q3
2088,ETML_FY2026_Q3,ETML,FY2026,Q3,Dec 2025,https://nsearchives.nseindia.com/corporate/EMERALD_GYR_11122025114541_Transcript_of_Conference_call_letter_11th_december.pdf,https://nsearchives.nseindia.com/corporate/EMERALD_GYR_01122025160837_Intimation_of_Investor_presentation_04th_December_2025signed.pdf,Tyres & Rubber Products,Emerald Tyre Manufacturers Ltd.,Dec,Q2
2104,ETML_FY2026_Q2,ETML,FY2026,Q2,Sep 2025,,https://nsearchives.nseindia.com/corporate/EMERALD_GYR_23092025151208_Investor_presentation2.pdf,Tyres & Rubber Products,Emerald Tyre Manufacturers Ltd.,Sep,Q1
2327,EMMIL_FY2026_Q3,EMMIL,FY2026,Q3,Dec 2025,,https://nsearchives.nseindia.com/corporate/EMMIL_03122025161920_EMMIL_Investor_Meet_Outcome_Final.pdf,Industrial Products,Energy-Mission Machineries (India) Ltd.,Dec,Q2
2851,ESCONET_FY2026_Q2,ESCONET,FY2026,Q2,Sep 2025,,https://nsearchives.nseindia.com/corporate/ESCONET_22092025130801_NSE_Int_Inve_PPT_Sep_2025.pdf,Computers Hardware & Equipments,Esconet Technologies Ltd.,Sep,Q1
2868,ESCONET_FY2026_Q1,ESCONET,FY2026,Q1,Jun 2025,https://nsearchives.nseindia.com/corporate/ESCONET_20062025185636_ESC_Int_IM_Transcript_19062025.pdf,https://nsearchives.nseindia.com/corporate/ESCONET_19062025181423_ESC_Int_IM_19062025.pdf,Computers Hardware & Equipments,Esconet Technologies Ltd.,Jun,Q4
2875,ESCONET_FY2025_Q3,ESCONET,FY2025,Q3,Dec 2024,,https://nsearchives.nseindia.com/corporate/ESCONET_03122024175729_NSE_Intimation_PPT.pdf,Computers Hardware & Equipments,Esconet Technologies Ltd.,Dec,Q2
3154,S&SPOWER_FY2026_Q2,S&SPOWER,FY2026,Q2,Sep 2025,,https://www.bseindia.com/xml-data/corpfiling/AttachHis/1b502190-c010-4b74-a27d-13a6fe4dd83b.pdf,Other Electrical Equipment,S & S Power Switchgear Ltd.,Sep,Q1
3430,EUROPRATIK_FY2026_Q4,EUROPRATIK,FY2026,Q4,Mar 2026,,https://www.bseindia.com/xml-data/corpfiling/AttachHis/e57b3f18-78eb-4365-9b72-f68c869dbaa9.pdf,"Furniture, Home Furnishing",Euro Pratik Sales Ltd.,Mar,Q3
3809,EXPLEOSOL_FY2025_Q1,EXPLEOSOL,FY2025,Q1,Jun 2024,https://investors.expleo.com/wp-content/documents/Earnings%20Call%20Transcript%20Q4%202023-24.pdf,https://www.bseindia.com/xml-data/corpfiling/AttachHis/d5889d80-4f22-45cf-bd3e-ba12ad95558c.pdf,IT Enabled Services,Expleo Solutions Ltd.,Jun,Q4
5251,ADDICTIVE_FY2025_Q2,ADDICTIVE,FY2025,Q2,Sep 2024,,https://drive.google.com/file/d/1YififC_YtY-Za_TTgYwsJSf1L0KPZ2_o/view,E-Learning,Addictive Learning Technology Ltd.,Sep,Q1
5399,FINBUD_FY2026_Q3,FINBUD,FY2026,Q3,Dec 2025,https://nsearchives.nseindia.com/corporate/FINBUD_09122025165257_FINBUD_TRANSCRIPT.pdf,https://nsearchives.nseindia.com/corporate/FINBUD_02122025142937_FINBUD_PPT.pdf,Financial Technology (Fintech),Finbud Financial Services Ltd.,Dec,Q2
5766,FINKURVE_FY2026_Q2,FINKURVE,FY2026,Q2,Sep 2025,,https://www.bseindia.com/xml-data/corpfiling/AttachHis/9d2e14bb-8ecf-4793-b9bf-587b552ccedf.pdf,Non Banking Financial Company (NBFC),Finkurve Financial Services Ltd.,Sep,Q1
5770,FINKURVE_FY2025_Q4,FINKURVE,FY2025,Q4,Mar 2025,,https://www.bseindia.com/xml-data/corpfiling/AttachHis/be87af91-422c-420c-bfec-8a6c28380ba6.pdf,Non Banking Financial Company (NBFC),Finkurve Financial Services Ltd.,Mar,Q3
5783,FINOPB_FY2026_Q4,FINOPB,FY2026,Q4,Mar 2026,https://www.bseindia.com/xml-data/corpfiling/AttachHis/1063e837-6b93-4b5f-98e3-17c02dfa3435.pdf,https://www.bseindia.com/xml-data/corpfiling/AttachLive/d3aa17bf-2c19-4394-9102-f1fe20fab927.pdf,Other Bank,Fino Payments Bank Ltd.,Mar,Q3
5836,ABSMARINE_FY2026_Q3,ABSMARINE,FY2026,Q3,Dec 2025,,https://nsearchives.nseindia.com/corporate/ABSMARINE_11122025200728_Intimation_to_NSE.pdf,Shipping,A B S Marine Services Ltd.,Dec,Q2
6181,FISCHER_FY2025_Q3,FISCHER,FY2025,Q3,Dec 2024,,https://www.bseindia.com/xml-data/corpfiling/AttachHis/688bd4f9-24c8-4d8d-a121-089da90ff39d.pdf,Medical Equipment & Supplies,Fischer Medical Ventures Ltd.,Dec,Q2
6187,FOCUS_FY2025_Q3,FOCUS,FY2025,Q3,Dec 2024,https://www.focuslightingandfixtures.com/focus_investor/Schedule_of_analysts_or_institutional_investors_meet/financial_year_2024-2025/Intimation%20of%20Transcript%20Q2.pdf,https://nsearchives.nseindia.com/corporate/FOCUS_26112024134209_IntimationofInvestorPresentationforQ2FY25.pdf,Consumer Electronics,Focus Lighting & Fixtures Ltd.,Dec,Q2
6203,FONEBOX_FY2025_Q3,FONEBOX,FY2025,Q3,Dec 2024,https://nsearchives.nseindia.com/corporate/FONEBOX_02122024181559_FRL-Transcript_upload_Signed.pdf,https://nsearchives.nseindia.com/corporate/FONEBOX_26112024153317_Fonebox_Investor_Presentation_H1FY25_Signed.pdf,Speciality Retail,Fonebox Retail Ltd.,Dec,Q2
6231,FORCAS_FY2026_Q1,FORCAS,FY2026,Q1,Jun 2025,https://nsearchives.nseindia.com/corporate/FORCAS_16062025183429_Transcript_Investor_meet.pdf,https://nsearchives.nseindia.com/corporate/FORCAS_09062025173929_Forcas_Studio_Ltd_Investor_Presentation.pdf,Garments & Apparels,Forcas Studio Ltd.,Jun,Q4
6244,FRACTAL_FY2026_Q4,FRACTAL,FY2026,Q4,Mar 2026,https://www.bseindia.com/xml-data/corpfiling/AttachHis/492896cc-7f83-429d-a34a-a37326702373.pdf,https://www.bseindia.com/xml-data/corpfiling/AttachHis/1c667b28-f708-4d7b-b7d5-d112c4cc94ae.pdf,Computers - Software & Consulting,Fractal Analytics Ltd.,Mar,Q3
6245,FRESHARA_FY2026_Q3,FRESHARA,FY2026,Q3,Dec 2025,https://nsearchives.nseindia.com/corporate/FRESHARA_13122025141938_Intimation_Transcript_Earnings_Conference_Call_H1_FY_26_signed.pdf,https://nsearchives.nseindia.com/corporate/FRESHARA_05122025114643_Presentation_Earnings_Conference_Call_05122025_signed.pdf,Other Food Products,Freshara Agro Exports Ltd.,Dec,Q2
6246,FRESHARA_FY2026_Q1,FRESHARA,FY2026,Q1,Jun 2025,https://nsearchives.nseindia.com/corporate/FRESHARA_20062025175459_Transcript_Earnings_Conference_Call_20062025_signed.pdf,https://nsearchives.nseindia.com/corporate/FRESHARA_16062025124000_Presentation_Earnings_Conference_Call_16062025.pdf,Other Food Products,Freshara Agro Exports Ltd.,Jun,Q4
6248,FROG_FY2026_Q3,FROG,FY2026,Q3,Dec 2025,https://nsearchives.nseindia.com/corporate/FROGCELLSAT_17122025130254_Disclosure_of_Transcript_signed.pdf,https://nsearchives.nseindia.com/corporate/FROGCELLSAT_11122025124502_Disclosure_of_Investor_Presentation_signed.pdf,Telecom -  Equipment & Accessories,Frog Innovations Ltd.,Dec,Q2
6357,GVPIL_FY2026_Q1,GVPIL,FY2026,Q1,Jun 2025,https://www.bseindia.com/xml-data/corpfiling/AttachHis/22ca0485-21d6-4981-ba21-023d32a2e885.pdf,https://www.bseindia.com/xml-data/corpfiling/AttachHis/3dbf5d1f-931e-4261-8779-0aa03b49f445.pdf,Heavy Electrical Equipment,G E Power India Ltd.,Jun,Q4
6459,AYMSYNTEX_FY2025_Q2,AYMSYNTEX,FY2025,Q2,Sep 2024,,https://www.bseindia.com/xml-data/corpfiling/AttachHis/a2cc9cae-9d65-418b-8cca-b2a1ed203618.pdf,Other Textile Products,A Y M Syntex Ltd.,Sep,Q1
6566,GOCLCORP_FY2025_Q2,GOCLCORP,FY2025,Q2,Sep 2024,,https://www.bseindia.com/xml-data/corpfiling/AttachHis/574c0070-9f62-4d21-9c27-0a79a58fc928.pdf,Explosives,G O C L Corpn. Ltd.,Sep,Q1
6713,ADDICTIVE_FY2026_Q1,ADDICTIVE,FY2026,Q1,Jun 2025,https://nsearchives.nseindia.com/corporate/LAWSIKHO_11062025215423_Transcript_Intimation_signed.pdf,,E-Learning,Addictive Learning Technology Ltd.,Jun,Q4
6714,ADDICTIVE_FY2025_Q3,ADDICTIVE,FY2025,Q3,Dec 2024,https://nsearchives.nseindia.com/corporate/LAWSIKHO_21122024113151_Transcript_Intimation_signed_21122024.pdf,,E-Learning,Addictive Learning Technology Ltd.,Dec,Q2
6729,GALAPREC_FY2026_Q4,GALAPREC,FY2026,Q4,Mar 2026,,https://www.bseindia.com/xml-data/corpfiling/AttachHis/0dca7183-d9df-4f5f-83cd-24073596ac69.pdf,Industrial Products,Gala Precision Engg. Ltd.,Mar,Q3
6732,GALAPREC_FY2026_Q1,GALAPREC,FY2026,Q1,Jun 2025,https://www.bseindia.com/xml-data/corpfiling/AttachHis/e815226a-51f3-4ef4-80c0-06bd2a510f8c.pdf,https://www.bseindia.com/xml-data/corpfiling/AttachHis/9b92393e-f7a8-407f-81cf-f64bbc5bdba1.pdf,Industrial Products,Gala Precision Engg. Ltd.,Jun,Q4
6779,GALLANTT_FY2025_Q3,GALLANTT,FY2025,Q3,Dec 2024,,https://www.bseindia.com/xml-data/corpfiling/AttachHis/2b0fcac4-98d5-46a5-825c-0520103975ab.pdf,Iron & Steel Products,Gallantt Ispat Ltd.,Dec,Q2
6786,GANDHAR_FY2025_Q1,GANDHAR,FY2025,Q1,Jun 2024,https://www.bseindia.com/xml-data/corpfiling/AttachHis/84e76b81-2b73-4be0-8f8a-9670ee460e5e.pdf,https://www.bseindia.com/xml-data/corpfiling/AttachHis/c466fad5-3a74-4b4c-959d-63d573b0a8f4.pdf,Lubricants,Gandhar Oil Refinery (India) Ltd.,Jun,Q4
6804,GGBL_FY2026_Q1,GGBL,FY2026,Q1,Jun 2025,https://nsearchives.nseindia.com/corporate/GANESH_17062025165243_transcriptofcallconference.pdf,https://nsearchives.nseindia.com/corporate/GANESH_23082025105143_Investorpresentation24082025.pdf,Other Electrical Equipment,Ganesh Green Bharat Ltd.,Jun,Q4
6910,AFFORDABLE_FY2025_Q3,AFFORDABLE,FY2025,Q3,Dec 2024,,https://www.bseindia.com/xml-data/corpfiling/AttachHis/79b816fa-4980-4bc7-b1ae-e1ceff44828b.pdf,Industrial Products,Affordable Robotic & Automation Ltd.,Dec,Q2
6928,GENUSPOWER_FY2025_Q1,GENUSPOWER,FY2025,Q1,Jun 2024,https://www.bseindia.com/xml-data/corpfiling/AttachHis/a81a5f53-3243-4d39-8bdf-8e32da1019fd.pdf,https://www.bseindia.com/xml-data/corpfiling/AttachHis/a76e39a9-b751-47bc-afdd-dc72e6b641af.pdf,Other Electrical Equipment,Genus Power Infrastructures Ltd.,Jun,Q4
7050,GSLSU_FY2026_Q4,GSLSU,FY2026,Q4,Mar 2026,,https://www.bseindia.com/xml-data/corpfiling/AttachHis/b822faea-f7d4-4991-aefb-59d771bc6e61.pdf,Granites & Marbles,Global Surfaces Ltd.,Mar,Q3
7235,AMRUTANJAN_FY2025_Q2,AMRUTANJAN,FY2025,Q2,Sep 2024,https://www.amrutanjan.com/pdf/Transcript-of-the%20-87th-AGM-27-9-2024.pdf,https://www.bseindia.com/xml-data/corpfiling/AttachHis/c9362534-324b-46e6-911f-75d3668f7dd6.pdf,Pharmaceuticals,Amrutanjan Health Care Ltd.,Sep,Q1
7342,GOODLUCK_FY2025_Q1,GOODLUCK,FY2025,Q1,Jun 2024,https://www.bseindia.com/xml-data/corpfiling/AttachHis/88eea55f-8d8a-4d20-86f0-7d80e8a07a63.pdf,https://www.goodluckindia.com/pdf/investor-presentation-q1-fy24.pdf,Iron & Steel Products,Goodluck India Ltd.,Jun,Q4
7353,GCHOTELS_FY2025_Q4,GCHOTELS,FY2025,Q4,Mar 2025,,https://grandcontinenthotels.com/wp-content/uploads/2025/03/Project-Crown-IM_final_v2_compressed.pdf,Hotels & Resorts,Grand Continent Hotels Ltd.,Mar,Q3
7398,GRAPHISAD_FY2026_Q1,GRAPHISAD,FY2026,Q1,Jun 2025,,https://nsearchives.nseindia.com/corporate/GRAPHISADS_20062025185849_Presentation.pdf,Advertising & Media Agencies,Graphisads Ltd.,Jun,Q4
7571,ARABIAN_FY2026_Q3,ARABIAN,FY2026,Q3,Dec 2025,https://nsearchives.nseindia.com/corporate/ARABIAN_03122025202706_Intimation_of_Transcript.pdf,https://nsearchives.nseindia.com/corporate/ARABIAN_26112025151533_Intimation_of_Investor_Presentation.pdf,Lubricants,Arabian Petroleum Ltd.,Dec,Q2
7572,ARABIAN_FY2026_Q1,ARABIAN,FY2026,Q1,Jun 2025,https://nsearchives.nseindia.com/corporate/ARABIAN_20062025194154_Intimation_for_Transcript.pdf,https://nsearchives.nseindia.com/corporate/ARABIAN_17062025151237_Intimation_for_Investor_Presentation.pdf,Lubricants,Arabian Petroleum Ltd.,Jun,Q4
7678,GUJAPOLLO_FY2026_Q4,GUJAPOLLO,FY2026,Q4,Mar 2026,,https://www.bseindia.com/xml-data/corpfiling/AttachHis/06b074cd-928c-4cf1-96b3-8e084b475959.pdf,Industrial Products,Gujarat Apollo Inds. Ltd.,Mar,Q3
7978,HLEGLAS_FY2025_Q1,HLEGLAS,FY2025,Q1,Jun 2024,https://www.bseindia.com/xml-data/corpfiling/AttachHis/904dfc54-a575-4a0c-88a3-d0d22b490daf.pdf,https://www.bseindia.com/xml-data/corpfiling/AttachHis/5dcbc6d6-73df-4501-88f3-3888a68d737a.pdf,Industrial Products,H L E Glascoat Ltd.,Jun,Q4
8037,HRHNEXT_FY2026_Q3,HRHNEXT,FY2026,Q3,Dec 2025,https://nsearchives.nseindia.com/corporate/HRHNEXT_12122025153756_HRH_Investors_Meet_Transcript.pdf,https://nsearchives.nseindia.com/corporate/HRHNEXT_05122025191933_Intimation_of_Investor_Presentation.pdf,Business Process Outsourcing (BPO)/ Knowledge Process Outsourcing (KPO),H R H Next Services Ltd.,Dec,Q2
8038,HRHNEXT_FY2026_Q1,HRHNEXT,FY2026,Q1,Jun 2025,https://nsearchives.nseindia.com/corporate/HRHNEXT_20062025155318_Covering_letter_Investor_meet_transcript.pdf,https://nsearchives.nseindia.com/corporate/HRHNEXT_04062025185354_IntimationofInvestorsPresentation_HRH.pdf,Business Process Outsourcing (BPO)/ Knowledge Process Outsourcing (KPO),H R H Next Services Ltd.,Jun,Q4
8092,WHITEFORCE_FY2026_Q2,WHITEFORCE,FY2026,Q2,Sep 2025,,https://nsearchives.nseindia.com/corporate/HAPPYSQUARE_02092025124223_Whiteforce_Investor_Presentation.pdf,Diversified Commercial Services,Happy Square Outsourcing Services Ltd.,Sep,Q1
8093,HARIOMPIPE_FY2026_Q4,HARIOMPIPE,FY2026,Q4,Mar 2026,,https://www.bseindia.com/xml-data/corpfiling/AttachHis/70182f5d-56eb-4b45-8075-45eb6735e742.pdf,Iron & Steel Products,Hariom Pipe Inds. Ltd.,Mar,Q3
8145,HATSUN_FY2026_Q2,HATSUN,FY2026,Q2,Sep 2025,https://www.bseindia.com/xml-data/corpfiling/AttachHis/c094669e-64c5-44b1-80bf-c532b5f03c2e.pdf,,Dairy Products,Hatsun Agro Product Ltd.,Sep,Q1
8327,BLKASHYAP_FY2025_Q2,BLKASHYAP,FY2025,Q2,Sep 2024,,https://www.bseindia.com/xml-data/corpfiling/AttachHis/374231fa-93b2-4a25-bce8-f955be1b4788.pdf,Civil Construction,B L Kashyap & Sons Ltd.,Sep,Q1
8390,HIGREEN_FY2026_Q1,HIGREEN,FY2026,Q1,Jun 2025,https://nsearchives.nseindia.com/corporate/HIGREEN_12062025154921_HiGREEN_CONCALL_OUTCOME.pdf,https://nsearchives.nseindia.com/corporate/HIGREEN_04062025131836_PresentationSD.pdf,Waste Management,Hi-Green Carbon Ltd.,Jun,Q4
8468,HIMATSEIDE_FY2025_Q2,HIMATSEIDE,FY2025,Q2,Sep 2024,https://www.bseindia.com/xml-data/corpfiling/AttachHis/7316ae79-5ffb-42b7-bc16-5d5e29bfa7f4.pdf,https://www.bseindia.com/xml-data/corpfiling/AttachHis/5bf9df0a-5df8-4d50-bc8c-b89250e6466d.pdf,Other Textile Products,Himatsingka Seide Ltd.,Sep,Q1
8722,BASILIC_FY2026_Q4,BASILIC,FY2026,Q4,Mar 2026,https://nsearchives.nseindia.com/corporate/BASILIC_23022026164620_Earnings_Call_Transcript.pdf,https://nsearchives.nseindia.com/corporate/BASILIC_19032026222742_InvestorPresentation_Intimation.pdf,Media & Entertainment,Basilic Fly Studio Ltd.,Mar,Q3
8725,BASILIC_FY2026_Q1,BASILIC,FY2026,Q1,Jun 2025,https://nsearchives.nseindia.com/corporate/BASILIC_09062025115415_IntimationofEarningsCallTranscript.pdf,https://nsearchives.nseindia.com/corporate/BASILIC_01062025214430_IntimationofInvestorspresentationH2FY25.pdf,Media & Entertainment,Basilic Fly Studio Ltd.,Jun,Q4
8810,BDL_FY2025_Q1,BDL,FY2025,Q1,Jun 2024,,https://www.bseindia.com/xml-data/corpfiling/AttachHis/18b1d19a-cd46-4aed-90f0-455f551813b7.pdf,Aerospace & Defense,Bharat Dynamics Ltd.,Jun,Q4
8826,HOACFOODS_FY2026_Q1,HOACFOODS,FY2026,Q1,Jun 2025,https://nsearchives.nseindia.com/corporate/HOAC_10062025121847_Final_Intimation_10062025_Transcript.pdf,https://nsearchives.nseindia.com/corporate/HOAC_03062025184344_Investor_Presentation_HOAC_Signed.pdf,Other Food Products,Hoac Foods India Ltd.,Jun,Q4
8847,HOMESFY_FY2026_Q2,HOMESFY,FY2026,Q2,Sep 2025,,https://nsearchives.nseindia.com/corporate/HOMESFY_25092025152839_Homesfy_PPT-_BCC.pdf,Real Estate related services,Homesfy Realty Ltd.,Sep,Q1
9012,ICRA_FY2026_Q1,ICRA,FY2026,Q1,Jun 2025,https://www.bseindia.com/xml-data/corpfiling/AttachHis/67d38804-fdfd-463d-a15b-83290f19f27f.pdf,https://www.bseindia.com/xml-data/corpfiling/AttachHis/71ec9dbf-45be-4d60-bf0c-f83dabaec786.pdf,Ratings,I C R A Ltd.,Jun,Q4
9279,IRBIT_FY2026_Q2,IRBIT,FY2026,Q2,Sep 2025,,https://www.irbinfratrust.co.in/home/wp-content/uploads/2025/11/Corporate-Presentation-Sep-25.pdf,"Road Assets-Toll, Annuity, Hybrid-Annuity",I R B Infrastructure Trust,Sep,Q1
9281,IRBIT_FY2025_Q4,IRBIT,FY2025,Q4,Mar 2025,,https://www.irbinfratrust.co.in/home/wp-content/uploads/2025/05/IRB-Infra.-Trust-_Corporate-Presentation-Mar-25.pdf,"Road Assets-Toll, Annuity, Hybrid-Annuity",I R B Infrastructure Trust,Mar,Q3
9282,IRBIT_FY2025_Q3,IRBIT,FY2025,Q3,Dec 2024,https://www.irbinfratrust.co.in/home/wp-content/uploads/2024/12/Transcripts-EM-Trust-17.12.2024.pdf,https://www.irbinfratrust.co.in/home/wp-content/uploads/2025/02/IRB-Pvt-InvIT_Corporate-Presentation-Dec-24-1.pdf,"Road Assets-Toll, Annuity, Hybrid-Annuity",I R B Infrastructure Trust,Dec,Q2
9287,IRBINVIT_FY2026_Q1,IRBINVIT,FY2026,Q1,Jun 2025,https://www.irbinvit.co.in/wp-content/uploads/2025/07/Earning-Conference-Call-%E2%80%93-22.07.2025.pdf,https://www.irbinvit.co.in/wp-content/uploads/2025/06/Investor-Presentation_Updated.pdf,"Road Assets-Toll, Annuity, Hybrid-Annuity",I R B Invit Fund,Jun,Q4
9348,IVP_FY2026_Q4,IVP,FY2026,Q4,Mar 2026,,https://www.bseindia.com/xml-data/corpfiling/AttachHis/23f0d9ff-e5dc-47cf-b257-0de2a47db233.pdf,Commodity Chemicals,I V P Ltd.,Mar,Q3
9355,ICEMAKE_FY2026_Q4,ICEMAKE,FY2026,Q4,Mar 2026,https://nsearchives.nseindia.com/corporate/ICEMAKE_19022026110713_NSETranscript.pdf,https://nsearchives.nseindia.com/corporate/ICEMAKE_03032026130112_NSEIntimation.pdf,Industrial Products,Ice Make Refrigeration Ltd.,Mar,Q3
9407,IMAGICAA_FY2025_Q2,IMAGICAA,FY2025,Q2,Sep 2024,,https://www.bseindia.com/xml-data/corpfiling/AttachHis/a1d69a47-7834-4c01-b1b4-bd375763448c.pdf,Amusement Parks/ Other Recreation,Imagicaaworld Entertainment Ltd.,Sep,Q1
9494,KMEW_FY2026_Q1,KMEW,FY2026,Q1,Jun 2025,,https://www.bseindia.com/xml-data/corpfiling/AttachHis/930d875f-4100-44e8-8917-69e34e616be1.pdf,Dredging,Knowledge Marine & Engg. Works Ltd.,Jun,Q4
9612,IPHL_FY2026_Q3,IPHL,FY2026,Q3,Dec 2025,https://nsearchives.nseindia.com/corporate/IPHL_06122025174609_Investor_meet_.pdf,,Specialty Chemicals,Indian Phosphate Ltd.,Dec,Q2
9732,CARTRADE_FY2026_Q4,CARTRADE,FY2026,Q4,Mar 2026,,https://www.bseindia.com/xml-data/corpfiling/AttachHis/460e1ec0-c56d-4061-8275-ad61bb0c4c7a.pdf,E-Retail/ E-Commerce,Cartrade Tech Ltd.,Mar,Q3
9896,INFINIUM_FY2025_Q1,INFINIUM,FY2025,Q1,Jun 2024,https://nsearchives.nseindia.com/corporate/INFINIUM_15062024114919_Transcript.pdf,https://nsearchives.nseindia.com/corporate/INFINIUM_09062024135307_PPTIPL.pdf,Pharmaceuticals,Infinium Pharmachem Ltd.,Jun,Q4
9936,INNOMET_FY2026_Q3,INNOMET,FY2026,Q3,Dec 2025,https://nsearchives.nseindia.com/corporate/INNOMET_04122025113424_04122025IAMLTranscriptsAnnouncementSigned.pdf,https://nsearchives.nseindia.com/corporate/INNOMET_25112025181212_251125IAMLAnnouncementSigned.pdf,Diversified Metals,Innomet Advanced Materials Ltd.,Dec,Q2
10103,INM_FY2026_Q1,INM,FY2026,Q1,Jun 2025,https://nsearchives.nseindia.com/corporate/INTERIORS_19062025151820_Covering_transcripts.pdf,https://nsearchives.nseindia.com/corporate/INTERIORS_13062025141133_Reg_30_Covering_Letter_Investor_presentation.pdf,"Furniture, Home Furnishing",Interiors & More Ltd.,Jun,Q4
10104,INM_FY2025_Q3,INM,FY2025,Q3,Dec 2024,,https://nsearchives.nseindia.com/corporate/INM_17122024175743_InM_InvestorPresentation_H1FY25.pdf,"Furniture, Home Furnishing",Interiors & More Ltd.,Dec,Q2
10106,INTLCONV_FY2026_Q1,INTLCONV,FY2026,Q1,Jun 2025,,https://www.bseindia.com/xml-data/corpfiling/AttachHis/ee4c6c20-896f-4a51-b661-1a46d80c3e72.pdf,Industrial Products,International Conveyors Ltd.,Jun,Q4
10107,INTLCONV_FY2025_Q4,INTLCONV,FY2025,Q4,Mar 2025,,https://www.bseindia.com/xml-data/corpfiling/AttachHis/d363f811-47d3-47fd-a558-a95e602f56b7.pdf,Industrial Products,International Conveyors Ltd.,Mar,Q3
10109,INTLCONV_FY2025_Q2,INTLCONV,FY2025,Q2,Sep 2024,,https://www.bseindia.com/xml-data/corpfiling/AttachHis/4485169e-d259-4cfe-b47b-a650518312a4.pdf,Industrial Products,International Conveyors Ltd.,Sep,Q1
10110,INTLCONV_FY2025_Q1,INTLCONV,FY2025,Q1,Jun 2024,,https://www.bseindia.com/xml-data/corpfiling/AttachHis/1a4e1f05-c710-4379-898a-79cfa98270a7.pdf,Industrial Products,International Conveyors Ltd.,Jun,Q4
10273,IVALUE_FY2026_Q4,IVALUE,FY2026,Q4,Mar 2026,https://www.bseindia.com/xml-data/corpfiling/AttachHis/5423a52f-cdbc-46d0-a18b-d5ff0f10f77e.pdf,,Computers Hardware & Equipments,Ivalue Infosolutions Ltd.,Mar,Q3
10278,IZMO_FY2026_Q1,IZMO,FY2026,Q1,Jun 2025,https://www.bseindia.com/xml-data/corpfiling/AttachHis/d4950080-f547-45f4-8102-529159c72524.pdf,https://www.bseindia.com/xml-data/corpfiling/AttachHis/ecdf55d9-d837-4d63-93e5-a7a77f7943f5.pdf,IT Enabled Services,Izmo Ltd.,Jun,Q4
10518,JTEKTINDIA_FY2026_Q1,JTEKTINDIA,FY2026,Q1,Jun 2025,https://www.bseindia.com/xml-data/corpfiling/AttachHis/61a7b8ee-31bd-4892-ae2d-3525293275dc.pdf,https://www.bseindia.com/xml-data/corpfiling/AttachHis/5cc77a3d-92c4-4854-b765-74a10b3b47e9.pdf,Auto Components & Equipments,J T E K T India Ltd.,Jun,Q4
10520,JTEKTINDIA_FY2025_Q1,JTEKTINDIA,FY2025,Q1,Jun 2024,https://www.bseindia.com/xml-data/corpfiling/AttachHis/8f5e16b0-df50-463f-bebd-92c52648f274.pdf,https://www.bseindia.com/xml-data/corpfiling/AttachHis/a81e9344-5e85-4ed7-b0b3-606a9111b0b7.pdf,Auto Components & Equipments,J T E K T India Ltd.,Jun,Q4
10687,JETFREIGHT_FY2025_Q4,JETFREIGHT,FY2025,Q4,Mar 2025,,https://www.bseindia.com/xml-data/corpfiling/AttachHis/3b456272-fe1d-49c5-95ca-7c56b408705a.pdf,Logistics Solution Provider,Jet Freight Logistics Ltd.,Mar,Q3
10688,JETFREIGHT_FY2025_Q3,JETFREIGHT,FY2025,Q3,Dec 2024,,https://www.bseindia.com/xml-data/corpfiling/AttachHis/63deec84-c31a-4a10-b608-2123a72607d5.pdf,Logistics Solution Provider,Jet Freight Logistics Ltd.,Dec,Q2
10689,JEYYAM_FY2025_Q3,JEYYAM,FY2025,Q3,Dec 2024,,https://nsearchives.nseindia.com/corporate/JEYYAM_17122024181210_Investor_Presentation_H1FY25.pdf,Other Food Products,Jeyyam Global Foods Ltd.,Dec,Q2
10959,K2INFRA_FY2026_Q3,K2INFRA,FY2026,Q3,Dec 2025,,https://nsearchives.nseindia.com/corporate/K2INFRA_04122025123548_InvestorPresentationH1FY2526.pdf,Civil Construction,K 2 Infragen Ltd.,Dec,Q2
10960,K2INFRA_FY2026_Q1,K2INFRA,FY2026,Q1,Jun 2025,,https://nsearchives.nseindia.com/corporate/K2INFRA_26062025225223_InvestorPresentationK2InfragenJune2025.pdf,Civil Construction,K 2 Infragen Ltd.,Jun,Q4
10966,KDDL_FY2025_Q3,KDDL,FY2025,Q3,Dec 2024,https://www.bseindia.com/xml-data/corpfiling/AttachHis/b03c164b-f52d-4065-90a3-ae04e9f400cb.pdf,https://www.bseindia.com/xml-data/corpfiling/AttachHis/72f5541a-3453-421d-b068-0297e2021f21.pdf,"Gems, Jewellery And Watches",K D D L Ltd.,Dec,Q2
11126,DHRUV_FY2026_Q4,DHRUV,FY2026,Q4,Mar 2026,https://www.bseindia.com/xml-data/corpfiling/AttachHis/c39ba031-62ba-4a70-ba7d-a879f6ba44bb.pdf,,Consulting Services,Dhruv Consultancy Services Ltd.,Mar,Q3
11190,KSB_FY2026_Q4,KSB,FY2026,Q4,Mar 2026,https://www.bseindia.com/xml-data/corpfiling/AttachHis/592aabae-8657-4c1f-b19b-67ba190c51cf.pdf,https://www.bseindia.com/xml-data/corpfiling/AttachHis/c41f5b81-40c4-4182-a892-5688cd34e6ac.pdf,"Compressors, Pumps & Diesel Engines",K S B Ltd.,Mar,Q3
11202,KKJEWELS_FY2026_Q1,KKJEWELS,FY2026,Q1,Jun 2025,https://nsearchives.nseindia.com/corporate/KABRAJEWELS_09062025225401_09062025_Intimation_KJL_05062025.pdf,https://nsearchives.nseindia.com/corporate/KABRAJEWELS_05062025145905_05062025_Intimation_KJL_05062025_F.pdf,"Gems, Jewellery And Watches",Kabra Jewels Ltd.,Jun,Q4
11324,LANCER_FY2025_Q1,LANCER,FY2025,Q1,Jun 2024,,https://www.bseindia.com/xml-data/corpfiling/AttachHis/61991ee4-56c6-4a61-982d-bf645e1e4271.pdf,Logistics Solution Provider,Lancer Container Lines Ltd.,Jun,Q4
11450,LEMERITE_FY2026_Q1,LEMERITE,FY2026,Q1,Jun 2025,,https://nsearchives.nseindia.com/corporate/LMEL_06062025190641_Final_Investor_Presentation.pdf,Other Textile Products,Le Merite Exports Ltd.,Jun,Q4
11490,LICI_FY2025_Q1,LICI,FY2025,Q1,Jun 2024,https://www.bseindia.com/xml-data/corpfiling/AttachHis/93b44c22-8ded-4dda-bf67-98649c4454f9.pdf,https://www.bseindia.com/xml-data/corpfiling/AttachHis/c2244d03-5e19-4e60-aac4-03bc26e68492.pdf,Life Insurance,Life Insurance Corpn. Of India,Jun,Q4
11699,EMBDL_FY2025_Q1,EMBDL,FY2025,Q1,Jun 2024,,https://www.equinoxindia.com/wp-content/uploads/2024/08/5b.-EMBDL_InvestorsUpdate-30062024_compressed.pdf,"Residential, Commercial Projects",Embassy Developments Ltd.,Jun,Q4
11838,ENSER_FY2026_Q1,ENSER,FY2026,Q1,Jun 2025,,https://nsearchives.nseindia.com/corporate/ENSER06_23062025063427_Investor_ppt_finalsigned.pdf,IT Enabled Services,Enser Communications Ltd.,Jun,Q4
11839,ENSER_FY2025_Q3,ENSER,FY2025,Q3,Dec 2024,,https://nsearchives.nseindia.com/corporate/ENSER06_27122024141851_Enser_Presentation_signed.pdf,IT Enabled Services,Enser Communications Ltd.,Dec,Q2
11860,MMFL_FY2026_Q4,MMFL,FY2026,Q4,Mar 2026,https://www.bseindia.com/xml-data/corpfiling/AttachHis/6c4214de-74e5-432c-ac5c-0565b5be9138.pdf,,Auto Components & Equipments,M M Forgings Ltd.,Mar,Q3
11866,MMFL_FY2025_Q2,MMFL,FY2025,Q2,Sep 2024,,https://www.bseindia.com/xml-data/corpfiling/AttachHis/e9ae3e57-44bd-4579-937a-2ea33f123b04.pdf,Auto Components & Equipments,M M Forgings Ltd.,Sep,Q1
11883,MOIL_FY2026_Q4,MOIL,FY2026,Q4,Mar 2026,https://www.bseindia.com/xml-data/corpfiling/AttachHis/8d785c2c-3e17-48ce-b99b-235eaa0ffc31.pdf,https://www.bseindia.com/xml-data/corpfiling/AttachHis/b439fb65-c8c9-4f1c-8a99-0b21cede1747.pdf,Industrial Minerals,M O I L Ltd.,Mar,Q3
11885,MOS_FY2025_Q1,MOS,FY2025,Q1,Jun 2024,https://nsearchives.nseindia.com/corporate/MOS_10062024164044_IntimationtoNSEfortranscript.pdf,,Financial Technology (Fintech),M O S Utility Ltd.,Jun,Q4
11981,MADHUSUDAN_FY2026_Q1,MADHUSUDAN,FY2026,Q1,Jun 2025,https://nsearchives.nseindia.com/corporate/MADHUSUDAN_03062025172239_Covering_-Transcript_SD.pdf,https://nsearchives.nseindia.com/corporate/MADHUSUDAN_28052025104828_Intimation_presentation.pdf,Other Food Products,Madhusudan Masala Ltd.,Jun,Q4
11992,MBAPL_FY2025_Q2,MBAPL,FY2025,Q2,Sep 2024,,https://nsearchives.nseindia.com/corporate/MBAPL_27092024101131_MBAPL.pdf,Fertilizers,Madhya Bharat Agro Products Ltd.,Sep,Q1
12251,SADHNANIQ_FY2025_Q1,SADHNANIQ,FY2025,Q1,Jun 2024,,https://www.bseindia.com/xml-data/corpfiling/AttachHis/4f70c831-2f97-43f6-892e-66b2c0b44917.pdf,Commodity Chemicals,Sadhana Nitro Chem Ltd.,Jun,Q4
12321,MAMATA_FY2026_Q1,MAMATA,FY2026,Q1,Jun 2025,https://www.bseindia.com/xml-data/corpfiling/AttachHis/d0974094-4932-4805-835d-464f676a7d20.pdf,https://www.bseindia.com/xml-data/corpfiling/AttachHis/a8676ed5-72b4-44af-9cca-5e640bd1210f.pdf,Industrial Products,Mamata Machinery Ltd.,Jun,Q4
12424,MANBA_FY2026_Q1,MANBA,FY2026,Q1,Jun 2025,https://www.bseindia.com/xml-data/corpfiling/AttachHis/a91aa8e9-838d-4346-a60a-040b5e0e5e72.pdf,https://www.bseindia.com/xml-data/corpfiling/AttachHis/5f92252d-6d7a-4923-b825-de88f98cd2dd.pdf,Non Banking Financial Company (NBFC),Manba Finance Ltd.,Jun,Q4
12453,MWL_FY2025_Q1,MWL,FY2025,Q1,Jun 2024,,https://nsearchives.nseindia.com/corporate/MWL_10062024185904_InvestorsPresentation_10062024.pdf,Trading - Metals,Mangalam Worldwide Ltd.,Jun,Q4
12460,MVGJL_FY2026_Q1,MVGJL,FY2026,Q1,Jun 2025,https://www.bseindia.com/xml-data/corpfiling/AttachHis/88ad2e6b-e111-4a06-bdbd-3f04ca13bc04.pdf,https://www.bseindia.com/xml-data/corpfiling/AttachHis/28c518c7-0593-4f6f-b596-35b5ce613f8f.pdf,"Gems, Jewellery And Watches",Manoj Vaibhav Gems 'N' Jewellers Ltd.,Jun,Q4
12461,MVGJL_FY2025_Q4,MVGJL,FY2025,Q4,Mar 2025,https://www.bseindia.com/xml-data/corpfiling/AttachHis/e7e59a5f-7b7e-48d8-ba68-9b11d09fd91d.pdf,https://www.bseindia.com/xml-data/corpfiling/AttachHis/1dd7f139-0631-4210-a562-26df148e0fb1.pdf,"Gems, Jewellery And Watches",Manoj Vaibhav Gems 'N' Jewellers Ltd.,Mar,Q3
12463,MANOMAY_FY2025_Q2,MANOMAY,FY2025,Q2,Sep 2024,,https://www.bseindia.com/xml-data/corpfiling/AttachHis/877a439d-8f7c-4c0c-aaa1-98799a8089b1.pdf,Other Textile Products,Manomay Tex India Ltd.,Sep,Q1
12464,MANOMAY_FY2025_Q1,MANOMAY,FY2025,Q1,Jun 2024,,https://www.bseindia.com/xml-data/corpfiling/AttachHis/8dfe4df2-7ed1-4fb3-a222-8333efee9987.pdf,Other Textile Products,Manomay Tex India Ltd.,Jun,Q4
12485,MARATHON_FY2025_Q1,MARATHON,FY2025,Q1,Jun 2024,https://www.bseindia.com/xml-data/corpfiling/AttachHis/b3417cb0-e29f-4aa7-9741-acb4c9ab26a1.pdf,https://www.bseindia.com/xml-data/corpfiling/AttachHis/0eb488c6-76d3-4b8f-849f-50acd8d8ed72.pdf,"Residential, Commercial Projects",Marathon Nextgen Realty Ltd.,Jun,Q4
12530,MARKOLINES_FY2026_Q4,MARKOLINES,FY2026,Q4,Mar 2026,https://www.bseindia.com/xml-data/corpfiling/AttachHis/2ac6838e-2505-4e02-b650-3bf69777a80a.pdf,https://www.bseindia.com/xml-data/corpfiling/AttachHis/64b8dcb6-caab-415d-afb9-8099978c64d7.pdf,Civil Construction,Markolines Pavement Technologies Ltd.,Mar,Q3
12535,MARKOLINES_FY2025_Q1,MARKOLINES,FY2025,Q1,Jun 2024,https://www.bseindia.com/xml-data/corpfiling/AttachHis/1e127053-f33a-4054-9bc8-83208024fa62.pdf,https://www.bseindia.com/xml-data/corpfiling/AttachHis/dac490b0-578c-4794-8ce2-8f04f81fc057.pdf,Civil Construction,Markolines Pavement Technologies Ltd.,Jun,Q4
12580,MDL_FY2026_Q1,MDL,FY2026,Q1,Jun 2025,https://nsearchives.nseindia.com/corporate/MDL_16062025170949_Transcript_signed.pdf,,"Furniture, Home Furnishing",Marvel Decor Ltd.,Jun,Q4
12582,MDL_FY2025_Q1,MDL,FY2025,Q1,Jun 2024,,https://nsearchives.nseindia.com/corporate/MDL_21062024153046_InvestorPresentation_MDL.pdf,"Furniture, Home Furnishing",Marvel Decor Ltd.,Jun,Q4
12584,MASON_FY2026_Q1,MASON,FY2026,Q1,Jun 2025,,https://nsearchives.nseindia.com/corporate/MASON_17062025143023_Mason_Announcement_17_June_2025_SD.pdf,"Residential, Commercial Projects",Mason Infratech Ltd.,Jun,Q4
12671,MFSL_FY2026_Q4,MFSL,FY2026,Q4,Mar 2026,https://www.bseindia.com/xml-data/corpfiling/AttachHis/48652a41-58e5-4219-9807-e9b87890feed.pdf,https://www.bseindia.com/xml-data/corpfiling/AttachHis/522f2f35-af31-4ae4-9fd1-3a99c1c7cee5.pdf,Life Insurance,Max Financial Services Ltd.,Mar,Q3
12763,MAZDA_FY2025_Q2,MAZDA,FY2025,Q2,Sep 2024,https://www.bseindia.com/xml-data/corpfiling/AttachHis/63c05f4f-45a3-4532-bb05-46d445bfda85.pdf,,Industrial Products,Mazda Ltd.,Sep,Q1
12766,MCON_FY2026_Q1,MCON,FY2026,Q1,Jun 2025,https://nsearchives.nseindia.com/corporate/MCON_26062025191641_IntimationtoNSEtranscriptJUNE5.pdf,https://nsearchives.nseindia.com/corporate/MCON_28052025103907_MCONRasayan27052025Final.pdf,Other Construction Materials,Mcon Rasayan India Ltd.,Jun,Q4
12784,MEDIORG_FY2026_Q1,MEDIORG,FY2026,Q1,Jun 2025,https://nsearchives.nseindia.com/corporate/MEDICAMENORGANICS_10062025173415_Final_Intimation_10062025_Transcript.pdf,https://nsearchives.nseindia.com/corporate/MEDICAMENORGANICS_04062025110906_Covering_Letter_Investor_Presentation_Signed.pdf,Pharmaceuticals,Medicamen Organics Ltd.,Jun,Q4
12816,MEGATHERM_FY2026_Q1,MEGATHERM,FY2026,Q1,Jun 2025,https://nsearchives.nseindia.com/corporate/MEGATHERM_05062025150709_NEAPSANNOUNCEMENTMARCHCONCALLTRANSCRIPT05062025.pdf,https://nsearchives.nseindia.com/corporate/MEGATHERM_02062025165734_NEAPSANNOUNCEMENTINVESTORPRESENTATION02062025.pdf,Other Industrial Products,Megatherm Induction Ltd.,Jun,Q4
12945,MINDSPACE_FY2026_Q2,MINDSPACE,FY2026,Q2,Sep 2025,https://www.mindspacereit.com/wp-content/uploads/2020/11/Mindspace-REIT_Q1-FY26_Transcript.pdf,https://www.mindspacereit.com/wp-content/uploads/2025/09/Singapore_Presentation.pdf,Real Estate Investment Trusts (REITs),Mindspace Business Parks R E I T,Sep,Q1
12963,MINDTECK_FY2025_Q4,MINDTECK,FY2025,Q4,Mar 2025,,https://www.mindteck.com/assets/investor_pdf/IP-IP-Q4-1749452110.pdf,Computers - Software & Consulting,Mindteck (India) Ltd.,Mar,Q3
12964,MINDTECK_FY2025_Q2,MINDTECK,FY2025,Q2,Sep 2024,,https://www.mindteck.com/assets/investor_pdf/IP-QR-Q2-1733486200.pdf,Computers - Software & Consulting,Mindteck (India) Ltd.,Sep,Q1
12988,MODINATUR_FY2026_Q1,MODINATUR,FY2026,Q1,Jun 2025,https://www.bseindia.com/xml-data/corpfiling/AttachHis/47dd77fc-0c89-493f-99bf-a18fcd3219e6.pdf,https://www.bseindia.com/xml-data/corpfiling/AttachHis/4bb077bb-579d-487e-834d-86a13802f1a8.pdf,Other Agricultural Products,Modi Naturals Ltd.,Jun,Q4
13051,MOLDTECH_FY2026_Q1,MOLDTECH,FY2026,Q1,Jun 2025,https://www.bseindia.com/xml-data/corpfiling/AttachHis/e14f0c84-1963-48b6-850c-22ea59a50c1f.pdf,,IT Enabled Services,Mold-Tek Technologies Ltd.,Jun,Q4
13163,MOSCHIP_FY2025_Q2,MOSCHIP,FY2025,Q2,Sep 2024,,https://www.bseindia.com/xml-data/corpfiling/AttachHis/ee65e9cc-2835-45fb-be3a-733f3d21e677.pdf,Computers Hardware & Equipments,Moschip Technologies Ltd.,Sep,Q1
13208,MOTISONS_FY2025_Q1,MOTISONS,FY2025,Q1,Jun 2024,https://www.bseindia.com/xml-data/corpfiling/AttachHis/13c3304e-ddf1-403f-8165-9299f734b9cf.pdf,,"Gems, Jewellery And Watches",Motisons Jewellers Ltd.,Jun,Q4
13485,NGLFINE_FY2025_Q1,NGLFINE,FY2025,Q1,Jun 2024,https://www.bseindia.com/xml-data/corpfiling/AttachHis/d5f74e5d-5943-4316-a821-8b982c8c5cf2.pdf,https://www.bseindia.com/xml-data/corpfiling/AttachHis/4a760ec0-2af5-4b90-9351-3f72d41061c4.pdf,Pharmaceuticals,N G L Fine-Chem Ltd.,Jun,Q4
13501,NHPC_FY2025_Q1,NHPC,FY2025,Q1,Jun 2024,,https://www.nhpcindia.com/assests/pzi_public/gallery/17230433200.pdf,Power Generation,N H P C Ltd.,Jun,Q4
13602,NRBBEARING_FY2026_Q1,NRBBEARING,FY2026,Q1,Jun 2025,,https://www.bseindia.com/xml-data/corpfiling/AttachHis/422de205-f261-4f4e-939d-1c2a32c12868.pdf,Auto Components & Equipments,N R B Bearings Ltd.,Jun,Q4
13603,NRBBEARING_FY2025_Q4,NRBBEARING,FY2025,Q4,Mar 2025,,https://www.bseindia.com/xml-data/corpfiling/AttachHis/a45dff25-3a92-4b4d-9206-0fab9a1525b7.pdf,Auto Components & Equipments,N R B Bearings Ltd.,Mar,Q3
13621,GUJALKALI_FY2025_Q1,GUJALKALI,FY2025,Q1,Jun 2024,,https://gacl.com/wp-content/uploads/2024/09/Investors-Presentation-June-2024.pdf,Commodity Chemicals,Gujarat Alkalies & Chemicals Ltd.,Jun,Q4
13626,NGIL_FY2025_Q4,NGIL,FY2025,Q4,Mar 2025,,https://www.bseindia.com/xml-data/corpfiling/AttachHis/e4a4fb1b-7f91-427b-87e3-6589ae51e41f.pdf,Packaged Foods,Nakoda Group Of Inds. Ltd.,Mar,Q3
13631,NAMOEWASTE_FY2026_Q1,NAMOEWASTE,FY2026,Q1,Jun 2025,https://nsearchives.nseindia.com/corporate/NAMOEWASTE_03062025150205_Transcript_of_Investor_meet.pdf,https://nsearchives.nseindia.com/corporate/NAMOEWASTE_29052025111052_Intimation_for_Investorpresentation29052025.pdf,Waste Management,Namo Ewaste Mgmt. Ltd.,Jun,Q4
13654,JAIPURKURT_FY2026_Q1,JAIPURKURT,FY2026,Q1,Jun 2025,,https://nsearchives.nseindia.com/corporate/JAIPURKURT_16062025123716_INVESTORPRESENTATIONNCL.pdf,Garments & Apparels,Nandani Creation Ltd.,Jun,Q4
13712,NHIT_FY2026_Q1,NHIT,FY2026,Q1,Jun 2025,,https://www.bseindia.com/xml-data/corpfiling/AttachHis/5a464048-12a4-418d-adc6-5ceff303c7bf.pdf,"Road Assets-Toll, Annuity, Hybrid-Annuity",National Highways Infra Trust,Jun,Q4
13766,NATCAPSUQ_FY2026_Q1,NATCAPSUQ,FY2026,Q1,Jun 2025,https://www.bseindia.com/xml-data/corpfiling/AttachHis/68462d32-4a98-4248-9b1a-e6a62c8af764.pdf,https://www.bseindia.com/xml-data/corpfiling/AttachHis/5f320790-c0d8-4d75-b67e-926630f0c593.pdf,Pharmaceuticals,Natural Capsules Ltd.,Jun,Q4
13912,NAZARA_FY2026_Q4,NAZARA,FY2026,Q4,Mar 2026,,https://www.bseindia.com/xml-data/corpfiling/AttachHis/6304896e-2ea6-4bd2-8fcd-cd487e54a749.pdf,Digital Entertainment,Nazara Technologies Ltd.,Mar,Q3
13953,NEOCHEM_FY2026_Q4,NEOCHEM,FY2026,Q4,Mar 2026,,https://nsearchives.nseindia.com/corporate/NEOCHEM_05032026180024_Investors_Presentation.pdf,Specialty Chemicals,Neochem Bio Solutions Ltd.,Mar,Q3
14064,NEWJAISA_FY2025_Q1,NEWJAISA,FY2025,Q1,Jun 2024,https://nsearchives.nseindia.com/corporate/NEWJAISA_07062024171418_AnnouncementTranscript1.pdf,https://nsearchives.nseindia.com/corporate/NEWJAISA_05062024163936_Presentationupload05062024.pdf,Computers Hardware & Equipments,Newjaisa Technologies Ltd.,Jun,Q4
14070,HEIDELBERG_FY2025_Q1,HEIDELBERG,FY2025,Q1,Jun 2024,https://www.bseindia.com/xml-data/corpfiling/AttachHis/580051c5-34df-430a-8f00-e6db20d39ebc.pdf,https://www.bseindia.com/xml-data/corpfiling/AttachHis/50cd7378-e754-4efe-ad09-dee2ca4e993f.pdf,Cement & Cement Products,Heidelberg Cement India Ltd.,Jun,Q4
14099,NIKITA_FY2026_Q1,NIKITA,FY2026,Q1,Jun 2025,https://nsearchives.nseindia.com/corporate/NIKITA_30062025173352_IntimationTranscript24062025.pdf,https://nsearchives.nseindia.com/corporate/NIKITA_24062025115828_IntimationPresentation24062025Signed.pdf,Paper & Paper Products,Nikita Papers Ltd.,Jun,Q4
14129,NINSYS_FY2025_Q1,NINSYS,FY2025,Q1,Jun 2024,https://www.bseindia.com/xml-data/corpfiling/AttachHis/49ffa5a8-2d96-4416-ad94-44601201af79.pdf,,Computers - Software & Consulting,Nintec Systems Ltd.,Jun,Q4
14156,NIRMAN_FY2025_Q4,NIRMAN,FY2025,Q4,Mar 2025,https://nsearchives.nseindia.com/corporate/NIRMANAGRI_03032025132726_030325NAGLEarningCall.pdf,https://nsearchives.nseindia.com/corporate/NIRMANAGRI_07022025112620_070225NAGLIP.pdf,Other Agricultural Products,Nirman Agri Genetics Ltd.,Mar,Q3
14190,NITIRAJ_FY2025_Q3,NITIRAJ,FY2025,Q3,Dec 2024,https://nsearchives.nseindia.com/corporate/NITIRAJ_03122024172140_EarningsConcallTranscrpit_Nov28.pdf,https://nsearchives.nseindia.com/corporate/NITIRAJ_13112024151737_InvestorPresentationQ2FY25results.pdf,Other Electrical Equipment,Nitiraj Engineers Ltd.,Dec,Q2
14424,ONEPOINT_FY2025_Q3,ONEPOINT,FY2025,Q3,Dec 2024,,https://nsearchives.nseindia.com/corporate/ONEPOINT_03122024184619_ONEPOINT.pdf,Business Process Outsourcing (BPO)/ Knowledge Process Outsourcing (KPO),One Point One Solutions Ltd.,Dec,Q2
14504,ORIANA_FY2026_Q3,ORIANA,FY2026,Q3,Dec 2025,https://nsearchives.nseindia.com/corporate/ORIANA_02122025232903_Transcript02122025.pdf,https://nsearchives.nseindia.com/corporate/ORIANA_25112025111407_Investor_Presentation.pdf,Other Electrical Equipment,Oriana Power Ltd.,Dec,Q2
14506,ORIANA_FY2026_Q1,ORIANA,FY2026,Q1,Jun 2025,https://nsearchives.nseindia.com/corporate/ORIANA_11062025002429_Oriana_InvestorTranscript_03062025.pdf,https://nsearchives.nseindia.com/corporate/ORIANA_03062025151647_Oriana_Investorpresentation_030625.pdf,Other Electrical Equipment,Oriana Power Ltd.,Jun,Q4
14615,OAL_FY2025_Q4,OAL,FY2025,Q4,Mar 2025,,https://www.bseindia.com/xml-data/corpfiling/AttachHis/d1267d53-6801-42a1-b101-294ebc422e0e.pdf,Specialty Chemicals,Oriental Aromatics Ltd.,Mar,Q3
14656,OWAIS_FY2025_Q3,OWAIS,FY2025,Q3,Dec 2024,https://nsearchives.nseindia.com/corporate/OWAIS_11122024173131_Final_Intimation.pdf,https://nsearchives.nseindia.com/corporate/OWAIS_05122024205032_OMMPL_Audio_and_PPT_05122024_Upload.pdf,Ferro & Silica Manganese,Owais Metal & Mineral Processing Ltd.,Dec,Q2
14701,PNGSREVA_FY2026_Q4,PNGSREVA,FY2026,Q4,Mar 2026,https://www.bseindia.com/xml-data/corpfiling/AttachHis/9322f2e0-e46a-41c3-a4e9-aa7743c4555a.pdf,,"Gems, Jewellery And Watches",P N G S Reva Diamond Jewellery Ltd.,Mar,Q3
15123,PARAGON_FY2025_Q3,PARAGON,FY2025,Q3,Dec 2024,,https://nsearchives.nseindia.com/corporate/PARAGON_11122024184031_Intimationpresentation.pdf,Dyes And Pigments,Paragon Fine & Speciality Chemical Ltd.,Dec,Q2
15158,PARAGON_FY2026_Q3,PARAGON,FY2026,Q3,Dec 2025,,https://nsearchives.nseindia.com/corporate/PARAGON_05122025160435_ParagonInvestor_Presentation_.zip,Dyes And Pigments,Paragon Fine & Speciality Chemical Ltd.,Dec,Q2
15161,PARAMATRIX_FY2026_Q1,PARAMATRIX,FY2026,Q1,Jun 2025,,https://nsearchives.nseindia.com/corporate/PARAMATRIX_02062025131643_Paramatrix_Technologies_Limited-_H2_FY25_Investor_Presentation.pdf,Computers - Software & Consulting,Paramatrix Technologies Ltd.,Jun,Q4
15162,PARAMATRIX_FY2025_Q4,PARAMATRIX,FY2025,Q4,Mar 2025,,https://nsearchives.nseindia.com/corporate/PARAMATRIX_21032025145214_21_03_2025_Paramatrix_Investor_Presentation.pdf,Computers - Software & Consulting,Paramatrix Technologies Ltd.,Mar,Q3
15186,PARAS_FY2026_Q1,PARAS,FY2026,Q1,Jun 2025,,https://parasdefence.com/uploads/presentation/1747370884paras-defence-investor-presentation-2025.pdf,Aerospace & Defense,Paras Defence & Space Technologies Ltd.,Jun,Q4
15187,PARAS_FY2025_Q1,PARAS,FY2025,Q1,Jun 2024,,https://www.parasdefence.com/uploads/investors/files/PDSTL_Presentation_-_2024.pdf,Aerospace & Defense,Paras Defence & Space Technologies Ltd.,Jun,Q4
15326,PHANTOMFX_FY2026_Q1,PHANTOMFX,FY2026,Q1,Jun 2025,https://nsearchives.nseindia.com/corporate/PHANTOM_09062025164008_Covering_Letter_Transcript2024-25.pdf,,Media & Entertainment,Phantom Digital Effects Ltd.,Jun,Q4
15335,PHANTOMFX_FY2025_Q1,PHANTOMFX,FY2025,Q1,Jun 2024,https://nsearchives.nseindia.com/corporate/PHANTOMFX_05062024185819_SubmissionofTranscript.pdf,https://nsearchives.nseindia.com/corporate/PHANTOMFX_05062024204949_InvestorPresentationH2FY24.pdf,Media & Entertainment,Phantom Digital Effects Ltd.,Jun,Q4
15388,PWL_FY2026_Q3,PWL,FY2026,Q3,Dec 2025,https://www.bseindia.com/xml-data/corpfiling/AttachHis/c7a95009-a76d-4bec-bddb-a988436b93ad.pdf,https://www.bseindia.com/xml-data/corpfiling/AttachHis/1282d76e-acb4-40ad-a023-1899f251081f.pdf,E-Learning,Physicswallah Ltd.,Dec,Q2
15396,PPSL_FY2026_Q1,PPSL,FY2026,Q1,Jun 2025,,https://nsearchives.nseindia.com/corporate/PPSL_11062025184158_Reg30PPSLInvestorpresentation.pdf,Advertising & Media Agencies,Picturepost Studios Ltd.,Jun,Q4
15449,INA_FY2026_Q1,INA,FY2026,Q1,Jun 2025,https://www.bseindia.com/xml-data/corpfiling/AttachHis/d478f03d-de05-4926-baf4-99af09a84729.pdf,https://www.bseindia.com/xml-data/corpfiling/AttachHis/42590396-5f58-49f5-93cb-e708ca608362.pdf,Other Electrical Equipment,Insolation Energy Ltd.,Jun,Q4
15451,INSPIRE_FY2025_Q1,INSPIRE,FY2025,Q1,Jun 2024,https://nsearchives.nseindia.com/corporate/INSPIRE_04062024170023_Earningscall_Transcripts_H2FY20222024.pdf,https://nsearchives.nseindia.com/corporate/INSPIRE_04062024170348_H2FY24InvestorPresentationV2.pdf,Media & Entertainment,Inspire Films Ltd.,Jun,Q4
15486,PLATIND_FY2025_Q1,PLATIND,FY2025,Q1,Jun 2024,,https://www.bseindia.com/xml-data/corpfiling/AttachHis/22a6b8a8-77a1-4aa8-b4ec-c2d283dbe6f5.pdf,Specialty Chemicals,Platinum Industries Ltd.,Jun,Q4
15630,POSITRON_FY2026_Q1,POSITRON,FY2026,Q1,Jun 2025,https://nsearchives.nseindia.com/corporate/POSITRON_10062025152432_Positron_Energy_Limited_Transcript_05062025.pdf,https://nsearchives.nseindia.com/corporate/POSITRON_22052025144748_Announcement_IR.pdf,Diversified Commercial Services,Positron Energy Ltd.,Jun,Q4
15664,IZMO_FY2025_Q1,IZMO,FY2025,Q1,Jun 2024,https://www.bseindia.com/xml-data/corpfiling/AttachHis/d056876b-7c87-4702-946f-5b72c4dd539d.pdf,https://www.bseindia.com/xml-data/corpfiling/AttachHis/870e45b0-ab16-4d23-92a5-77767dd4de8b.pdf,IT Enabled Services,Izmo Ltd.,Jun,Q4
15722,PRABHA_FY2025_Q4,PRABHA,FY2025,Q4,Mar 2025,,https://www.bseindia.com/xml-data/corpfiling/AttachHis/aa6d29b9-c1c7-4308-a128-f59c2a475e11.pdf,Oil Exploration & Production,Prabha Energy Ltd.,Mar,Q3
15723,PRAJIND_FY2026_Q4,PRAJIND,FY2026,Q4,Mar 2026,https://www.bseindia.com/xml-data/corpfiling/AttachHis/b281197f-cff6-4c85-abba-4743d8455903.pdf,https://www.bseindia.com/xml-data/corpfiling/AttachHis/c3309865-d69d-43e9-9ba4-c9b6056f5f78.pdf,Industrial Products,Praj Industries Ltd.,Mar,Q3
15765,PPL_FY2026_Q1,PPL,FY2026,Q1,Jun 2025,,https://www.bseindia.com/xml-data/corpfiling/AttachHis/8c1bbbdf-d55e-47f7-a266-ff3405ee2cda.pdf,Plastic Products - Industrial,Prakash Pipes Ltd.,Jun,Q4
15771,PRAMARA_FY2025_Q1,PRAMARA,FY2025,Q1,Jun 2024,,https://nsearchives.nseindia.com/corporate/PRAMARA_10062024142658_Presentation_merged.pdf,Advertising & Media Agencies,Pramara Promotions Ltd.,Jun,Q4
15800,PRECAM_FY2026_Q4,PRECAM,FY2026,Q4,Mar 2026,https://www.bseindia.com/xml-data/corpfiling/AttachHis/8bafe488-d7bb-4065-974e-50244c1408a1.pdf,https://www.bseindia.com/xml-data/corpfiling/AttachHis/76552538-8cf0-407f-9f29-f0453ff8de30.pdf,Auto Components & Equipments,Precision Camshafts Ltd.,Mar,Q3
15801,PRECAM_FY2026_Q3,PRECAM,FY2026,Q3,Dec 2025,https://www.bseindia.com/xml-data/corpfiling/AttachHis/dc29b1d5-4e12-462c-99ee-38cfc79e8406.pdf,https://www.bseindia.com/xml-data/corpfiling/AttachHis/159e4714-59bf-4c33-a3fd-24ed92adfd10.pdf,Auto Components & Equipments,Precision Camshafts Ltd.,Dec,Q2
15930,PRIMECAB_FY2026_Q4,PRIMECAB,FY2026,Q4,Mar 2026,,https://nsearchives.nseindia.com/corporate/PRIME2025_06032026105152_PPT_MARCH_MEEETING.pdf,Cables - Electricals,Prime Cable Inds. Ltd.,Mar,Q3
16001,JETFREIGHT_FY2026_Q2,JETFREIGHT,FY2026,Q2,Sep 2025,,https://www.bseindia.com/xml-data/corpfiling/AttachHis/3818c4cc-79f0-4101-a899-d8f5968cb48c.pdf,Logistics Solution Provider,Jet Freight Logistics Ltd.,Sep,Q1
16002,JETFREIGHT_FY2026_Q1,JETFREIGHT,FY2026,Q1,Jun 2025,,https://www.bseindia.com/xml-data/corpfiling/AttachHis/be888e53-9154-429e-af5a-458b51ff05c2.pdf,Logistics Solution Provider,Jet Freight Logistics Ltd.,Jun,Q4
16020,PRITIKA_FY2026_Q2,PRITIKA,FY2026,Q2,Sep 2025,,https://nsearchives.nseindia.com/corporate/PECL_11092025133531_InvestorpresentationPECLSep2025.pdf,Auto Components & Equipments,Pritika Engineering Components Ltd.,Sep,Q1
16038,PGHL_FY2026_Q1,PGHL,FY2026,Q1,Jun 2025,https://www.bseindia.com/xml-data/corpfiling/AttachHis/8a6c27ed-7f8b-4f77-9c6c-1831377c22bf.pdf,https://www.bseindia.com/xml-data/corpfiling/AttachHis/259ec8b4-6e1e-4592-a3a7-ef9523201116.pdf,Pharmaceuticals,Procter & Gamble Health Ltd.,Jun,Q4
16056,PROV_FY2025_Q1,PROV,FY2025,Q1,Jun 2024,https://nsearchives.nseindia.com/corporate/PROV_31052024123131_Transcript_31052024.pdf,https://nsearchives.nseindia.com/corporate/PROV_12062024122427_Outcome12062024.pdf,Other Food Products,Proventus Agrocom Ltd.,Jun,Q4
16222,PURPLEUTED_FY2026_Q1,PURPLEUTED,FY2026,Q1,Jun 2025,https://nsearchives.nseindia.com/corporate/PURPLEUNITED_03062025150002_Intimation_Transcript_Earning_Conference_Call_30_May_2025.pdf,https://nsearchives.nseindia.com/corporate/PURPLEUNITED_29052025180258_Investor_Presentation.pdf,Garments & Apparels,Purple United Sales Ltd.,Jun,Q4
16251,QPOWER_FY2025_Q4,QPOWER,FY2025,Q4,Mar 2025,https://www.bseindia.com/xml-data/corpfiling/AttachHis/afbcc22e-5c5d-44f3-ae25-a1304334788b.pdf,https://www.bseindia.com/xml-data/corpfiling/AttachHis/4529a0e0-3fc1-4307-98cb-8696a1290d06.pdf,Heavy Electrical Equipment,Quality Power Electrical Equipments Ltd.,Mar,Q3
16270,QUESTLAB_FY2025_Q3,QUESTLAB,FY2025,Q3,Dec 2024,,https://nsearchives.nseindia.com/corporate/QUEST_28122024203016_Quest_Laboratories-Investor_Presentation.pdf,Pharmaceuticals,Quest Laboratories Ltd.,Dec,Q2
16319,RACLGEAR_FY2026_Q4,RACLGEAR,FY2026,Q4,Mar 2026,https://www.bseindia.com/xml-data/corpfiling/AttachHis/93df00d6-a711-41ac-b066-d5ca6583839f.pdf,https://www.bseindia.com/xml-data/corpfiling/AttachHis/518fa1fe-b0d7-4cde-943c-66cedbd81c50.pdf,Auto Components & Equipments,R A C L Geartech Ltd.,Mar,Q3
16320,RACLGEAR_FY2026_Q3,RACLGEAR,FY2026,Q3,Dec 2025,https://www.bseindia.com/xml-data/corpfiling/AttachHis/d427dc29-de4c-4cf0-96e1-3b5ef6f01251.pdf,https://www.bseindia.com/xml-data/corpfiling/AttachHis/f271c562-9f4f-49c5-bb43-690e7412d542.pdf,Auto Components & Equipments,R A C L Geartech Ltd.,Dec,Q2
16323,RACLGEAR_FY2025_Q4,RACLGEAR,FY2025,Q4,Mar 2025,https://www.bseindia.com/xml-data/corpfiling/AttachHis/4ae7e7cc-d821-4eff-9f13-6419c1ee6108.pdf,,Auto Components & Equipments,R A C L Geartech Ltd.,Mar,Q3
16326,RACLGEAR_FY2025_Q1,RACLGEAR,FY2025,Q1,Jun 2024,https://www.bseindia.com/xml-data/corpfiling/AttachHis/07fc767e-fefc-48e9-8bf7-0bbe91e43cc1.pdf,https://www.bseindia.com/xml-data/corpfiling/AttachHis/ea8248d7-58a2-403b-b9e9-b857319dd6ff.pdf,Auto Components & Equipments,R A C L Geartech Ltd.,Jun,Q4
16384,RBMINFRA_FY2025_Q2,RBMINFRA,FY2025,Q2,Sep 2024,https://nsearchives.nseindia.com/corporate/RBMINFRA_03092024131147_finalscript.pdf,https://nsearchives.nseindia.com/corporate/RBMINFRA_15082024213833_investor_presentation_f.pdf,Oil Equipment & Services,R B M Infracon Ltd.,Sep,Q1
16386,RBZJEWEL_FY2026_Q4,RBZJEWEL,FY2026,Q4,Mar 2026,https://www.bseindia.com/xml-data/corpfiling/AttachHis/3fd7998b-4f4d-4d93-ba76-71452a86979d.pdf,https://www.bseindia.com/xml-data/corpfiling/AttachHis/bd83664b-546c-4a8c-b364-16ea587e38d9.pdf,"Gems, Jewellery And Watches",R B Z Jewellers Ltd.,Mar,Q3
16423,RMC_FY2026_Q1,RMC,FY2026,Q1,Jun 2025,,https://www.bseindia.com/xml-data/corpfiling/AttachHis/99b71a1f-d143-4adb-ad94-319a086165a9.pdf,,R M C Switchgears Ltd.,Jun,Q4
16425,RMC_FY2025_Q1,RMC,FY2025,Q1,Jun 2024,,https://www.bseindia.com/xml-data/corpfiling/AttachHis/fa08c643-56b2-45e7-8b69-df51d3ce2e92.pdf,,R M C Switchgears Ltd.,Jun,Q4
16442,RNFI_FY2026_Q1,RNFI,FY2026,Q1,Jun 2025,https://nsearchives.nseindia.com/corporate/RNFI_05062025194732_NSE_IntimationTranscript30052025.pdf,,Other Financial Services,R N F I Services Ltd.,Jun,Q4
16450,RPGLIFE_FY2025_Q2,RPGLIFE,FY2025,Q2,Sep 2024,https://www.rpglifesciences.com/website/download_document.php?dcipdf=7.pdf&amp;folder=earnings_call,https://www.bseindia.com/xml-data/corpfiling/AttachHis/a2e112c0-3803-4f32-90f5-0bbd490631a1.pdf,Pharmaceuticals,R P G Life Sciences Ltd.,Sep,Q1
16561,RACE_FY2026_Q1,RACE,FY2026,Q1,Jun 2025,,https://www.bseindia.com/xml-data/corpfiling/AttachHis/7b440507-2230-47c6-a3ba-6bdd06b4fa5d.pdf,Waste Management,Race Eco Chain Ltd.,Jun,Q4
16564,RACE_FY2025_Q1,RACE,FY2025,Q1,Jun 2024,,https://www.bseindia.com/xml-data/corpfiling/AttachHis/a4458700-52eb-430a-9d9b-3dc43e48df77.pdf,Waste Management,Race Eco Chain Ltd.,Jun,Q4
16629,RAILTEL_FY2026_Q4,RAILTEL,FY2026,Q4,Mar 2026,,https://www.bseindia.com/xml-data/corpfiling/AttachHis/b73dff80-51b1-4545-8046-22c97c748098.pdf,Other Telecom Services,Railtel Corporation Of India Ltd.,Mar,Q3
16780,RAMRAT_FY2026_Q4,RAMRAT,FY2026,Q4,Mar 2026,,https://www.bseindia.com/xml-data/corpfiling/AttachHis/7a54e447-1160-4968-84ae-1a02bd8763dd.pdf,Other Electrical Equipment,Ram Ratna Wires Ltd.,Mar,Q3
16924,RPTECH_FY2026_Q4,RPTECH,FY2026,Q4,Mar 2026,,https://www.bseindia.com/xml-data/corpfiling/AttachHis/610bde22-9a5d-4b72-918f-a9de35d84366.pdf,Computers Hardware & Equipments,Rashi Peripherals Ltd.,Mar,Q3
16957,RTNPOWER_FY2025_Q1,RTNPOWER,FY2025,Q1,Jun 2024,https://www.bseindia.com/xml-data/corpfiling/AttachHis/a94f2996-a93d-40f0-bd7c-8728dac60726.pdf,https://www.bseindia.com/xml-data/corpfiling/AttachHis/ec2b1567-1eb0-4280-a35e-5cce04246753.pdf,Integrated Power Utilities,Rattanindia Power Ltd.,Jun,Q4
16960,RELTD_FY2026_Q2,RELTD,FY2026,Q2,Sep 2025,,https://www.bseindia.com/xml-data/corpfiling/AttachHis/2b46c9fd-3d63-4cca-824a-187e560fb5e1.pdf,Trading & Distributors,Ravindra Energy Ltd.,Sep,Q1
16988,KRISHCA_FY2026_Q3,KRISHCA,FY2026,Q3,Dec 2025,https://nsearchives.nseindia.com/corporate/KSSLIPO_04122025125250_KSSLEarningsCallTranscriptH12025-26.pdf,https://nsearchives.nseindia.com/corporate/KSSLIPO_27112025182414_KSSLINVESTORPRESENTATIONH12025.pdf,Iron & Steel Products,Krishca Strapping Solutions Ltd.,Dec,Q2
16989,KRISHCA_FY2026_Q1,KRISHCA,FY2026,Q1,Jun 2025,https://nsearchives.nseindia.com/corporate/KSSLIPO_10062025152931_KSSLEarningsCallTranscriptJune2025.pdf,,Iron & Steel Products,Krishca Strapping Solutions Ltd.,Jun,Q4
16991,KRISHCA_FY2025_Q1,KRISHCA,FY2025,Q1,Jun 2024,https://nsearchives.nseindia.com/corporate/KRISHCA_15062024221929_KSSLEarningsCallTranscript.pdf,,Iron & Steel Products,Krishca Strapping Solutions Ltd.,Jun,Q4
17127,SAHAJSOLAR_FY2026_Q1,SAHAJSOLAR,FY2026,Q1,Jun 2025,,https://sahajsolar.com/wp-content/uploads/2025/06/Sahaj-Growth-Plan__2025-2028.pdf,Other Electrical Equipment,Sahaj Solar Ltd.,Jun,Q4
17134,SAHASRA_FY2026_Q1,SAHASRA,FY2026,Q1,Jun 2025,https://nsearchives.nseindia.com/corporate/SAHASRA_02062025110927_Transcript_30052025.pdf,https://nsearchives.nseindia.com/corporate/SAHASRA_29052025174244_Presentation_con-call.pdf,Other Industrial Products,Sahasra Electronic Solutions Ltd.,Jun,Q4
17266,SAMHI_FY2026_Q4,SAMHI,FY2026,Q4,Mar 2026,,https://www.bseindia.com/xml-data/corpfiling/AttachHis/14f2a96b-6112-41ea-a1a0-4b10d880cb98.pdf,Hotels & Resorts,Samhi Hotels Ltd.,Mar,Q3
17330,SANATHAN_FY2025_Q4,SANATHAN,FY2025,Q4,Mar 2025,,https://www.bseindia.com/xml-data/corpfiling/AttachHis/e636c4f9-0f75-432e-9221-6d61791e68bb.pdf,Other Textile Products,Sanathan Textiles Ltd.,Mar,Q3
17371,LINCOLN_FY2025_Q1,LINCOLN,FY2025,Q1,Jun 2024,,https://www.lincolnpharma.com/Investor/Disclosures%20under%20Regulation%2046%20of%20the%20LODR/17.%20Investor%20Presentation/2024-25/Investor%20Presentation%20Q1FY25.pdf?_t=1724125370,Pharmaceuticals,Lincoln Pharmaceuticals Ltd.,Jun,Q4
17400,SANGHVIMOV_FY2026_Q4,SANGHVIMOV,FY2026,Q4,Mar 2026,,https://www.bseindia.com/xml-data/corpfiling/AttachHis/c6897f75-1519-42ab-821a-3384afd8d69d.pdf,Construction Vehicles,Sanghvi Movers Ltd.,Mar,Q3
17426,SANOFICONR_FY2026_Q4,SANOFICONR,FY2026,Q4,Mar 2026,https://www.bseindia.com/xml-data/corpfiling/AttachHis/5c1503a1-2b27-40f5-b4d4-6f066c0072d1.pdf,https://www.bseindia.com/xml-data/corpfiling/AttachHis/91e302d2-942e-492d-a169-0dc3507854ff.pdf,Pharmaceuticals,Sanofi Consumer Healthcare India Ltd.,Mar,Q3
17427,SANOFI_FY2026_Q4,SANOFI,FY2026,Q4,Mar 2026,https://www.bseindia.com/xml-data/corpfiling/AttachHis/950c053c-2b83-44e8-be44-0f7868ebd375.pdf,https://www.bseindia.com/xml-data/corpfiling/AttachHis/8349d6b7-eb1e-4dca-82c9-a1846ddd6044.pdf,Pharmaceuticals,Sanofi India Ltd.,Mar,Q3
17533,SMLT_FY2025_Q2,SMLT,FY2025,Q2,Sep 2024,https://www.bseindia.com/xml-data/corpfiling/AttachHis/b4761770-a3ed-4242-b583-957789b2f7cd.pdf,https://www.bseindia.com/xml-data/corpfiling/AttachHis/a9efa537-8567-444c-a2cf-4094694c2e0c.pdf,Iron & Steel Products,Sarthak Metals Ltd.,Sep,Q1
17534,SMLT_FY2025_Q1,SMLT,FY2025,Q1,Jun 2024,https://www.bseindia.com/xml-data/corpfiling/AttachHis/c0235fb5-cd30-406d-a319-ee64bf852a11.pdf,https://www.bseindia.com/xml-data/corpfiling/AttachHis/5508d35f-2a47-4bc2-885f-ff75d9c7e601.pdf,Iron & Steel Products,Sarthak Metals Ltd.,Jun,Q4
17542,SARVESHWAR_FY2026_Q2,SARVESHWAR,FY2026,Q2,Sep 2025,https://www.bseindia.com/xml-data/corpfiling/AttachHis/fd24a51a-0f06-484a-8f0b-ff66d21fd07a.pdf,https://www.bseindia.com/xml-data/corpfiling/AttachHis/2deda39a-63c8-4396-93c4-67c2059ae149.pdf,Other Agricultural Products,Sarveshwar Foods Ltd.,Sep,Q1
17609,SATTVAENGG_FY2026_Q4,SATTVAENGG,FY2026,Q4,Mar 2026,,https://nsearchives.nseindia.com/corporate/SATTVAENGG_10032026145716_Intimation_-investor_presentation_to_NSE.pdf,Water Supply & Management,Sattva Engineering Construction Ltd.,Mar,Q3
17625,SCHAEFFLER_FY2026_Q4,SCHAEFFLER,FY2026,Q4,Mar 2026,https://www.bseindia.com/xml-data/corpfiling/AttachHis/d3250211-5f04-45ce-acab-eaaa85b5bb5b.pdf,https://www.bseindia.com/xml-data/corpfiling/AttachHis/0bf73694-feb6-4639-9110-f4f1f7883ed8.pdf,Auto Components & Equipments,Schaeffler India Ltd.,Mar,Q3
17636,MMFL_FY2025_Q1,MMFL,FY2025,Q1,Jun 2024,https://www.bseindia.com/xml-data/corpfiling/AttachHis/571fe8ab-f873-460d-990c-33e60be40160.pdf,https://www.bseindia.com/xml-data/corpfiling/AttachHis/43a5a444-f1bd-4ba9-b6c9-a016a861be5a.pdf,Auto Components & Equipments,M M Forgings Ltd.,Jun,Q4
17701,SCODATUBES_FY2026_Q1,SCODATUBES,FY2026,Q1,Jun 2025,https://www.bseindia.com/xml-data/corpfiling/AttachHis/7584a744-07a6-41f9-9ff1-6e902f321bbd.pdf,https://www.bseindia.com/xml-data/corpfiling/AttachHis/87a3dabd-3490-4d46-aab6-657c6a7bff33.pdf,Iron & Steel Products,Scoda Tubes Ltd.,Jun,Q4
17947,SHAREINDIA_FY2026_Q4,SHAREINDIA,FY2026,Q4,Mar 2026,,https://www.bseindia.com/xml-data/corpfiling/AttachHis/20f21e52-7d54-40f9-b194-4360463f7577.pdf,Stockbroking & Allied,Share India Securities Ltd.,Mar,Q3
18083,SPCL_FY2025_Q3,SPCL,FY2025,Q3,Dec 2024,,https://nsearchives.nseindia.com/corporate/SPCL_04122024131901_Shivalic_-_Updated_investor_presentation.pdf,Other Electrical Equipment,Shivalic Power Control Ltd.,Dec,Q2
18126,SHREDIGCEM_FY2026_Q4,SHREDIGCEM,FY2026,Q4,Mar 2026,https://www.bseindia.com/xml-data/corpfiling/AttachHis/efb9b0cf-2b9f-47f7-aa7a-15bf1faff4ff.pdf,,Cement & Cement Products,Shree Digvijay Cement Co. Ltd.,Mar,Q3
18129,SHREEKARNI_FY2025_Q3,SHREEKARNI,FY2025,Q3,Dec 2024,,https://nsearchives.nseindia.com/corporate/SHREEKARNI_24122024103112_Investor_Presentation.pdf,Other Textile Products,Shree Karni Fabcom Ltd.,Dec,Q2
18131,SHREEOSFM_FY2026_Q1,SHREEOSFM,FY2026,Q1,Jun 2025,https://nsearchives.nseindia.com/corporate/SHREEOFSM_12062025141331_IntimationofTranscript05062025.pdf,https://nsearchives.nseindia.com/corporate/SHREEOFSM_05062025122944_SHREEOSFMIP202425.pdf,Road Transport,Shree O S F M E-Mobility Ltd.,Jun,Q4
18168,SVLL_FY2026_Q4,SVLL,FY2026,Q4,Mar 2026,,https://nsearchives.nseindia.com/corporate/SVLL_10032026162323_Svll_Presentation.pdf,Logistics Solution Provider,Shree Vasu Logistics Ltd.,Mar,Q3
18172,SHKSIL_FY2026_Q3,SHKSIL,FY2026,Q3,Dec 2025,https://nsearchives.nseindia.com/corporate/SHRIHARE_01122025173242_Submission_of_transcript.pdf,https://nsearchives.nseindia.com/corporate/SHRIHARE_02122025171250_Presentation_submission.pdf,Sponge Iron,Shri Hare-Krishna Sponge Iron Ltd.,Dec,Q2
18173,SHRIKANHA_FY2026_Q4,SHRIKANHA,FY2026,Q4,Mar 2026,,https://nsearchives.nseindia.com/corporate/SHRIKANHA_17032026212946_Presentation_SKSL.pdf,Iron & Steel Products,Shri Kanha Stainless Ltd.,Mar,Q3
18237,SHUBHSHREE_FY2026_Q4,SHUBHSHREE,FY2026,Q4,Mar 2026,,https://nsearchives.nseindia.com/corporate/SHUBHSHREE_05032026142015_investor_presentation_feb_2026.pdf,Other Industrial Products,Shubhshree Biofuels Energy Ltd.,Mar,Q3
18305,MAXVOLT_FY2026_Q1,MAXVOLT,FY2026,Q1,Jun 2025,https://nsearchives.nseindia.com/corporate/MAXVOLT2019_02062025231225_MEIL_Cover_letter_AND_Earnings_Call_Transcript__H2_FY25.pdf,https://nsearchives.nseindia.com/corporate/MAXVOLT2019_27052025122331_Maxvolt_Energy_Industries_Limited_FY25_Investor_Presentations.pdf,Auto Components & Equipments,Maxvolt Energy Inds. Ltd.,Jun,Q4
18418,SMARTEN_FY2026_Q4,SMARTEN,FY2026,Q4,Mar 2026,https://nsearchives.nseindia.com/corporate/SMARTENPOWER_09032026165740_NSETRANSCRIPT06032026.pdf,,Other Electrical Equipment,Smarten Power Systems Ltd.,Mar,Q3
18519,SOLEX_FY2025_Q1,SOLEX,FY2025,Q1,Jun 2024,https://nsearchives.nseindia.com/corporate/SOLEX_07062024160611_Transcript.pdf,https://nsearchives.nseindia.com/corporate/SOLEX_30052024155622_InvestorPresentation.pdf,Heavy Electrical Equipment,Solex Energy Ltd.,Jun,Q4
18588,SONAMAC_FY2025_Q3,SONAMAC,FY2025,Q3,Dec 2024,,https://nsearchives.nseindia.com/corporate/SONAMAC_14122024110731_Ppt_investors141224_.pdf,Industrial Products,Sona Machinery Ltd.,Dec,Q2
18676,SPEB_FY2026_Q4,SPEB,FY2026,Q4,Mar 2026,,https://nsearchives.nseindia.com/corporate/SPEB_06032026182005_outcome.pdf,Specialty Chemicals,Speb Adhesives Ltd.,Mar,Q3
18703,SPECTRUM_FY2025_Q3,SPECTRUM,FY2025,Q3,Dec 2024,,https://nsearchives.nseindia.com/corporate/SPECTRUM_02122024163456_SPECTRUM_INVESTOR_PRESENTATION.pdf,Industrial Products,Spectrum Electrical Inds. Ltd.,Dec,Q2
18705,SPECTSTM_FY2026_Q1,SPECTSTM,FY2026,Q1,Jun 2025,,https://nsearchives.nseindia.com/corporate/STML_04062025181230_Investor_presentation_march_2025.pdf,Diversified Commercial Services,Spectrum Talent Mgmt. Ltd.,Jun,Q4
18748,SSFL_FY2026_Q1,SSFL,FY2026,Q1,Jun 2025,https://nsearchives.nseindia.com/corporate/SRIVARI_16062025230333_Transcript_11062025.pdf,https://srivarispices.com/assets/file/im/investorinvestor-meeting-ppt-presentation-june-11-2025.pdf,Other Food Products,Srivari Spices & Foods Ltd.,Jun,Q4
18749,SSFL_FY2025_Q4,SSFL,FY2025,Q4,Mar 2025,https://nsearchives.nseindia.com/corporate/SRIVARI_17032025164808_Transcript_NSE_13032025.pdf,,Other Food Products,Srivari Spices & Foods Ltd.,Mar,Q3
18752,SRIVASAVI_FY2025_Q3,SRIVASAVI,FY2025,Q3,Dec 2024,,https://nsearchives.nseindia.com/corporate/SRIVASAVI_12122024224429_DisclosureunderReg3012122024.pdf,Other Industrial Products,Srivasavi Adhesive Tapes Ltd.,Dec,Q2
19075,SUBEXLTD_FY2026_Q4,SUBEXLTD,FY2026,Q4,Mar 2026,https://www.bseindia.com/xml-data/corpfiling/AttachHis/9c181a37-0912-4a0a-8fbc-1acf96607750.pdf,https://www.bseindia.com/xml-data/corpfiling/AttachHis/f2b076c8-6d5d-48ca-9038-cd8b20067db1.pdf,Software Products,Subex Ltd.,Mar,Q3
19171,SPARC_FY2025_Q3,SPARC,FY2025,Q3,Dec 2024,https://www.bseindia.com/xml-data/corpfiling/AttachHis/cadaa2dd-011a-432a-9fd4-89d52a8bd289.pdf,https://www.bseindia.com/xml-data/corpfiling/AttachHis/4d46a667-ac1b-4c57-9637-e3a5976b1443.pdf,Pharmaceuticals,Sun Pharma Advanced Research Co. Ltd.,Dec,Q2
19225,SUNLITE_FY2026_Q1,SUNLITE,FY2026,Q1,Jun 2025,,https://nsearchives.nseindia.com/corporate/SUNLITE_04062025171106_Convering_Letter.pdf,"Aluminium, Copper & Zinc Products",Sunlite Recycling Inds. Ltd.,Jun,Q4
19228,SUNTECH_FY2026_Q2,SUNTECH,FY2026,Q2,Sep 2025,,https://nsearchives.nseindia.com/corporate/SUNTECH_02092025160138_Inverstor_Presentation_NSE.pdf,Civil Construction,Suntech Infra Solutions Ltd.,Sep,Q1
19467,SWARAJ_FY2025_Q1,SWARAJ,FY2025,Q1,Jun 2024,https://nsearchives.nseindia.com/corporate/SWARAJ_12062024134352_Regu30InvestorMeetTranscript.pdf,https://nsearchives.nseindia.com/corporate/SWARAJ_03062024163342_Regu30InvestorPresentation.pdf,Other Textile Products,Swaraj Suiting Ltd.,Jun,Q4
19590,TBI_FY2026_Q3,TBI,FY2026,Q3,Dec 2025,,https://nsearchives.nseindia.com/corporate/TBICORN_05122025114235_Investor_Presentation.pdf,Other Agricultural Products,T B I Corn Ltd.,Dec,Q2
19591,TBOTEK_FY2026_Q4,TBOTEK,FY2026,Q4,Mar 2026,https://www.bseindia.com/xml-data/corpfiling/AttachHis/bd34d34f-4ec2-42b0-b3d7-30373a525ddb.pdf,https://www.bseindia.com/xml-data/corpfiling/AttachHis/eb9cbc77-a004-44af-a748-2e04cc953b31.pdf,"Tour, Travel Related Services",T B O Tek Ltd.,Mar,Q3
19597,TBOTEK_FY2025_Q1,TBOTEK,FY2025,Q1,Jun 2024,https://www.bseindia.com/xml-data/corpfiling/AttachHis/054af1fc-acb5-4e49-aa50-f85d352f916e.pdf,https://www.bseindia.com/xml-data/corpfiling/AttachHis/8bcfb05a-b26a-40a3-8a36-32f54eb65560.pdf,"Tour, Travel Related Services",T B O Tek Ltd.,Jun,Q4
19623,OMNI_FY2026_Q4,OMNI,FY2026,Q4,Mar 2026,https://www.bseindia.com/xml-data/corpfiling/AttachHis/954d7295-0e53-408b-a204-1e086e47e144.pdf,https://www.bseindia.com/xml-data/corpfiling/AttachHis/5e432bfb-083a-45de-b9f6-804ff4bc55d2.pdf,Industrial Products,Omnitech Engineering Ltd.,Mar,Q3
19624,ONDOOR_FY2026_Q4,ONDOOR,FY2026,Q4,Mar 2026,,https://nsearchives.nseindia.com/corporate/ONDOOR_14032026140546_Updates_InvestorPresentation.pdf,Diversified Retail,On Door Concepts Ltd.,Mar,Q3
19625,ONDOOR_FY2025_Q3,ONDOOR,FY2025,Q3,Dec 2024,,https://nsearchives.nseindia.com/corporate/ONDOOR_03122024170847_INVESTORPRESENTATION_031224.pdf,Diversified Retail,On Door Concepts Ltd.,Dec,Q2
19721,TVSELECT_FY2025_Q4,TVSELECT,FY2025,Q4,Mar 2025,https://www.bseindia.com/xml-data/corpfiling/AttachHis/cd49da53-7397-4026-b6bc-c79f6d193e42.pdf,https://www.bseindia.com/xml-data/corpfiling/AttachHis/1e4d80e2-13ff-4db3-93a2-47e491d4dfd1.pdf,Computers Hardware & Equipments,T V S Electronics Ltd.,Mar,Q3
20138,TECHERA_FY2026_Q3,TECHERA,FY2026,Q3,Dec 2025,https://nsearchives.nseindia.com/corporate/TECHERA_19122025174018_TechEra_Investor_Call_Transcript_17-12-2025.pdf,,Aerospace & Defense,Techera Engineering (India) Ltd.,Dec,Q2
20161,TGL_FY2026_Q1,TGL,FY2026,Q1,Jun 2025,https://nsearchives.nseindia.com/corporate/TEERTHGOPICON_11062025204734_Transcript_TGL.pdf,,Civil Construction,Teerth Gopicon Ltd.,Jun,Q4
20185,TEJASCARGO_FY2025_Q4,TEJASCARGO,FY2025,Q4,Mar 2025,,https://nsearchives.nseindia.com/corporate/TEJASCARGOINDIA_25032025165107_Presentationbharatconference_SD.pdf,Logistics Solution Provider,Tejas Cargo India Ltd.,Mar,Q3
20214,TEXRAIL_FY2026_Q4,TEXRAIL,FY2026,Q4,Mar 2026,,https://www.bseindia.com/xml-data/corpfiling/AttachHis/7ce7b8be-343b-4771-8e25-ddbc1b8fa02c.pdf,Industrial Products,Texmaco Rail & Engg. Ltd.,Mar,Q3
20223,TCL_FY2026_Q1,TCL,FY2026,Q1,Jun 2025,https://nsearchives.nseindia.com/corporate/THAAI_07062025164641_dsc_new_merged.pdf,https://nsearchives.nseindia.com/corporate/THAAI_04062025121140_Thaai_Casting_Limited_Investor_Presentation.pdf,Auto Components & Equipments,Thaai Casting Ltd.,Jun,Q4
20227,TCL_FY2025_Q1,TCL,FY2025,Q1,Jun 2024,https://nsearchives.nseindia.com/corporate/TCL_10062024134440_Transcriptionintimationfinalsignedupload.pdf,https://nsearchives.nseindia.com/corporate/TCL_25072024183252_intimationinvestorpresentationsignedfinalupload.pdf,Auto Components & Equipments,Thaai Casting Ltd.,Jun,Q4
20286,TIRUMALCHM_FY2026_Q4,TIRUMALCHM,FY2026,Q4,Mar 2026,,https://www.bseindia.com/xml-data/corpfiling/AttachHis/f4f72b44-98cb-4cc1-850f-1c0558af44bc.pdf,Commodity Chemicals,Thirumalai Chemicals Ltd.,Mar,Q3
20320,THOMASCOTT_FY2026_Q1,THOMASCOTT,FY2026,Q1,Jun 2025,,https://www.bseindia.com/xml-data/corpfiling/AttachHis/df220307-fcac-4813-b275-4256e4720991.pdf,Garments & Apparels,Thomas Scott (India) Ltd.,Jun,Q4
20336,TIGERLOGS_FY2026_Q1,TIGERLOGS,FY2026,Q1,Jun 2025,https://www.bseindia.com/xml-data/corpfiling/AttachHis/b5339fb2-4b90-4bf2-83e3-c7addb522eb4.pdf,https://www.bseindia.com/xml-data/corpfiling/AttachHis/ff9badc9-8e2c-4b86-9677-3272b291b3ab.pdf,Logistics Solution Provider,Tiger Logistics (India) Ltd.,Jun,Q4
20585,TRACXN_FY2025_Q4,TRACXN,FY2025,Q4,Mar 2025,https://www.bseindia.com/xml-data/corpfiling/AttachHis/f152eb7a-4353-40a3-a70d-d7ff58b9da86.pdf,https://www.bseindia.com/xml-data/corpfiling/AttachHis/5fbd9d65-6caa-4fb4-9ec8-10cf9351357d.pdf,Data Processing Services,Tracxn Technologies Ltd.,Mar,Q3
20744,PRLIND_FY2025_Q1,PRLIND,FY2025,Q1,Jun 2024,https://nsearchives.nseindia.com/corporate/PRLIND_17062024154105_TranscriptEarningCall12062024.pdf,https://nsearchives.nseindia.com/corporate/PRLIND_10062024210457_InvestorPresentation.pdf,Logistics Solution Provider,Premier Roadlines Ltd.,Jun,Q4
20745,PREMIUM_FY2026_Q1,PREMIUM,FY2026,Q1,Jun 2025,https://nsearchives.nseindia.com/corporate/PREMIUMP_06062025234342_PPL_Transcript.pdf,https://nsearchives.nseindia.com/corporate/PREMIUMP_03062025143915_Investor_Presentation_PPL.pdf,Auto Components & Equipments,Premium Plast Ltd.,Jun,Q4
20746,PREMIUM_FY2025_Q4,PREMIUM,FY2025,Q4,Mar 2025,,https://nsearchives.nseindia.com/corporate/PREMIUMP_27032025184627_Investor_Presentation_Signed.pdf,Auto Components & Equipments,Premium Plast Ltd.,Mar,Q3
20857,PGHH_FY2026_Q1,PGHH,FY2026,Q1,Jun 2025,https://www.bseindia.com/xml-data/corpfiling/AttachHis/c01c3021-876d-4044-8b0d-c63334543e0a.pdf,https://www.bseindia.com/xml-data/corpfiling/AttachHis/8353d6ef-7ec0-4bd9-82e3-39e67310dd6c.pdf,Personal Care,Procter & Gamble Hygiene & Health Care Ltd.,Jun,Q4
20858,PGHH_FY2025_Q2,PGHH,FY2025,Q2,Sep 2024,https://www.bseindia.com/xml-data/corpfiling/AttachHis/505209a6-6b93-4cd8-9694-e0ab2bd2b476.pdf,https://www.bseindia.com/xml-data/corpfiling/AttachHis/15d6d747-b9d0-4306-8d40-52af91e5bd3f.pdf,Personal Care,Procter & Gamble Hygiene & Health Care Ltd.,Sep,Q1
20899,TICL_FY2026_Q1,TICL,FY2026,Q1,Jun 2025,https://www.bseindia.com/xml-data/corpfiling/AttachHis/6b441f05-e8f7-4847-bcf0-19b265f91d68.pdf,https://www.bseindia.com/xml-data/corpfiling/AttachHis/241d1dfe-ed88-4f00-ac0f-16eceb342053.pdf,Civil Construction,Twamev Construction & Infrastructure Ltd.,Jun,Q4
20999,UFLEX_FY2025_Q4,UFLEX,FY2025,Q4,Mar 2025,https://www.bseindia.com/xml-data/corpfiling/AttachHis/4f9e39c2-d5b2-4770-a766-7702c1cca0a8.pdf,https://www.bseindia.com/xml-data/corpfiling/AttachHis/d0cb8284-4fca-44dd-838a-84895a7724bf.pdf,Packaging,Uflex Ltd.,Mar,Q3
21000,UFLEX_FY2025_Q3,UFLEX,FY2025,Q3,Dec 2024,https://www.bseindia.com/xml-data/corpfiling/AttachHis/9e2e8677-36af-4e44-989b-85c1854544f7.pdf,https://www.bseindia.com/xml-data/corpfiling/AttachHis/d7865979-87f5-4a37-9511-e1d200201584.pdf,Packaging,Uflex Ltd.,Dec,Q2
21001,UFLEX_FY2025_Q2,UFLEX,FY2025,Q2,Sep 2024,https://www.bseindia.com/xml-data/corpfiling/AttachHis/23a07368-67f4-47d7-acab-299ec2beb5ce.pdf,https://www.bseindia.com/xml-data/corpfiling/AttachHis/dc74cdb0-274f-41e6-808d-c09143c26d2f.pdf,Packaging,Uflex Ltd.,Sep,Q1
21002,UFLEX_FY2025_Q1,UFLEX,FY2025,Q1,Jun 2024,https://www.bseindia.com/xml-data/corpfiling/AttachHis/5efa627b-8db5-41ba-9fa7-08dbc9584c54.pdf,https://www.uflexltd.com/pdf/Company-Presentation.pdf,Packaging,Uflex Ltd.,Jun,Q4
21188,RPPINFRA_FY2026_Q1,RPPINFRA,FY2026,Q1,Jun 2025,,https://www.bseindia.com/xml-data/corpfiling/AttachHis/8ed45d28-7998-4815-b3d7-c61831a0f024.pdf,Civil Construction,R P P Infra Projects Ltd.,Jun,Q4
21292,RAIN_FY2026_Q4,RAIN,FY2026,Q4,Mar 2026,https://www.bseindia.com/xml-data/corpfiling/AttachHis/d14d3a67-254e-4f84-9e92-730f4cdb02b3.pdf,https://www.bseindia.com/xml-data/corpfiling/AttachHis/64d1e292-f93d-4fb2-b4da-afe11ad3cb7c.pdf,Petrochemicals,Rain Industries Ltd.,Mar,Q3
21299,URAVIDEF_FY2026_Q1,URAVIDEF,FY2026,Q1,Jun 2025,,https://www.bseindia.com/xml-data/corpfiling/AttachHis/51975955-d662-490e-ba70-5af3f5448059.pdf,Auto Components & Equipments,Uravi Defence & Technology Ltd.,Jun,Q4
21301,URAVIDEF_FY2025_Q1,URAVIDEF,FY2025,Q1,Jun 2024,https://www.bseindia.com/xml-data/corpfiling/AttachHis/e80ca231-7949-487b-a5f8-7cf2348391f2.pdf,,Auto Components & Equipments,Uravi Defence & Technology Ltd.,Jun,Q4
21306,URBAN_FY2025_Q3,URBAN,FY2025,Q3,Dec 2024,,https://urbanenviroltd.com/backendApi/uploads/ZpbHA90Bka1725618674574.pdf,Waste Management,Urban Enviro Waste Mgmt. Ltd.,Dec,Q2
21307,URBAN_FY2025_Q2,URBAN,FY2025,Q2,Sep 2024,,https://nsearchives.nseindia.com/corporate/URBAN_06092024131053_Letter_NSE_Investor_presenatation.pdf,Waste Management,Urban Enviro Waste Mgmt. Ltd.,Sep,Q1
21663,MADHAVBAUG_FY2025_Q1,MADHAVBAUG,FY2025,Q1,Jun 2024,https://nsearchives.nseindia.com/corporate/MADHAVBAUG_01062024153616_Transcript_29052024_Signed.pdf,https://nsearchives.nseindia.com/corporate/MADHAVBAUG_30052024163151_InvestorPresentation_30052024_Signed.pdf,Medical Equipment & Supplies,Vaidya Sane Ayurved Laboratories Ltd.,Jun,Q4
21818,VGL_FY2026_Q3,VGL,FY2026,Q3,Dec 2025,https://www.bseindia.com/xml-data/corpfiling/AttachHis/775ba38b-9536-444b-8fd4-0aff0ad63d5e.pdf,https://www.bseindia.com/xml-data/corpfiling/AttachHis/b89d9612-1231-4e3e-b8ba-97df0371ea21.pdf,Other Textile Products,Varvee Global Ltd.,Dec,Q2
21959,VIDHIING_FY2025_Q1,VIDHIING,FY2025,Q1,Jun 2024,https://www.bseindia.com/xml-data/corpfiling/AttachHis/d1da86f4-fd34-4352-bb9e-c35f2cbb9700.pdf,https://www.bseindia.com/xml-data/corpfiling/AttachHis/8711e777-cc9f-4961-aff6-87be717abb3d.pdf,Specialty Chemicals,Vidhi Specialty Food Ingredients Ltd.,Jun,Q4
21970,VIGOR_FY2026_Q3,VIGOR,FY2026,Q3,Dec 2025,https://www.vigorplastindia.com/images/vigor-call.pdf,https://nsearchives.nseindia.com/corporate/VIGORPLAST_26112025180734_Intimation_presentation_Signed.pdf,Plastic Products - Industrial,Vigor Plast India Ltd.,Dec,Q2
21985,VIKRAMSOLR_FY2026_Q4,VIKRAMSOLR,FY2026,Q4,Mar 2026,,https://www.bseindia.com/xml-data/corpfiling/AttachHis/6b8ae3dc-8a50-481f-9e64-bdbad34c359d.pdf,Other Electrical Equipment,Vikram Solar Ltd.,Mar,Q3
22031,VINYAS_FY2026_Q1,VINYAS,FY2026,Q1,Jun 2025,https://nsearchives.nseindia.com/corporate/VINYAS_07062025112941_Earnings_Conference_Call_Transcript_H2_FY25.pdf,https://nsearchives.nseindia.com/corporate/VINYAS_01062025194241_Investor_Presentation_H2FY2025.pdf,Industrial Products,Vinyas Innovative Technologies Ltd.,Jun,Q4
22051,VGINFOTECH_FY2026_Q3,VGINFOTECH,FY2026,Q3,Dec 2025,https://nsearchives.nseindia.com/corporate/VIRTUAL_01122025163148_Submission_of_Transcript_of_Investor-Analysts_Call_dated-28-11-2025.pdf,https://nsearchives.nseindia.com/corporate/VIRTUAL_27112025230556_Submission_of_Investor_Presentation.pdf,Software Products,Virtual Galaxy Infotech Ltd.,Dec,Q2
22052,VGINFOTECH_FY2026_Q1,VGINFOTECH,FY2026,Q1,Jun 2025,https://www.vgipl.com/documents/Virtual%20Galaxy%20Infotech%20Limited%2020062025%20Final.pdf,https://www.vgipl.com/documents/virtual-galaxy-mar25-short.pdf,Software Products,Virtual Galaxy Infotech Ltd.,Jun,Q4
22113,VISHNUINFR_FY2025_Q3,VISHNUINFR,FY2025,Q3,Dec 2024,,https://nsearchives.nseindia.com/corporate/VISHNUSURYA_31122024142740_VISHNUINFR_INVESTOR_PRESENTATION.pdf,Other Construction Materials,Vishnusurya Projects & Infra Ltd.,Dec,Q2
22119,VIVIANA_FY2026_Q3,VIVIANA,FY2026,Q3,Dec 2025,https://nsearchives.nseindia.com/corporate/VIVIANA_11122025214551_TRANSCRIPT_NSE_04122025.pdf,https://nsearchives.nseindia.com/corporate/VIVIANA_04122025142512_INVESTOR_PRESENTATION_04122025.pdf,Civil Construction,Viviana Power Tech Ltd.,Dec,Q2
22120,VIVIANA_FY2026_Q2,VIVIANA,FY2026,Q2,Sep 2025,https://nsearchives.nseindia.com/corporate/VIVIANA_10092025132036_Transcript_Investor_Call_05092025.pdf,https://nsearchives.nseindia.com/corporate/VIVIANA_04092025133407_Investor_Presentation_04092025.pdf,Civil Construction,Viviana Power Tech Ltd.,Sep,Q1
22143,SJVN_FY2026_Q1,SJVN,FY2026,Q1,Jun 2025,https://www.bseindia.com/xml-data/corpfiling/AttachHis/2fd6127a-f1da-4eee-ad4b-26dffcdbebad.pdf,,Power Generation,S J V N Ltd.,Jun,Q4
22193,VOLERCAR_FY2025_Q4,VOLERCAR,FY2025,Q4,Mar 2025,,https://nsearchives.nseindia.com/corporate/VOLER_24032025171238_InvestorPresentation.pdf,Road Transport,Voler Car Ltd.,Mar,Q3
22318,SAFEENTP_FY2026_Q1,SAFEENTP,FY2026,Q1,Jun 2025,,https://nsearchives.nseindia.com/corporate/SAFEENTERPRISES_27062025095108_SAFE_ENTERPRISES_LIMITED_PPT_K_.pdf,"Furniture, Home Furnishing",Safe Enterprises Retail Fixtures Ltd.,Jun,Q4
22500,SLONE_FY2025_Q1,SLONE,FY2025,Q1,Jun 2024,https://nsearchives.nseindia.com/corporate/SLONE_10062024152858_SubmissionofEarningsCallTranscripts.pdf,https://nsearchives.nseindia.com/corporate/SLONE_11072024113954_InvestorPresentation.pdf,Computers Hardware & Equipments,Slone Infosystems Ltd.,Jun,Q4
22506,SOFTTECH_FY2025_Q1,SOFTTECH,FY2025,Q1,Jun 2024,,https://www.bseindia.com/xml-data/corpfiling/AttachHis/cbeda5e7-4303-4ae1-9bb8-bd41cd5ee0fe.pdf,Computers - Software & Consulting,Softtech Engineers Ltd.,Jun,Q4
22535,SONUINFRA_FY2026_Q1,SONUINFRA,FY2026,Q1,Jun 2025,,https://nsearchives.nseindia.com/corporate/SONUINFRATECH_25062025184916_Investor_PPT_SD.pdf,Civil Construction,Sonu Infratech Ltd.,Jun,Q4
22551,SPICEJET_FY2026_Q1,SPICEJET,FY2026,Q1,Jun 2025,,https://www.bseindia.com/xml-data/corpfiling/AttachHis/450b40ad-1bc1-4118-9e82-44df26ed9693.pdf,Airline,Spicejet Ltd.,Jun,Q4
22553,SPICEJET_FY2025_Q2,SPICEJET,FY2025,Q2,Sep 2024,,https://www.bseindia.com/xml-data/corpfiling/AttachHis/3764a2ff-44b7-433c-a18b-6b57feff50db.pdf,Airline,Spicejet Ltd.,Sep,Q1
22594,SUMIT_FY2026_Q2,SUMIT,FY2026,Q2,Sep 2025,,https://nsearchives.nseindia.com/corporate/SUMIT_24092025115454_NSE_presentation.pdf,"Residential, Commercial Projects",Sumit Woods Ltd.,Sep,Q1
22596,SUMIT_FY2025_Q2,SUMIT,FY2025,Q2,Sep 2024,,https://nsearchives.nseindia.com/corporate/SUMIT_06092024110658_AnnouncementInvestorpresentation.pdf,"Residential, Commercial Projects",Sumit Woods Ltd.,Sep,Q1
22611,SUPRAJIT_FY2025_Q1,SUPRAJIT,FY2025,Q1,Jun 2024,https://www.bseindia.com/xml-data/corpfiling/AttachHis/a7bcd855-c19a-473e-9360-543cc69b4d2e.pdf,https://www.bseindia.com/xml-data/corpfiling/AttachHis/6c2a202a-fd0c-41af-9f2f-a9b63f7c720f.pdf,Auto Components & Equipments,Suprajit Engineering Ltd.,Jun,Q4
22649,SWANCORP_FY2025_Q4,SWANCORP,FY2025,Q4,Mar 2025,,https://www.bseindia.com/xml-data/corpfiling/AttachHis/04c87b1e-5f00-4f59-bfb7-9671d2d905ec.pdf,Diversified,Swan Corp Ltd.,Mar,Q3
22650,SWANDEF_FY2026_Q4,SWANDEF,FY2026,Q4,Mar 2026,,https://www.bseindia.com/xml-data/corpfiling/AttachHis/a99ac5d2-7472-45fd-8a9a-7906d259b449.pdf,Ship Building & Allied Services,Swan Defence & Heavy Inds. Ltd.,Mar,Q3
22672,TCPLPACK_FY2025_Q1,TCPLPACK,FY2025,Q1,Jun 2024,https://www.bseindia.com/xml-data/corpfiling/AttachHis/20a12044-56ef-40e6-ad34-4f80c79c2cd6.pdf,https://www.bseindia.com/xml-data/corpfiling/AttachHis/68012430-8ffd-492b-b57b-59a7d5592921.pdf,Packaging,T C P L Packaging Ltd.,Jun,Q4
22744,TEMBO_FY2025_Q1,TEMBO,FY2025,Q1,Jun 2024,,https://nsearchives.nseindia.com/corporate/TEMBO_04062024143210_Investor.pdf,Iron & Steel Products,Tembo Global Inds. Ltd.,Jun,Q4
22827,TECHLABS_FY2026_Q3,TECHLABS,FY2026,Q3,Dec 2025,https://nsearchives.nseindia.com/corporate/TRIDENTTECHLABS_10122025182302_Transcript_Final.pdf,https://nsearchives.nseindia.com/corporate/TRIDENTTECHLABS_02122025173805_Investor_Presentation_final.pdf,Computers - Software & Consulting,Trident Techlabs Ltd.,Dec,Q2
22828,TECHLABS_FY2026_Q1,TECHLABS,FY2026,Q1,Jun 2025,https://nsearchives.nseindia.com/corporate/TRIDENTTECHLABS_06062025191927_Transcript_final.pdf,https://nsearchives.nseindia.com/corporate/TRIDENTTECHLABS_05062025141019_Investor_Presentation_FINAL.pdf,Computers - Software & Consulting,Trident Techlabs Ltd.,Jun,Q4
22850,UFLEX_FY2026_Q4,UFLEX,FY2026,Q4,Mar 2026,https://www.bseindia.com/xml-data/corpfiling/AttachHis/73d33cf2-3c45-41e0-8908-837dab6d51f7.pdf,https://www.bseindia.com/xml-data/corpfiling/AttachHis/29b72740-7a33-496e-a22b-d61273ff666d.pdf,Packaging,Uflex Ltd.,Mar,Q3
22851,UFLEX_FY2026_Q3,UFLEX,FY2026,Q3,Dec 2025,https://www.bseindia.com/xml-data/corpfiling/AttachHis/dbe13639-e7d7-4207-a3bc-88a037d2a4d3.pdf,https://www.bseindia.com/xml-data/corpfiling/AttachHis/84efd1fc-d264-4967-bbe5-88047e48edd5.pdf,Packaging,Uflex Ltd.,Dec,Q2
22986,VIDYAWIRES_FY2026_Q3,VIDYAWIRES,FY2026,Q3,Dec 2025,https://www.bseindia.com/xml-data/corpfiling/AttachHis/1f4a3689-fb6c-4a04-a4a5-3e2701c47801.pdf,https://www.bseindia.com/xml-data/corpfiling/AttachHis/e259592e-7cf5-4fbf-a6ed-6f429a875cba.pdf,"Aluminium, Copper & Zinc Products",Vidya Wires Ltd.,Dec,Q2
22988,VINSYS_FY2026_Q1,VINSYS,FY2026,Q1,Jun 2025,https://nsearchives.nseindia.com/corporate/VINSYS_09062025151936_Intimation.pdf,https://nsearchives.nseindia.com/corporate/VINSYS_22052025163833_Intimation.pdf,Education,Vinsys I T Services India Ltd.,Jun,Q4
23045,WTICAB_FY2026_Q1,WTICAB,FY2026,Q1,Jun 2025,https://nsearchives.nseindia.com/corporate/WTIIPO_09062025111941_WTILtranscript.pdf,https://nsearchives.nseindia.com/corporate/WTIIPO_29052025102339_Presentation_-_WTI_Cabs__2_.pdf,Road Transport,Wise Travel India Ltd.,Jun,Q4
23046,WTICAB_FY2025_Q1,WTICAB,FY2025,Q1,Jun 2024,https://nsearchives.nseindia.com/corporate/WTICAB_17062024122725_wtiTranscriptfinal.pdf,https://nsearchives.nseindia.com/corporate/WTICAB_17062024152916_WTIINVESTORPRESENTATION11062024.pdf,Road Transport,Wise Travel India Ltd.,Jun,Q4
23047,WOCKPHARMA_FY2026_Q1,WOCKPHARMA,FY2026,Q1,Jun 2025,https://www.bseindia.com/xml-data/corpfiling/AttachHis/6c50e942-c9ad-4a5a-840f-10e4b31f502c.pdf,https://www.bseindia.com/xml-data/corpfiling/AttachHis/7e0435e0-06b2-41bc-8a9a-70ec2534cf18.pdf,Pharmaceuticals,Wockhardt Ltd.,Jun,Q4
23805,3MINDIA_FY2026_Q4,3MINDIA,FY2026,Q4,Mar 2026,,https://www.bseindia.com/xml-data/corpfiling/AttachHis/80fbe3a0-abef-4273-93b0-587c619d9714.pdf,Diversified,3M India Ltd.,Mar,Q3
23851,ABSMARINE_FY2026_Q1,ABSMARINE,FY2026,Q1,Jun 2025,https://nsearchives.nseindia.com/corporate/ABSMARINE_09062025150455_IntimationforTranscriptofMeeting.pdf,https://nsearchives.nseindia.com/corporate/ABSMARINE_03062025122743_IntimationtoNSEForPPT.pdf,Shipping,A B S Marine Services Ltd.,Jun,Q4
23852,ABSMARINE_FY2025_Q1,ABSMARINE,FY2025,Q1,Jun 2024,,https://absmarine.com/wp-content/uploads/2024/05/ABS-Investor-Presentation-Final.pdf,Shipping,A B S Marine Services Ltd.,Jun,Q4
23982,ARSSINFRA_FY2026_Q3,ARSSINFRA,FY2026,Q3,Dec 2025,,https://www.bseindia.com/xml-data/corpfiling/AttachHis/6aed2e96-fbda-456d-922b-8d5ed1396ddb.pdf,Civil Construction,A R S S Infrastructure Projects Ltd.,Dec,Q2
24012,AVPINFRA_FY2025_Q1,AVPINFRA,FY2025,Q1,Jun 2024,https://nsearchives.nseindia.com/corporate/AVPINFRA_10062024174712_H2FY24ConcallTranscriptsAIL.pdf,,Civil Construction,A V P Infracon Ltd.,Jun,Q4
24023,AYE_FY2026_Q4,AYE,FY2026,Q4,Mar 2026,https://www.bseindia.com/xml-data/corpfiling/AttachHis/647c9fbb-6f66-4965-ac82-3604fd032d18.pdf,https://www.bseindia.com/xml-data/corpfiling/AttachHis/4ac33b67-593c-4070-bdb6-552f1c62ed01.pdf,Non Banking Financial Company (NBFC),A Y E Finance Ltd.,Mar,Q3
24031,AARON_FY2026_Q1,AARON,FY2026,Q1,Jun 2025,https://nsearchives.nseindia.com/corporate/AARON_13062025172528_TranscriptQ4FY25_13062025.pdf,https://nsearchives.nseindia.com/corporate/AARON_19052025181146_InvestorPresentation_19052025.pdf,Industrial Products,Aaron Industries Ltd.,Jun,Q4
24084,AARTISURF_FY2026_Q2,AARTISURF,FY2026,Q2,Sep 2025,,https://www.bseindia.com/xml-data/corpfiling/AttachHis/5fcf47de-02bc-4ff2-8f3a-fbfbf0a51835.pdf,Specialty Chemicals,Aarti Surfactants Ltd.,Sep,Q1
24131,ACCELYA_FY2025_Q2,ACCELYA,FY2025,Q2,Sep 2024,https://www.bseindia.com/xml-data/corpfiling/AttachHis/8c69ecee-3598-4068-a406-599576efa2dd.pdf,,Computers - Software & Consulting,Accelya Solutions India Ltd.,Sep,Q1
24141,ACCURACY_FY2026_Q4,ACCURACY,FY2026,Q4,Mar 2026,,https://www.bseindia.com/xml-data/corpfiling/AttachHis/d3ad9163-4d31-4c98-a944-864b2f320acb.pdf,Logistics Solution Provider,Accuracy Shipping Ltd.,Mar,Q3
24142,ACCURACY_FY2026_Q3,ACCURACY,FY2026,Q3,Dec 2025,,https://www.bseindia.com/xml-data/corpfiling/AttachHis/f7eb3a67-b524-4e22-b1f4-107b44f54cb5.pdf,Logistics Solution Provider,Accuracy Shipping Ltd.,Dec,Q2
24143,ACCURACY_FY2026_Q1,ACCURACY,FY2026,Q1,Jun 2025,,https://nsearchives.nseindia.com/corporate/ACCURACY_13062025180411_InvestorPresentationMarch25.pdf,Logistics Solution Provider,Accuracy Shipping Ltd.,Jun,Q4
24144,ACCURACY_FY2025_Q1,ACCURACY,FY2025,Q1,Jun 2024,https://nsearchives.nseindia.com/corporate/ACCURACY_06062024181119_IntimationTranscriptInvestorCall.pdf,https://nsearchives.nseindia.com/corporate/ACCURACY_31052024162138_CoverIP.pdf,Logistics Solution Provider,Accuracy Shipping Ltd.,Jun,Q4
24268,ADDICTIVE_FY2026_Q3,ADDICTIVE,FY2026,Q3,Dec 2025,https://nsearchives.nseindia.com/corporate/LAWSIKHO_03122025142522_Transcript_intimationsigned.pdf,,E-Learning,Addictive Learning Technology Ltd.,Dec,Q2
24372,ADVAIT_FY2025_Q1,ADVAIT,FY2025,Q1,Jun 2024,,https://www.bseindia.com/xml-data/corpfiling/AttachHis/17757c00-8379-4447-a83e-c7960d61806e.pdf,Other Electrical Equipment,Advait Energy Transitions Ltd.,Jun,Q4
24484,AGARIND_FY2025_Q4,AGARIND,FY2025,Q4,Mar 2025,https://www.bseindia.com/xml-data/corpfiling/AttachHis/f440ad35-afbf-4fed-a149-aec3c7969024.pdf,https://www.bseindia.com/xml-data/corpfiling/AttachHis/91bf4d2f-70a2-4a8e-91b0-440326669382.pdf,Petrochemicals,Agarwal Industrial Corpn. Ltd.,Mar,Q3
24485,AGARIND_FY2025_Q3,AGARIND,FY2025,Q3,Dec 2024,https://www.bseindia.com/xml-data/corpfiling/AttachHis/ae54e0bc-1ef4-4da1-a5d9-72ac40dc7659.pdf,https://www.bseindia.com/xml-data/corpfiling/AttachHis/52e131f6-f217-4500-be6e-6394214d31f0.pdf,Petrochemicals,Agarwal Industrial Corpn. Ltd.,Dec,Q2
24486,AGARIND_FY2025_Q1,AGARIND,FY2025,Q1,Jun 2024,https://www.bseindia.com/xml-data/corpfiling/AttachHis/717b9722-abf6-4bb8-afc5-cc76b7ba68bd.pdf,https://www.bseindia.com/xml-data/corpfiling/AttachHis/7a309a2c-24a5-461d-85fe-ed60a1d468fd.pdf,Petrochemicals,Agarwal Industrial Corpn. Ltd.,Jun,Q4
24497,AGARWALTUF_FY2026_Q1,AGARWALTUF,FY2026,Q1,Jun 2025,https://nsearchives.nseindia.com/corporate/AGARWALTOUGHENED_05062025114141_Transcript_Earnings_call30052025.pdf,https://nsearchives.nseindia.com/corporate/AGARWALTOUGHENED_23052025191545_fINALiNVESTORpRESENTATIONATG.pdf,Glass - Industrial,Agarwal Toughened Glass India Ltd.,Jun,Q4
24563,AKANKSHA_FY2026_Q2,AKANKSHA,FY2026,Q2,Sep 2025,,https://nsearchives.nseindia.com/corporate/AKANKSHAPOWER_08092025193817_InvestorPresentation08092025.pdf,Other Electrical Equipment,Akanksha Power & Infrastructure Ltd.,Sep,Q1
24564,AKANKSHA_FY2026_Q1,AKANKSHA,FY2026,Q1,Jun 2025,,https://nsearchives.nseindia.com/corporate/AKANKSHAPOWER_05062025124116_InvestorPresentation.pdf,Other Electrical Equipment,Akanksha Power & Infrastructure Ltd.,Jun,Q4
24767,ALPEXSOLAR_FY2025_Q3,ALPEXSOLAR,FY2025,Q3,Dec 2024,,https://nsearchives.nseindia.com/corporate/ALPEXSOLAR_25122024150137_Investor_Presentation.pdf,Other Electrical Equipment,Alpex Solar Ltd.,Dec,Q2
24895,ANONDITA_FY2026_Q4,ANONDITA,FY2026,Q4,Mar 2026,,https://nsearchives.nseindia.com/corporate/ANONDITA_07032026120943_Regulation_30_Investor_Presentation.pdf,Personal Care,Anondita Medicare Ltd.,Mar,Q3
25038,APEXECO_FY2026_Q4,APEXECO,FY2026,Q4,Mar 2026,,https://nsearchives.nseindia.com/corporate/APEXECO_10032026165854_Apex_Ecotech_Ltd_Mar_26_Investor_Presentation.pdf,Water Supply & Management,Apex Ecotech Ltd.,Mar,Q3
25124,APOLSINHOT_FY2025_Q2,APOLSINHOT,FY2025,Q2,Sep 2024,,https://nsearchives.nseindia.com/corporate/APOLSINHOT_23092024190140_Investorpresentation2024.pdf,Hotels & Resorts,Apollo Sindoori Hotels Ltd.,Sep,Q1
25155,APTECHT_FY2025_Q1,APTECHT,FY2025,Q1,Jun 2024,https://www.aptech-worldwide.com/downloads/conference-call-transcript/AptechLimited-FY23-24(Jun2024)EarningsCallTranscript(Final).pdf,https://www.aptech-worldwide.com/downloads/investorPresentation/AptechLimitedFY24InvestorUpdatePPT_May2024_Final.pdf,Education,Aptech Ltd.,Jun,Q4
25174,ARIES_FY2026_Q2,ARIES,FY2026,Q2,Sep 2025,https://www.bseindia.com/xml-data/corpfiling/AttachHis/25cbc957-99d9-4f67-9a61-fd080703cb18.pdf,,Fertilizers,Aries Agro Ltd.,Sep,Q1
25221,ARIS_FY2026_Q4,ARIS,FY2026,Q4,Mar 2026,,https://www.bseindia.com/xml-data/corpfiling/AttachHis/0ff5ed39-a0ea-41d4-aee2-86265834ff47.pdf,Other Construction Materials,Arisinfra Solutions Ltd.,Mar,Q3
25366,ASAHISONG_FY2025_Q1,ASAHISONG,FY2025,Q1,Jun 2024,https://www.bseindia.com/xml-data/corpfiling/AttachHis/c220d98c-51b8-436f-96d4-af0d71f2c9c2.pdf,https://www.bseindia.com/xml-data/corpfiling/AttachHis/9e8342c2-0f31-4f07-a80b-62d29170ef3c.pdf,Dyes And Pigments,Asahi Songwon Colors Ltd.,Jun,Q4
25463,ASHWINI_FY2026_Q4,ASHWINI,FY2026,Q4,Mar 2026,,https://nsearchives.nseindia.com/corporate/ASHWINI_06032026152405_ACMPl_Investor_Presentation.pdf,Road Transport,Ashwini Container Movers Ltd.,Mar,Q3
25770,AVANTEL_FY2026_Q1,AVANTEL,FY2026,Q1,Jun 2025,https://www.avantel.in/InvestorsNewData/Financial%20Information/28.%20AGM%20-%20EGM%20Results%20and%20Proceedings/Avantel_Limited_AGM_Transcript_23_06_2025.pdf,,Aerospace & Defense,Avantel Ltd.,Jun,Q4
25772,AVANTIFEED_FY2026_Q4,AVANTIFEED,FY2026,Q4,Mar 2026,https://www.bseindia.com/xml-data/corpfiling/AttachHis/886d8bbd-cdc1-4678-a49a-0e3c5b4a9a5b.pdf,https://www.bseindia.com/xml-data/corpfiling/AttachHis/c40c9d0b-98ee-4d96-b1b4-87937995ad89.pdf,Animal Feed,Avanti Feeds Ltd.,Mar,Q3
25827,AVROIND_FY2025_Q4,AVROIND,FY2025,Q4,Mar 2025,,https://www.bseindia.com/xml-data/corpfiling/AttachHis/923e5d54-98c9-4d25-897e-4a48fe963f63.pdf,Plastic Products - Consumer,Avro India Ltd.,Mar,Q3
25828,AVROIND_FY2025_Q3,AVROIND,FY2025,Q3,Dec 2024,,https://www.bseindia.com/xml-data/corpfiling/AttachHis/f3daab9f-253e-4a21-8869-8b375ce0159c.pdf,Plastic Products - Consumer,Avro India Ltd.,Dec,Q2
25918,BEML_FY2026_Q3,BEML,FY2026,Q3,Dec 2025,https://www.bseindia.com/xml-data/corpfiling/AttachHis/c346766c-55b6-4da9-a611-6d18995a626c.pdf,https://www.bseindia.com/xml-data/corpfiling/AttachHis/30bdee61-4b3a-4a9d-8b65-bbbde1b2cd58.pdf,Construction Vehicles,B E M L Ltd.,Dec,Q2
25919,BEML_FY2026_Q1,BEML,FY2026,Q1,Jun 2025,https://www.bseindia.com/xml-data/corpfiling/AttachHis/1d2a9b51-7ec6-432a-9459-8dc6adad6682.pdf,https://www.bseindia.com/xml-data/corpfiling/AttachHis/36fce322-1dda-4736-abd4-febacec379d6.pdf,Construction Vehicles,B E M L Ltd.,Jun,Q4
25920,BEML_FY2025_Q3,BEML,FY2025,Q3,Dec 2024,,https://www.bseindia.com/xml-data/corpfiling/AttachHis/3987aba4-5963-4cb1-8f37-5d7b4f03aabf.pdf,Construction Vehicles,B E M L Ltd.,Dec,Q2
25985,BABAFP_FY2025_Q2,BABAFP,FY2025,Q2,Sep 2024,,https://www.babafood.in/pdf/bf-investors-presentation-september-2024-ver1.pdf,Other Food Products,Baba Food Processing (India) Ltd.,Sep,Q1
25993,BAIDFIN_FY2026_Q2,BAIDFIN,FY2026,Q2,Sep 2025,,https://www.bseindia.com/xml-data/corpfiling/AttachHis/4c98213e-e168-4f45-a995-13298f010676.pdf,Non Banking Financial Company (NBFC),Baid Finserv Ltd.,Sep,Q1
26119,BAJAJHCARE_FY2026_Q3,BAJAJHCARE,FY2026,Q3,Dec 2025,,https://www.bseindia.com/xml-data/corpfiling/AttachHis/ff06e2a7-516a-4bc9-acd3-35f6e4025f3d.pdf,Pharmaceuticals,Bajaj Healthcare Ltd.,Dec,Q2
26241,BALUFORGE_FY2025_Q3,BALUFORGE,FY2025,Q3,Dec 2024,,https://www.bseindia.com/xml-data/corpfiling/AttachHis/736515bc-e1c4-46b5-9138-fc80b718b7d3.pdf,Castings & Forgings,Balu Forge Inds. Ltd.,Dec,Q2
26246,BANARBEADS_FY2025_Q1,BANARBEADS,FY2025,Q1,Jun 2024,https://www.bseindia.com/xml-data/corpfiling/AttachHis/1eca7045-7a72-4ce8-875b-d8a71b6104d8.pdf,,"Gems, Jewellery And Watches",Banaras Beads Ltd.,Jun,Q4
26366,BARFLEX_FY2026_Q1,BARFLEX,FY2026,Q1,Jun 2025,,https://nsearchives.nseindia.com/corporate/BARFLEX_05062025104425_BARFLEX_INVESTOR_PRESENATAION_05062025.pdf,Packaging,Barflex Polyfilms Ltd.,Jun,Q4
26390,BELLACASA_FY2026_Q2,BELLACASA,FY2026,Q2,Sep 2025,,https://www.bseindia.com/xml-data/corpfiling/AttachHis/95f96370-4908-4954-a299-2afda8773c43.pdf,Garments & Apparels,Bella Casa Fashion & Retail Ltd.,Sep,Q1
26393,BELRISE_FY2026_Q4,BELRISE,FY2026,Q4,Mar 2026,,https://www.bseindia.com/xml-data/corpfiling/AttachHis/d56418a4-1458-4b46-91d8-ffddc6542ad1.pdf,Auto Components & Equipments,Belrise Industries Ltd.,Mar,Q3
26568,BIGBLOC_FY2025_Q4,BIGBLOC,FY2025,Q4,Mar 2025,https://www.bseindia.com/xml-data/corpfiling/AttachHis/f0357eb3-b90a-46d5-af4a-cba36e49b73f.pdf,https://www.bseindia.com/xml-data/corpfiling/AttachHis/04406837-dbc5-41b7-8b0c-2df769c22fb9.pdf,Cement & Cement Products,Bigbloc Construction Ltd.,Mar,Q3
26781,BTML_FY2026_Q3,BTML,FY2026,Q3,Dec 2025,https://www.bseindia.com/xml-data/corpfiling/AttachHis/a8de8179-240c-4747-84e9-dd4b2219ada8.pdf,https://www.bseindia.com/xml-data/corpfiling/AttachHis/cccaf93b-8a49-419a-a983-1f0d0e99de7d.pdf,Digital Entertainment,Bodhi Tree Multimedia Ltd.,Dec,Q2
26843,BRACEPORT_FY2026_Q3,BRACEPORT,FY2026,Q3,Dec 2025,,https://nsearchives.nseindia.com/corporate/BRACEPORT_04122025130455_PRESENTATION.pdf,Logistics Solution Provider,Brace Port Logistics Ltd.,Dec,Q2
26897,BCG_FY2026_Q3,BCG,FY2026,Q3,Dec 2025,,https://www.bseindia.com/xml-data/corpfiling/AttachHis/5478645d-2cd1-4c7b-b3a7-3f8c36545b7c.pdf,IT Enabled Services,Brightcom Group Ltd.,Dec,Q2
27110,CPS_FY2026_Q2,CPS,FY2026,Q2,Sep 2025,,https://nsearchives.nseindia.com/corporate/CPS_16092025151235_Investor_Presentation_2025.pdf,Garments & Apparels,C P S Shapers Ltd.,Sep,Q1
27149,CADSYS_FY2026_Q1,CADSYS,FY2026,Q1,Jun 2025,,https://nsearchives.nseindia.com/corporate/CADSYS_01062025001220_CADSYSInvestorPresentationMar2025.pdf,Business Process Outsourcing (BPO)/ Knowledge Process Outsourcing (KPO),Cadsys (India) Ltd.,Jun,Q4
27151,CADSYS_FY2025_Q1,CADSYS,FY2025,Q1,Jun 2024,,https://nsearchives.nseindia.com/corporate/CADSYS_04062024012838_CADSYS_InvestorPresentation_29052024.pdf,Business Process Outsourcing (BPO)/ Knowledge Process Outsourcing (KPO),Cadsys (India) Ltd.,Jun,Q4
27246,CANARYS_FY2026_Q3,CANARYS,FY2026,Q3,Dec 2025,https://nsearchives.nseindia.com/corporate/CANARYS_15122025155729_Reg30TranscripofEarningsConferenceCallheldon10122025.pdf,https://nsearchives.nseindia.com/corporate/CANARYS_09122025192538_InvestorPresentationH1FY26dt09122025.pdf,Computers - Software & Consulting,Canarys Automations Ltd.,Dec,Q2
27412,CPEDU_FY2026_Q2,CPEDU,FY2026,Q2,Sep 2025,,https://www.bseindia.com/xml-data/corpfiling/AttachHis/96810a0d-3b2b-48c8-aefd-50545f7d682f.pdf,Education,Career Point Edutech Ltd.,Sep,Q1
27497,CEINSYS_FY2026_Q4,CEINSYS,FY2026,Q4,Mar 2026,,https://www.bseindia.com/xml-data/corpfiling/AttachHis/7d596df7-5e9f-456d-bc8f-6343293b4ecf.pdf,IT Enabled Services,Ceinsys Tech Ltd.,Mar,Q3
27557,CENTUM_FY2026_Q4,CENTUM,FY2026,Q4,Mar 2026,https://www.bseindia.com/xml-data/corpfiling/AttachHis/68738676-02fe-4995-b194-d4fd85661478.pdf,https://www.bseindia.com/xml-data/corpfiling/AttachHis/ff146336-f181-4fc6-9601-224798c25aa5.pdf,Industrial Products,Centum Electronics Ltd.,Mar,Q3
27561,CENTUM_FY2025_Q4,CENTUM,FY2025,Q4,Mar 2025,https://www.bseindia.com/xml-data/corpfiling/AttachHis/43a78aa4-ee88-42d2-a521-3ef6b31370fe.pdf,https://www.bseindia.com/xml-data/corpfiling/AttachHis/31d67646-31a5-4296-86ee-ab971f67d78d.pdf,Industrial Products,Centum Electronics Ltd.,Mar,Q3
27562,CENTUM_FY2025_Q3,CENTUM,FY2025,Q3,Dec 2024,https://www.bseindia.com/xml-data/corpfiling/AttachHis/593b8561-25d4-491e-a30f-0c2bfa679169.pdf,https://www.bseindia.com/xml-data/corpfiling/AttachHis/0edd08b7-fb79-482c-bd47-ff123a881520.pdf,Industrial Products,Centum Electronics Ltd.,Dec,Q2
27680,CHAMBLFERT_FY2026_Q4,CHAMBLFERT,FY2026,Q4,Mar 2026,https://www.bseindia.com/xml-data/corpfiling/AttachHis/0de669c6-6d0f-465d-a3c3-864199461c59.pdf,https://www.bseindia.com/xml-data/corpfiling/AttachHis/cc586b5e-b21e-4fa6-9b2b-942f8b549bfd.pdf,Fertilizers,Chambal Fertilisers & Chemicals Ltd.,Mar,Q3
27710,CHAMUNDA_FY2026_Q1,CHAMUNDA,FY2026,Q1,Jun 2025,https://nsearchives.nseindia.com/corporate/CHAMUNDA_16062025171821_Transcript_covering.pdf,,Diversified Commercial Services,Chamunda Electrical Ltd.,Jun,Q4
27711,CHAMUNDA_FY2025_Q4,CHAMUNDA,FY2025,Q4,Mar 2025,,https://nsearchives.nseindia.com/corporate/CHAMUNDA_17032025155937_Announcement.pdf,Diversified Commercial Services,Chamunda Electrical Ltd.,Mar,Q3
27715,CHAVDA_FY2026_Q1,CHAVDA,FY2026,Q1,Jun 2025,https://nsearchives.nseindia.com/corporate/CHAVDA_02062025214300_ChavdaTranscriptEarningCallFY25.pdf,https://nsearchives.nseindia.com/corporate/CHAVDA_26062025134709_SEIntimationInesvtorPresentation26062025.pdf,Civil Construction,Chavda Infra Ltd.,Jun,Q4
27716,CHAVDA_FY2025_Q3,CHAVDA,FY2025,Q3,Dec 2024,https://chavdainfra.com/img/Chavda%20Transcript.pdf,https://nsearchives.nseindia.com/corporate/CHAVDA_20122024194222_SEInvestorPresentation23122024.pdf,Civil Construction,Chavda Infra Ltd.,Dec,Q2
27717,CHAVDA_FY2025_Q1,CHAVDA,FY2025,Q1,Jun 2024,,https://nsearchives.nseindia.com/corporate/CHAVDA_14062024110214_Reg30_InvestorPresentation.pdf,Civil Construction,Chavda Infra Ltd.,Jun,Q4
27753,CHETANA_FY2026_Q1,CHETANA,FY2026,Q1,Jun 2025,,https://nsearchives.nseindia.com/corporate/CHETANA_02062025190913_Chetana_H2FY25.pdf,Printing & Publication,Chetana Education Ltd.,Jun,Q4
27754,CHETANA_FY2025_Q3,CHETANA,FY2025,Q3,Dec 2024,,https://nsearchives.nseindia.com/corporate/CHETANA_02122024100705_CHETANA__Investor_Presentation.pdf,Printing & Publication,Chetana Education Ltd.,Dec,Q2
27881,CLEANMAX_FY2026_Q4,CLEANMAX,FY2026,Q4,Mar 2026,https://youtu.be/pBRo6YPcBzA,https://www.bseindia.com/xml-data/corpfiling/AttachHis/909ef8a1-5e71-4c57-b309-dbfab98ea3c4.pdf,Power Generation,Clean Max Enviro Energy Solutions Ltd.,Mar,Q3
27927,COCHINSHIP_FY2025_Q2,COCHINSHIP,FY2025,Q2,Sep 2024,,https://www.bseindia.com/xml-data/corpfiling/AttachHis/7564567d-63cb-4f0e-99c1-47c919f02bef.pdf,Ship Building & Allied Services,Cochin Shipyard Ltd.,Sep,Q1
27988,COMMITTED_FY2025_Q1,COMMITTED,FY2025,Q1,Jun 2024,,https://nsearchives.nseindia.com/corporate/COMMITTED_12062024175659_CCCLInvestorsPresentationRegulation30SEBILODRMarch2024.pdf,Logistics Solution Provider,Committed Cargo Care Ltd.,Jun,Q4
28023,CONFIPET_FY2025_Q3,CONFIPET,FY2025,Q3,Dec 2024,,https://www.bseindia.com/xml-data/corpfiling/AttachHis/d83798ae-1603-461e-878d-4dbafa7c85f8.pdf,LPG/CNG/PNG/LNG Supplier,Confidence Petroleum India Ltd.,Dec,Q2
28024,CONFIPET_FY2025_Q1,CONFIPET,FY2025,Q1,Jun 2024,,https://www.bseindia.com/xml-data/corpfiling/AttachHis/f1d18f98-6b49-44d9-9c31-f6b015ae8667.pdf,LPG/CNG/PNG/LNG Supplier,Confidence Petroleum India Ltd.,Jun,Q4
28158,CGRAPHICS_FY2026_Q4,CGRAPHICS,FY2026,Q4,Mar 2026,https://nsearchives.nseindia.com/corporate/CREATIVEGRAPHICS_14032026154304_transcript11032026.pdf,https://nsearchives.nseindia.com/corporate/CREATIVEGRAPHICS_11032026190611_outcomeandinvestorpresentation.pdf,Other Industrial Products,Creative Graphics Solutions India Ltd.,Mar,Q3
28159,CGRAPHICS_FY2026_Q3,CGRAPHICS,FY2026,Q3,Dec 2025,https://nsearchives.nseindia.com/corporate/CREATIVEGRAPHICS_03122025133945_Transcript19112025.pdf,,Other Industrial Products,Creative Graphics Solutions India Ltd.,Dec,Q2
28161,CGRAPHICS_FY2026_Q1,CGRAPHICS,FY2026,Q1,Jun 2025,https://creativegraphics.net.in/home/wp-content/uploads/2025/06/Cover-Letter-Transcript-Of-Investor-Analyst-Meeting-Dated-31st-May-2025.pdf,https://creativegraphics.net.in/home/wp-content/uploads/2025/05/Earning_Release_-2025.pdf,Other Industrial Products,Creative Graphics Solutions India Ltd.,Jun,Q4
28204,CREST_FY2026_Q1,CREST,FY2026,Q1,Jun 2025,,https://www.bseindia.com/xml-data/corpfiling/AttachHis/186e396c-9afa-4b92-989e-63f327ede71c.pdf,Non Banking Financial Company (NBFC),Crest Ventures Ltd.,Jun,Q4
28205,CREST_FY2025_Q1,CREST,FY2025,Q1,Jun 2024,,https://www.bseindia.com/xml-data/corpfiling/AttachHis/a439dd9f-0212-4e1a-be8e-335ae2f25d48.pdf,Non Banking Financial Company (NBFC),Crest Ventures Ltd.,Jun,Q4
28304,CURIS_FY2026_Q4,CURIS,FY2026,Q4,Mar 2026,,https://nsearchives.nseindia.com/corporate/CURIS_11032026185952_Curis_Investor_Presentation.pdf,Pharmaceuticals,Curis Lifesciences Ltd.,Mar,Q3
28307,CMRSL_FY2026_Q3,CMRSL,FY2026,Q3,Dec 2025,https://nsearchives.nseindia.com/corporate/CMRSL_18122025095912_transcript111225.pdf,,Advertising & Media Agencies,Cyber Media Research & Services Ltd.,Dec,Q2
28309,CMRSL_FY2026_Q1,CMRSL,FY2026,Q1,Jun 2025,https://nsearchives.nseindia.com/corporate/CMRSL_06062025151303_transcript300525.pdf,,Advertising & Media Agencies,Cyber Media Research & Services Ltd.,Jun,Q4
28311,CMRSL_FY2025_Q1,CMRSL,FY2025,Q1,Jun 2024,https://nsearchives.nseindia.com/corporate/CMRSL_07062024162842_cmrsltranscript310524.pdf,,Advertising & Media Agencies,Cyber Media Research & Services Ltd.,Jun,Q4
28436,DCI_FY2026_Q4,DCI,FY2026,Q4,Mar 2026,,https://www.bseindia.com/xml-data/corpfiling/AttachHis/fa4aaf68-8066-4bbe-bc0c-f8a2404deb39.pdf,Computers Hardware & Equipments,D C Infotech & Communication Ltd.,Mar,Q3
28438,DCI_FY2026_Q1,DCI,FY2026,Q1,Jun 2025,https://www.bseindia.com/xml-data/corpfiling/AttachHis/79cb4518-64fe-4a79-942b-bfdf5a1be8ea.pdf,https://www.bseindia.com/xml-data/corpfiling/AttachHis/3066220b-bdaf-42e9-bc29-766f877ec9df.pdf,Computers Hardware & Equipments,D C Infotech & Communication Ltd.,Jun,Q4
28439,DCI_FY2025_Q4,DCI,FY2025,Q4,Mar 2025,,https://www.bseindia.com/xml-data/corpfiling/AttachHis/dcd705ca-ad5c-4451-a1b4-a142b13c3377.pdf,Computers Hardware & Equipments,D C Infotech & Communication Ltd.,Mar,Q3
28440,DCI_FY2025_Q1,DCI,FY2025,Q1,Jun 2024,https://www.bseindia.com/xml-data/corpfiling/AttachHis/798dd28c-8e15-4ee4-8c3e-6943fee070d7.pdf,https://www.bseindia.com/xml-data/corpfiling/AttachHis/09119b9f-dc44-4cfc-8361-cf2f20ac6a17.pdf,Computers Hardware & Equipments,D C Infotech & Communication Ltd.,Jun,Q4
28614,DCCL_FY2026_Q1,DCCL,FY2026,Q1,Jun 2025,https://nsearchives.nseindia.com/corporate/DARCREDIT_04062025155647_Investor_concall_Transcript_FY_24-25.pdf,https://nsearchives.nseindia.com/corporate/DARCREDIT_01062025223038_Regulation_30_Earning_Call_Presentation.pdf,Non Banking Financial Company (NBFC),Dar Credit & Capital Ltd.,Jun,Q4
28643,DDEVPLSTIK_FY2025_Q1,DDEVPLSTIK,FY2025,Q1,Jun 2024,https://www.bseindia.com/xml-data/corpfiling/AttachHis/b35889b4-66ef-4b34-80ba-5dd0e158f0b9.pdf,https://www.bseindia.com/xml-data/corpfiling/AttachHis/e0aeac74-23dc-4670-8a7c-4f7efe222cf6.pdf,Specialty Chemicals,Ddev Plastiks Inds. Ltd.,Jun,Q4
28653,DENEERS_FY2026_Q1,DENEERS,FY2026,Q1,Jun 2025,https://nsearchives.nseindia.com/corporate/DENEERS_12062025233716_Intimation_of_Transcript.pdf,https://nsearchives.nseindia.com/corporate/DENEERS_05062025233547_Intimation_of_Investors_Presentation.pdf,Iron & Steel Products,De Neers Tools Ltd.,Jun,Q4
28721,DELAPLEX_FY2025_Q1,DELAPLEX,FY2025,Q1,Jun 2024,,https://nsearchives.nseindia.com/corporate/DELAPLEX_22062024193209_dPInvestorDeck062224.pdf,Computers - Software & Consulting,Delaplex Ltd.,Jun,Q4
28735,DELTIC_FY2026_Q1,DELTIC,FY2026,Q1,Jun 2025,https://nsearchives.nseindia.com/corporate/DELTIC_09062025163800_CL_signed.pdf,https://nsearchives.nseindia.com/corporate/DELTIC_03062025161602_Covering_Letter_signed.pdf,2/3 Wheelers,Delta Autocorp Ltd.,Jun,Q4
28793,DEVIT_FY2026_Q1,DEVIT,FY2026,Q1,Jun 2025,https://www.bseindia.com/xml-data/corpfiling/AttachHis/4ee89861-b379-4bf0-8364-f7a7558b508a.pdf,https://www.bseindia.com/xml-data/corpfiling/AttachHis/717156ba-13c1-4bff-bed1-08a21604cf92.pdf,IT Enabled Services,Dev Information Technology Ltd.,Jun,Q4
28843,DHANLAXMI_FY2026_Q1,DHANLAXMI,FY2026,Q1,Jun 2025,,https://nsearchives.nseindia.com/corporate/DHANLAXMI_13062025185743_PPT-Dhanlaxmi.pdf,Other Agricultural Products,Dhanlaxmi Crop Science Ltd.,Jun,Q4
28875,DHARMAJ_FY2026_Q1,DHARMAJ,FY2026,Q1,Jun 2025,https://www.bseindia.com/xml-data/corpfiling/AttachHis/4affc655-713d-4a9a-aa48-5c19e5cd179f.pdf,https://www.bseindia.com/xml-data/corpfiling/AttachHis/cfd535f8-3cea-49af-9dbc-29fad145a617.pdf,Pesticides & Agrochemicals,Dharmaj Crop Guard Ltd.,Jun,Q4
28878,DHARMAJ_FY2025_Q1,DHARMAJ,FY2025,Q1,Jun 2024,https://www.bseindia.com/xml-data/corpfiling/AttachHis/5c4605a8-d6c8-46a2-b6ad-9fb44af223ca.pdf,https://www.bseindia.com/xml-data/corpfiling/AttachHis/18ad83ac-e484-4388-ae9a-20d6d259c0a4.pdf,Pesticides & Agrochemicals,Dharmaj Crop Guard Ltd.,Jun,Q4
28890,DIACABS_FY2026_Q4,DIACABS,FY2026,Q4,Mar 2026,,https://www.bseindia.com/xml-data/corpfiling/AttachHis/718fc110-1e48-4ef3-9544-798193eac9e3.pdf,Other Electrical Equipment,Diamond Power Infrastructure Ltd.,Mar,Q3
28898,DIGIKORE_FY2026_Q1,DIGIKORE,FY2026,Q1,Jun 2025,https://nsearchives.nseindia.com/corporate/DIGIKORE_09062025174622_DIGIKORE_TranscriptofConCall_H2FY25.pdf,https://nsearchives.nseindia.com/corporate/DIGIKORE_03062025193932_DIGIKORE_INVESTORSPRESENTATION_H2FY24-25_SIGNED.pdf,Media & Entertainment,Digikore Studios Ltd.,Jun,Q4
28900,DIGIKORE_FY2025_Q1,DIGIKORE,FY2025,Q1,Jun 2024,https://nsearchives.nseindia.com/corporate/DIGIKORE_24052024182549_DIGIKORE_TRANSCRIPT_SIGNED.pdf,https://nsearchives.nseindia.com/corporate/DIGIKORE_13062024181236_DIGIKORE_InvestorPresentation_H2FY24.pdf,Media & Entertainment,Digikore Studios Ltd.,Jun,Q4
29021,KANORICHEM_FY2025_Q2,KANORICHEM,FY2025,Q2,Sep 2024,,https://www.bseindia.com/xml-data/corpfiling/AttachHis/8c370bcd-9231-415a-a276-4c1d78b3f0f0.pdf,Commodity Chemicals,Kanoria Chemicals & Inds. Ltd.,Sep,Q1
29032,KANSAINER_FY2026_Q4,KANSAINER,FY2026,Q4,Mar 2026,https://www.bseindia.com/xml-data/corpfiling/AttachHis/dc12bc3d-1cf3-4272-ac4d-ed3eb9eede9a.pdf,https://www.bseindia.com/xml-data/corpfiling/AttachHis/aa2ab0fa-91cc-4892-8aa5-d020ca402ff4.pdf,Paints,Kansai Nerolac Paints Ltd.,Mar,Q3
29187,KERNEX_FY2025_Q4,KERNEX,FY2025,Q4,Mar 2025,,https://www.bseindia.com/xml-data/corpfiling/AttachHis/172387c2-fb40-477b-8a62-bc8fa65eeb07.pdf,Transport Related Services,Kernex Microsystems (India) Ltd.,Mar,Q3
29246,KILITCH_FY2025_Q1,KILITCH,FY2025,Q1,Jun 2024,https://www.bseindia.com/xml-data/corpfiling/AttachHis/7c02771e-7374-416f-967b-7a5f0d228187.pdf,,Pharmaceuticals,Kilitch Drugs (India) Ltd.,Jun,Q4
29248,KIRIINDUS_FY2026_Q4,KIRIINDUS,FY2026,Q4,Mar 2026,,https://www.bseindia.com/xml-data/corpfiling/AttachHis/8a7d593e-1e04-4936-8e77-5f9238d2503a.pdf,Dyes And Pigments,Kiri Industries Ltd.,Mar,Q3
29251,KIRIINDUS_FY2026_Q1,KIRIINDUS,FY2026,Q1,Jun 2025,https://www.bseindia.com/xml-data/corpfiling/AttachHis/83c69282-638a-4947-b97f-98b0a0e5e968.pdf,https://www.bseindia.com/xml-data/corpfiling/AttachHis/d1e2dd40-26df-40fb-8098-25ebbc5a1c52.pdf,Dyes And Pigments,Kiri Industries Ltd.,Jun,Q4
29252,KIRIINDUS_FY2025_Q4,KIRIINDUS,FY2025,Q4,Mar 2025,https://www.bseindia.com/xml-data/corpfiling/AttachHis/19489f69-8d0f-426a-ba29-a230bc55fa43.pdf,https://www.bseindia.com/xml-data/corpfiling/AttachHis/92da86f2-5cbb-4304-89ba-bc40bbac91a9.pdf,Dyes And Pigments,Kiri Industries Ltd.,Mar,Q3
29305,KMEW_FY2025_Q1,KMEW,FY2025,Q1,Jun 2024,https://www.bseindia.com/xml-data/corpfiling/AttachHis/dad1c2f7-f542-4c89-8d3f-487420c3ca61.pdf,https://www.bseindia.com/xml-data/corpfiling/AttachHis/a1d9e5a7-3661-4c60-9c2c-18951d16159f.pdf,Dredging,Knowledge Marine & Engg. Works Ltd.,Jun,Q4
29328,KITEX_FY2025_Q2,KITEX,FY2025,Q2,Sep 2024,,https://www.bseindia.com/xml-data/corpfiling/AttachHis/5ace0ca4-6a9c-4ea7-87b7-2ea49dec3432.pdf,Garments & Apparels,Kitex Garments Ltd.,Sep,Q1
29351,KONSTELEC_FY2026_Q1,KONSTELEC,FY2026,Q1,Jun 2025,https://nsearchives.nseindia.com/corporate/KONSTELEC_19062025194042_nsetranscriptsigned.pdf,https://nsearchives.nseindia.com/corporate/KONSTELEC_30052025185914_nse_signed.pdf,Civil Construction,Konstelec Engineers Ltd.,Jun,Q4
29353,KONTOR_FY2025_Q1,KONTOR,FY2025,Q1,Jun 2024,https://nsearchives.nseindia.com/corporate/KONTOR_03062024125636_Transcript_Final.pdf,,Diversified Commercial Services,Kontor Space Ltd.,Jun,Q4
29354,KOPRAN_FY2025_Q4,KOPRAN,FY2025,Q4,Mar 2025,https://www.bseindia.com/xml-data/corpfiling/AttachHis/5a06d9ca-4aae-4068-b5bc-b346d65b82aa.pdf,https://www.bseindia.com/xml-data/corpfiling/AttachHis/9466910b-b0dc-41b4-93c4-23916a7400f8.pdf,Pharmaceuticals,Kopran Ltd.,Mar,Q3
29366,KDL_FY2026_Q2,KDL,FY2026,Q2,Sep 2025,https://nsearchives.nseindia.com/corporate/KOREDIGITAL_05092025184718_NSE_Transcript_KDL_Q126_signed.pdf,https://nsearchives.nseindia.com/corporate/KOREDIGITAL_01092025153843_Kore_Digital_Limited_-_Q1_FY26_Investor_Presentation_.pdf,Telecom - Infrastructure,Kore Digital Ltd.,Sep,Q1
29367,KDL_FY2026_Q1,KDL,FY2026,Q1,Jun 2025,https://nsearchives.nseindia.com/corporate/KOREDIGITAL_16062025182115_NSE_Transcript-KDL_signed.pdf,https://nsearchives.nseindia.com/corporate/KOREDIGITAL_11062025181547_Kore_digital_Limited_Q4_FY25_Investor_Presentation_V2.pdf,Telecom - Infrastructure,Kore Digital Ltd.,Jun,Q4
29422,KRISHNADEF_FY2025_Q1,KRISHNADEF,FY2025,Q1,Jun 2024,https://nsearchives.nseindia.com/corporate/KRISHNADEF_01062024131452_Transcriptf.pdf,https://nsearchives.nseindia.com/corporate/KRISHNADEF_28052024215448_PPT.pdf,Aerospace & Defense,Krishna Defence & Allied Inds. Ltd.,Jun,Q4
29496,KUANTUM_FY2026_Q1,KUANTUM,FY2026,Q1,Jun 2025,https://www.bseindia.com/xml-data/corpfiling/AttachHis/9e606a93-39a7-47d5-8e88-1680a95b2afe.pdf,https://www.bseindia.com/xml-data/corpfiling/AttachHis/82df7c6f-40a0-4ae0-a2b3-51c9abdbb5c0.pdf,Paper & Paper Products,Kuantum Papers Ltd.,Jun,Q4
29497,KUANTUM_FY2025_Q4,KUANTUM,FY2025,Q4,Mar 2025,https://www.bseindia.com/xml-data/corpfiling/AttachHis/e76f3823-3daf-4820-8019-c49f3f576a6a.pdf,https://www.bseindia.com/xml-data/corpfiling/AttachHis/2e6ab94a-255f-4a6f-b09b-e1bb30e73841.pdf,Paper & Paper Products,Kuantum Papers Ltd.,Mar,Q3
29498,KUANTUM_FY2025_Q3,KUANTUM,FY2025,Q3,Dec 2024,https://www.bseindia.com/xml-data/corpfiling/AttachHis/b376bc64-6478-4316-a97e-bf0f391fddfb.pdf,https://www.bseindia.com/xml-data/corpfiling/AttachHis/1c51a05a-178a-4bad-a50a-73a11fab79a1.pdf,Paper & Paper Products,Kuantum Papers Ltd.,Dec,Q2
29513,KEL_FY2026_Q1,KEL,FY2026,Q1,Jun 2025,,https://nsearchives.nseindia.com/corporate/KUNDAN_10062025161108_PPT_INVESTOR_PRESENTATION_31_MARCH_2025OCR.pdf,Consumer Electronics,Kundan Edifice Ltd.,Jun,Q4
29514,KEL_FY2025_Q1,KEL,FY2025,Q1,Jun 2024,,https://nsearchives.nseindia.com/corporate/KEL_06062024114513_Presentation.pdf,Consumer Electronics,Kundan Edifice Ltd.,Jun,Q4
29568,RESPONIND_FY2025_Q1,RESPONIND,FY2025,Q1,Jun 2024,https://www.bseindia.com/xml-data/corpfiling/AttachHis/4bd07df6-f0f4-4cf7-befa-664383546c39.pdf,,"Furniture, Home Furnishing",Responsive Industries Ltd.,Jun,Q4
29623,ROCKINGDCE_FY2025_Q1,ROCKINGDCE,FY2025,Q1,Jun 2024,https://nsearchives.nseindia.com/corporate/ROCKINGDCE_03062024115747_IntimationregardingTranscriptofH2andFY24EarningsConferenceCall.pdf,https://nsearchives.nseindia.com/corporate/ROCKINGDCE_13062024172930_IntimationtostockechangeregardingInvestorpresentationforH2FY.pdf,Trading & Distributors,Rockingdeals Circular Economy Ltd.,Jun,Q4
29673,ROXHITECH_FY2026_Q1,ROXHITECH,FY2026,Q1,Jun 2025,https://nsearchives.nseindia.com/corporate/ROX_2002_03062025144422_intimationtranscript.pdf,https://nsearchives.nseindia.com/corporate/ROX_2002_29052025161156_investorpresentation.pdf,IT Enabled Services,Rox Hi-Tech Ltd.,Jun,Q4
29675,ROXHITECH_FY2025_Q1,ROXHITECH,FY2025,Q1,Jun 2024,https://nsearchives.nseindia.com/corporate/ROXHITECH_04062024140115_intimationtranscript.pdf,https://nsearchives.nseindia.com/corporate/ROXHITECH_29062024133413_coveringletter.pdf,IT Enabled Services,Rox Hi-Tech Ltd.,Jun,Q4
29721,RULKA_FY2026_Q3,RULKA,FY2026,Q3,Dec 2025,https://nsearchives.nseindia.com/corporate/RULKA_18122025150444_LT-38_Investors_Meet_Dec_2025_Transcript.pdf,https://nsearchives.nseindia.com/corporate/RULKA_24112025164019_LT-34_Initimation_NSE_Investors_Presentation_NOV_2025_RULKA.pdf,Diversified Commercial Services,Rulka Electricals Ltd.,Dec,Q2
29760,SATECH_FY2025_Q3,SATECH,FY2025,Q3,Dec 2024,https://nsearchives.nseindia.com/corporate/SATECH_03122024130153_EarningsCallTranscriptAnnouncement.pdf,https://nsearchives.nseindia.com/corporate/SATECH_29112024103143_SAInverstorpresentationsigned.pdf,Computers - Software & Consulting,S A Tech Software India Ltd.,Dec,Q2
29817,SDREAMS_FY2026_Q1,SDREAMS,FY2026,Q1,Jun 2025,https://nsearchives.nseindia.com/corporate/SDRETAIL_05062025174525_SDREAMS_TRANSCRIPT.pdf,https://nsearchives.nseindia.com/corporate/SDRETAIL_29052025220756_INVESTOR_PRESENTATION.pdf,Garments & Apparels,S D Retail Ltd.,Jun,Q4
29890,SJLOGISTIC_FY2025_Q1,SJLOGISTIC,FY2025,Q1,Jun 2024,,https://nsearchives.nseindia.com/corporate/SJLOGISTIC_14062024122127_presentationsjl.pdf,Logistics Solution Provider,S J Logistics (India) Ltd.,Jun,Q4
29948,SMSPHARMA_FY2026_Q1,SMSPHARMA,FY2026,Q1,Jun 2025,https://www.bseindia.com/xml-data/corpfiling/AttachHis/129447e4-b59e-4b8a-9ae0-32f6f11dbe3e.pdf,https://www.bseindia.com/xml-data/corpfiling/AttachHis/cc7bf01c-239a-42c0-9f95-ae55500f8d5e.pdf,Pharmaceuticals,S M S Pharmaceuticals Ltd.,Jun,Q4
30023,SRGHFL_FY2025_Q1,SRGHFL,FY2025,Q1,Jun 2024,https://www.bseindia.com/xml-data/corpfiling/AttachHis/38078bee-754e-4acd-9930-f99a81bc5038.pdf,https://www.bseindia.com/xml-data/corpfiling/AttachHis/1b52067e-1191-429a-af25-258285513bbd.pdf,Housing Finance Company,S R G Housing Finance Ltd.,Jun,Q4
30058,SAAKSHI_FY2026_Q3,SAAKSHI,FY2026,Q3,Dec 2025,https://nsearchives.nseindia.com/corporate/SAAKSHI_01122025092811_Saakshi_Transcript_01122025_upload.pdf,https://nsearchives.nseindia.com/corporate/SAAKSHI_27112025134444_Saakshi_Investor_Call_PPT.pdf,Other Electrical Equipment,Saakshi Medtech & Panels Ltd.,Dec,Q2
30060,SAAKSHI_FY2025_Q3,SAAKSHI,FY2025,Q3,Dec 2024,https://nsearchives.nseindia.com/corporate/SAAKSHI_16122024201336_Saakshi_Transcript_Final_Signed.pdf,https://nsearchives.nseindia.com/corporate/SAAKSHI_11122024121208_SMTPLH12425signed.pdf,Other Electrical Equipment,Saakshi Medtech & Panels Ltd.,Dec,Q2
30061,SAAKSHI_FY2025_Q1,SAAKSHI,FY2025,Q1,Jun 2024,,https://nsearchives.nseindia.com/corporate/SAAKSHI_05062024152832_SMTPLH22324final.pdf,Other Electrical Equipment,Saakshi Medtech & Panels Ltd.,Jun,Q4
30065,SACHEEROME_FY2026_Q3,SACHEEROME,FY2026,Q3,Dec 2025,https://nsearchives.nseindia.com/corporate/SACHEEROME_25112025121658_Covering_Transcript_of_Earning_Call_25112025.pdf,https://nsearchives.nseindia.com/corporate/SACHEEROME_04122025163906_Covering_Investor_Presentation_Sacheerome.pdf,Specialty Chemicals,Sacheerome Ltd.,Dec,Q2
30075,SADHAV_FY2026_Q2,SADHAV,FY2026,Q2,Sep 2025,,https://nsearchives.nseindia.com/corporate/SADHAV_17092025130130_Investor_Presentation_Sept_2025_signed.pdf,Shipping,Sadhav Shipping Ltd.,Sep,Q1
30152,WOMANCART_FY2025_Q3,WOMANCART,FY2025,Q3,Dec 2024,,https://nsearchives.nseindia.com/corporate/WOMANCART_17122024192009_presentation.pdf,E-Retail/ E-Commerce,Womancart Ltd.,Dec,Q2
30154,WEL_FY2026_Q1,WEL,FY2026,Q1,Jun 2025,,https://www.bseindia.com/xml-data/corpfiling/AttachHis/7c3859cd-2bc5-4c93-8904-af3ade14e204.pdf,Household Appliances,Wonder Electricals Ltd.,Jun,Q4
30179,XELPMOC_FY2026_Q1,XELPMOC,FY2026,Q1,Jun 2025,https://www.bseindia.com/xml-data/corpfiling/AttachHis/b3ee59af-79c8-467c-aa66-9759b6dc63e1.pdf,https://www.bseindia.com/xml-data/corpfiling/AttachHis/f4e6f0cb-d6e6-4743-8eda-24b85e4b67ca.pdf,Software Products,Xelpmoc Design & Tech Ltd.,Jun,Q4
30182,XELPMOC_FY2025_Q1,XELPMOC,FY2025,Q1,Jun 2024,https://www.bseindia.com/xml-data/corpfiling/AttachHis/1541aacd-a4a3-4230-8670-8173051597ed.pdf,https://www.bseindia.com/xml-data/corpfiling/AttachHis/2483b0a5-71e8-47d8-ad09-365e2f20a056.pdf,Software Products,Xelpmoc Design & Tech Ltd.,Jun,Q4
30192,XPROINDIA_FY2026_Q1,XPROINDIA,FY2026,Q1,Jun 2025,https://www.bseindia.com/xml-data/corpfiling/AttachHis/65a695d8-c9ca-4723-ab03-35bd877e835e.pdf,https://www.bseindia.com/xml-data/corpfiling/AttachHis/dd888b9a-4e12-4fd6-8ca9-051beebf5a0b.pdf,Packaging,Xpro India Ltd.,Jun,Q4
30193,XPROINDIA_FY2025_Q1,XPROINDIA,FY2025,Q1,Jun 2024,https://www.bseindia.com/xml-data/corpfiling/AttachHis/baa7cc99-90ce-4b1a-b843-d5b33c5e8c3b.pdf,https://www.bseindia.com/xml-data/corpfiling/AttachHis/55832408-c553-4295-8654-ecdf27a8c741.pdf,Packaging,Xpro India Ltd.,Jun,Q4
30202,YASHOPTICS_FY2025_Q3,YASHOPTICS,FY2025,Q3,Dec 2024,,https://nsearchives.nseindia.com/corporate/YASHOPTICS_09122024180919_Intimation_Investor_presentation.pdf,Diversified consumer products,Yash Optics & Lens Ltd.,Dec,Q2
30230,YATRA_FY2025_Q4,YATRA,FY2025,Q4,Mar 2025,https://www.bseindia.com/xml-data/corpfiling/AttachHis/9b20b63e-87ba-4adb-8962-e5e7827b7705.pdf,https://www.bseindia.com/xml-data/corpfiling/AttachHis/a748dbd6-e1e1-4e3b-b0fe-94b98fcb9fcb.pdf,"Tour, Travel Related Services",Yatra Online Ltd.,Mar,Q3
30233,YATRA_FY2025_Q1,YATRA,FY2025,Q1,Jun 2024,https://www.bseindia.com/xml-data/corpfiling/AttachHis/1e10d601-2f08-41a6-8e48-29e8f589ae21.pdf,https://www.bseindia.com/xml-data/corpfiling/AttachHis/0e2080bc-d987-4c43-a45d-9cb13411e710.pdf,"Tour, Travel Related Services",Yatra Online Ltd.,Jun,Q4
30400,ZYDUSWELL_FY2026_Q4,ZYDUSWELL,FY2026,Q4,Mar 2026,,https://www.bseindia.com/xml-data/corpfiling/AttachHis/21bbde7e-164b-453b-aa71-70c51ca8a508.pdf,Packaged Foods,Zydus Wellness Ltd.,Mar,Q3
31596,POLYMED_FY2026_Q4,POLYMED,FY2026,Q4,Mar 2026,https://www.bseindia.com/xml-data/corpfiling/AttachHis/b7df1ec2-9755-4d34-a5dc-b26778961a06.pdf,https://www.bseindia.com/xml-data/corpfiling/AttachHis/09463756-ab9c-438e-8924-2d5ebaa76fce.pdf,Medical Equipment & Supplies,Poly Medicure Ltd.,Mar,Q3
31603,CERA_FY2026_Q4,CERA,FY2026,Q4,Mar 2026,https://www.bseindia.com/xml-data/corpfiling/AttachHis/991607fa-9014-4a1b-a9ca-72af41740669.pdf,https://www.bseindia.com/xml-data/corpfiling/AttachHis/a20f1ac7-38f7-42a6-a91f-9a63256e47b8.pdf,Sanitary Ware,Cera Sanitaryware Ltd.,Mar,Q3
31618,HINDCOPPER_FY2026_Q2,HINDCOPPER,FY2026,Q2,Sep 2025,https://www.bseindia.com/xml-data/corpfiling/AttachHis/2178e39a-8106-4671-95fa-4fffb9d22388.pdf,https://www.bseindia.com/xml-data/corpfiling/AttachHis/bb11feaf-f011-44c9-9363-50276141c6bd.pdf,Copper,Hindustan Copper Ltd.,Sep,Q1