Loaded 2960 symbols from osc_identity.csv
Skipping 4 symbols already in CSV
Fetching https://www.screener.in/company/20MICRONS/ ...
  Saved 14 concalls, 15 annual reports, 6 credit ratings for 20MICRONS
Fetching https://www.screener.in/company/360ONE/ ...
  Saved 30 concalls, 7 annual reports, 6 credit ratings for 360ONE
Fetching https://www.screener.in/company/3IINFOLTD/ ...
  Saved 22 concalls, 15 annual reports, 6 credit ratings for 3IINFOLTD
Fetching https://www.screener.in/company/3MINDIA/ ...
  Saved 12 concalls, 15 annual reports, 1 credit ratings for 3MINDIA
Fetching https://www.screener.in/company/3PLAND/ ...
  Saved 0 concalls, 15 annual reports, 1 credit ratings for 3PLAND
Fetching https://www.screener.in/company/3RDROCK/ ...
  Saved 0 concalls, 0 annual reports, 0 credit ratings for 3RDROCK
Fetching https://www.screener.in/company/5PAISA/ ...
  Saved 28 concalls, 8 annual reports, 6 credit ratings for 5PAISA
Fetching https://www.screener.in/company/63MOONS/ ...
  Saved 0 concalls, 15 annual reports, 0 credit ratings for 63MOONS
Fetching https://www.screener.in/company/A2ZINFRA/ ...
  Saved 0 concalls, 15 annual reports, 6 credit ratings for A2ZINFRA
Fetching https://www.screener.in/company/AAATECH/ ...
  Saved 1 concalls, 5 annual reports, 0 credit ratings for AAATECH
Fetching https://www.screener.in/company/ABB/ ...
  Saved 36 concalls, 15 annual reports, 6 credit ratings for ABB
Fetching https://www.screener.in/company/ABCOTS/ ...
  Saved 0 concalls, 4 annual reports, 6 credit ratings for ABCOTS
Fetching https://www.screener.in/company/ABINFRA/ ...
  Saved 0 concalls, 6 annual reports, 3 credit ratings for ABINFRA
Fetching https://www.screener.in/company/ABMINTLLTD/ ...
  Saved 0 concalls, 7 annual reports, 6 credit ratings for ABMINTLLTD
Fetching https://www.screener.in/company/ABNINT/ ...
  Saved 0 concalls, 0 annual reports, 0 credit ratings for ABNINT
Fetching https://www.screener.in/company/ABSMARINE/ ...
  Saved 3 concalls, 2 annual reports, 4 credit ratings for ABSMARINE
Fetching https://www.screener.in/company/ACC/ ...
  Saved 42 concalls, 15 annual reports, 6 credit ratings for ACC
Fetching https://www.screener.in/company/ADFFOODS/ ...
  Saved 27 concalls, 15 annual reports, 6 credit ratings for ADFFOODS
Fetching https://www.screener.in/company/AGI/ ...
  Saved 41 concalls, 15 annual reports, 6 credit ratings for AGI
Fetching https://www.screener.in/company/AGIIL/ ...
  Saved 6 concalls, 12 annual reports, 6 credit ratings for AGIIL
Fetching https://www.screener.in/company/AGSTRA/ ...
  Saved 15 concalls, 4 annual reports, 6 credit ratings for AGSTRA
Fetching https://www.screener.in/company/AGUL/ ...
  Saved 0 concalls, 3 annual reports, 0 credit ratings for AGUL
Fetching https://www.screener.in/company/OCCL/ ...
  Saved 35 concalls, 15 annual reports, 6 credit ratings for OCCL
Fetching https://www.screener.in/company/AIAENG/ ...
  Saved 39 concalls, 15 annual reports, 6 credit ratings for AIAENG
Fetching https://www.screener.in/company/AJRINFRA/ ...
  Saved 0 concalls, 15 annual reports, 5 credit ratings for AJRINFRA
Fetching https://www.screener.in/company/AKG/ ...
  Saved 0 concalls, 5 annual reports, 0 credit ratings for AKG
Fetching https://www.screener.in/company/AKI/ ...
  Saved 0 concalls, 7 annual reports, 6 credit ratings for AKI
Fetching https://www.screener.in/company/AMDIND/ ...
  Saved 0 concalls, 15 annual reports, 6 credit ratings for AMDIND
Fetching https://www.screener.in/company/AMJLAND/ ...
  Saved 0 concalls, 15 annual reports, 1 credit ratings for AMJLAND
Fetching https://www.screener.in/company/AMCL/ ...
  Saved 0 concalls, 0 annual reports, 0 credit ratings for AMCL
Fetching https://www.screener.in/company/APLAPOLLO/ ...
  Saved 47 concalls, 15 annual reports, 6 credit ratings for APLAPOLLO
Fetching https://www.screener.in/company/ARCIIL/ ...
  Saved 0 concalls, 0 annual reports, 1 credit ratings for ARCIIL
Fetching https://www.screener.in/company/ARSSINFRA/ ...
  Saved 1 concalls, 15 annual reports, 2 credit ratings for ARSSINFRA
Fetching https://www.screener.in/company/ASKAUTOLTD/ ...
  Saved 8 concalls, 2 annual reports, 6 credit ratings for ASKAUTOLTD
Fetching https://www.screener.in/company/ASLIND/ ...
  ERROR for ASLIND: HTTP 404 for https://www.screener.in/company/ASLIND/
Fetching https://www.screener.in/company/ATCENERGY/ ...
  Saved 0 concalls, 1 annual reports, 0 credit ratings for ATCENERGY
Fetching https://www.screener.in/company/ATNINTER/ ...
  Saved 0 concalls, 15 annual reports, 0 credit ratings for ATNINTER
Fetching https://www.screener.in/company/AUBANK/ ...
  Saved 55 concalls, 15 annual reports, 6 credit ratings for AUBANK
Fetching https://www.screener.in/company/AVG/ ...
  Saved 11 concalls, 8 annual reports, 6 credit ratings for AVG
Fetching https://www.screener.in/company/AVIANSH/ ...
  Saved 0 concalls, 1 annual reports, 2 credit ratings for AVIANSH
Fetching https://www.screener.in/company/AVPINFRA/ ...
  Saved 4 concalls, 2 annual reports, 6 credit ratings for AVPINFRA
Fetching https://www.screener.in/company/AVSL/ ...
  Saved 0 concalls, 8 annual reports, 0 credit ratings for AVSL
Fetching https://www.screener.in/company/AVTNPL/ ...
  Saved 0 concalls, 15 annual reports, 6 credit ratings for AVTNPL
Fetching https://www.screener.in/company/AWL/ ...
  Saved 25 concalls, 4 annual reports, 6 credit ratings for AWL
Fetching https://www.screener.in/company/AYE/ ...
  Saved 2 concalls, 0 annual reports, 6 credit ratings for AYE
Fetching https://www.screener.in/company/AYMSYNTEX/ ...
  Saved 23 concalls, 15 annual reports, 6 credit ratings for AYMSYNTEX
Fetching https://www.screener.in/company/AADHARHFC/ ...
  Saved 8 concalls, 2 annual reports, 6 credit ratings for AADHARHFC
Fetching https://www.screener.in/company/AAKAAR/ ...
  Saved 1 concalls, 1 annual reports, 0 credit ratings for AAKAAR
Fetching https://www.screener.in/company/AAKASH/ ...
  Saved 0 concalls, 5 annual reports, 2 credit ratings for AAKASH
Fetching https://www.screener.in/company/AARADHYA/ ...
  Saved 0 concalls, 1 annual reports, 1 credit ratings for AARADHYA
Fetching https://www.screener.in/company/AAREYDRUGS/ ...
  Saved 0 concalls, 15 annual reports, 6 credit ratings for AAREYDRUGS
Fetching https://www.screener.in/company/AARNAV/ ...
  Saved 0 concalls, 14 annual reports, 6 credit ratings for AARNAV
Fetching https://www.screener.in/company/AARON/ ...
  Saved 3 concalls, 5 annual reports, 0 credit ratings for AARON
Fetching https://www.screener.in/company/AARTECH/ ...
  Saved 1 concalls, 8 annual reports, 0 credit ratings for AARTECH
Fetching https://www.screener.in/company/AARTIDRUGS/ ...
  Saved 32 concalls, 15 annual reports, 6 credit ratings for AARTIDRUGS
Fetching https://www.screener.in/company/AARTIIND/ ...
  Saved 56 concalls, 15 annual reports, 6 credit ratings for AARTIIND
Fetching https://www.screener.in/company/AARTIPHARM/ ...
  Saved 15 concalls, 3 annual reports, 6 credit ratings for AARTIPHARM
Fetching https://www.screener.in/company/AARTISURF/ ...
  Saved 2 concalls, 6 annual reports, 6 credit ratings for AARTISURF
Fetching https://www.screener.in/company/AARVI/ ...
  Saved 45 concalls, 6 annual reports, 6 credit ratings for AARVI
Fetching https://www.screener.in/company/AATMAJ/ ...
  Saved 2 concalls, 3 annual reports, 0 credit ratings for AATMAJ
Fetching https://www.screener.in/company/AAVAS/ ...
  Saved 37 concalls, 13 annual reports, 6 credit ratings for AAVAS
Fetching https://www.screener.in/company/ABAN/ ...
  Saved 11 concalls, 15 annual reports, 6 credit ratings for ABAN
Fetching https://www.screener.in/company/AFSL/ ...
  Saved 10 concalls, 3 annual reports, 0 credit ratings for AFSL
Fetching https://www.screener.in/company/ABBOTINDIA/ ...
  Saved 2 concalls, 15 annual reports, 0 credit ratings for ABBOTINDIA
Fetching https://www.screener.in/company/ABHAPOWER/ ...
  Saved 1 concalls, 1 annual reports, 0 credit ratings for ABHAPOWER
Fetching https://www.screener.in/company/AILIMITED/ ...
  Saved 0 concalls, 5 annual reports, 0 credit ratings for AILIMITED
Fetching https://www.screener.in/company/ACCELYA/ ...
  Saved 8 concalls, 15 annual reports, 6 credit ratings for ACCELYA
Fetching https://www.screener.in/company/ACCENTMIC/ ...
  Saved 2 concalls, 2 annual reports, 6 credit ratings for ACCENTMIC
Fetching https://www.screener.in/company/ACCORD/ ...
  Saved 0 concalls, 9 annual reports, 0 credit ratings for ACCORD
Fetching https://www.screener.in/company/ACCPL/ ...
  Saved 1 concalls, 2 annual reports, 0 credit ratings for ACCPL
Fetching https://www.screener.in/company/ACCURACY/ ...
  Saved 22 concalls, 5 annual reports, 3 credit ratings for ACCURACY
Fetching https://www.screener.in/company/ACEINTEG/ ...
  Saved 0 concalls, 9 annual reports, 0 credit ratings for ACEINTEG
Fetching https://www.screener.in/company/ACETEC/ ...
  Saved 0 concalls, 0 annual reports, 0 credit ratings for ACETEC
Fetching https://www.screener.in/company/ACMESOLAR/ ...
  Saved 6 concalls, 1 annual reports, 6 credit ratings for ACMESOLAR
Fetching https://www.screener.in/company/ACE/ ...
  Saved 38 concalls, 15 annual reports, 6 credit ratings for ACE
Fetching https://www.screener.in/company/ACTIVEINFR/ ...
  Saved 0 concalls, 1 annual reports, 0 credit ratings for ACTIVEINFR
Fetching https://www.screener.in/company/ACUTAAS/ ...
  Saved 22 concalls, 5 annual reports, 3 credit ratings for ACUTAAS
Fetching https://www.screener.in/company/ADANIENSOL/ ...
  Saved 35 concalls, 10 annual reports, 6 credit ratings for ADANIENSOL
Fetching https://www.screener.in/company/ADANIENT/ ...
  Saved 26 concalls, 15 annual reports, 6 credit ratings for ADANIENT
Fetching https://www.screener.in/company/ADANIGREEN/ ...
  Saved 49 concalls, 8 annual reports, 6 credit ratings for ADANIGREEN
Fetching https://www.screener.in/company/ADANIPORTS/ ...
  Saved 50 concalls, 15 annual reports, 6 credit ratings for ADANIPORTS
Fetching https://www.screener.in/company/ADANIPOWER/ ...
  Saved 37 concalls, 15 annual reports, 6 credit ratings for ADANIPOWER
Fetching https://www.screener.in/company/ATGL/ ...
  Saved 20 concalls, 7 annual reports, 6 credit ratings for ATGL
Fetching https://www.screener.in/company/ADDICTIVE/ ...
  Saved 6 concalls, 2 annual reports, 0 credit ratings for ADDICTIVE
Fetching https://www.screener.in/company/ABCAPITAL/ ...
  Saved 43 concalls, 12 annual reports, 6 credit ratings for ABCAPITAL
Fetching https://www.screener.in/company/ABFRL/ ...
  Saved 43 concalls, 13 annual reports, 6 credit ratings for ABFRL
Fetching https://www.screener.in/company/ABLBL/ ...
  Saved 3 concalls, 1 annual reports, 4 credit ratings for ABLBL
Fetching https://www.screener.in/company/BIRLAMONEY/ ...
  Saved 0 concalls, 15 annual reports, 6 credit ratings for BIRLAMONEY
Fetching https://www.screener.in/company/ABREL/ ...
  Saved 38 concalls, 15 annual reports, 6 credit ratings for ABREL
Fetching https://www.screener.in/company/ABSLAMC/ ...
  Saved 19 concalls, 5 annual reports, 6 credit ratings for ABSLAMC
Fetching https://www.screener.in/company/CPPLUS/ ...
  Saved 3 concalls, 0 annual reports, 6 credit ratings for CPPLUS
Fetching https://www.screener.in/company/AUSL/ ...
  Saved 0 concalls, 1 annual reports, 6 credit ratings for AUSL
Fetching https://www.screener.in/company/AVL/ ...
  Saved 15 concalls, 9 annual reports, 6 credit ratings for AVL
Fetching https://www.screener.in/company/ADOR/ ...
  Saved 26 concalls, 15 annual reports, 6 credit ratings for ADOR
Fetching https://www.screener.in/company/ADROITINFO/ ...
  Saved 0 concalls, 15 annual reports, 0 credit ratings for ADROITINFO
Fetching https://www.screener.in/company/ADVAIT/ ...
  Saved 13 concalls, 5 annual reports, 6 credit ratings for ADVAIT
Fetching https://www.screener.in/company/ADVANCE/ ...
  Saved 1 concalls, 0 annual reports, 2 credit ratings for ADVANCE
Fetching https://www.screener.in/company/ADVENZYMES/ ...
  Saved 55 concalls, 15 annual reports, 6 credit ratings for ADVENZYMES
Fetching https://www.screener.in/company/ADVANIHOTR/ ...
  Saved 0 concalls, 15 annual reports, 1 credit ratings for ADVANIHOTR
Fetching https://www.screener.in/company/ADVENTHTL/ ...
  Saved 0 concalls, 0 annual reports, 0 credit ratings for ADVENTHTL
Fetching https://www.screener.in/company/AEGISLOG/ ...
  Saved 53 concalls, 15 annual reports, 6 credit ratings for AEGISLOG
Fetching https://www.screener.in/company/AEGISVOPAK/ ...
  Saved 5 concalls, 1 annual reports, 6 credit ratings for AEGISVOPAK
Fetching https://www.screener.in/company/AEQUS/ ...
  Saved 2 concalls, 0 annual reports, 3 credit ratings for AEQUS
Fetching https://www.screener.in/company/AEROENTER/ ...
  Saved 10 concalls, 15 annual reports, 1 credit ratings for AEROENTER
Fetching https://www.screener.in/company/AEROFLEX/ ...
  Saved 14 concalls, 6 annual reports, 6 credit ratings for AEROFLEX
Fetching https://www.screener.in/company/AERONEU/ ...
  Saved 10 concalls, 3 annual reports, 6 credit ratings for AERONEU
Fetching https://www.screener.in/company/AERON/ ...
  Saved 3 concalls, 2 annual reports, 0 credit ratings for AERON
Fetching https://www.screener.in/company/AESTHETIK/ ...
  Saved 1 concalls, 1 annual reports, 0 credit ratings for AESTHETIK
Fetching https://www.screener.in/company/AETHER/ ...
  Saved 21 concalls, 4 annual reports, 6 credit ratings for AETHER
Fetching https://www.screener.in/company/AFCONS/ ...
  Saved 7 concalls, 1 annual reports, 6 credit ratings for AFCONS
Fetching https://www.screener.in/company/AFFLE/ ...
  Saved 36 concalls, 6 annual reports, 0 credit ratings for AFFLE
Fetching https://www.screener.in/company/AFFORDABLE/ ...
  Saved 10 concalls, 8 annual reports, 6 credit ratings for AFFORDABLE
Fetching https://www.screener.in/company/AGARWALFT/ ...
  Saved 0 concalls, 3 annual reports, 0 credit ratings for AGARWALFT
Fetching https://www.screener.in/company/AGARIND/ ...
  Saved 20 concalls, 15 annual reports, 6 credit ratings for AGARIND
Fetching https://www.screener.in/company/AGARWALTUF/ ...
  Saved 1 concalls, 1 annual reports, 1 credit ratings for AGARWALTUF
Fetching https://www.screener.in/company/AGNI/ ...
  Saved 0 concalls, 4 annual reports, 0 credit ratings for AGNI
Fetching https://www.screener.in/company/AGRITECH/ ...
  Saved 0 concalls, 13 annual reports, 0 credit ratings for AGRITECH
Fetching https://www.screener.in/company/AGROPHOS/ ...
  Saved 0 concalls, 7 annual reports, 6 credit ratings for AGROPHOS
Fetching https://www.screener.in/company/AHIMSA/ ...
  Saved 0 concalls, 10 annual reports, 6 credit ratings for AHIMSA
Fetching https://www.screener.in/company/AHLADA/ ...
  Saved 0 concalls, 5 annual reports, 6 credit ratings for AHLADA
Fetching https://www.screener.in/company/AHLUCONT/ ...
  Saved 37 concalls, 15 annual reports, 6 credit ratings for AHLUCONT
Fetching https://www.screener.in/company/AIMTRON/ ...
  Saved 7 concalls, 2 annual reports, 0 credit ratings for AIMTRON
Fetching https://www.screener.in/company/GOLDTECH/ ...
  Saved 0 concalls, 15 annual reports, 6 credit ratings for GOLDTECH
Fetching https://www.screener.in/company/AIRAN/ ...
  Saved 0 concalls, 7 annual reports, 0 credit ratings for AIRAN
Fetching https://www.screener.in/company/AIROLAM/ ...
  Saved 0 concalls, 4 annual reports, 6 credit ratings for AIROLAM
Fetching https://www.screener.in/company/AJANTPHARM/ ...
  Saved 36 concalls, 15 annual reports, 6 credit ratings for AJANTPHARM
Fetching https://www.screener.in/company/AJAXENGG/ ...
  Saved 5 concalls, 1 annual reports, 1 credit ratings for AJAXENGG
Fetching https://www.screener.in/company/AJMERA/ ...
  Saved 24 concalls, 15 annual reports, 2 credit ratings for AJMERA
Fetching https://www.screener.in/company/AJOONI/ ...
  Saved 6 concalls, 5 annual reports, 6 credit ratings for AJOONI
Fetching https://www.screener.in/company/AKANKSHA/ ...
  Saved 3 concalls, 2 annual reports, 2 credit ratings for AKANKSHA
Fetching https://www.screener.in/company/AKASH/ ...
  Saved 0 concalls, 6 annual reports, 6 credit ratings for AKASH
Fetching https://www.screener.in/company/AKIKO/ ...
  Saved 3 concalls, 2 annual reports, 0 credit ratings for AKIKO
Fetching https://www.screener.in/company/AFIL/ ...
  Saved 6 concalls, 2 annual reports, 6 credit ratings for AFIL
Fetching https://www.screener.in/company/AKSHOPTFBR/ ...
  Saved 1 concalls, 15 annual reports, 6 credit ratings for AKSHOPTFBR
Fetching https://www.screener.in/company/AKSHAR/ ...
  Saved 0 concalls, 12 annual reports, 6 credit ratings for AKSHAR
Fetching https://www.screener.in/company/AKSHARCHEM/ ...
  Saved 13 concalls, 15 annual reports, 6 credit ratings for AKSHARCHEM
Fetching https://www.screener.in/company/AKUMS/ ...
  Saved 8 concalls, 1 annual reports, 6 credit ratings for AKUMS
Fetching https://www.screener.in/company/AKZOINDIA/ ...
  ERROR for AKZOINDIA: HTTP 404 for https://www.screener.in/company/AKZOINDIA/
Fetching https://www.screener.in/company/ALANKIT/ ...
  Saved 6 concalls, 15 annual reports, 6 credit ratings for ALANKIT
Fetching https://www.screener.in/company/ALBERTDAVD/ ...
  Saved 0 concalls, 15 annual reports, 6 credit ratings for ALBERTDAVD
Fetching https://www.screener.in/company/ALCHEM/ ...
  Saved 0 concalls, 10 annual reports, 6 credit ratings for ALCHEM
Fetching https://www.screener.in/company/ALCODIS/ ...
  Saved 0 concalls, 9 annual reports, 0 credit ratings for ALCODIS
Fetching https://www.screener.in/company/ALEMBICLTD/ ...
  Saved 0 concalls, 15 annual reports, 6 credit ratings for ALEMBICLTD
Fetching https://www.screener.in/company/APLLTD/ ...
  Saved 41 concalls, 15 annual reports, 6 credit ratings for APLLTD
Fetching https://www.screener.in/company/ALGOQUANT/ ...
  Saved 4 concalls, 15 annual reports, 6 credit ratings for ALGOQUANT
Fetching https://www.screener.in/company/ALICON/ ...
  Saved 37 concalls, 15 annual reports, 6 credit ratings for ALICON
Fetching https://www.screener.in/company/ALIVUS/ ...
  Saved 21 concalls, 5 annual reports, 6 credit ratings for ALIVUS
Fetching https://www.screener.in/company/ALKALI/ ...
  Saved 0 concalls, 15 annual reports, 6 credit ratings for ALKALI
Fetching https://www.screener.in/company/ALKEM/ ...
  Saved 49 concalls, 15 annual reports, 6 credit ratings for ALKEM
Fetching https://www.screener.in/company/ALKYLAMINE/ ...
  Saved 19 concalls, 15 annual reports, 6 credit ratings for ALKYLAMINE
Fetching https://www.screener.in/company/ALLETEC/ ...
  Saved 22 concalls, 3 annual reports, 0 credit ratings for ALLETEC
Fetching https://www.screener.in/company/ALLTIME/ ...
  Saved 3 concalls, 0 annual reports, 2 credit ratings for ALLTIME
Fetching https://www.screener.in/company/ALLCARGO/ ...
  Saved 57 concalls, 15 annual reports, 6 credit ratings for ALLCARGO
Fetching https://www.screener.in/company/ATL/ ...
  Saved 12 concalls, 3 annual reports, 4 credit ratings for ATL
Fetching https://www.screener.in/company/ALLDIGI/ ...
  Saved 28 concalls, 15 annual reports, 5 credit ratings for ALLDIGI
Fetching https://www.screener.in/company/ABDL/ ...
  Saved 11 concalls, 2 annual reports, 5 credit ratings for ABDL
Fetching https://www.screener.in/company/ADSL/ ...
  Saved 18 concalls, 15 annual reports, 6 credit ratings for ADSL
Fetching https://www.screener.in/company/ALMONDZ/ ...
  Saved 0 concalls, 15 annual reports, 6 credit ratings for ALMONDZ
Fetching https://www.screener.in/company/ALOKINDS/ ...
  Saved 0 concalls, 15 annual reports, 6 credit ratings for ALOKINDS
Fetching https://www.screener.in/company/ALPA/ ...
  Saved 0 concalls, 15 annual reports, 6 credit ratings for ALPA
Fetching https://www.screener.in/company/ALPEXSOLAR/ ...
  Saved 11 concalls, 2 annual reports, 6 credit ratings for ALPEXSOLAR
Fetching https://www.screener.in/company/ALPHAGEO/ ...
  Saved 9 concalls, 15 annual reports, 6 credit ratings for ALPHAGEO
Fetching https://www.screener.in/company/ALPSINDUS/ ...
  Saved 0 concalls, 15 annual reports, 0 credit ratings for ALPSINDUS
Fetching https://www.screener.in/company/ALUWIND/ ...
  Saved 0 concalls, 3 annual reports, 0 credit ratings for ALUWIND
Fetching https://www.screener.in/company/AMAGI/ ...
  Saved 1 concalls, 0 annual reports, 0 credit ratings for AMAGI
Fetching https://www.screener.in/company/AMANTA/ ...
  Saved 1 concalls, 0 annual reports, 6 credit ratings for AMANTA
Fetching https://www.screener.in/company/ARE&M/ ...
  Saved 21 concalls, 15 annual reports, 6 credit ratings for ARE&M
Fetching https://www.screener.in/company/AMBANIORGO/ ...
  Saved 0 concalls, 8 annual reports, 6 credit ratings for AMBANIORGO
Fetching https://www.screener.in/company/AMBER/ ...
  Saved 49 concalls, 8 annual reports, 6 credit ratings for AMBER
Fetching https://www.screener.in/company/AMBEY/ ...
  Saved 0 concalls, 2 annual reports, 5 credit ratings for AMBEY
Fetching https://www.screener.in/company/AMBICAAGAR/ ...
  Saved 0 concalls, 15 annual reports, 2 credit ratings for AMBICAAGAR
Fetching https://www.screener.in/company/AMBIKCO/ ...
  Saved 0 concalls, 15 annual reports, 6 credit ratings for AMBIKCO
Fetching https://www.screener.in/company/AMBUJACEM/ ...
  Saved 49 concalls, 15 annual reports, 6 credit ratings for AMBUJACEM
Fetching https://www.screener.in/company/AMEYA/ ...
  Saved 0 concalls, 3 annual reports, 1 credit ratings for AMEYA
Fetching https://www.screener.in/company/AMIABLE/ ...
  Saved 0 concalls, 3 annual reports, 0 credit ratings for AMIABLE
Fetching https://www.screener.in/company/AMNPLST/ ...
  Saved 1 concalls, 15 annual reports, 6 credit ratings for AMNPLST
Fetching https://www.screener.in/company/AMRUTANJAN/ ...
  Saved 30 concalls, 15 annual reports, 6 credit ratings for AMRUTANJAN
Fetching https://www.screener.in/company/ARSSBL/ ...
  Saved 3 concalls, 0 annual reports, 6 credit ratings for ARSSBL
Fetching https://www.screener.in/company/ANANDRATHI/ ...
  Saved 19 concalls, 5 annual reports, 0 credit ratings for ANANDRATHI
Fetching https://www.screener.in/company/ANANTRAJ/ ...
  Saved 16 concalls, 15 annual reports, 6 credit ratings for ANANTRAJ
Fetching https://www.screener.in/company/ANANTAM/ ...
  Saved 1 concalls, 0 annual reports, 3 credit ratings for ANANTAM
Fetching https://www.screener.in/company/ACL/ ...
  Saved 0 concalls, 15 annual reports, 6 credit ratings for ACL
Fetching https://www.screener.in/company/ANDHRAPAP/ ...
  Saved 4 concalls, 15 annual reports, 6 credit ratings for ANDHRAPAP
Fetching https://www.screener.in/company/ANDHRSUGAR/ ...
  Saved 0 concalls, 15 annual reports, 6 credit ratings for ANDHRSUGAR
Fetching https://www.screener.in/company/ANDREWYU/ ...
  Saved 0 concalls, 15 annual reports, 6 credit ratings for ANDREWYU
Fetching https://www.screener.in/company/ANGELONE/ ...
  Saved 36 concalls, 5 annual reports, 6 credit ratings for ANGELONE
Fetching https://www.screener.in/company/AISL/ ...
  Saved 1 concalls, 8 annual reports, 6 credit ratings for AISL
Fetching https://www.screener.in/company/ANIKINDS/ ...
  Saved 0 concalls, 15 annual reports, 6 credit ratings for ANIKINDS
Fetching https://www.screener.in/company/APCL/ ...
  Saved 0 concalls, 15 annual reports, 6 credit ratings for APCL
Fetching https://www.screener.in/company/ANKITMETAL/ ...
  Saved 0 concalls, 15 annual reports, 2 credit ratings for ANKITMETAL
Fetching https://www.screener.in/company/AHCL/ ...
  Saved 2 concalls, 1 annual reports, 1 credit ratings for AHCL
Fetching https://www.screener.in/company/ANLON/ ...
  Saved 7 concalls, 3 annual reports, 1 credit ratings for ANLON
Fetching https://www.screener.in/company/ANMOL/ ...
  Saved 2 concalls, 10 annual reports, 6 credit ratings for ANMOL
Fetching https://www.screener.in/company/ANNAPURNA/ ...
  Saved 10 concalls, 3 annual reports, 2 credit ratings for ANNAPURNA
Fetching https://www.screener.in/company/ANONDITA/ ...
  Saved 1 concalls, 0 annual reports, 0 credit ratings for ANONDITA
Fetching https://www.screener.in/company/ANSALAPI/ ...
  Saved 0 concalls, 15 annual reports, 6 credit ratings for ANSALAPI
Fetching https://www.screener.in/company/ANTGRAPHIC/ ...
  Saved 0 concalls, 15 annual reports, 0 credit ratings for ANTGRAPHIC
Fetching https://www.screener.in/company/ANTELOPUS/ ...
  Saved 20 concalls, 15 annual reports, 0 credit ratings for ANTELOPUS
Fetching https://www.screener.in/company/ANTHEM/ ...
  Saved 3 concalls, 0 annual reports, 1 credit ratings for ANTHEM
Fetching https://www.screener.in/company/AWHCL/ ...
  Saved 23 concalls, 5 annual reports, 6 credit ratings for AWHCL
Fetching https://www.screener.in/company/ANUHPHR/ ...
  Saved 27 concalls, 15 annual reports, 6 credit ratings for ANUHPHR
Fetching https://www.screener.in/company/ANUP/ ...
  Saved 28 concalls, 15 annual reports, 6 credit ratings for ANUP
Fetching https://www.screener.in/company/ANURAS/ ...
  Saved 23 concalls, 5 annual reports, 6 credit ratings for ANURAS
Fetching https://www.screener.in/company/ANYA/ ...
  Saved 1 concalls, 1 annual reports, 1 credit ratings for ANYA
Fetching https://www.screener.in/company/ANZEN/ ...
  Saved 5 concalls, 0 annual reports, 6 credit ratings for ANZEN
Fetching https://www.screener.in/company/APARINDS/ ...
  Saved 61 concalls, 15 annual reports, 6 credit ratings for APARINDS
Fetching https://www.screener.in/company/APCOTEXIND/ ...
  Saved 55 concalls, 15 annual reports, 6 credit ratings for APCOTEXIND
Fetching https://www.screener.in/company/PARKHOTELS/ ...
  Saved 11 concalls, 2 annual reports, 6 credit ratings for PARKHOTELS
Fetching https://www.screener.in/company/APEXECO/ ...
  Saved 4 concalls, 2 annual reports, 0 credit ratings for APEXECO
Fetching https://www.screener.in/company/APEX/ ...
  Saved 42 concalls, 9 annual reports, 6 credit ratings for APEX
Fetching https://www.screener.in/company/APOLLOHOSP/ ...
  Saved 42 concalls, 15 annual reports, 6 credit ratings for APOLLOHOSP
Fetching https://www.screener.in/company/APOLLO/ ...
  Saved 14 concalls, 8 annual reports, 6 credit ratings for APOLLO
Fetching https://www.screener.in/company/APOLLOPIPE/ ...
  Saved 45 concalls, 15 annual reports, 6 credit ratings for APOLLOPIPE
Fetching https://www.screener.in/company/APOLSINHOT/ ...
  Saved 5 concalls, 11 annual reports, 0 credit ratings for APOLSINHOT
Fetching https://www.screener.in/company/APOLLOTYRE/ ...
  Saved 47 concalls, 15 annual reports, 6 credit ratings for APOLLOTYRE
Fetching https://www.screener.in/company/APRAMEYA/ ...
  Saved 2 concalls, 1 annual reports, 0 credit ratings for APRAMEYA
Fetching https://www.screener.in/company/APSISAERO/ ...
  Saved 0 concalls, 0 annual reports, 0 credit ratings for APSISAERO
Fetching https://www.screener.in/company/APTECHT/ ...
  Saved 7 concalls, 15 annual reports, 0 credit ratings for APTECHT
Fetching https://www.screener.in/company/APTUS/ ...
  Saved 19 concalls, 5 annual reports, 6 credit ratings for APTUS
Fetching https://www.screener.in/company/AQYLON/ ...
  Saved 0 concalls, 15 annual reports, 6 credit ratings for AQYLON
Fetching https://www.screener.in/company/ARABIAN/ ...
  Saved 3 concalls, 2 annual reports, 6 credit ratings for ARABIAN
Fetching https://www.screener.in/company/ACI/ ...
  Saved 16 concalls, 3 annual reports, 5 credit ratings for ACI
Fetching https://www.screener.in/company/ADL/ ...
  Saved 0 concalls, 5 annual reports, 0 credit ratings for ADL
Fetching https://www.screener.in/company/ARCHIDPLY/ ...
  Saved 0 concalls, 15 annual reports, 6 credit ratings for ARCHIDPLY
Fetching https://www.screener.in/company/ARCHIES/ ...
  Saved 0 concalls, 15 annual reports, 6 credit ratings for ARCHIES
Fetching https://www.screener.in/company/ARCOTECH/ ...
  Saved 1 concalls, 12 annual reports, 6 credit ratings for ARCOTECH
Fetching https://www.screener.in/company/ARFIN/ ...
  Saved 1 concalls, 14 annual reports, 6 credit ratings for ARFIN
Fetching https://www.screener.in/company/ARHAM/ ...
  Saved 3 concalls, 3 annual reports, 0 credit ratings for ARHAM
Fetching https://www.screener.in/company/ARIES/ ...
  Saved 6 concalls, 15 annual reports, 6 credit ratings for ARIES
Fetching https://www.screener.in/company/ARIHANTACA/ ...
  Saved 0 concalls, 3 annual reports, 0 credit ratings for ARIHANTACA
Fetching https://www.screener.in/company/ARIHANTCAP/ ...
  Saved 2 concalls, 15 annual reports, 1 credit ratings for ARIHANTCAP
Fetching https://www.screener.in/company/ARIHANTSUP/ ...
  Saved 66 concalls, 15 annual reports, 6 credit ratings for ARIHANTSUP
Fetching https://www.screener.in/company/ARIS/ ...
  Saved 5 concalls, 1 annual reports, 4 credit ratings for ARIS
Fetching https://www.screener.in/company/ARISTO/ ...
  Saved 0 concalls, 3 annual reports, 1 credit ratings for ARISTO
Fetching https://www.screener.in/company/ARKADE/ ...
  Saved 6 concalls, 2 annual reports, 1 credit ratings for ARKADE
Fetching https://www.screener.in/company/ARMANFIN/ ...
  Saved 41 concalls, 15 annual reports, 6 credit ratings for ARMANFIN
Fetching https://www.screener.in/company/ARMOUR/ ...
  Saved 0 concalls, 0 annual reports, 0 credit ratings for ARMOUR
Fetching https://www.screener.in/company/AROGRANITE/ ...
  Saved 17 concalls, 15 annual reports, 6 credit ratings for AROGRANITE
Fetching https://www.screener.in/company/ARROWGREEN/ ...
  Saved 18 concalls, 15 annual reports, 0 credit ratings for ARROWGREEN
Fetching https://www.screener.in/company/ARSHIYA/ ...
  Saved 1 concalls, 15 annual reports, 0 credit ratings for ARSHIYA
Fetching https://www.screener.in/company/ARTNIRMAN/ ...
  Saved 0 concalls, 4 annual reports, 0 credit ratings for ARTNIRMAN
Fetching https://www.screener.in/company/ARTEDZ/ ...
  Saved 0 concalls, 0 annual reports, 6 credit ratings for ARTEDZ
Fetching https://www.screener.in/company/AEPL/ ...
  Saved 0 concalls, 7 annual reports, 0 credit ratings for AEPL
Fetching https://www.screener.in/company/ARTEMISMED/ ...
  Saved 15 concalls, 6 annual reports, 6 credit ratings for ARTEMISMED
Fetching https://www.screener.in/company/ARUNAYA/ ...
  Saved 0 concalls, 1 annual reports, 0 credit ratings for ARUNAYA
Fetching https://www.screener.in/company/ARVEE/ ...
  Saved 0 concalls, 5 annual reports, 6 credit ratings for ARVEE
Fetching https://www.screener.in/company/ARVINDFASN/ ...
  Saved 29 concalls, 9 annual reports, 6 credit ratings for ARVINDFASN
Fetching https://www.screener.in/company/ARVIND/ ...
  Saved 42 concalls, 15 annual reports, 6 credit ratings for ARVIND
Fetching https://www.screener.in/company/ARVINDPORT/ ...
  Saved 0 concalls, 2 annual reports, 0 credit ratings for ARVINDPORT
Fetching https://www.screener.in/company/ARVSMART/ ...
  Saved 35 concalls, 11 annual reports, 6 credit ratings for ARVSMART
Fetching https://www.screener.in/company/ASAHIINDIA/ ...
  Saved 0 concalls, 15 annual reports, 6 credit ratings for ASAHIINDIA
Fetching https://www.screener.in/company/ASAHISONG/ ...
  Saved 13 concalls, 15 annual reports, 6 credit ratings for ASAHISONG
Fetching https://www.screener.in/company/ASCOM/ ...
  Saved 0 concalls, 6 annual reports, 0 credit ratings for ASCOM
Fetching https://www.screener.in/company/AIFL/ ...
  Saved 10 concalls, 5 annual reports, 6 credit ratings for AIFL
Fetching https://www.screener.in/company/ASHALOG/ ...
  Saved 0 concalls, 2 annual reports, 0 credit ratings for ASHALOG
Fetching https://www.screener.in/company/ASHAPURMIN/ ...
  Saved 3 concalls, 15 annual reports, 0 credit ratings for ASHAPURMIN
Fetching https://www.screener.in/company/ASHIANA/ ...
  Saved 58 concalls, 15 annual reports, 6 credit ratings for ASHIANA
Fetching https://www.screener.in/company/ASHIMASYN/ ...
  Saved 6 concalls, 15 annual reports, 0 credit ratings for ASHIMASYN
Fetching https://www.screener.in/company/ASHOKLEY/ ...
  Saved 27 concalls, 15 annual reports, 6 credit ratings for ASHOKLEY
Fetching https://www.screener.in/company/ASHOKA/ ...
  Saved 61 concalls, 15 annual reports, 6 credit ratings for ASHOKA
Fetching https://www.screener.in/company/ASHOKAMET/ ...
  Saved 0 concalls, 11 annual reports, 0 credit ratings for ASHOKAMET
Fetching https://www.screener.in/company/ASHWINI/ ...
  Saved 1 concalls, 0 annual reports, 0 credit ratings for ASHWINI
Fetching https://www.screener.in/company/ASIANENE/ ...
  Saved 21 concalls, 15 annual reports, 6 credit ratings for ASIANENE
Fetching https://www.screener.in/company/ASIANTILES/ ...
  Saved 49 concalls, 15 annual reports, 6 credit ratings for ASIANTILES
Fetching https://www.screener.in/company/AHLEAST/ ...
  Saved 0 concalls, 15 annual reports, 0 credit ratings for AHLEAST
Fetching https://www.screener.in/company/ASIANHOTNR/ ...
  Saved 0 concalls, 15 annual reports, 6 credit ratings for ASIANHOTNR
Fetching https://www.screener.in/company/AHLWEST/ ...
  Saved 0 concalls, 15 annual reports, 6 credit ratings for AHLWEST
Fetching https://www.screener.in/company/ASIANPAINT/ ...
  Saved 40 concalls, 15 annual reports, 6 credit ratings for ASIANPAINT
Fetching https://www.screener.in/company/ASPINWALL/ ...
  Saved 0 concalls, 9 annual reports, 6 credit ratings for ASPINWALL
Fetching https://www.screener.in/company/ASPIRE/ ...
  Saved 0 concalls, 2 annual reports, 0 credit ratings for ASPIRE
Fetching https://www.screener.in/company/ASALCBR/ ...
  Saved 38 concalls, 15 annual reports, 6 credit ratings for ASALCBR
Fetching https://www.screener.in/company/ASTEC/ ...
  Saved 6 concalls, 15 annual reports, 6 credit ratings for ASTEC
Fetching https://www.screener.in/company/ASTERDM/ ...
  Saved 52 concalls, 8 annual reports, 6 credit ratings for ASTERDM
Fetching https://www.screener.in/company/ASTRAMICRO/ ...
  Saved 42 concalls, 15 annual reports, 6 credit ratings for ASTRAMICRO
Fetching https://www.screener.in/company/ASTRAL/ ...
  Saved 37 concalls, 15 annual reports, 6 credit ratings for ASTRAL
Fetching https://www.screener.in/company/ASTRAZEN/ ...
  Saved 11 concalls, 15 annual reports, 0 credit ratings for ASTRAZEN
Fetching https://www.screener.in/company/ASTRON/ ...
  Saved 2 concalls, 8 annual reports, 6 credit ratings for ASTRON
Fetching https://www.screener.in/company/ATALREAL/ ...
  Saved 0 concalls, 5 annual reports, 3 credit ratings for ATALREAL
Fetching https://www.screener.in/company/ATAM/ ...
  Saved 14 concalls, 5 annual reports, 0 credit ratings for ATAM
Fetching https://www.screener.in/company/ATCOM/ ...
  Saved 0 concalls, 0 annual reports, 0 credit ratings for ATCOM
Fetching https://www.screener.in/company/ATHERENERG/ ...
  Saved 4 concalls, 1 annual reports, 0 credit ratings for ATHERENERG
Fetching https://www.screener.in/company/ATLANTAELE/ ...
  Saved 3 concalls, 0 annual reports, 2 credit ratings for ATLANTAELE
Fetching https://www.screener.in/company/ATLANTAA/ ...
  Saved 4 concalls, 15 annual reports, 6 credit ratings for ATLANTAA
Fetching https://www.screener.in/company/ATLASCYCLE/ ...
  Saved 0 concalls, 15 annual reports, 6 credit ratings for ATLASCYCLE
Fetching https://www.screener.in/company/ATMASTCO/ ...
  Saved 0 concalls, 2 annual reports, 6 credit ratings for ATMASTCO
Fetching https://www.screener.in/company/ATULAUTO/ ...
  Saved 8 concalls, 15 annual reports, 6 credit ratings for ATULAUTO
Fetching https://www.screener.in/company/ATUL/ ...
  Saved 9 concalls, 15 annual reports, 6 credit ratings for ATUL
Fetching https://www.screener.in/company/AURIGROW/ ...
  Saved 0 concalls, 5 annual reports, 6 credit ratings for AURIGROW
Fetching https://www.screener.in/company/AURIONPRO/ ...
  Saved 43 concalls, 15 annual reports, 6 credit ratings for AURIONPRO
Fetching https://www.screener.in/company/AUROIMPEX/ ...
  Saved 1 concalls, 3 annual reports, 6 credit ratings for AUROIMPEX
Fetching https://www.screener.in/company/AUROPHARMA/ ...
  Saved 75 concalls, 15 annual reports, 6 credit ratings for AUROPHARMA
Fetching https://www.screener.in/company/AURUM/ ...
  Saved 42 concalls, 10 annual reports, 0 credit ratings for AURUM
Fetching https://www.screener.in/company/AUSOMENT/ ...
  Saved 0 concalls, 15 annual reports, 0 credit ratings for AUSOMENT
Fetching https://www.screener.in/company/APS/ ...
  Saved 6 concalls, 2 annual reports, 3 credit ratings for APS
Fetching https://www.screener.in/company/AIIL/ ...
  Saved 5 concalls, 14 annual reports, 3 credit ratings for AIIL
Fetching https://www.screener.in/company/AUTOIND/ ...
  Saved 6 concalls, 15 annual reports, 6 credit ratings for AUTOIND
Fetching https://www.screener.in/company/AUTOAXLES/ ...
  Saved 33 concalls, 15 annual reports, 6 credit ratings for AUTOAXLES
Fetching https://www.screener.in/company/ASAL/ ...
  Saved 0 concalls, 15 annual reports, 6 credit ratings for ASAL
Fetching https://www.screener.in/company/AVADHSUGAR/ ...
  Saved 28 concalls, 9 annual reports, 6 credit ratings for AVADHSUGAR
Fetching https://www.screener.in/company/AVALON/ ...
  Saved 15 concalls, 3 annual reports, 6 credit ratings for AVALON
Fetching https://www.screener.in/company/AVANA/ ...
  Saved 0 concalls, 0 annual reports, 0 credit ratings for AVANA
Fetching https://www.screener.in/company/AVANTEL/ ...
  Saved 5 concalls, 15 annual reports, 6 credit ratings for AVANTEL
Fetching https://www.screener.in/company/AVANTIFEED/ ...
  Saved 45 concalls, 15 annual reports, 6 credit ratings for AVANTIFEED
Fetching https://www.screener.in/company/DMART/ ...
  Saved 22 concalls, 9 annual reports, 6 credit ratings for DMART
Fetching https://www.screener.in/company/CCAVENUE/ ...
  Saved 41 concalls, 10 annual reports, 6 credit ratings for CCAVENUE
Fetching https://www.screener.in/company/AVONMORE/ ...
  Saved 0 concalls, 15 annual reports, 0 credit ratings for AVONMORE
Fetching https://www.screener.in/company/AVROIND/ ...
  Saved 10 concalls, 9 annual reports, 0 credit ratings for AVROIND
Fetching https://www.screener.in/company/AWFIS/ ...
  Saved 8 concalls, 2 annual reports, 2 credit ratings for AWFIS
Fetching https://www.screener.in/company/AXISBANK/ ...
  Saved 83 concalls, 15 annual reports, 6 credit ratings for AXISBANK
Fetching https://www.screener.in/company/AXISCADES/ ...
  Saved 42 concalls, 15 annual reports, 6 credit ratings for AXISCADES
Fetching https://www.screener.in/company/AXITA/ ...
  Saved 1 concalls, 7 annual reports, 6 credit ratings for AXITA
Fetching https://www.screener.in/company/AZAD/ ...
  Saved 10 concalls, 2 annual reports, 4 credit ratings for AZAD
Fetching https://www.screener.in/company/BBTCL/ ...
  Saved 2 concalls, 7 annual reports, 6 credit ratings for BBTCL
Fetching https://www.screener.in/company/BAGDIGITAL/ ...
  Saved 0 concalls, 0 annual reports, 0 credit ratings for BAGDIGITAL
Fetching https://www.screener.in/company/BAGFILMS/ ...
  Saved 0 concalls, 15 annual reports, 0 credit ratings for BAGFILMS
Fetching https://www.screener.in/company/BASF/ ...
  Saved 15 concalls, 15 annual reports, 6 credit ratings for BASF
Fetching https://www.screener.in/company/BCLIND/ ...
  Saved 47 concalls, 15 annual reports, 6 credit ratings for BCLIND
Fetching https://www.screener.in/company/BCPL/ ...
  Saved 6 concalls, 10 annual reports, 6 credit ratings for BCPL
Fetching https://www.screener.in/company/BCP/ ...
  Saved 0 concalls, 12 annual reports, 6 credit ratings for BCP
Fetching https://www.screener.in/company/BDR/ ...
  Saved 0 concalls, 0 annual reports, 0 credit ratings for BDR
Fetching https://www.screener.in/company/BLAL/ ...
  Saved 0 concalls, 3 annual reports, 0 credit ratings for BLAL
Fetching https://www.screener.in/company/BEML/ ...
  Saved 19 concalls, 15 annual reports, 6 credit ratings for BEML
Fetching https://www.screener.in/company/BEWLTD/ ...
  Saved 10 concalls, 4 annual reports, 0 credit ratings for BEWLTD
Fetching https://www.screener.in/company/BFINVEST/ ...
  Saved 0 concalls, 15 annual reports, 0 credit ratings for BFINVEST
Fetching https://www.screener.in/company/BFUTILITIE/ ...
  Saved 0 concalls, 15 annual reports, 0 credit ratings for BFUTILITIE
Fetching https://www.screener.in/company/BGRENERGY/ ...
  Saved 0 concalls, 15 annual reports, 6 credit ratings for BGRENERGY
Fetching https://www.screener.in/company/BILVYAPAR/ ...
  Saved 0 concalls, 15 annual reports, 4 credit ratings for BILVYAPAR
Fetching https://www.screener.in/company/BKMINDST/ ...
  Saved 0 concalls, 6 annual reports, 6 credit ratings for BKMINDST
Fetching https://www.screener.in/company/BLBLIMITED/ ...
  Saved 0 concalls, 15 annual reports, 0 credit ratings for BLBLIMITED
Fetching https://www.screener.in/company/BLKASHYAP/ ...
  Saved 8 concalls, 15 annual reports, 6 credit ratings for BLKASHYAP
Fetching https://www.screener.in/company/BLSE/ ...
  Saved 10 concalls, 2 annual reports, 0 credit ratings for BLSE
Fetching https://www.screener.in/company/BLS/ ...
  Saved 29 concalls, 11 annual reports, 6 credit ratings for BLS
Fetching https://www.screener.in/company/BMWVENTLTD/ ...
  Saved 0 concalls, 0 annual reports, 6 credit ratings for BMWVENTLTD
Fetching https://www.screener.in/company/BPL/ ...
  Saved 0 concalls, 15 annual reports, 6 credit ratings for BPL
Fetching https://www.screener.in/company/BSE/ ...
  Saved 37 concalls, 9 annual reports, 0 credit ratings for BSE
Fetching https://www.screener.in/company/BSL/ ...
  Saved 16 concalls, 15 annual reports, 6 credit ratings for BSL
Fetching https://www.screener.in/company/STYLEBAAZA/ ...
  Saved 8 concalls, 1 annual reports, 5 credit ratings for STYLEBAAZA
Fetching https://www.screener.in/company/BABAFP/ ...
  Saved 3 concalls, 2 annual reports, 0 credit ratings for BABAFP
Fetching https://www.screener.in/company/BAFNAPH/ ...
  Saved 0 concalls, 15 annual reports, 6 credit ratings for BAFNAPH
Fetching https://www.screener.in/company/BAHETI/ ...
  Saved 6 concalls, 3 annual reports, 0 credit ratings for BAHETI
Fetching https://www.screener.in/company/BAIDFIN/ ...
  Saved 10 concalls, 15 annual reports, 6 credit ratings for BAIDFIN
Fetching https://www.screener.in/company/BAJAJ-AUTO/ ...
  Saved 15 concalls, 15 annual reports, 6 credit ratings for BAJAJ-AUTO
Fetching https://www.screener.in/company/BAJAJCON/ ...
  Saved 60 concalls, 15 annual reports, 6 credit ratings for BAJAJCON
Fetching https://www.screener.in/company/BAJAJELEC/ ...
  Saved 51 concalls, 15 annual reports, 6 credit ratings for BAJAJELEC
Fetching https://www.screener.in/company/BAJFINANCE/ ...
  Saved 50 concalls, 15 annual reports, 6 credit ratings for BAJFINANCE
Fetching https://www.screener.in/company/BAJAJFINSV/ ...
  Saved 52 concalls, 15 annual reports, 0 credit ratings for BAJAJFINSV
Fetching https://www.screener.in/company/BAJAJHCARE/ ...
  Saved 5 concalls, 14 annual reports, 6 credit ratings for BAJAJHCARE
Fetching https://www.screener.in/company/BAJAJHIND/ ...
  Saved 0 concalls, 15 annual reports, 6 credit ratings for BAJAJHIND
Fetching https://www.screener.in/company/BAJAJHLDNG/ ...
  Saved 0 concalls, 15 annual reports, 0 credit ratings for BAJAJHLDNG
Fetching https://www.screener.in/company/BAJAJHFL/ ...
  Saved 9 concalls, 1 annual reports, 6 credit ratings for BAJAJHFL
Fetching https://www.screener.in/company/BAJEL/ ...
  Saved 5 concalls, 2 annual reports, 6 credit ratings for BAJEL
Fetching https://www.screener.in/company/BALPHARMA/ ...
  Saved 3 concalls, 15 annual reports, 6 credit ratings for BALPHARMA
Fetching https://www.screener.in/company/BALAMINES/ ...
  Saved 37 concalls, 15 annual reports, 6 credit ratings for BALAMINES
Fetching https://www.screener.in/company/BALAJIPHOS/ ...
  Saved 0 concalls, 1 annual reports, 0 credit ratings for BALAJIPHOS
Fetching https://www.screener.in/company/BALAJITELE/ ...
  Saved 25 concalls, 15 annual reports, 0 credit ratings for BALAJITELE
Fetching https://www.screener.in/company/BALAXI/ ...
  Saved 28 concalls, 10 annual reports, 5 credit ratings for BALAXI
Fetching https://www.screener.in/company/BALKRISIND/ ...
  Saved 40 concalls, 15 annual reports, 6 credit ratings for BALKRISIND
Fetching https://www.screener.in/company/BALKRISHNA/ ...
  Saved 0 concalls, 10 annual reports, 6 credit ratings for BALKRISHNA
Fetching https://www.screener.in/company/BALLARPUR/ ...
  Saved 0 concalls, 12 annual reports, 6 credit ratings for BALLARPUR
Fetching https://www.screener.in/company/BALMLAWRIE/ ...
  Saved 0 concalls, 15 annual reports, 6 credit ratings for BALMLAWRIE
Fetching https://www.screener.in/company/BALRAMCHIN/ ...
  Saved 41 concalls, 15 annual reports, 6 credit ratings for BALRAMCHIN
Fetching https://www.screener.in/company/BALUFORGE/ ...
  Saved 16 concalls, 15 annual reports, 6 credit ratings for BALUFORGE
Fetching https://www.screener.in/company/BANARBEADS/ ...
  Saved 4 concalls, 15 annual reports, 0 credit ratings for BANARBEADS
Fetching https://www.screener.in/company/BANCOINDIA/ ...
  Saved 0 concalls, 15 annual reports, 6 credit ratings for BANCOINDIA
Fetching https://www.screener.in/company/BANDHANBNK/ ...
  Saved 31 concalls, 10 annual reports, 6 credit ratings for BANDHANBNK
Fetching https://www.screener.in/company/BANG/ ...
  Saved 0 concalls, 15 annual reports, 4 credit ratings for BANG
Fetching https://www.screener.in/company/BANKBARODA/ ...
  Saved 40 concalls, 15 annual reports, 6 credit ratings for BANKBARODA
Fetching https://www.screener.in/company/BANKINDIA/ ...
  Saved 39 concalls, 15 annual reports, 6 credit ratings for BANKINDIA
Fetching https://www.screener.in/company/MAHABANK/ ...
  Saved 28 concalls, 15 annual reports, 6 credit ratings for MAHABANK
Fetching https://www.screener.in/company/BANKA/ ...
  Saved 9 concalls, 5 annual reports, 0 credit ratings for BANKA
Fetching https://www.screener.in/company/BASML/ ...
  Saved 0 concalls, 15 annual reports, 6 credit ratings for BASML
Fetching https://www.screener.in/company/BANARISUG/ ...
  Saved 0 concalls, 15 annual reports, 6 credit ratings for BANARISUG
Fetching https://www.screener.in/company/BANSAL/ ...
  Saved 0 concalls, 0 annual reports, 0 credit ratings for BANSAL
Fetching https://www.screener.in/company/BANSALWIRE/ ...
  Saved 8 concalls, 2 annual reports, 6 credit ratings for BANSALWIRE
Fetching https://www.screener.in/company/BANSWRAS/ ...
  Saved 42 concalls, 15 annual reports, 6 credit ratings for BANSWRAS
Fetching https://www.screener.in/company/BVCL/ ...
  Saved 0 concalls, 15 annual reports, 6 credit ratings for BVCL
Fetching https://www.screener.in/company/BARFLEX/ ...
  Saved 1 concalls, 1 annual reports, 0 credit ratings for BARFLEX
Fetching https://www.screener.in/company/ASMS/ ...
  Saved 1 concalls, 15 annual reports, 0 credit ratings for ASMS
Fetching https://www.screener.in/company/BASILIC/ ...
  Saved 9 concalls, 4 annual reports, 1 credit ratings for BASILIC
Fetching https://www.screener.in/company/BATAINDIA/ ...
  Saved 19 concalls, 15 annual reports, 6 credit ratings for BATAINDIA
Fetching https://www.screener.in/company/BAWEJA/ ...
  Saved 0 concalls, 2 annual reports, 0 credit ratings for BAWEJA
Fetching https://www.screener.in/company/BAYERCROP/ ...
  Saved 16 concalls, 15 annual reports, 5 credit ratings for BAYERCROP
Fetching https://www.screener.in/company/BEACON/ ...
  Saved 2 concalls, 2 annual reports, 0 credit ratings for BEACON
Fetching https://www.screener.in/company/BEARDSELL/ ...
  Saved 6 concalls, 15 annual reports, 6 credit ratings for BEARDSELL
Fetching https://www.screener.in/company/BEDMUTHA/ ...
  Saved 0 concalls, 15 annual reports, 6 credit ratings for BEDMUTHA
Fetching https://www.screener.in/company/BELLACASA/ ...
  Saved 3 concalls, 13 annual reports, 1 credit ratings for BELLACASA
Fetching https://www.screener.in/company/BELRISE/ ...
  Saved 7 concalls, 1 annual reports, 6 credit ratings for BELRISE
Fetching https://www.screener.in/company/BERGEPAINT/ ...
  Saved 45 concalls, 15 annual reports, 6 credit ratings for BERGEPAINT
Fetching https://www.screener.in/company/BESTAGRO/ ...
  Saved 16 concalls, 15 annual reports, 6 credit ratings for BESTAGRO
Fetching https://www.screener.in/company/BETA/ ...
  Saved 10 concalls, 8 annual reports, 6 credit ratings for BETA
Fetching https://www.screener.in/company/BHADORA/ ...
  Saved 0 concalls, 1 annual reports, 1 credit ratings for BHADORA
Fetching https://www.screener.in/company/BHAGERIA/ ...
  Saved 14 concalls, 15 annual reports, 6 credit ratings for BHAGERIA
Fetching https://www.screener.in/company/BHAGCHEM/ ...
  Saved 6 concalls, 15 annual reports, 6 credit ratings for BHAGCHEM
Fetching https://www.screener.in/company/BHAGYANGR/ ...
  Saved 3 concalls, 15 annual reports, 6 credit ratings for BHAGYANGR
Fetching https://www.screener.in/company/BHANDARI/ ...
  Saved 0 concalls, 15 annual reports, 6 credit ratings for BHANDARI
Fetching https://www.screener.in/company/BEPL/ ...
  Saved 1 concalls, 15 annual reports, 3 credit ratings for BEPL
Fetching https://www.screener.in/company/BBL/ ...
  Saved 0 concalls, 15 annual reports, 6 credit ratings for BBL
Fetching https://www.screener.in/company/BHARATCOAL/ ...
  Saved 1 concalls, 0 annual reports, 0 credit ratings for BHARATCOAL
Fetching https://www.screener.in/company/BDL/ ...
  Saved 10 concalls, 14 annual reports, 6 credit ratings for BDL
Fetching https://www.screener.in/company/BEL/ ...
  Saved 26 concalls, 15 annual reports, 6 credit ratings for BEL
Fetching https://www.screener.in/company/BHARATFORG/ ...
  Saved 58 concalls, 15 annual reports, 6 credit ratings for BHARATFORG
Fetching https://www.screener.in/company/BHARATGEAR/ ...
  Saved 0 concalls, 15 annual reports, 6 credit ratings for BHARATGEAR
Fetching https://www.screener.in/company/BHEL/ ...
  Saved 16 concalls, 15 annual reports, 6 credit ratings for BHEL
Fetching https://www.screener.in/company/BPCL/ ...
  Saved 46 concalls, 15 annual reports, 6 credit ratings for BPCL
Fetching https://www.screener.in/company/BHARATRAS/ ...
  Saved 0 concalls, 15 annual reports, 6 credit ratings for BHARATRAS
Fetching https://www.screener.in/company/BRNL/ ...
  Saved 3 concalls, 12 annual reports, 0 credit ratings for BRNL
Fetching https://www.screener.in/company/BHARATSE/ ...
  Saved 0 concalls, 15 annual reports, 6 credit ratings for BHARATSE
Fetching https://www.screener.in/company/BHARATWIRE/ ...
  Saved 26 concalls, 14 annual reports, 6 credit ratings for BHARATWIRE
Fetching https://www.screener.in/company/BHARATIDIL/ ...
  Saved 0 concalls, 10 annual reports, 0 credit ratings for BHARATIDIL
Fetching https://www.screener.in/company/BGLOBAL/ ...
  Saved 0 concalls, 15 annual reports, 0 credit ratings for BGLOBAL
Fetching https://www.screener.in/company/BHARTIARTL/ ...
  Saved 40 concalls, 15 annual reports, 6 credit ratings for BHARTIARTL
Fetching https://www.screener.in/company/BHARTIHEXA/ ...
  Saved 8 concalls, 2 annual reports, 6 credit ratings for BHARTIHEXA
Fetching https://www.screener.in/company/BIL/ ...
  Saved 4 concalls, 15 annual reports, 6 credit ratings for BIL
Fetching https://www.screener.in/company/BIGBLOC/ ...
  Saved 39 concalls, 10 annual reports, 6 credit ratings for BIGBLOC
Fetching https://www.screener.in/company/BIKAJI/ ...
  Saved 15 concalls, 3 annual reports, 6 credit ratings for BIKAJI
Fetching https://www.screener.in/company/BIKEWO/ ...
  Saved 0 concalls, 1 annual reports, 0 credit ratings for BIKEWO
Fetching https://www.screener.in/company/BILENERGY/ ...
  Saved 0 concalls, 13 annual reports, 6 credit ratings for BILENERGY
Fetching https://www.screener.in/company/GROWW/ ...
  Saved 3 concalls, 0 annual reports, 2 credit ratings for GROWW
Fetching https://www.screener.in/company/BIOCON/ ...
  Saved 73 concalls, 15 annual reports, 6 credit ratings for BIOCON
Fetching https://www.screener.in/company/BIOFILCHEM/ ...
  Saved 0 concalls, 15 annual reports, 0 credit ratings for BIOFILCHEM
Fetching https://www.screener.in/company/BIOPOL/ ...
  Saved 0 concalls, 0 annual reports, 0 credit ratings for BIOPOL
Fetching https://www.screener.in/company/BIRLACABLE/ ...
  Saved 0 concalls, 15 annual reports, 6 credit ratings for BIRLACABLE
Fetching https://www.screener.in/company/BIRLACORPN/ ...
  Saved 12 concalls, 15 annual reports, 6 credit ratings for BIRLACORPN
Fetching https://www.screener.in/company/BIRLANU/ ...
  Saved 41 concalls, 15 annual reports, 6 credit ratings for BIRLANU
Fetching https://www.screener.in/company/BSOFT/ ...
  Saved 26 concalls, 15 annual reports, 6 credit ratings for BSOFT
Fetching https://www.screener.in/company/BBOX/ ...
  Saved 20 concalls, 15 annual reports, 6 credit ratings for BBOX
Fetching https://www.screener.in/company/BLACKBUCK/ ...
  Saved 8 concalls, 1 annual reports, 3 credit ratings for BLACKBUCK
Fetching https://www.screener.in/company/BLISSGVS/ ...
  Saved 7 concalls, 15 annual reports, 6 credit ratings for BLISSGVS
Fetching https://www.screener.in/company/BLUEBLENDS/ ...
  Saved 0 concalls, 11 annual reports, 6 credit ratings for BLUEBLENDS
Fetching https://www.screener.in/company/BLUECHIP/ ...
  Saved 0 concalls, 15 annual reports, 0 credit ratings for BLUECHIP
Fetching https://www.screener.in/company/BLUECOAST/ ...
  Saved 0 concalls, 15 annual reports, 0 credit ratings for BLUECOAST
Fetching https://www.screener.in/company/BLUEDART/ ...
  Saved 40 concalls, 15 annual reports, 6 credit ratings for BLUEDART
Fetching https://www.screener.in/company/BLUEJET/ ...
  Saved 11 concalls, 2 annual reports, 1 credit ratings for BLUEJET
Fetching https://www.screener.in/company/BLUEPEBBLE/ ...
  Saved 5 concalls, 2 annual reports, 0 credit ratings for BLUEPEBBLE
Fetching https://www.screener.in/company/BLUESTARCO/ ...
  Saved 53 concalls, 15 annual reports, 6 credit ratings for BLUESTARCO
Fetching https://www.screener.in/company/BLUEWATER/ ...
  Saved 2 concalls, 0 annual reports, 1 credit ratings for BLUEWATER
Fetching https://www.screener.in/company/BLUESTONE/ ...
  Saved 5 concalls, 1 annual reports, 0 credit ratings for BLUESTONE
Fetching https://www.screener.in/company/BLUSPRING/ ...
  Saved 5 concalls, 1 annual reports, 1 credit ratings for BLUSPRING
Fetching https://www.screener.in/company/BODALCHEM/ ...
  Saved 57 concalls, 15 annual reports, 6 credit ratings for BODALCHEM
Fetching https://www.screener.in/company/BTML/ ...
  Saved 5 concalls, 5 annual reports, 0 credit ratings for BTML
Fetching https://www.screener.in/company/BOHRAIND/ ...
  Saved 0 concalls, 7 annual reports, 6 credit ratings for BOHRAIND
Fetching https://www.screener.in/company/BBTC/ ...
  Saved 3 concalls, 15 annual reports, 6 credit ratings for BBTC
Fetching https://www.screener.in/company/BOMDYEING/ ...
  Saved 0 concalls, 15 annual reports, 6 credit ratings for BOMDYEING
Fetching https://www.screener.in/company/BMETRICS/ ...
  Saved 0 concalls, 4 annual reports, 0 credit ratings for BMETRICS
Fetching https://www.screener.in/company/BRFL/ ...
  Saved 1 concalls, 14 annual reports, 0 credit ratings for BRFL
Fetching https://www.screener.in/company/BSHSL/ ...
  Saved 3 concalls, 5 annual reports, 5 credit ratings for BSHSL
Fetching https://www.screener.in/company/BONLON/ ...
  Saved 0 concalls, 6 annual reports, 0 credit ratings for BONLON
Fetching https://www.screener.in/company/BORANA/ ...
  Saved 2 concalls, 1 annual reports, 1 credit ratings for BORANA
Fetching https://www.screener.in/company/BOROLTD/ ...
  Saved 30 concalls, 6 annual reports, 6 credit ratings for BOROLTD
Fetching https://www.screener.in/company/BORORENEW/ ...
  Saved 45 concalls, 15 annual reports, 6 credit ratings for BORORENEW
Fetching https://www.screener.in/company/BOROSCI/ ...
  Saved 7 concalls, 2 annual reports, 2 credit ratings for BOROSCI
Fetching https://www.screener.in/company/BOSCHLTD/ ...
  Saved 47 concalls, 15 annual reports, 1 credit ratings for BOSCHLTD
Fetching https://www.screener.in/company/BOSS/ ...
  Saved 0 concalls, 1 annual reports, 0 credit ratings for BOSS
Fetching https://www.screener.in/company/BRACEPORT/ ...
  Saved 2 concalls, 1 annual reports, 2 credit ratings for BRACEPORT
Fetching https://www.screener.in/company/FIRSTCRY/ ...
  Saved 7 concalls, 1 annual reports, 0 credit ratings for FIRSTCRY
Fetching https://www.screener.in/company/BCONCEPTS/ ...
  Saved 22 concalls, 8 annual reports, 6 credit ratings for BCONCEPTS
Fetching https://www.screener.in/company/BRANDMAN/ ...
  Saved 0 concalls, 0 annual reports, 0 credit ratings for BRANDMAN
Fetching https://www.screener.in/company/BRIGADE/ ...
  Saved 52 concalls, 15 annual reports, 6 credit ratings for BRIGADE
Fetching https://www.screener.in/company/BRIGHOTEL/ ...
  Saved 6 concalls, 0 annual reports, 6 credit ratings for BRIGHOTEL
Fetching https://www.screener.in/company/BRIGHT/ ...
  Saved 0 concalls, 6 annual reports, 2 credit ratings for BRIGHT
Fetching https://www.screener.in/company/BCG/ ...
  Saved 26 concalls, 15 annual reports, 0 credit ratings for BCG
Fetching https://www.screener.in/company/BRITANNIA/ ...
  Saved 38 concalls, 15 annual reports, 6 credit ratings for BRITANNIA
Fetching https://www.screener.in/company/BIRET/ ...
  Saved 22 concalls, 2 annual reports, 6 credit ratings for BIRET
Fetching https://www.screener.in/company/BROOKS/ ...
  Saved 0 concalls, 15 annual reports, 6 credit ratings for BROOKS
Fetching https://www.screener.in/company/BULKCORP/ ...
  Saved 1 concalls, 2 annual reports, 0 credit ratings for BULKCORP
Fetching https://www.screener.in/company/BURNPUR/ ...
  Saved 0 concalls, 15 annual reports, 6 credit ratings for BURNPUR
Fetching https://www.screener.in/company/BUTTERFLY/ ...
  Saved 25 concalls, 15 annual reports, 6 credit ratings for BUTTERFLY
Fetching https://www.screener.in/company/BYKE/ ...
  Saved 12 concalls, 15 annual reports, 6 credit ratings for BYKE
Fetching https://www.screener.in/company/CANDC/ ...
  Saved 0 concalls, 8 annual reports, 6 credit ratings for CANDC
Fetching https://www.screener.in/company/C2C/ ...
  Saved 2 concalls, 1 annual reports, 0 credit ratings for C2C
Fetching https://www.screener.in/company/CCL/ ...
  Saved 35 concalls, 15 annual reports, 6 credit ratings for CCL
Fetching https://www.screener.in/company/MAPMYINDIA/ ...
  Saved 25 concalls, 5 annual reports, 0 credit ratings for MAPMYINDIA
Fetching https://www.screener.in/company/CESC/ ...
  Saved 31 concalls, 15 annual reports, 6 credit ratings for CESC
Fetching https://www.screener.in/company/CGPOWER/ ...
  Saved 30 concalls, 15 annual reports, 6 credit ratings for CGPOWER
Fetching https://www.screener.in/company/CIEINDIA/ ...
  Saved 62 concalls, 15 annual reports, 6 credit ratings for CIEINDIA
Fetching https://www.screener.in/company/CKKRETAIL/ ...
  Saved 0 concalls, 0 annual reports, 0 credit ratings for CKKRETAIL
Fetching https://www.screener.in/company/CLCIND/ ...
  Saved 0 concalls, 15 annual reports, 0 credit ratings for CLCIND
Fetching https://www.screener.in/company/CLEDUCATE/ ...
  Saved 28 concalls, 14 annual reports, 0 credit ratings for CLEDUCATE
Fetching https://www.screener.in/company/CMICABLES/ ...
  Saved 1 concalls, 15 annual reports, 6 credit ratings for CMICABLES
Fetching https://www.screener.in/company/CMMIPL/ ...
  Saved 0 concalls, 5 annual reports, 6 credit ratings for CMMIPL
Fetching https://www.screener.in/company/CMSINFO/ ...
  Saved 18 concalls, 5 annual reports, 6 credit ratings for CMSINFO
Fetching https://www.screener.in/company/CPCAP/ ...
  Saved 36 concalls, 15 annual reports, 4 credit ratings for CPCAP
Fetching https://www.screener.in/company/CPS/ ...
  Saved 1 concalls, 2 annual reports, 0 credit ratings for CPS
Fetching https://www.screener.in/company/CSBBANK/ ...
  Saved 25 concalls, 6 annual reports, 6 credit ratings for CSBBANK
Fetching https://www.screener.in/company/CSLFINANCE/ ...
  Saved 33 concalls, 15 annual reports, 6 credit ratings for CSLFINANCE
Fetching https://www.screener.in/company/CADSYS/ ...
  Saved 7 concalls, 8 annual reports, 6 credit ratings for CADSYS
Fetching https://www.screener.in/company/CALSOFT/ ...
  Saved 0 concalls, 15 annual reports, 0 credit ratings for CALSOFT
Fetching https://www.screener.in/company/CTE/ ...
  Saved 8 concalls, 15 annual reports, 0 credit ratings for CTE
Fetching https://www.screener.in/company/CAMLINFINE/ ...
  Saved 42 concalls, 15 annual reports, 6 credit ratings for CAMLINFINE
Fetching https://www.screener.in/company/CAMPUS/ ...
  Saved 17 concalls, 4 annual reports, 6 credit ratings for CAMPUS
Fetching https://www.screener.in/company/CANFINHOME/ ...
  Saved 48 concalls, 15 annual reports, 6 credit ratings for CANFINHOME
Fetching https://www.screener.in/company/CANBK/ ...
  Saved 34 concalls, 15 annual reports, 6 credit ratings for CANBK
Fetching https://www.screener.in/company/CANHLIFE/ ...
  Saved 3 concalls, 0 annual reports, 5 credit ratings for CANHLIFE
Fetching https://www.screener.in/company/CRAMC/ ...
  Saved 5 concalls, 0 annual reports, 6 credit ratings for CRAMC
Fetching https://www.screener.in/company/CANARYS/ ...
  Saved 8 concalls, 3 annual reports, 0 credit ratings for CANARYS
Fetching https://www.screener.in/company/CANTABIL/ ...
  Saved 26 concalls, 15 annual reports, 6 credit ratings for CANTABIL
Fetching https://www.screener.in/company/CAPACITE/ ...
  Saved 40 concalls, 9 annual reports, 6 credit ratings for CAPACITE
Fetching https://www.screener.in/company/CAPILLARY/ ...
  Saved 2 concalls, 0 annual reports, 0 credit ratings for CAPILLARY
Fetching https://www.screener.in/company/CIFL/ ...
  Saved 6 concalls, 15 annual reports, 6 credit ratings for CIFL
Fetching https://www.screener.in/company/CAPINVIT/ ...
  Saved 2 concalls, 0 annual reports, 6 credit ratings for CAPINVIT
Fetching https://www.screener.in/company/CAPITALSFB/ ...
  Saved 13 concalls, 2 annual reports, 6 credit ratings for CAPITALSFB
Fetching https://www.screener.in/company/CAPTRUST/ ...
  Saved 35 concalls, 15 annual reports, 6 credit ratings for CAPTRUST
Fetching https://www.screener.in/company/CAPLIPOINT/ ...
  Saved 24 concalls, 15 annual reports, 0 credit ratings for CAPLIPOINT
Fetching https://www.screener.in/company/CGCL/ ...
  Saved 60 concalls, 15 annual reports, 6 credit ratings for CGCL
Fetching https://www.screener.in/company/CARBORUNIV/ ...
  Saved 37 concalls, 15 annual reports, 6 credit ratings for CARBORUNIV
Fetching https://www.screener.in/company/CARERATING/ ...
  Saved 52 concalls, 15 annual reports, 0 credit ratings for CARERATING
Fetching https://www.screener.in/company/CPEDU/ ...
  Saved 1 concalls, 1 annual reports, 0 credit ratings for CPEDU
Fetching https://www.screener.in/company/CARRARO/ ...
  Saved 6 concalls, 1 annual reports, 6 credit ratings for CARRARO
Fetching https://www.screener.in/company/CARTRADE/ ...
  Saved 26 concalls, 6 annual reports, 0 credit ratings for CARTRADE
Fetching https://www.screener.in/company/CARYSIL/ ...
  Saved 57 concalls, 15 annual reports, 6 credit ratings for CARYSIL
Fetching https://www.screener.in/company/CUDML/ ...
  Saved 1 concalls, 1 annual reports, 0 credit ratings for CUDML
Fetching https://www.screener.in/company/CASTROLIND/ ...
  Saved 29 concalls, 15 annual reports, 0 credit ratings for CASTROLIND
Fetching https://www.screener.in/company/CEATLTD/ ...
  Saved 92 concalls, 15 annual reports, 6 credit ratings for CEATLTD
Fetching https://www.screener.in/company/CEDAAR/ ...
  Saved 0 concalls, 1 annual reports, 2 credit ratings for CEDAAR
Fetching https://www.screener.in/company/CEIGALL/ ...
  Saved 10 concalls, 2 annual reports, 6 credit ratings for CEIGALL
Fetching https://www.screener.in/company/CEINSYS/ ...
  Saved 17 concalls, 11 annual reports, 6 credit ratings for CEINSYS
Fetching https://www.screener.in/company/CELEBRITY/ ...
  Saved 0 concalls, 15 annual reports, 6 credit ratings for CELEBRITY
Fetching https://www.screener.in/company/CELLPOINT/ ...
  Saved 0 concalls, 3 annual reports, 0 credit ratings for CELLPOINT
Fetching https://www.screener.in/company/CELLECOR/ ...
  Saved 6 concalls, 2 annual reports, 1 credit ratings for CELLECOR
Fetching https://www.screener.in/company/CELLO/ ...
  Saved 12 concalls, 2 annual reports, 0 credit ratings for CELLO
Fetching https://www.screener.in/company/CEMPRO/ ...
  Saved 39 concalls, 15 annual reports, 6 credit ratings for CEMPRO
Fetching https://www.screener.in/company/CENTRALBK/ ...
  Saved 37 concalls, 15 annual reports, 6 credit ratings for CENTRALBK
Fetching https://www.screener.in/company/CDSL/ ...
  Saved 36 concalls, 9 annual reports, 0 credit ratings for CDSL
Fetching https://www.screener.in/company/CMPDI/ ...
  Saved 1 concalls, 0 annual reports, 0 credit ratings for CMPDI
Fetching https://www.screener.in/company/CENTRUM/ ...
  Saved 0 concalls, 15 annual reports, 6 credit ratings for CENTRUM
Fetching https://www.screener.in/company/CENTUM/ ...
  Saved 44 concalls, 15 annual reports, 6 credit ratings for CENTUM
Fetching https://www.screener.in/company/CENTENKA/ ...
  Saved 23 concalls, 15 annual reports, 6 credit ratings for CENTENKA
Fetching https://www.screener.in/company/CENTEXT/ ...
  Saved 0 concalls, 15 annual reports, 6 credit ratings for CENTEXT
Fetching https://www.screener.in/company/CENTURYPLY/ ...
  Saved 46 concalls, 15 annual reports, 6 credit ratings for CENTURYPLY
Fetching https://www.screener.in/company/CERA/ ...
  Saved 34 concalls, 15 annual reports, 6 credit ratings for CERA
Fetching https://www.screener.in/company/CEREBRAINT/ ...
  Saved 13 concalls, 15 annual reports, 6 credit ratings for CEREBRAINT
Fetching https://www.screener.in/company/CHALET/ ...
  Saved 43 concalls, 8 annual reports, 6 credit ratings for CHALET
Fetching https://www.screener.in/company/CLSEL/ ...
  Saved 17 concalls, 15 annual reports, 6 credit ratings for CLSEL
Fetching https://www.screener.in/company/CMNL/ ...
  Saved 1 concalls, 3 annual reports, 6 credit ratings for CMNL
Fetching https://www.screener.in/company/CHAMBLFERT/ ...
  Saved 42 concalls, 15 annual reports, 6 credit ratings for CHAMBLFERT
Fetching https://www.screener.in/company/CHAMUNDA/ ...
  Saved 2 concalls, 1 annual reports, 0 credit ratings for CHAMUNDA
Fetching https://www.screener.in/company/CHANDAN/ ...
  Saved 4 concalls, 1 annual reports, 5 credit ratings for CHANDAN
Fetching https://www.screener.in/company/CHAVDA/ ...
  Saved 4 concalls, 2 annual reports, 3 credit ratings for CHAVDA
Fetching https://www.screener.in/company/CHEMBONDCH/ ...
  Saved 1 concalls, 1 annual reports, 0 credit ratings for CHEMBONDCH
Fetching https://www.screener.in/company/CHEMBOND/ ...
  Saved 0 concalls, 15 annual reports, 6 credit ratings for CHEMBOND
Fetching https://www.screener.in/company/CHEMCON/ ...
  Saved 22 concalls, 5 annual reports, 6 credit ratings for CHEMCON
Fetching https://www.screener.in/company/CHEMFAB/ ...
  Saved 5 concalls, 15 annual reports, 6 credit ratings for CHEMFAB
Fetching https://www.screener.in/company/CHEMPLASTS/ ...
  Saved 18 concalls, 12 annual reports, 6 credit ratings for CHEMPLASTS
Fetching https://www.screener.in/company/CHENNPETRO/ ...
  Saved 3 concalls, 15 annual reports, 6 credit ratings for CHENNPETRO
Fetching https://www.screener.in/company/CHETANA/ ...
  Saved 3 concalls, 1 annual reports, 4 credit ratings for CHETANA
Fetching https://www.screener.in/company/CHEVIOT/ ...
  Saved 0 concalls, 15 annual reports, 6 credit ratings for CHEVIOT
Fetching https://www.screener.in/company/CHOICEIN/ ...
  Saved 21 concalls, 15 annual reports, 5 credit ratings for CHOICEIN
Fetching https://www.screener.in/company/CHOLAHLDNG/ ...
  Saved 28 concalls, 15 annual reports, 6 credit ratings for CHOLAHLDNG
Fetching https://www.screener.in/company/CHOLAFIN/ ...
  Saved 38 concalls, 15 annual reports, 6 credit ratings for CHOLAFIN
Fetching https://www.screener.in/company/CIGNITITEC/ ...
  Saved 27 concalls, 15 annual reports, 1 credit ratings for CIGNITITEC
Fetching https://www.screener.in/company/CINELINE/ ...
  Saved 18 concalls, 15 annual reports, 6 credit ratings for CINELINE
Fetching https://www.screener.in/company/CINEVISTA/ ...
  Saved 0 concalls, 15 annual reports, 6 credit ratings for CINEVISTA
Fetching https://www.screener.in/company/CIPLA/ ...
  Saved 64 concalls, 15 annual reports, 6 credit ratings for CIPLA
Fetching https://www.screener.in/company/CUB/ ...
  Saved 44 concalls, 15 annual reports, 6 credit ratings for CUB
Fetching https://www.screener.in/company/CLASSICEIL/ ...
  Saved 1 concalls, 1 annual reports, 0 credit ratings for CLASSICEIL
Fetching https://www.screener.in/company/CLEANMAX/ ...
  Saved 2 concalls, 0 annual reports, 1 credit ratings for CLEANMAX
Fetching https://www.screener.in/company/CLEAN/ ...
  Saved 19 concalls, 4 annual reports, 5 credit ratings for CLEAN
Fetching https://www.screener.in/company/CSSL/ ...
  Saved 1 concalls, 0 annual reports, 5 credit ratings for CSSL
Fetching https://www.screener.in/company/COALINDIA/ ...
  Saved 50 concalls, 15 annual reports, 6 credit ratings for COALINDIA
Fetching https://www.screener.in/company/COASTCORP/ ...
  Saved 16 concalls, 15 annual reports, 6 credit ratings for COASTCORP
Fetching https://www.screener.in/company/COCHINSHIP/ ...
  Saved 28 concalls, 15 annual reports, 6 credit ratings for COCHINSHIP
Fetching https://www.screener.in/company/COFFEEDAY/ ...
  Saved 15 concalls, 11 annual reports, 6 credit ratings for COFFEEDAY
Fetching https://www.screener.in/company/COFORGE/ ...
  Saved 31 concalls, 15 annual reports, 6 credit ratings for COFORGE
Fetching https://www.screener.in/company/COHANCE/ ...
  Saved 36 concalls, 6 annual reports, 6 credit ratings for COHANCE
Fetching https://www.screener.in/company/COLPAL/ ...
  Saved 20 concalls, 15 annual reports, 0 credit ratings for COLPAL
Fetching https://www.screener.in/company/COMSYN/ ...
  Saved 23 concalls, 13 annual reports, 6 credit ratings for COMSYN
Fetching https://www.screener.in/company/COMMITTED/ ...
  Saved 1 concalls, 2 annual reports, 0 credit ratings for COMMITTED
Fetching https://www.screener.in/company/COMPINFO/ ...
  Saved 27 concalls, 15 annual reports, 6 credit ratings for COMPINFO
Fetching https://www.screener.in/company/COMPUSOFT/ ...
  Saved 0 concalls, 15 annual reports, 6 credit ratings for COMPUSOFT
Fetching https://www.screener.in/company/CAMS/ ...
  Saved 31 concalls, 6 annual reports, 0 credit ratings for CAMS
Fetching https://www.screener.in/company/CONCORDBIO/ ...
  Saved 12 concalls, 2 annual reports, 6 credit ratings for CONCORDBIO
Fetching https://www.screener.in/company/CEWATER/ ...
  Saved 5 concalls, 1 annual reports, 0 credit ratings for CEWATER
Fetching https://www.screener.in/company/CONFIPET/ ...
  Saved 14 concalls, 15 annual reports, 6 credit ratings for CONFIPET
Fetching https://www.screener.in/company/CONNPLEX/ ...
  Saved 1 concalls, 0 annual reports, 0 credit ratings for CONNPLEX
Fetching https://www.screener.in/company/CCCL/ ...
  Saved 0 concalls, 15 annual reports, 6 credit ratings for CCCL
Fetching https://www.screener.in/company/CONSOFINVT/ ...
  Saved 0 concalls, 15 annual reports, 0 credit ratings for CONSOFINVT
Fetching https://www.screener.in/company/CONCOR/ ...
  Saved 42 concalls, 15 annual reports, 6 credit ratings for CONCOR
Fetching https://www.screener.in/company/CONTI/ ...
  Saved 0 concalls, 8 annual reports, 0 credit ratings for CONTI
Fetching https://www.screener.in/company/CONTROLPR/ ...
  Saved 29 concalls, 15 annual reports, 6 credit ratings for CONTROLPR
Fetching https://www.screener.in/company/COOLCAPS/ ...
  Saved 4 concalls, 4 annual reports, 5 credit ratings for COOLCAPS
Fetching https://www.screener.in/company/CORALFINAC/ ...
  Saved 0 concalls, 15 annual reports, 0 credit ratings for CORALFINAC
Fetching https://www.screener.in/company/CORDSCABLE/ ...
  Saved 26 concalls, 15 annual reports, 6 credit ratings for CORDSCABLE
Fetching https://www.screener.in/company/COROMANDEL/ ...
  Saved 43 concalls, 15 annual reports, 6 credit ratings for COROMANDEL
Fetching https://www.screener.in/company/CORONA/ ...
  Saved 2 concalls, 0 annual reports, 1 credit ratings for CORONA
Fetching https://www.screener.in/company/COSMOFIRST/ ...
  Saved 32 concalls, 15 annual reports, 6 credit ratings for COSMOFIRST
Fetching https://www.screener.in/company/CCHHL/ ...
  Saved 0 concalls, 15 annual reports, 2 credit ratings for CCHHL
Fetching https://www.screener.in/company/COUNCODOS/ ...
  Saved 0 concalls, 15 annual reports, 0 credit ratings for COUNCODOS
Fetching https://www.screener.in/company/CKFSL/ ...
  Saved 0 concalls, 1 annual reports, 6 credit ratings for CKFSL
Fetching https://www.screener.in/company/CRAFTSMAN/ ...
  Saved 23 concalls, 5 annual reports, 6 credit ratings for CRAFTSMAN
Fetching https://www.screener.in/company/CRAYONS/ ...
  Saved 1 concalls, 3 annual reports, 0 credit ratings for CRAYONS
Fetching https://www.screener.in/company/CREATIVEYE/ ...
  Saved 0 concalls, 15 annual reports, 0 credit ratings for CREATIVEYE
Fetching https://www.screener.in/company/CGRAPHICS/ ...
  Saved 8 concalls, 2 annual reports, 0 credit ratings for CGRAPHICS
Fetching https://www.screener.in/company/CNL/ ...
  Saved 28 concalls, 7 annual reports, 6 credit ratings for CNL
Fetching https://www.screener.in/company/CREDITACC/ ...
  Saved 38 concalls, 8 annual reports, 6 credit ratings for CREDITACC
Fetching https://www.screener.in/company/MUFTI/ ...
  Saved 10 concalls, 2 annual reports, 3 credit ratings for MUFTI
Fetching https://www.screener.in/company/CREST/ ...
  Saved 2 concalls, 15 annual reports, 6 credit ratings for CREST
Fetching https://www.screener.in/company/CRISIL/ ...
  Saved 27 concalls, 15 annual reports, 0 credit ratings for CRISIL
Fetching https://www.screener.in/company/CRIZAC/ ...
  Saved 4 concalls, 0 annual reports, 0 credit ratings for CRIZAC
Fetching https://www.screener.in/company/CROMPTON/ ...
  Saved 68 concalls, 10 annual reports, 6 credit ratings for CROMPTON
Fetching https://www.screener.in/company/CLSL/ ...
  Saved 0 concalls, 3 annual reports, 0 credit ratings for CLSL
Fetching https://www.screener.in/company/CROWN/ ...
  Saved 4 concalls, 9 annual reports, 0 credit ratings for CROWN
Fetching https://www.screener.in/company/CUBEINVIT/ ...
  Saved 1 concalls, 0 annual reports, 6 credit ratings for CUBEINVIT
Fetching https://www.screener.in/company/CUBEXTUB/ ...
  Saved 0 concalls, 15 annual reports, 0 credit ratings for CUBEXTUB
Fetching https://www.screener.in/company/CUMMINSIND/ ...
  Saved 42 concalls, 15 annual reports, 0 credit ratings for CUMMINSIND
Fetching https://www.screener.in/company/CUPID/ ...
  Saved 36 concalls, 15 annual reports, 0 credit ratings for CUPID
Fetching https://www.screener.in/company/CURAA/ ...
  Saved 0 concalls, 15 annual reports, 0 credit ratings for CURAA
Fetching https://www.screener.in/company/CURIS/ ...
  Saved 3 concalls, 0 annual reports, 0 credit ratings for CURIS
Fetching https://www.screener.in/company/CURRENT/ ...
  Saved 0 concalls, 1 annual reports, 1 credit ratings for CURRENT
Fetching https://www.screener.in/company/CYBERMEDIA/ ...
  Saved 1 concalls, 15 annual reports, 0 credit ratings for CYBERMEDIA
Fetching https://www.screener.in/company/CMRSL/ ...
  Saved 7 concalls, 3 annual reports, 0 credit ratings for CMRSL
Fetching https://www.screener.in/company/CYBERTECH/ ...
  Saved 41 concalls, 15 annual reports, 5 credit ratings for CYBERTECH
Fetching https://www.screener.in/company/CYIENTDLM/ ...
  Saved 14 concalls, 2 annual reports, 6 credit ratings for CYIENTDLM
Fetching https://www.screener.in/company/CYIENT/ ...
  Saved 40 concalls, 15 annual reports, 6 credit ratings for CYIENT
Fetching https://www.screener.in/company/DBSTOCKBRO/ ...
  Saved 0 concalls, 15 annual reports, 0 credit ratings for DBSTOCKBRO
Fetching https://www.screener.in/company/DBCORP/ ...
  Saved 41 concalls, 15 annual reports, 6 credit ratings for DBCORP
Fetching https://www.screener.in/company/DCBBANK/ ...
  Saved 47 concalls, 15 annual reports, 6 credit ratings for DCBBANK
Fetching https://www.screener.in/company/DCG/ ...
  Saved 0 concalls, 2 annual reports, 2 credit ratings for DCG
Fetching https://www.screener.in/company/DCI/ ...
  Saved 11 concalls, 7 annual reports, 2 credit ratings for DCI
Fetching https://www.screener.in/company/DCMFINSERV/ ...
  Saved 0 concalls, 15 annual reports, 0 credit ratings for DCMFINSERV
Fetching https://www.screener.in/company/DCM/ ...
  Saved 0 concalls, 15 annual reports, 6 credit ratings for DCM
Fetching https://www.screener.in/company/DCMNVL/ ...
  Saved 0 concalls, 6 annual reports, 6 credit ratings for DCMNVL
Fetching https://www.screener.in/company/DSFCL/ ...
  Saved 0 concalls, 0 annual reports, 1 credit ratings for DSFCL
Fetching https://www.screener.in/company/DCMSRIND/ ...
  Saved 0 concalls, 15 annual reports, 6 credit ratings for DCMSRIND
Fetching https://www.screener.in/company/DCMSIL/ ...
  Saved 0 concalls, 0 annual reports, 1 credit ratings for DCMSIL
Fetching https://www.screener.in/company/DCMSHRIRAM/ ...
  Saved 49 concalls, 15 annual reports, 6 credit ratings for DCMSHRIRAM
Fetching https://www.screener.in/company/DCW/ ...
  Saved 26 concalls, 15 annual reports, 6 credit ratings for DCW
Fetching https://www.screener.in/company/DCXINDIA/ ...
  Saved 12 concalls, 3 annual reports, 2 credit ratings for DCXINDIA
Fetching https://www.screener.in/company/DICIND/ ...
  Saved 0 concalls, 15 annual reports, 6 credit ratings for DICIND
Fetching https://www.screener.in/company/DJML/ ...
  Saved 8 concalls, 6 annual reports, 0 credit ratings for DJML
Fetching https://www.screener.in/company/DKEGL/ ...
  Saved 0 concalls, 4 annual reports, 0 credit ratings for DKEGL
Fetching https://www.screener.in/company/DLF/ ...
  Saved 39 concalls, 15 annual reports, 6 credit ratings for DLF
Fetching https://www.screener.in/company/DMCC/ ...
  Saved 26 concalls, 15 annual reports, 4 credit ratings for DMCC
Fetching https://www.screener.in/company/DPABHUSHAN/ ...
  Saved 16 concalls, 5 annual reports, 3 credit ratings for DPABHUSHAN
Fetching https://www.screener.in/company/DPWIRES/ ...
  Saved 9 concalls, 6 annual reports, 5 credit ratings for DPWIRES
Fetching https://www.screener.in/company/DQE/ ...
  Saved 0 concalls, 11 annual reports, 6 credit ratings for DQE
Fetching https://www.screener.in/company/DRCSYSTEMS/ ...
  Saved 1 concalls, 5 annual reports, 0 credit ratings for DRCSYSTEMS
Fetching https://www.screener.in/company/DRSCARGO/ ...
  Saved 0 concalls, 2 annual reports, 0 credit ratings for DRSCARGO
Fetching https://www.screener.in/company/DRSDILIP/ ...
  Saved 0 concalls, 6 annual reports, 4 credit ratings for DRSDILIP
Fetching https://www.screener.in/company/KEEPLEARN/ ...
  Saved 0 concalls, 15 annual reports, 0 credit ratings for KEEPLEARN
Fetching https://www.screener.in/company/DSKULKARNI/ ...
  Saved 0 concalls, 15 annual reports, 6 credit ratings for DSKULKARNI
Fetching https://www.screener.in/company/DLINKINDIA/ ...
  Saved 0 concalls, 15 annual reports, 6 credit ratings for DLINKINDIA
Fetching https://www.screener.in/company/DABUR/ ...
  Saved 65 concalls, 15 annual reports, 6 credit ratings for DABUR
Fetching https://www.screener.in/company/DALBHARAT/ ...
  Saved 39 concalls, 15 annual reports, 6 credit ratings for DALBHARAT
Fetching https://www.screener.in/company/DALMIASUG/ ...
  Saved 1 concalls, 15 annual reports, 6 credit ratings for DALMIASUG
Fetching https://www.screener.in/company/DAMCAPITAL/ ...
  Saved 6 concalls, 1 annual reports, 0 credit ratings for DAMCAPITAL
Fetching https://www.screener.in/company/DAMODARIND/ ...
  Saved 0 concalls, 15 annual reports, 6 credit ratings for DAMODARIND
Fetching https://www.screener.in/company/DANGEE/ ...
  Saved 0 concalls, 5 annual reports, 0 credit ratings for DANGEE
Fetching https://www.screener.in/company/DANISH/ ...
  Saved 1 concalls, 1 annual reports, 3 credit ratings for DANISH
Fetching https://www.screener.in/company/DCCL/ ...
  Saved 3 concalls, 1 annual reports, 6 credit ratings for DCCL
Fetching https://www.screener.in/company/DATAPATTNS/ ...
  Saved 24 concalls, 5 annual reports, 6 credit ratings for DATAPATTNS
Fetching https://www.screener.in/company/DATAMATICS/ ...
  Saved 37 concalls, 15 annual reports, 6 credit ratings for DATAMATICS
Fetching https://www.screener.in/company/DAVANGERE/ ...
  Saved 1 concalls, 5 annual reports, 6 credit ratings for DAVANGERE
Fetching https://www.screener.in/company/DDEVPLSTIK/ ...
  Saved 27 concalls, 4 annual reports, 4 credit ratings for DDEVPLSTIK
Fetching https://www.screener.in/company/DENEERS/ ...
  Saved 5 concalls, 3 annual reports, 0 credit ratings for DENEERS
Fetching https://www.screener.in/company/DENORA/ ...
  Saved 0 concalls, 15 annual reports, 0 credit ratings for DENORA
Fetching https://www.screener.in/company/DIL/ ...
  Saved 0 concalls, 7 annual reports, 0 credit ratings for DIL
Fetching https://www.screener.in/company/DECCANCE/ ...
  Saved 0 concalls, 15 annual reports, 6 credit ratings for DECCANCE
Fetching https://www.screener.in/company/DECCANTRAN/ ...
  Saved 0 concalls, 1 annual reports, 0 credit ratings for DECCANTRAN
Fetching https://www.screener.in/company/DEEDEV/ ...
  Saved 8 concalls, 2 annual reports, 6 credit ratings for DEEDEV
Fetching https://www.screener.in/company/DEEM/ ...
  Saved 0 concalls, 2 annual reports, 6 credit ratings for DEEM
Fetching https://www.screener.in/company/DEEPINDS/ ...
  Saved 23 concalls, 5 annual reports, 6 credit ratings for DEEPINDS
Fetching https://www.screener.in/company/DBEIL/ ...
  Saved 0 concalls, 1 annual reports, 6 credit ratings for DBEIL
Fetching https://www.screener.in/company/DEEPAKFERT/ ...
  Saved 39 concalls, 15 annual reports, 0 credit ratings for DEEPAKFERT
Fetching https://www.screener.in/company/DEEPAKNTR/ ...
  Saved 38 concalls, 15 annual reports, 6 credit ratings for DEEPAKNTR
Fetching https://www.screener.in/company/DELAPLEX/ ...
  Saved 3 concalls, 2 annual reports, 0 credit ratings for DELAPLEX
Fetching https://www.screener.in/company/DELHIVERY/ ...
  Saved 27 concalls, 4 annual reports, 0 credit ratings for DELHIVERY
Fetching https://www.screener.in/company/DELPHIFX/ ...
  Saved 7 concalls, 15 annual reports, 6 credit ratings for DELPHIFX
Fetching https://www.screener.in/company/DELTIC/ ...
  Saved 3 concalls, 1 annual reports, 0 credit ratings for DELTIC
Fetching https://www.screener.in/company/DELTACORP/ ...
  Saved 17 concalls, 15 annual reports, 5 credit ratings for DELTACORP
Fetching https://www.screener.in/company/DELTAMAGNT/ ...
  Saved 0 concalls, 15 annual reports, 0 credit ratings for DELTAMAGNT
Fetching https://www.screener.in/company/DEN/ ...
  Saved 48 concalls, 15 annual reports, 6 credit ratings for DEN
Fetching https://www.screener.in/company/DENTA/ ...
  Saved 4 concalls, 1 annual reports, 3 credit ratings for DENTA
Fetching https://www.screener.in/company/DESTINY/ ...
  Saved 0 concalls, 4 annual reports, 0 credit ratings for DESTINY
Fetching https://www.screener.in/company/DEVX/ ...
  Saved 3 concalls, 0 annual reports, 0 credit ratings for DEVX
Fetching https://www.screener.in/company/DEVIT/ ...
  Saved 9 concalls, 10 annual reports, 0 credit ratings for DEVIT
Fetching https://www.screener.in/company/DEVYANI/ ...
  Saved 22 concalls, 5 annual reports, 0 credit ratings for DEVYANI
Fetching https://www.screener.in/company/DBOL/ ...
  Saved 18 concalls, 3 annual reports, 6 credit ratings for DBOL
Fetching https://www.screener.in/company/DHAMPURSUG/ ...
  Saved 44 concalls, 15 annual reports, 6 credit ratings for DHAMPURSUG
Fetching https://www.screener.in/company/DHANBANK/ ...
  Saved 0 concalls, 15 annual reports, 6 credit ratings for DHANBANK
Fetching https://www.screener.in/company/DHANLAXMI/ ...
  Saved 1 concalls, 1 annual reports, 0 credit ratings for DHANLAXMI
Fetching https://www.screener.in/company/DHANUKA/ ...
  Saved 36 concalls, 15 annual reports, 6 credit ratings for DHANUKA
Fetching https://www.screener.in/company/DIRL/ ...
  Saved 0 concalls, 9 annual reports, 6 credit ratings for DIRL
Fetching https://www.screener.in/company/DHARARAIL/ ...
  Saved 0 concalls, 0 annual reports, 0 credit ratings for DHARARAIL
Fetching https://www.screener.in/company/DHARAN/ ...
  Saved 5 concalls, 9 annual reports, 6 credit ratings for DHARAN
Fetching https://www.screener.in/company/DHARSUGAR/ ...
  Saved 0 concalls, 15 annual reports, 6 credit ratings for DHARSUGAR
Fetching https://www.screener.in/company/DHARIWAL/ ...
  Saved 0 concalls, 1 annual reports, 0 credit ratings for DHARIWAL
Fetching https://www.screener.in/company/DHARMAJ/ ...
  Saved 15 concalls, 3 annual reports, 6 credit ratings for DHARMAJ
Fetching https://www.screener.in/company/DHRUV/ ...
  Saved 15 concalls, 8 annual reports, 6 credit ratings for DHRUV
Fetching https://www.screener.in/company/DHUNINV/ ...
  Saved 0 concalls, 15 annual reports, 0 credit ratings for DHUNINV
Fetching https://www.screener.in/company/DTIL/ ...
  Saved 0 concalls, 15 annual reports, 6 credit ratings for DTIL
Fetching https://www.screener.in/company/DVL/ ...
  Saved 0 concalls, 15 annual reports, 0 credit ratings for DVL
Fetching https://www.screener.in/company/DIAMINESQ/ ...
  Saved 0 concalls, 15 annual reports, 4 credit ratings for DIAMINESQ
Fetching https://www.screener.in/company/DIACABS/ ...
  Saved 5 concalls, 15 annual reports, 6 credit ratings for DIACABS
Fetching https://www.screener.in/company/DTL/ ...
  Saved 0 concalls, 2 annual reports, 0 credit ratings for DTL
Fetching https://www.screener.in/company/DIFFNKG/ ...
  Saved 5 concalls, 1 annual reports, 6 credit ratings for DIFFNKG
Fetching https://www.screener.in/company/DGCONTENT/ ...
  Saved 0 concalls, 6 annual reports, 0 credit ratings for DGCONTENT
Fetching https://www.screener.in/company/DIGIDRIVE/ ...
  Saved 0 concalls, 2 annual reports, 0 credit ratings for DIGIDRIVE
Fetching https://www.screener.in/company/DIGIKORE/ ...
  Saved 8 concalls, 2 annual reports, 0 credit ratings for DIGIKORE
Fetching https://www.screener.in/company/DIGISPICE/ ...
  Saved 29 concalls, 15 annual reports, 4 credit ratings for DIGISPICE
Fetching https://www.screener.in/company/DIGITIDE/ ...
  Saved 4 concalls, 1 annual reports, 2 credit ratings for DIGITIDE
Fetching https://www.screener.in/company/DIGJAMLMTD/ ...
  Saved 0 concalls, 15 annual reports, 4 credit ratings for DIGJAMLMTD
Fetching https://www.screener.in/company/DNAMEDIA/ ...
  Saved 0 concalls, 8 annual reports, 6 credit ratings for DNAMEDIA
Fetching https://www.screener.in/company/DBL/ ...
  Saved 50 concalls, 9 annual reports, 6 credit ratings for DBL
Fetching https://www.screener.in/company/DISHTV/ ...
  Saved 0 concalls, 15 annual reports, 6 credit ratings for DISHTV
Fetching https://www.screener.in/company/DCAL/ ...
  Saved 39 concalls, 9 annual reports, 6 credit ratings for DCAL
Fetching https://www.screener.in/company/DIVGIITTS/ ...
  Saved 14 concalls, 3 annual reports, 0 credit ratings for DIVGIITTS
Fetching https://www.screener.in/company/DIVISLAB/ ...
  Saved 24 concalls, 15 annual reports, 6 credit ratings for DIVISLAB
Fetching https://www.screener.in/company/DIVINEHIRA/ ...
  Saved 0 concalls, 1 annual reports, 0 credit ratings for DIVINEHIRA
Fetching https://www.screener.in/company/DPEL/ ...
  Saved 0 concalls, 2 annual reports, 0 credit ratings for DPEL
Fetching https://www.screener.in/company/DIVYADHAN/ ...
  Saved 0 concalls, 1 annual reports, 0 credit ratings for DIVYADHAN
Fetching https://www.screener.in/company/DIXON/ ...
  Saved 36 concalls, 8 annual reports, 6 credit ratings for DIXON
Fetching https://www.screener.in/company/DHTL/ ...
  Saved 0 concalls, 2 annual reports, 0 credit ratings for DHTL
Fetching https://www.screener.in/company/DODLA/ ...
  Saved 21 concalls, 5 annual reports, 6 credit ratings for DODLA
Fetching https://www.screener.in/company/DOLATALGO/ ...
  Saved 2 concalls, 15 annual reports, 3 credit ratings for DOLATALGO
Fetching https://www.screener.in/company/DOLLAR/ ...
  Saved 39 concalls, 14 annual reports, 6 credit ratings for DOLLAR
Fetching https://www.screener.in/company/DOLLEX/ ...
  Saved 0 concalls, 3 annual reports, 4 credit ratings for DOLLEX
Fetching https://www.screener.in/company/DOLPHIN/ ...
  Saved 0 concalls, 15 annual reports, 6 credit ratings for DOLPHIN
Fetching https://www.screener.in/company/DOMS/ ...
  Saved 10 concalls, 2 annual reports, 2 credit ratings for DOMS
Fetching https://www.screener.in/company/DONEAR/ ...
  Saved 0 concalls, 15 annual reports, 6 credit ratings for DONEAR
Fetching https://www.screener.in/company/AGARWALEYE/ ...
  Saved 6 concalls, 1 annual reports, 6 credit ratings for AGARWALEYE
Fetching https://www.screener.in/company/LALPATHLAB/ ...
  Saved 79 concalls, 10 annual reports, 6 credit ratings for LALPATHLAB
Fetching https://www.screener.in/company/DRREDDY/ ...
  Saved 30 concalls, 15 annual reports, 6 credit ratings for DRREDDY
Fetching https://www.screener.in/company/DREAMFOLKS/ ...
  Saved 18 concalls, 3 annual reports, 6 credit ratings for DREAMFOLKS
Fetching https://www.screener.in/company/DREDGECORP/ ...
  Saved 0 concalls, 15 annual reports, 6 credit ratings for DREDGECORP
Fetching https://www.screener.in/company/DRONE/ ...
  Saved 2 concalls, 2 annual reports, 0 credit ratings for DRONE
Fetching https://www.screener.in/company/DUCOL/ ...
  Saved 6 concalls, 3 annual reports, 0 credit ratings for DUCOL
Fetching https://www.screener.in/company/DUCON/ ...
  Saved 2 concalls, 15 annual reports, 6 credit ratings for DUCON
Fetching https://www.screener.in/company/DUGLOBAL/ ...
  Saved 2 concalls, 4 annual reports, 0 credit ratings for DUGLOBAL
Fetching https://www.screener.in/company/DURLAX/ ...
  Saved 0 concalls, 2 annual reports, 2 credit ratings for DURLAX
Fetching https://www.screener.in/company/DWARKESH/ ...
  Saved 40 concalls, 15 annual reports, 6 credit ratings for DWARKESH
Fetching https://www.screener.in/company/DSSL/ ...
  Saved 1 concalls, 15 annual reports, 6 credit ratings for DSSL
Fetching https://www.screener.in/company/DYNAMATECH/ ...
  Saved 20 concalls, 15 annual reports, 6 credit ratings for DYNAMATECH
Fetching https://www.screener.in/company/DYCL/ ...
  Saved 13 concalls, 9 annual reports, 6 credit ratings for DYCL
Fetching https://www.screener.in/company/DYNAMIC/ ...
  Saved 0 concalls, 4 annual reports, 2 credit ratings for DYNAMIC
Fetching https://www.screener.in/company/DYNPRO/ ...
  Saved 15 concalls, 15 annual reports, 5 credit ratings for DYNPRO
Fetching https://www.screener.in/company/E2E/ ...
  Saved 39 concalls, 8 annual reports, 1 credit ratings for E2E
Fetching https://www.screener.in/company/VISUINTL/ ...
  Saved 0 concalls, 13 annual reports, 0 credit ratings for VISUINTL
Fetching https://www.screener.in/company/EFCIL/ ...
  Saved 9 concalls, 15 annual reports, 0 credit ratings for EFCIL
Fetching https://www.screener.in/company/EFACTOR/ ...
  Saved 3 concalls, 2 annual reports, 0 credit ratings for EFACTOR
Fetching https://www.screener.in/company/EIDPARRY/ ...
  Saved 37 concalls, 15 annual reports, 6 credit ratings for EIDPARRY
Fetching https://www.screener.in/company/EIHAHOTELS/ ...
  Saved 9 concalls, 15 annual reports, 0 credit ratings for EIHAHOTELS
Fetching https://www.screener.in/company/EIHOTEL/ ...
  Saved 34 concalls, 15 annual reports, 6 credit ratings for EIHOTEL
Fetching https://www.screener.in/company/EMAPARTNER/ ...
  Saved 4 concalls, 1 annual reports, 0 credit ratings for EMAPARTNER
Fetching https://www.screener.in/company/EMSLIMITED/ ...
  Saved 7 concalls, 3 annual reports, 4 credit ratings for EMSLIMITED
Fetching https://www.screener.in/company/EPL/ ...
  Saved 43 concalls, 15 annual reports, 6 credit ratings for EPL
Fetching https://www.screener.in/company/EPWINDIA/ ...
  Saved 0 concalls, 0 annual reports, 0 credit ratings for EPWINDIA
Fetching https://www.screener.in/company/E2ERAIL/ ...
  Saved 1 concalls, 0 annual reports, 0 credit ratings for E2ERAIL
Fetching https://www.screener.in/company/EASTSILK/ ...
  Saved 0 concalls, 15 annual reports, 6 credit ratings for EASTSILK
Fetching https://www.screener.in/company/EASUNREYRL/ ...
  Saved 0 concalls, 14 annual reports, 1 credit ratings for EASUNREYRL
Fetching https://www.screener.in/company/EASEMYTRIP/ ...
  Saved 29 concalls, 5 annual reports, 0 credit ratings for EASEMYTRIP
Fetching https://www.screener.in/company/ECLERX/ ...
  Saved 45 concalls, 15 annual reports, 0 credit ratings for ECLERX
Fetching https://www.screener.in/company/ECOLINE/ ...
  Saved 1 concalls, 0 annual reports, 1 credit ratings for ECOLINE
Fetching https://www.screener.in/company/ECOSMOBLTY/ ...
  Saved 7 concalls, 1 annual reports, 2 credit ratings for ECOSMOBLTY
Fetching https://www.screener.in/company/EDELWEISS/ ...
  Saved 123 concalls, 15 annual reports, 6 credit ratings for EDELWEISS
Fetching https://www.screener.in/company/EDUCOMP/ ...
  Saved 0 concalls, 15 annual reports, 6 credit ratings for EDUCOMP
Fetching https://www.screener.in/company/EFFWA/ ...
  Saved 3 concalls, 1 annual reports, 3 credit ratings for EFFWA
Fetching https://www.screener.in/company/EICHERMOT/ ...
  Saved 41 concalls, 15 annual reports, 6 credit ratings for EICHERMOT
Fetching https://www.screener.in/company/EIMCOELECO/ ...
  Saved 1 concalls, 15 annual reports, 6 credit ratings for EIMCOELECO
Fetching https://www.screener.in/company/ELDEHSG/ ...
  Saved 31 concalls, 15 annual reports, 4 credit ratings for ELDEHSG
Fetching https://www.screener.in/company/ELECON/ ...
  Saved 30 concalls, 15 annual reports, 6 credit ratings for ELECON
Fetching https://www.screener.in/company/EFORCE/ ...
  Saved 0 concalls, 2 annual reports, 0 credit ratings for EFORCE
Fetching https://www.screener.in/company/EMIL/ ...
  Saved 17 concalls, 3 annual reports, 6 credit ratings for EMIL
Fetching https://www.screener.in/company/ELECTCAST/ ...
  Saved 19 concalls, 15 annual reports, 6 credit ratings for ELECTCAST
Fetching https://www.screener.in/company/ELECTHERM/ ...
  Saved 0 concalls, 15 annual reports, 1 credit ratings for ELECTHERM
Fetching https://www.screener.in/company/ELGNZ/ ...
  Saved 3 concalls, 1 annual reports, 0 credit ratings for ELGNZ
Fetching https://www.screener.in/company/ELGIEQUIP/ ...
  Saved 33 concalls, 15 annual reports, 6 credit ratings for ELGIEQUIP
Fetching https://www.screener.in/company/ELGIRUBCO/ ...
  Saved 0 concalls, 14 annual reports, 6 credit ratings for ELGIRUBCO
Fetching https://www.screener.in/company/ELIN/ ...
  Saved 13 concalls, 3 annual reports, 6 credit ratings for ELIN
Fetching https://www.screener.in/company/ELLEN/ ...
  Saved 3 concalls, 9 annual reports, 6 credit ratings for ELLEN
Fetching https://www.screener.in/company/EMAMILTD/ ...
  Saved 49 concalls, 15 annual reports, 6 credit ratings for EMAMILTD
Fetching https://www.screener.in/company/EMAMIPAP/ ...
  Saved 0 concalls, 15 annual reports, 6 credit ratings for EMAMIPAP
Fetching https://www.screener.in/company/EMAMIREAL/ ...
  Saved 0 concalls, 15 annual reports, 6 credit ratings for EMAMIREAL
Fetching https://www.screener.in/company/EMBDL/ ...
  Saved 18 concalls, 15 annual reports, 6 credit ratings for EMBDL
Fetching https://www.screener.in/company/EMBASSY/ ...
  Saved 30 concalls, 4 annual reports, 6 credit ratings for EMBASSY
Fetching https://www.screener.in/company/EMCURE/ ...
  Saved 7 concalls, 1 annual reports, 6 credit ratings for EMCURE
Fetching https://www.screener.in/company/ETML/ ...
  Saved 3 concalls, 1 annual reports, 2 credit ratings for ETML
Fetching https://www.screener.in/company/EMKAY/ ...
  Saved 22 concalls, 15 annual reports, 6 credit ratings for EMKAY
Fetching https://www.screener.in/company/EMKAYTOOLS/ ...
  Saved 0 concalls, 10 annual reports, 6 credit ratings for EMKAYTOOLS
Fetching https://www.screener.in/company/ETL/ ...
  Saved 0 concalls, 1 annual reports, 0 credit ratings for ETL
Fetching https://www.screener.in/company/EMMBI/ ...
  Saved 43 concalls, 15 annual reports, 6 credit ratings for EMMBI
Fetching https://www.screener.in/company/EMMVEE/ ...
  Saved 4 concalls, 0 annual reports, 2 credit ratings for EMMVEE
Fetching https://www.screener.in/company/EMUDHRA/ ...
  Saved 21 concalls, 4 annual reports, 6 credit ratings for EMUDHRA
Fetching https://www.screener.in/company/ENCOMPAS/ ...
  Saved 0 concalls, 0 annual reports, 0 credit ratings for ENCOMPAS
Fetching https://www.screener.in/company/ENDURANCE/ ...
  Saved 37 concalls, 12 annual reports, 6 credit ratings for ENDURANCE
Fetching https://www.screener.in/company/ENERGYDEV/ ...
  Saved 0 concalls, 15 annual reports, 6 credit ratings for ENERGYDEV
Fetching https://www.screener.in/company/EMMIL/ ...
  Saved 2 concalls, 2 annual reports, 0 credit ratings for EMMIL
Fetching https://www.screener.in/company/ENFUSE/ ...
  Saved 0 concalls, 2 annual reports, 0 credit ratings for ENFUSE
Fetching https://www.screener.in/company/ENGINERSIN/ ...
  Saved 34 concalls, 15 annual reports, 6 credit ratings for ENGINERSIN
Fetching https://www.screener.in/company/ENSER/ ...
  Saved 5 concalls, 2 annual reports, 0 credit ratings for ENSER
Fetching https://www.screener.in/company/ENTERO/ ...
  Saved 11 concalls, 2 annual reports, 3 credit ratings for ENTERO
Fetching https://www.screener.in/company/ENIL/ ...
  Saved 43 concalls, 15 annual reports, 6 credit ratings for ENIL
Fetching https://www.screener.in/company/EIEL/ ...
  Saved 7 concalls, 1 annual reports, 5 credit ratings for EIEL
Fetching https://www.screener.in/company/ENVIRO/ ...
  Saved 5 concalls, 1 annual reports, 0 credit ratings for ENVIRO
Fetching https://www.screener.in/company/EON/ ...
  Saved 0 concalls, 11 annual reports, 6 credit ratings for EON
Fetching https://www.screener.in/company/EPACK/ ...
  Saved 14 concalls, 2 annual reports, 6 credit ratings for EPACK
Fetching https://www.screener.in/company/EPACKPEB/ ...
  Saved 3 concalls, 0 annual reports, 3 credit ratings for EPACKPEB
Fetching https://www.screener.in/company/EPIGRAL/ ...
  Saved 33 concalls, 5 annual reports, 6 credit ratings for EPIGRAL
Fetching https://www.screener.in/company/EEPL/ ...
  Saved 1 concalls, 1 annual reports, 2 credit ratings for EEPL
Fetching https://www.screener.in/company/EQUIPPP/ ...
  Saved 0 concalls, 15 annual reports, 0 credit ratings for EQUIPPP
Fetching https://www.screener.in/company/EQUITASBNK/ ...
  Saved 25 concalls, 5 annual reports, 6 credit ratings for EQUITASBNK
Fetching https://www.screener.in/company/ERIS/ ...
  Saved 41 concalls, 9 annual reports, 6 credit ratings for ERIS
Fetching https://www.screener.in/company/EROSMEDIA/ ...
  Saved 3 concalls, 15 annual reports, 6 credit ratings for EROSMEDIA
Fetching https://www.screener.in/company/ESABINDIA/ ...
  Saved 0 concalls, 15 annual reports, 4 credit ratings for ESABINDIA
Fetching https://www.screener.in/company/ESAFSFB/ ...
  Saved 11 concalls, 3 annual reports, 6 credit ratings for ESAFSFB
Fetching https://www.screener.in/company/ESCONET/ ...
  Saved 5 concalls, 2 annual reports, 2 credit ratings for ESCONET
Fetching https://www.screener.in/company/ESCORTS/ ...
  Saved 52 concalls, 15 annual reports, 6 credit ratings for ESCORTS
Fetching https://www.screener.in/company/ESPRIT/ ...
  Saved 0 concalls, 2 annual reports, 4 credit ratings for ESPRIT
Fetching https://www.screener.in/company/ESSARSHPNG/ ...
  Saved 0 concalls, 15 annual reports, 0 credit ratings for ESSARSHPNG
Fetching https://www.screener.in/company/ESFL/ ...
  Saved 2 concalls, 6 annual reports, 3 credit ratings for ESFL
Fetching https://www.screener.in/company/ESTER/ ...
  Saved 42 concalls, 15 annual reports, 6 credit ratings for ESTER
Fetching https://www.screener.in/company/ETERNAL/ ...
  Saved 21 concalls, 5 annual reports, 0 credit ratings for ETERNAL
Fetching https://www.screener.in/company/ETHOSLTD/ ...
  Saved 17 concalls, 5 annual reports, 6 credit ratings for ETHOSLTD
Fetching https://www.screener.in/company/EUREKAFORB/ ...
  Saved 19 concalls, 4 annual reports, 6 credit ratings for EUREKAFORB
Fetching https://www.screener.in/company/EUROCERA/ ...
  Saved 0 concalls, 12 annual reports, 0 credit ratings for EUROCERA
Fetching https://www.screener.in/company/EIFFL/ ...
  Saved 0 concalls, 4 annual reports, 6 credit ratings for EIFFL
Fetching https://www.screener.in/company/EUROMULTI/ ...
  Saved 0 concalls, 14 annual reports, 0 credit ratings for EUROMULTI
Fetching https://www.screener.in/company/EUROBOND/ ...
  Saved 0 concalls, 4 annual reports, 6 credit ratings for EUROBOND
Fetching https://www.screener.in/company/EUROPRATIK/ ...
  Saved 3 concalls, 0 annual reports, 0 credit ratings for EUROPRATIK
Fetching https://www.screener.in/company/EUROTEXIND/ ...
  Saved 0 concalls, 15 annual reports, 6 credit ratings for EUROTEXIND
Fetching https://www.screener.in/company/EVEREADY/ ...
  Saved 17 concalls, 15 annual reports, 6 credit ratings for EVEREADY
Fetching https://www.screener.in/company/EVERESTIND/ ...
  Saved 19 concalls, 15 annual reports, 6 credit ratings for EVERESTIND
Fetching https://www.screener.in/company/EKC/ ...
  Saved 28 concalls, 15 annual reports, 6 credit ratings for EKC
Fetching https://www.screener.in/company/EXCELINDUS/ ...
  Saved 17 concalls, 15 annual reports, 6 credit ratings for EXCELINDUS
Fetching https://www.screener.in/company/EXCELLENT/ ...
  Saved 0 concalls, 1 annual reports, 0 credit ratings for EXCELLENT
Fetching https://www.screener.in/company/EXCELSOFT/ ...
  Saved 3 concalls, 0 annual reports, 0 credit ratings for EXCELSOFT
Fetching https://www.screener.in/company/EXICOM/ ...
  Saved 10 concalls, 2 annual reports, 6 credit ratings for EXICOM
Fetching https://www.screener.in/company/EXIDEIND/ ...
  Saved 11 concalls, 15 annual reports, 6 credit ratings for EXIDEIND
Fetching https://www.screener.in/company/EXIMROUTES/ ...
  Saved 0 concalls, 0 annual reports, 1 credit ratings for EXIMROUTES
Fetching https://www.screener.in/company/EXPLEOSOL/ ...
  Saved 47 concalls, 15 annual reports, 3 credit ratings for EXPLEOSOL
Fetching https://www.screener.in/company/EXXARO/ ...
  Saved 8 concalls, 5 annual reports, 6 credit ratings for EXXARO
Fetching https://www.screener.in/company/FCSSOFT/ ...
  Saved 0 concalls, 15 annual reports, 4 credit ratings for FCSSOFT
Fetching https://www.screener.in/company/FDC/ ...
  Saved 11 concalls, 15 annual reports, 0 credit ratings for FDC
Fetching https://www.screener.in/company/NYKAA/ ...
  Saved 28 concalls, 4 annual reports, 6 credit ratings for NYKAA
Fetching https://www.screener.in/company/FABTECH/ ...
  Saved 4 concalls, 0 annual reports, 3 credit ratings for FABTECH
Fetching https://www.screener.in/company/FAIRCHEMOR/ ...
  Saved 27 concalls, 5 annual reports, 6 credit ratings for FAIRCHEMOR
Fetching https://www.screener.in/company/FALCONTECH/ ...
  Saved 0 concalls, 2 annual reports, 0 credit ratings for FALCONTECH
Fetching https://www.screener.in/company/FAZE3Q/ ...
  Saved 18 concalls, 15 annual reports, 6 credit ratings for FAZE3Q
Fetching https://www.screener.in/company/FEDFINA/ ...
  Saved 14 concalls, 2 annual reports, 6 credit ratings for FEDFINA
Fetching https://www.screener.in/company/FEDERALBNK/ ...
  Saved 49 concalls, 15 annual reports, 6 credit ratings for FEDERALBNK
Fetching https://www.screener.in/company/FMGOETZE/ ...
  Saved 8 concalls, 15 annual reports, 6 credit ratings for FMGOETZE
Fetching https://www.screener.in/company/FELIX/ ...
  Saved 6 concalls, 8 annual reports, 0 credit ratings for FELIX
Fetching https://www.screener.in/company/FACT/ ...
  Saved 0 concalls, 15 annual reports, 0 credit ratings for FACT
Fetching https://www.screener.in/company/FIBERWEB/ ...
  Saved 27 concalls, 15 annual reports, 6 credit ratings for FIBERWEB
Fetching https://www.screener.in/company/FIDEL/ ...
  Saved 12 concalls, 3 annual reports, 0 credit ratings for FIDEL
Fetching https://www.screener.in/company/FIEMIND/ ...
  Saved 48 concalls, 15 annual reports, 0 credit ratings for FIEMIND
Fetching https://www.screener.in/company/FILATFASH/ ...
  Saved 0 concalls, 15 annual reports, 0 credit ratings for FILATFASH
Fetching https://www.screener.in/company/FILATEX/ ...
  Saved 44 concalls, 15 annual reports, 6 credit ratings for FILATEX
Fetching https://www.screener.in/company/FINBUD/ ...
  Saved 1 concalls, 0 annual reports, 0 credit ratings for FINBUD
Fetching https://www.screener.in/company/FINEORG/ ...
  Saved 33 concalls, 8 annual reports, 6 credit ratings for FINEORG
Fetching https://www.screener.in/company/FCL/ ...
  Saved 85 concalls, 15 annual reports, 6 credit ratings for FCL
Fetching https://www.screener.in/company/FINKURVE/ ...
  Saved 4 concalls, 15 annual reports, 6 credit ratings for FINKURVE
Fetching https://www.screener.in/company/FINOPB/ ...
  Saved 22 concalls, 5 annual reports, 6 credit ratings for FINOPB
Fetching https://www.screener.in/company/FINCABLES/ ...
  Saved 23 concalls, 15 annual reports, 6 credit ratings for FINCABLES
Fetching https://www.screener.in/company/FINPIPE/ ...
  Saved 46 concalls, 15 annual reports, 6 credit ratings for FINPIPE
Fetching https://www.screener.in/company/FSL/ ...
  Saved 72 concalls, 15 annual reports, 6 credit ratings for FSL
Fetching https://www.screener.in/company/FISCHER/ ...
  Saved 2 concalls, 15 annual reports, 0 credit ratings for FISCHER
Fetching https://www.screener.in/company/FIVECORE/ ...
  Saved 0 concalls, 0 annual reports, 6 credit ratings for FIVECORE
Fetching https://www.screener.in/company/FIVESTAR/ ...
  Saved 16 concalls, 3 annual reports, 6 credit ratings for FIVESTAR
Fetching https://www.screener.in/company/FLAIR/ ...
  Saved 10 concalls, 2 annual reports, 0 credit ratings for FLAIR
Fetching https://www.screener.in/company/FLEXITUFF/ ...
  Saved 0 concalls, 15 annual reports, 6 credit ratings for FLEXITUFF
Fetching https://www.screener.in/company/FLYSBS/ ...
  Saved 1 concalls, 0 annual reports, 0 credit ratings for FLYSBS
Fetching https://www.screener.in/company/FWSTC/ ...
  Saved 0 concalls, 0 annual reports, 0 credit ratings for FWSTC
Fetching https://www.screener.in/company/FOCE/ ...
  Saved 0 concalls, 4 annual reports, 0 credit ratings for FOCE
Fetching https://www.screener.in/company/FOCUS/ ...
  Saved 13 concalls, 8 annual reports, 0 credit ratings for FOCUS
Fetching https://www.screener.in/company/FONEBOX/ ...
  Saved 1 concalls, 2 annual reports, 0 credit ratings for FONEBOX
Fetching https://www.screener.in/company/FOODSIN/ ...
  Saved 17 concalls, 15 annual reports, 6 credit ratings for FOODSIN
Fetching https://www.screener.in/company/FORCAS/ ...
  Saved 4 concalls, 1 annual reports, 1 credit ratings for FORCAS
Fetching https://www.screener.in/company/FORCEMOT/ ...
  Saved 2 concalls, 15 annual reports, 6 credit ratings for FORCEMOT
Fetching https://www.screener.in/company/FORGEAUTO/ ...
  Saved 0 concalls, 1 annual reports, 0 credit ratings for FORGEAUTO
Fetching https://www.screener.in/company/FORTIS/ ...
  Saved 40 concalls, 15 annual reports, 6 credit ratings for FORTIS
Fetching https://www.screener.in/company/FOSECOIND/ ...
  Saved 0 concalls, 15 annual reports, 0 credit ratings for FOSECOIND
Fetching https://www.screener.in/company/FRACTAL/ ...
  Saved 1 concalls, 0 annual reports, 0 credit ratings for FRACTAL
Fetching https://www.screener.in/company/FRESHARA/ ...
  Saved 4 concalls, 1 annual reports, 2 credit ratings for FRESHARA
Fetching https://www.screener.in/company/FROG/ ...
  Saved 11 concalls, 3 annual reports, 0 credit ratings for FROG
Fetching https://www.screener.in/company/UTLSOLAR/ ...
  Saved 3 concalls, 0 annual reports, 2 credit ratings for UTLSOLAR
Fetching https://www.screener.in/company/FUSION/ ...
  Saved 17 concalls, 3 annual reports, 6 credit ratings for FUSION
Fetching https://www.screener.in/company/FCONSUMER/ ...
  Saved 17 concalls, 15 annual reports, 6 credit ratings for FCONSUMER
Fetching https://www.screener.in/company/FEL/ ...
  Saved 1 concalls, 15 annual reports, 6 credit ratings for FEL
Fetching https://www.screener.in/company/FLFL/ ...
  Saved 27 concalls, 10 annual reports, 6 credit ratings for FLFL
Fetching https://www.screener.in/company/FMNL/ ...
  Saved 0 concalls, 15 annual reports, 6 credit ratings for FMNL
Fetching https://www.screener.in/company/FRETAIL/ ...
  Saved 18 concalls, 8 annual reports, 6 credit ratings for FRETAIL
Fetching https://www.screener.in/company/FSC/ ...
  Saved 13 concalls, 10 annual reports, 6 credit ratings for FSC
Fetching https://www.screener.in/company/GATECH/ ...
  Saved 0 concalls, 15 annual reports, 0 credit ratings for GATECH
Fetching https://www.screener.in/company/GAIL/ ...
  Saved 25 concalls, 15 annual reports, 6 credit ratings for GAIL
Fetching https://www.screener.in/company/GVPIL/ ...
  Saved 31 concalls, 15 annual reports, 6 credit ratings for GVPIL
Fetching https://www.screener.in/company/GVT&D/ ...
  Saved 53 concalls, 15 annual reports, 6 credit ratings for GVT&D
Fetching https://www.screener.in/company/GFLLIMITED/ ...
  Saved 20 concalls, 15 annual reports, 6 credit ratings for GFLLIMITED
Fetching https://www.screener.in/company/GHCL/ ...
  Saved 50 concalls, 15 annual reports, 6 credit ratings for GHCL
Fetching https://www.screener.in/company/GHCLTEXTIL/ ...
  Saved 11 concalls, 3 annual reports, 4 credit ratings for GHCLTEXTIL
Fetching https://www.screener.in/company/GICHSGFIN/ ...
  Saved 1 concalls, 15 annual reports, 6 credit ratings for GICHSGFIN
Fetching https://www.screener.in/company/GKENERGY/ ...
  Saved 3 concalls, 0 annual reports, 4 credit ratings for GKENERGY
Fetching https://www.screener.in/company/GKWLIMITED/ ...
  Saved 0 concalls, 15 annual reports, 0 credit ratings for GKWLIMITED
Fetching https://www.screener.in/company/GMBREW/ ...
  Saved 0 concalls, 15 annual reports, 0 credit ratings for GMBREW
Fetching https://www.screener.in/company/GMMPFAUDLR/ ...
  Saved 44 concalls, 15 annual reports, 6 credit ratings for GMMPFAUDLR
Fetching https://www.screener.in/company/GMRAIRPORT/ ...
  Saved 50 concalls, 15 annual reports, 6 credit ratings for GMRAIRPORT
Fetching https://www.screener.in/company/GMRP&UI/ ...
  Saved 18 concalls, 4 annual reports, 6 credit ratings for GMRP&UI
Fetching https://www.screener.in/company/GNA/ ...
  Saved 0 concalls, 9 annual reports, 6 credit ratings for GNA
Fetching https://www.screener.in/company/EBGNG/ ...
  Saved 3 concalls, 0 annual reports, 2 credit ratings for EBGNG
Fetching https://www.screener.in/company/GOCLCORP/ ...
  Saved 17 concalls, 15 annual reports, 6 credit ratings for GOCLCORP
Fetching https://www.screener.in/company/GPECO/ ...
  Saved 3 concalls, 2 annual reports, 1 credit ratings for GPECO
Fetching https://www.screener.in/company/GULFPETRO/ ...
  Saved 2 concalls, 15 annual reports, 6 credit ratings for GULFPETRO
Fetching https://www.screener.in/company/GPTHEALTH/ ...
  Saved 9 concalls, 2 annual reports, 6 credit ratings for GPTHEALTH
Fetching https://www.screener.in/company/GPTINFRA/ ...
  Saved 39 concalls, 15 annual reports, 6 credit ratings for GPTINFRA
Fetching https://www.screener.in/company/GRINFRA/ ...
  Saved 20 concalls, 5 annual reports, 6 credit ratings for GRINFRA
Fetching https://www.screener.in/company/GRMOVER/ ...
  Saved 19 concalls, 15 annual reports, 6 credit ratings for GRMOVER
Fetching https://www.screener.in/company/GRPLTD/ ...
  Saved 37 concalls, 15 annual reports, 6 credit ratings for GRPLTD
Fetching https://www.screener.in/company/GSMFOILS/ ...
  Saved 7 concalls, 2 annual reports, 0 credit ratings for GSMFOILS
Fetching https://www.screener.in/company/GSPCROP/ ...
  Saved 1 concalls, 0 annual reports, 6 credit ratings for GSPCROP
Fetching https://www.screener.in/company/GSS/ ...
  Saved 0 concalls, 15 annual reports, 6 credit ratings for GSS
Fetching https://www.screener.in/company/GTLINFRA/ ...
  Saved 0 concalls, 15 annual reports, 2 credit ratings for GTLINFRA
Fetching https://www.screener.in/company/GTL/ ...
  Saved 0 concalls, 15 annual reports, 0 credit ratings for GTL
Fetching https://www.screener.in/company/GTPL/ ...
  Saved 36 concalls, 9 annual reports, 6 credit ratings for GTPL
Fetching https://www.screener.in/company/GVKPIL/ ...
  Saved 0 concalls, 15 annual reports, 4 credit ratings for GVKPIL
Fetching https://www.screener.in/company/GVPTECH/ ...
  Saved 0 concalls, 9 annual reports, 6 credit ratings for GVPTECH
Fetching https://www.screener.in/company/GTECJAINX/ ...
  Saved 0 concalls, 5 annual reports, 0 credit ratings for GTECJAINX
Fetching https://www.screener.in/company/GABRIEL/ ...
  Saved 35 concalls, 15 annual reports, 6 credit ratings for GABRIEL
Fetching https://www.screener.in/company/GAJANAND/ ...
  Saved 0 concalls, 1 annual reports, 0 credit ratings for GAJANAND
Fetching https://www.screener.in/company/GALAPREC/ ...
  Saved 11 concalls, 1 annual reports, 3 credit ratings for GALAPREC
Fetching https://www.screener.in/company/GML/ ...
  Saved 0 concalls, 0 annual reports, 0 credit ratings for GML
Fetching https://www.screener.in/company/GALAXYSURF/ ...
  Saved 39 concalls, 15 annual reports, 6 credit ratings for GALAXYSURF
Fetching https://www.screener.in/company/GALLANTT/ ...
  Saved 2 concalls, 15 annual reports, 6 credit ratings for GALLANTT
Fetching https://www.screener.in/company/GAMMONIND/ ...
  Saved 0 concalls, 14 annual reports, 6 credit ratings for GAMMONIND
Fetching https://www.screener.in/company/GANDHAR/ ...
  Saved 12 concalls, 2 annual reports, 6 credit ratings for GANDHAR
Fetching https://www.screener.in/company/GANDHITUBE/ ...
  Saved 0 concalls, 15 annual reports, 1 credit ratings for GANDHITUBE
Fetching https://www.screener.in/company/GANESHBE/ ...
  Saved 18 concalls, 15 annual reports, 6 credit ratings for GANESHBE
Fetching https://www.screener.in/company/GANESHCP/ ...
  Saved 4 concalls, 1 annual reports, 1 credit ratings for GANESHCP
Fetching https://www.screener.in/company/GGBL/ ...
  Saved 6 concalls, 1 annual reports, 0 credit ratings for GGBL
Fetching https://www.screener.in/company/GANESHHOU/ ...
  Saved 19 concalls, 15 annual reports, 6 credit ratings for GANESHHOU
Fetching https://www.screener.in/company/GANESHIN/ ...
  Saved 8 concalls, 1 annual reports, 5 credit ratings for GANESHIN
Fetching https://www.screener.in/company/GANECOS/ ...
  Saved 33 concalls, 15 annual reports, 6 credit ratings for GANECOS
Fetching https://www.screener.in/company/GANGABATH/ ...
  Saved 0 concalls, 1 annual reports, 0 credit ratings for GANGABATH
Fetching https://www.screener.in/company/GANGAFORGE/ ...
  Saved 0 concalls, 5 annual reports, 0 credit ratings for GANGAFORGE
Fetching https://www.screener.in/company/GANGESSECU/ ...
  Saved 0 concalls, 9 annual reports, 0 credit ratings for GANGESSECU
Fetching https://www.screener.in/company/GANGOTRI/ ...
  Saved 0 concalls, 15 annual reports, 1 credit ratings for GANGOTRI
Fetching https://www.screener.in/company/GRSE/ ...
  Saved 17 concalls, 15 annual reports, 6 credit ratings for GRSE
Fetching https://www.screener.in/company/GARUDA/ ...
  Saved 1 concalls, 1 annual reports, 2 credit ratings for GARUDA
Fetching https://www.screener.in/company/GRWRHITECH/ ...
  Saved 23 concalls, 15 annual reports, 6 credit ratings for GRWRHITECH
Fetching https://www.screener.in/company/GARFIBRES/ ...
  Saved 14 concalls, 15 annual reports, 6 credit ratings for GARFIBRES
Fetching https://www.screener.in/company/GATEWAY/ ...
  Saved 20 concalls, 4 annual reports, 2 credit ratings for GATEWAY
Fetching https://www.screener.in/company/GAUDIUMIVF/ ...
  Saved 0 concalls, 1 annual reports, 0 credit ratings for GAUDIUMIVF
Fetching https://www.screener.in/company/GAYAHWS/ ...
  Saved 0 concalls, 9 annual reports, 0 credit ratings for GAYAHWS
Fetching https://www.screener.in/company/GAYAPROJ/ ...
  Saved 22 concalls, 15 annual reports, 6 credit ratings for GAYAPROJ
Fetching https://www.screener.in/company/GRCL/ ...
  Saved 1 concalls, 3 annual reports, 0 credit ratings for GRCL
Fetching https://www.screener.in/company/GBGLOBAL/ ...
  Saved 0 concalls, 12 annual reports, 5 credit ratings for GBGLOBAL
Fetching https://www.screener.in/company/GEECEE/ ...
  Saved 0 concalls, 15 annual reports, 0 credit ratings for GEECEE
Fetching https://www.screener.in/company/GEEKAYWIRE/ ...
  Saved 0 concalls, 7 annual reports, 0 credit ratings for GEEKAYWIRE
Fetching https://www.screener.in/company/GEMAROMA/ ...
  Saved 2 concalls, 0 annual reports, 0 credit ratings for GEMAROMA
Fetching https://www.screener.in/company/GICRE/ ...
  Saved 37 concalls, 15 annual reports, 6 credit ratings for GICRE
Fetching https://www.screener.in/company/GENCON/ ...
  Saved 6 concalls, 14 annual reports, 6 credit ratings for GENCON
Fetching https://www.screener.in/company/GENESYS/ ...
  Saved 1 concalls, 15 annual reports, 6 credit ratings for GENESYS
Fetching https://www.screener.in/company/GENSOL/ ...
  Saved 11 concalls, 5 annual reports, 6 credit ratings for GENSOL
Fetching https://www.screener.in/company/GENUSPAPER/ ...
  Saved 5 concalls, 12 annual reports, 6 credit ratings for GENUSPAPER
Fetching https://www.screener.in/company/GENUSPOWER/ ...
  Saved 41 concalls, 15 annual reports, 6 credit ratings for GENUSPOWER
Fetching https://www.screener.in/company/GEOJITFSL/ ...
  Saved 39 concalls, 15 annual reports, 6 credit ratings for GEOJITFSL
Fetching https://www.screener.in/company/GILLANDERS/ ...
  Saved 0 concalls, 15 annual reports, 6 credit ratings for GILLANDERS
Fetching https://www.screener.in/company/GILLETTE/ ...
  Saved 4 concalls, 15 annual reports, 0 credit ratings for GILLETTE
Fetching https://www.screener.in/company/GINNIFILA/ ...
  Saved 0 concalls, 15 annual reports, 6 credit ratings for GINNIFILA
Fetching https://www.screener.in/company/GIRRESORTS/ ...
  Saved 0 concalls, 0 annual reports, 0 credit ratings for GIRRESORTS
Fetching https://www.screener.in/company/GIRIRAJ/ ...
  Saved 0 concalls, 8 annual reports, 1 credit ratings for GIRIRAJ
Fetching https://www.screener.in/company/ASIL/ ...
  Saved 0 concalls, 14 annual reports, 0 credit ratings for ASIL
Fetching https://www.screener.in/company/GITANJALI/ ...
  Saved 0 concalls, 10 annual reports, 0 credit ratings for GITANJALI
Fetching https://www.screener.in/company/GLAND/ ...
  Saved 24 concalls, 5 annual reports, 4 credit ratings for GLAND
Fetching https://www.screener.in/company/GLAXO/ ...
  Saved 14 concalls, 15 annual reports, 0 credit ratings for GLAXO
Fetching https://www.screener.in/company/GLENMARK/ ...
  Saved 29 concalls, 15 annual reports, 6 credit ratings for GLENMARK
Fetching https://www.screener.in/company/GLOBAL/ ...
  Saved 0 concalls, 5 annual reports, 0 credit ratings for GLOBAL
Fetching https://www.screener.in/company/MEDANTA/ ...
  Saved 16 concalls, 3 annual reports, 6 credit ratings for MEDANTA
Fetching https://www.screener.in/company/GLOBALPET/ ...
  Saved 0 concalls, 3 annual reports, 0 credit ratings for GLOBALPET
Fetching https://www.screener.in/company/GSLSU/ ...
  Saved 6 concalls, 3 annual reports, 0 credit ratings for GSLSU
Fetching https://www.screener.in/company/GLOBALVECT/ ...
  Saved 0 concalls, 15 annual reports, 6 credit ratings for GLOBALVECT
Fetching https://www.screener.in/company/GLOBALE/ ...
  Saved 0 concalls, 2 annual reports, 0 credit ratings for GLOBALE
Fetching https://www.screener.in/company/GLOBECIVIL/ ...
  Saved 4 concalls, 1 annual reports, 4 credit ratings for GLOBECIVIL
Fetching https://www.screener.in/company/GLOBE/ ...
  Saved 1 concalls, 5 annual reports, 6 credit ratings for GLOBE
Fetching https://www.screener.in/company/GICL/ ...
  Saved 0 concalls, 9 annual reports, 0 credit ratings for GICL
Fetching https://www.screener.in/company/GSTL/ ...
  Saved 0 concalls, 4 annual reports, 0 credit ratings for GSTL
Fetching https://www.screener.in/company/GLOBUSSPR/ ...
  Saved 53 concalls, 15 annual reports, 6 credit ratings for GLOBUSSPR
Fetching https://www.screener.in/company/GLOSTERLTD/ ...
  Saved 0 concalls, 15 annual reports, 6 credit ratings for GLOSTERLTD
Fetching https://www.screener.in/company/GLOTTIS/ ...
  Saved 3 concalls, 0 annual reports, 6 credit ratings for GLOTTIS
Fetching https://www.screener.in/company/GODIGIT/ ...
  Saved 13 concalls, 2 annual reports, 6 credit ratings for GODIGIT
Fetching https://www.screener.in/company/GOCOLORS/ ...
  Saved 20 concalls, 5 annual reports, 6 credit ratings for GOCOLORS
Fetching https://www.screener.in/company/GOACARBON/ ...
  Saved 0 concalls, 15 annual reports, 6 credit ratings for GOACARBON
Fetching https://www.screener.in/company/GODAVARIB/ ...
  Saved 7 concalls, 6 annual reports, 6 credit ratings for GODAVARIB
Fetching https://www.screener.in/company/GPIL/ ...
  Saved 41 concalls, 15 annual reports, 6 credit ratings for GPIL
Fetching https://www.screener.in/company/GODFRYPHLP/ ...
  Saved 32 concalls, 15 annual reports, 6 credit ratings for GODFRYPHLP
Fetching https://www.screener.in/company/GODREJAGRO/ ...
  Saved 54 concalls, 8 annual reports, 6 credit ratings for GODREJAGRO
Fetching https://www.screener.in/company/GODREJCP/ ...
  Saved 54 concalls, 15 annual reports, 6 credit ratings for GODREJCP
Fetching https://www.screener.in/company/GODREJIND/ ...
  Saved 41 concalls, 15 annual reports, 6 credit ratings for GODREJIND
Fetching https://www.screener.in/company/GODREJPROP/ ...
  Saved 48 concalls, 15 annual reports, 6 credit ratings for GODREJPROP
Fetching https://www.screener.in/company/GOENKA/ ...
  Saved 0 concalls, 15 annual reports, 0 credit ratings for GOENKA
Fetching https://www.screener.in/company/GOKEX/ ...
  Saved 24 concalls, 15 annual reports, 6 credit ratings for GOKEX
Fetching https://www.screener.in/company/GOKULAGRO/ ...
  Saved 2 concalls, 11 annual reports, 6 credit ratings for GOKULAGRO
Fetching https://www.screener.in/company/GOKUL/ ...
  Saved 0 concalls, 15 annual reports, 6 credit ratings for GOKUL
Fetching https://www.screener.in/company/GOLDENTOBC/ ...
  Saved 0 concalls, 15 annual reports, 6 credit ratings for GOLDENTOBC
Fetching https://www.screener.in/company/GOLDIAM/ ...
  Saved 21 concalls, 15 annual reports, 0 credit ratings for GOLDIAM
Fetching https://www.screener.in/company/GOLDKART/ ...
  Saved 0 concalls, 6 annual reports, 6 credit ratings for GOLDKART
Fetching https://www.screener.in/company/GOLDSTAR/ ...
  Saved 0 concalls, 8 annual reports, 6 credit ratings for GOLDSTAR
Fetching https://www.screener.in/company/GOODLUCK/ ...
  Saved 25 concalls, 15 annual reports, 6 credit ratings for GOODLUCK
Fetching https://www.screener.in/company/GOODYEAR/ ...
  Saved 0 concalls, 15 annual reports, 0 credit ratings for GOODYEAR
Fetching https://www.screener.in/company/GOPAL/ ...
  Saved 9 concalls, 5 annual reports, 5 credit ratings for GOPAL
Fetching https://www.screener.in/company/GOYALALUM/ ...
  Saved 0 concalls, 8 annual reports, 0 credit ratings for GOYALALUM
Fetching https://www.screener.in/company/GOYALSALT/ ...
  Saved 0 concalls, 2 annual reports, 1 credit ratings for GOYALSALT
Fetching https://www.screener.in/company/GCHOTELS/ ...
  Saved 4 concalls, 1 annual reports, 0 credit ratings for GCHOTELS
Fetching https://www.screener.in/company/GFSTEELS/ ...
  Saved 0 concalls, 15 annual reports, 0 credit ratings for GFSTEELS
Fetching https://www.screener.in/company/GRANULES/ ...
  Saved 46 concalls, 15 annual reports, 6 credit ratings for GRANULES
Fetching https://www.screener.in/company/GRAPHISAD/ ...
  Saved 1 concalls, 2 annual reports, 0 credit ratings for GRAPHISAD
Fetching https://www.screener.in/company/GRAPHITE/ ...
  Saved 44 concalls, 15 annual reports, 6 credit ratings for GRAPHITE
Fetching https://www.screener.in/company/GRASIM/ ...
  Saved 46 concalls, 15 annual reports, 6 credit ratings for GRASIM
Fetching https://www.screener.in/company/GRAUWEIL/ ...
  Saved 0 concalls, 15 annual reports, 6 credit ratings for GRAUWEIL
Fetching https://www.screener.in/company/GRAVITA/ ...
  Saved 38 concalls, 15 annual reports, 6 credit ratings for GRAVITA
Fetching https://www.screener.in/company/GESHIP/ ...
  Saved 59 concalls, 15 annual reports, 6 credit ratings for GESHIP
Fetching https://www.screener.in/company/GREAVESCOT/ ...
  Saved 58 concalls, 15 annual reports, 6 credit ratings for GREAVESCOT
Fetching https://www.screener.in/company/GREENCHEF/ ...
  Saved 0 concalls, 3 annual reports, 6 credit ratings for GREENCHEF
Fetching https://www.screener.in/company/GREENLAM/ ...
  Saved 49 concalls, 11 annual reports, 6 credit ratings for GREENLAM
Fetching https://www.screener.in/company/GREENLEAF/ ...
  Saved 0 concalls, 0 annual reports, 0 credit ratings for GREENLEAF
Fetching https://www.screener.in/company/GREENPANEL/ ...
  Saved 27 concalls, 6 annual reports, 6 credit ratings for GREENPANEL
Fetching https://www.screener.in/company/GREENPLY/ ...
  Saved 45 concalls, 15 annual reports, 6 credit ratings for GREENPLY
Fetching https://www.screener.in/company/GCSL/ ...
  Saved 3 concalls, 5 annual reports, 0 credit ratings for GCSL
Fetching https://www.screener.in/company/GRETEX/ ...
  Saved 0 concalls, 9 annual reports, 0 credit ratings for GRETEX
Fetching https://www.screener.in/company/BIRDYS/ ...
  Saved 0 concalls, 2 annual reports, 0 credit ratings for BIRDYS
Fetching https://www.screener.in/company/GRINDWELL/ ...
  Saved 10 concalls, 15 annual reports, 1 credit ratings for GRINDWELL
Fetching https://www.screener.in/company/GROBTEA/ ...
  Saved 0 concalls, 10 annual reports, 6 credit ratings for GROBTEA
Fetching https://www.screener.in/company/GJL/ ...
  Saved 0 concalls, 0 annual reports, 0 credit ratings for GJL
Fetching https://www.screener.in/company/GUFICBIO/ ...
  Saved 23 concalls, 15 annual reports, 6 credit ratings for GUFICBIO
Fetching https://www.screener.in/company/GUJALKALI/ ...
  Saved 23 concalls, 15 annual reports, 6 credit ratings for GUJALKALI
Fetching https://www.screener.in/company/GAEL/ ...
  Saved 0 concalls, 15 annual reports, 6 credit ratings for GAEL
Fetching https://www.screener.in/company/GUJAPOLLO/ ...
  Saved 1 concalls, 15 annual reports, 1 credit ratings for GUJAPOLLO
Fetching https://www.screener.in/company/FLUOROCHEM/ ...
  Saved 26 concalls, 6 annual reports, 6 credit ratings for FLUOROCHEM
Fetching https://www.screener.in/company/GUJGASLTD/ ...
  Saved 14 concalls, 11 annual reports, 6 credit ratings for GUJGASLTD
Fetching https://www.screener.in/company/GIPCL/ ...
  Saved 6 concalls, 15 annual reports, 6 credit ratings for GIPCL
Fetching https://www.screener.in/company/GKSL/ ...
  Saved 0 concalls, 0 annual reports, 0 credit ratings for GKSL
Fetching https://www.screener.in/company/GLFL/ ...
  Saved 0 concalls, 15 annual reports, 0 credit ratings for GLFL
Fetching https://www.screener.in/company/GMDCLTD/ ...
  Saved 12 concalls, 15 annual reports, 5 credit ratings for GMDCLTD
Fetching https://www.screener.in/company/GNFC/ ...
  Saved 23 concalls, 15 annual reports, 6 credit ratings for GNFC
Fetching https://www.screener.in/company/GPPL/ ...
  Saved 44 concalls, 15 annual reports, 6 credit ratings for GPPL
Fetching https://www.screener.in/company/GUJRAFFIA/ ...
  Saved 0 concalls, 15 annual reports, 6 credit ratings for GUJRAFFIA
Fetching https://www.screener.in/company/GSFC/ ...
  Saved 20 concalls, 15 annual reports, 6 credit ratings for GSFC
Fetching https://www.screener.in/company/GSPL/ ...
  Saved 11 concalls, 15 annual reports, 6 credit ratings for GSPL
Fetching https://www.screener.in/company/GUJTHEM/ ...
  Saved 20 concalls, 15 annual reports, 6 credit ratings for GUJTHEM
Fetching https://www.screener.in/company/GULFOILLUB/ ...
  Saved 35 concalls, 11 annual reports, 6 credit ratings for GULFOILLUB
Fetching https://www.screener.in/company/GULPOLY/ ...
  Saved 12 concalls, 15 annual reports, 6 credit ratings for GULPOLY
Fetching https://www.screener.in/company/GURUNANAK/ ...
  Saved 1 concalls, 0 annual reports, 0 credit ratings for GURUNANAK
Fetching https://www.screener.in/company/HBLENGINE/ ...
  Saved 3 concalls, 15 annual reports, 6 credit ratings for HBLENGINE
Fetching https://www.screener.in/company/HBSL/ ...
  Saved 0 concalls, 15 annual reports, 0 credit ratings for HBSL
Fetching https://www.screener.in/company/HCL-INSYS/ ...
  Saved 4 concalls, 15 annual reports, 6 credit ratings for HCL-INSYS
Fetching https://www.screener.in/company/HCLTECH/ ...
  Saved 48 concalls, 15 annual reports, 6 credit ratings for HCLTECH
Fetching https://www.screener.in/company/HDBFS/ ...
  Saved 4 concalls, 0 annual reports, 6 credit ratings for HDBFS
Fetching https://www.screener.in/company/HDFCAMC/ ...
  Saved 39 concalls, 11 annual reports, 6 credit ratings for HDFCAMC
  Skipping HDFCBANK (already in CSV)
Fetching https://www.screener.in/company/HDFCLIFE/ ...
  Saved 20 concalls, 14 annual reports, 6 credit ratings for HDFCLIFE
Fetching https://www.screener.in/company/HEG/ ...
  Saved 63 concalls, 15 annual reports, 6 credit ratings for HEG
Fetching https://www.screener.in/company/HFCL/ ...
  Saved 39 concalls, 15 annual reports, 6 credit ratings for HFCL
Fetching https://www.screener.in/company/HGINFRA/ ...
  Saved 36 concalls, 9 annual reports, 6 credit ratings for HGINFRA
Fetching https://www.screener.in/company/HLEGLAS/ ...
  Saved 25 concalls, 15 annual reports, 6 credit ratings for HLEGLAS
Fetching https://www.screener.in/company/HLVLTD/ ...
  Saved 1 concalls, 15 annual reports, 0 credit ratings for HLVLTD
Fetching https://www.screener.in/company/HMAAGRO/ ...
  Saved 11 concalls, 3 annual reports, 6 credit ratings for HMAAGRO
Fetching https://www.screener.in/company/HMT/ ...
  Saved 0 concalls, 15 annual reports, 2 credit ratings for HMT
Fetching https://www.screener.in/company/HPAL/ ...
  Saved 1 concalls, 5 annual reports, 6 credit ratings for HPAL
Fetching https://www.screener.in/company/HPL/ ...
  Saved 44 concalls, 10 annual reports, 6 credit ratings for HPL
Fetching https://www.screener.in/company/HPTL/ ...
  Saved 0 concalls, 1 annual reports, 4 credit ratings for HPTL
Fetching https://www.screener.in/company/HRHNEXT/ ...
  Saved 3 concalls, 2 annual reports, 0 credit ratings for HRHNEXT
Fetching https://www.screener.in/company/HTMEDIA/ ...
  Saved 44 concalls, 15 annual reports, 6 credit ratings for HTMEDIA
Fetching https://www.screener.in/company/HALDER/ ...
  Saved 0 concalls, 13 annual reports, 6 credit ratings for HALDER
Fetching https://www.screener.in/company/HALEOSLABS/ ...
  Saved 1 concalls, 9 annual reports, 6 credit ratings for HALEOSLABS
Fetching https://www.screener.in/company/HGM/ ...
  Saved 0 concalls, 15 annual reports, 0 credit ratings for HGM
Fetching https://www.screener.in/company/HAPPSTMNDS/ ...
  Saved 31 concalls, 5 annual reports, 6 credit ratings for HAPPSTMNDS
Fetching https://www.screener.in/company/HAPPYFORGE/ ...
  Saved 12 concalls, 2 annual reports, 6 credit ratings for HAPPYFORGE
Fetching https://www.screener.in/company/WHITEFORCE/ ...
  Saved 1 concalls, 1 annual reports, 0 credit ratings for WHITEFORCE
Fetching https://www.screener.in/company/HARDWYN/ ...
  Saved 0 concalls, 8 annual reports, 0 credit ratings for HARDWYN
Fetching https://www.screener.in/company/HARIOMPIPE/ ...
  Saved 16 concalls, 5 annual reports, 6 credit ratings for HARIOMPIPE
Fetching https://www.screener.in/company/HARRMALAYA/ ...
  Saved 0 concalls, 15 annual reports, 6 credit ratings for HARRMALAYA
Fetching https://www.screener.in/company/HARSHA/ ...
  Saved 14 concalls, 3 annual reports, 6 credit ratings for HARSHA
Fetching https://www.screener.in/company/HATHWAY/ ...
  Saved 21 concalls, 15 annual reports, 6 credit ratings for HATHWAY
Fetching https://www.screener.in/company/HATSUN/ ...
  Saved 10 concalls, 15 annual reports, 6 credit ratings for HATSUN
Fetching https://www.screener.in/company/HAVELLS/ ...
  Saved 62 concalls, 15 annual reports, 6 credit ratings for HAVELLS
Fetching https://www.screener.in/company/HEADSUP/ ...
  Saved 4 concalls, 9 annual reports, 0 credit ratings for HEADSUP
Fetching https://www.screener.in/company/HCG/ ...
  Saved 50 concalls, 10 annual reports, 6 credit ratings for HCG
Fetching https://www.screener.in/company/HECPROJECT/ ...
  Saved 4 concalls, 10 annual reports, 6 credit ratings for HECPROJECT
Fetching https://www.screener.in/company/HEIDELBERG/ ...
  Saved 39 concalls, 15 annual reports, 6 credit ratings for HEIDELBERG
Fetching https://www.screener.in/company/HEMIPROP/ ...
  Saved 0 concalls, 6 annual reports, 0 credit ratings for HEMIPROP
Fetching https://www.screener.in/company/HERANBA/ ...
  Saved 19 concalls, 5 annual reports, 6 credit ratings for HERANBA
Fetching https://www.screener.in/company/HERITGFOOD/ ...
  Saved 35 concalls, 15 annual reports, 6 credit ratings for HERITGFOOD
Fetching https://www.screener.in/company/HEROMOTOCO/ ...
  Saved 39 concalls, 15 annual reports, 6 credit ratings for HEROMOTOCO
Fetching https://www.screener.in/company/HESTERBIO/ ...
  Saved 39 concalls, 15 annual reports, 6 credit ratings for HESTERBIO
Fetching https://www.screener.in/company/HEXATRADEX/ ...
  Saved 0 concalls, 15 annual reports, 0 credit ratings for HEXATRADEX
Fetching https://www.screener.in/company/HEXT/ ...
  Saved 23 concalls, 15 annual reports, 0 credit ratings for HEXT
Fetching https://www.screener.in/company/HIGREEN/ ...
  Saved 2 concalls, 2 annual reports, 4 credit ratings for HIGREEN
Fetching https://www.screener.in/company/HITECHGEAR/ ...
  Saved 15 concalls, 15 annual reports, 6 credit ratings for HITECHGEAR
Fetching https://www.screener.in/company/HITECH/ ...
  Saved 20 concalls, 9 annual reports, 6 credit ratings for HITECH
Fetching https://www.screener.in/company/HILINFRA/ ...
  Saved 2 concalls, 0 annual reports, 6 credit ratings for HILINFRA
Fetching https://www.screener.in/company/HIGHWAYS/ ...
  ERROR for HIGHWAYS: HTTP 404 for https://www.screener.in/company/HIGHWAYS/
Fetching https://www.screener.in/company/HIKAL/ ...
  Saved 33 concalls, 15 annual reports, 6 credit ratings for HIKAL
Fetching https://www.screener.in/company/HILTON/ ...
  Saved 0 concalls, 15 annual reports, 6 credit ratings for HILTON
Fetching https://www.screener.in/company/HSCL/ ...
  Saved 47 concalls, 15 annual reports, 6 credit ratings for HSCL
Fetching https://www.screener.in/company/HIMATSEIDE/ ...
  Saved 46 concalls, 15 annual reports, 6 credit ratings for HIMATSEIDE
Fetching https://www.screener.in/company/HIRECT/ ...
  Saved 5 concalls, 15 annual reports, 6 credit ratings for HIRECT
Fetching https://www.screener.in/company/HINDALCO/ ...
  Saved 94 concalls, 15 annual reports, 6 credit ratings for HINDALCO
Fetching https://www.screener.in/company/HINDCON/ ...
  Saved 0 concalls, 4 annual reports, 0 credit ratings for HINDCON
Fetching https://www.screener.in/company/HPIL/ ...
  Saved 0 concalls, 6 annual reports, 2 credit ratings for HPIL
Fetching https://www.screener.in/company/HGS/ ...
  Saved 60 concalls, 15 annual reports, 6 credit ratings for HGS
Fetching https://www.screener.in/company/HAL/ ...
  Saved 15 concalls, 15 annual reports, 6 credit ratings for HAL
Fetching https://www.screener.in/company/HINDCOMPOS/ ...
  Saved 0 concalls, 15 annual reports, 6 credit ratings for HINDCOMPOS
Fetching https://www.screener.in/company/HCC/ ...
  Saved 38 concalls, 15 annual reports, 6 credit ratings for HCC
Fetching https://www.screener.in/company/HINDCOPPER/ ...
  Saved 6 concalls, 15 annual reports, 6 credit ratings for HINDCOPPER
Fetching https://www.screener.in/company/HNDFDS/ ...
  Saved 33 concalls, 15 annual reports, 6 credit ratings for HNDFDS
Fetching https://www.screener.in/company/HMVL/ ...
  Saved 40 concalls, 15 annual reports, 6 credit ratings for HMVL
Fetching https://www.screener.in/company/HINDMOTORS/ ...
  Saved 0 concalls, 15 annual reports, 0 credit ratings for HINDMOTORS
Fetching https://www.screener.in/company/HINDOILEXP/ ...
  Saved 55 concalls, 15 annual reports, 3 credit ratings for HINDOILEXP
Fetching https://www.screener.in/company/HINDPETRO/ ...
  Saved 18 concalls, 15 annual reports, 6 credit ratings for HINDPETRO
Fetching https://www.screener.in/company/HINDUNILVR/ ...
  Saved 80 concalls, 15 annual reports, 6 credit ratings for HINDUNILVR
Fetching https://www.screener.in/company/HINDZINC/ ...
  Saved 36 concalls, 15 annual reports, 6 credit ratings for HINDZINC
Fetching https://www.screener.in/company/HINDWAREAP/ ...
  Saved 25 concalls, 6 annual reports, 6 credit ratings for HINDWAREAP
Fetching https://www.screener.in/company/HISARMETAL/ ...
  Saved 0 concalls, 15 annual reports, 6 credit ratings for HISARMETAL
Fetching https://www.screener.in/company/POWERINDIA/ ...
  Saved 33 concalls, 6 annual reports, 6 credit ratings for POWERINDIA
Fetching https://www.screener.in/company/HITECHCORP/ ...
  Saved 0 concalls, 15 annual reports, 6 credit ratings for HITECHCORP
Fetching https://www.screener.in/company/HOACFOODS/ ...
  Saved 4 concalls, 2 annual reports, 0 credit ratings for HOACFOODS
Fetching https://www.screener.in/company/HOLMARC/ ...
  Saved 0 concalls, 5 annual reports, 0 credit ratings for HOLMARC
Fetching https://www.screener.in/company/HOMEFIRST/ ...
  Saved 23 concalls, 5 annual reports, 6 credit ratings for HOMEFIRST
Fetching https://www.screener.in/company/HOMESFY/ ...
  Saved 2 concalls, 3 annual reports, 0 credit ratings for HOMESFY
Fetching https://www.screener.in/company/HONASA/ ...
  Saved 10 concalls, 2 annual reports, 0 credit ratings for HONASA
Fetching https://www.screener.in/company/HONDAPOWER/ ...
  Saved 0 concalls, 15 annual reports, 0 credit ratings for HONDAPOWER
Fetching https://www.screener.in/company/HONAUT/ ...
  Saved 7 concalls, 15 annual reports, 0 credit ratings for HONAUT
Fetching https://www.screener.in/company/HUDCO/ ...
  Saved 43 concalls, 15 annual reports, 6 credit ratings for HUDCO
Fetching https://www.screener.in/company/HDIL/ ...
  Saved 0 concalls, 14 annual reports, 0 credit ratings for HDIL
Fetching https://www.screener.in/company/HUBTOWN/ ...
  Saved 4 concalls, 15 annual reports, 5 credit ratings for HUBTOWN
Fetching https://www.screener.in/company/HUHTAMAKI/ ...
  Saved 27 concalls, 15 annual reports, 6 credit ratings for HUHTAMAKI
Fetching https://www.screener.in/company/HVAX/ ...
  Saved 3 concalls, 1 annual reports, 0 credit ratings for HVAX
Fetching https://www.screener.in/company/HYBRIDFIN/ ...
  Saved 0 concalls, 15 annual reports, 0 credit ratings for HYBRIDFIN
Fetching https://www.screener.in/company/HYUNDAI/ ...
  Saved 7 concalls, 1 annual reports, 6 credit ratings for HYUNDAI
Fetching https://www.screener.in/company/IBLFL/ ...
  Saved 0 concalls, 2 annual reports, 1 credit ratings for IBLFL
Fetching https://www.screener.in/company/ICDSLTD/ ...
  Saved 0 concalls, 15 annual reports, 0 credit ratings for ICDSLTD
Fetching https://www.screener.in/company/ICICIBANK/ ...
  Saved 47 concalls, 15 annual reports, 6 credit ratings for ICICIBANK
Fetching https://www.screener.in/company/ICICIGI/ ...
  Saved 46 concalls, 15 annual reports, 6 credit ratings for ICICIGI
Fetching https://www.screener.in/company/ICICIAMC/ ...
  Saved 3 concalls, 0 annual reports, 6 credit ratings for ICICIAMC
Fetching https://www.screener.in/company/ICICIPRULI/ ...
  Saved 117 concalls, 14 annual reports, 6 credit ratings for ICICIPRULI
Fetching https://www.screener.in/company/ICRA/ ...
  Saved 46 concalls, 15 annual reports, 0 credit ratings for ICRA
Fetching https://www.screener.in/company/ICSA/ ...
  Saved 0 concalls, 10 annual reports, 0 credit ratings for ICSA
Fetching https://www.screener.in/company/IDBI/ ...
  Saved 25 concalls, 15 annual reports, 6 credit ratings for IDBI
Fetching https://www.screener.in/company/IDFCFIRSTB/ ...
  Saved 46 concalls, 11 annual reports, 6 credit ratings for IDFCFIRSTB
Fetching https://www.screener.in/company/IFBAGRO/ ...
  Saved 0 concalls, 15 annual reports, 4 credit ratings for IFBAGRO
Fetching https://www.screener.in/company/IFBIND/ ...
  Saved 40 concalls, 15 annual reports, 6 credit ratings for IFBIND
Fetching https://www.screener.in/company/IFCI/ ...
  Saved 0 concalls, 15 annual reports, 6 credit ratings for IFCI
Fetching https://www.screener.in/company/IFGLEXPOR/ ...
  Saved 37 concalls, 15 annual reports, 6 credit ratings for IFGLEXPOR
Fetching https://www.screener.in/company/IGPL/ ...
  Saved 40 concalls, 15 annual reports, 6 credit ratings for IGPL
Fetching https://www.screener.in/company/IIFLCAPS/ ...
  Saved 27 concalls, 7 annual reports, 6 credit ratings for IIFLCAPS
Fetching https://www.screener.in/company/IIFL/ ...
  Saved 50 concalls, 15 annual reports, 6 credit ratings for IIFL
Fetching https://www.screener.in/company/IL&FSENGG/ ...
  Saved 0 concalls, 15 annual reports, 6 credit ratings for IL&FSENGG
Fetching https://www.screener.in/company/IVC/ ...
  Saved 0 concalls, 15 annual reports, 0 credit ratings for IVC
Fetching https://www.screener.in/company/IL&FSTRANS/ ...
  Saved 10 concalls, 11 annual reports, 6 credit ratings for IL&FSTRANS
Fetching https://www.screener.in/company/INDLMETER/ ...
  Saved 0 concalls, 15 annual reports, 6 credit ratings for INDLMETER
Fetching https://www.screener.in/company/IOLCP/ ...
  Saved 24 concalls, 15 annual reports, 6 credit ratings for IOLCP
Fetching https://www.screener.in/company/IRB/ ...
  Saved 26 concalls, 15 annual reports, 6 credit ratings for IRB
Fetching https://www.screener.in/company/IRBIT/ ...
  Saved 16 concalls, 0 annual reports, 6 credit ratings for IRBIT
Fetching https://www.screener.in/company/IRBINVIT/ ...
  Saved 25 concalls, 5 annual reports, 6 credit ratings for IRBINVIT
Fetching https://www.screener.in/company/IRISDOREME/ ...
  Saved 27 concalls, 5 annual reports, 6 credit ratings for IRISDOREME
Fetching https://www.screener.in/company/IRMENERGY/ ...
  Saved 10 concalls, 2 annual reports, 6 credit ratings for IRMENERGY
Fetching https://www.screener.in/company/ITCHOTELS/ ...
  Saved 5 concalls, 1 annual reports, 2 credit ratings for ITCHOTELS
Fetching https://www.screener.in/company/ITC/ ...
  Saved 35 concalls, 15 annual reports, 6 credit ratings for ITC
Fetching https://www.screener.in/company/ITI/ ...
  Saved 2 concalls, 15 annual reports, 6 credit ratings for ITI
Fetching https://www.screener.in/company/IVP/ ...
  Saved 8 concalls, 15 annual reports, 6 credit ratings for IVP
Fetching https://www.screener.in/company/IVRCLINFRA/ ...
  Saved 0 concalls, 13 annual reports, 6 credit ratings for IVRCLINFRA
Fetching https://www.screener.in/company/ICEMAKE/ ...
  Saved 39 concalls, 5 annual reports, 6 credit ratings for ICEMAKE
Fetching https://www.screener.in/company/IDEAFORGE/ ...
  Saved 13 concalls, 2 annual reports, 6 credit ratings for IDEAFORGE
Fetching https://www.screener.in/company/IDEALTECHO/ ...
  Saved 0 concalls, 1 annual reports, 0 credit ratings for IDEALTECHO
Fetching https://www.screener.in/company/IDENTICAL/ ...
  Saved 0 concalls, 1 annual reports, 0 credit ratings for IDENTICAL
Fetching https://www.screener.in/company/IGARASHI/ ...
  Saved 4 concalls, 15 annual reports, 6 credit ratings for IGARASHI
Fetching https://www.screener.in/company/IKIO/ ...
  Saved 15 concalls, 3 annual reports, 5 credit ratings for IKIO
Fetching https://www.screener.in/company/IMAGICAA/ ...
  Saved 21 concalls, 11 annual reports, 6 credit ratings for IMAGICAA
Fetching https://www.screener.in/company/IMPEXFERRO/ ...
  Saved 0 concalls, 15 annual reports, 2 credit ratings for IMPEXFERRO
Fetching https://www.screener.in/company/INCREDIBLE/ ...
  Saved 0 concalls, 15 annual reports, 6 credit ratings for INCREDIBLE
Fetching https://www.screener.in/company/INDSWFTLAB/ ...
  Saved 4 concalls, 15 annual reports, 6 credit ratings for INDSWFTLAB
Fetching https://www.screener.in/company/INDBANK/ ...
  Saved 0 concalls, 15 annual reports, 0 credit ratings for INDBANK
Fetching https://www.screener.in/company/BAJAJINDEF/ ...
  Saved 0 concalls, 1 annual reports, 0 credit ratings for BAJAJINDEF
Fetching https://www.screener.in/company/INDGN/ ...
  Saved 12 concalls, 2 annual reports, 0 credit ratings for INDGN
Fetching https://www.screener.in/company/INDIACEM/ ...
  Saved 15 concalls, 15 annual reports, 6 credit ratings for INDIACEM
Fetching https://www.screener.in/company/INDIAGLYCO/ ...
  Saved 21 concalls, 15 annual reports, 6 credit ratings for INDIAGLYCO
Fetching https://www.screener.in/company/IMPAL/ ...
  Saved 0 concalls, 15 annual reports, 6 credit ratings for IMPAL
Fetching https://www.screener.in/company/INDNIPPON/ ...
  Saved 15 concalls, 15 annual reports, 0 credit ratings for INDNIPPON
Fetching https://www.screener.in/company/IPL/ ...
  Saved 23 concalls, 4 annual reports, 6 credit ratings for IPL
Fetching https://www.screener.in/company/DPSCLTD/ ...
  Saved 0 concalls, 15 annual reports, 6 credit ratings for DPSCLTD
Fetching https://www.screener.in/company/INDIASHLTR/ ...
  Saved 10 concalls, 3 annual reports, 6 credit ratings for INDIASHLTR
Fetching https://www.screener.in/company/ITDC/ ...
  Saved 0 concalls, 15 annual reports, 2 credit ratings for ITDC
Fetching https://www.screener.in/company/IBULLSLTD/ ...
  Saved 1 concalls, 15 annual reports, 0 credit ratings for IBULLSLTD
Fetching https://www.screener.in/company/INDIAMART/ ...
  Saved 32 concalls, 7 annual reports, 0 credit ratings for INDIAMART
Fetching https://www.screener.in/company/INDIANB/ ...
  Saved 28 concalls, 15 annual reports, 6 credit ratings for INDIANB
Fetching https://www.screener.in/company/INDIANCARD/ ...
  Saved 0 concalls, 15 annual reports, 6 credit ratings for INDIANCARD
Fetching https://www.screener.in/company/IEML/ ...
  Saved 3 concalls, 2 annual reports, 0 credit ratings for IEML
Fetching https://www.screener.in/company/IEX/ ...
  Saved 60 concalls, 9 annual reports, 0 credit ratings for IEX
Fetching https://www.screener.in/company/INDHOTEL/ ...
  Saved 58 concalls, 15 annual reports, 6 credit ratings for INDHOTEL
Fetching https://www.screener.in/company/INDIANHUME/ ...
  Saved 0 concalls, 15 annual reports, 6 credit ratings for INDIANHUME
Fetching https://www.screener.in/company/IMFA/ ...
  Saved 28 concalls, 15 annual reports, 6 credit ratings for IMFA
Fetching https://www.screener.in/company/IOC/ ...
  Saved 13 concalls, 15 annual reports, 6 credit ratings for IOC
Fetching https://www.screener.in/company/IOB/ ...
  Saved 42 concalls, 15 annual reports, 6 credit ratings for IOB
Fetching https://www.screener.in/company/IPHL/ ...
  Saved 1 concalls, 1 annual reports, 6 credit ratings for IPHL
Fetching https://www.screener.in/company/IRCTC/ ...
  Saved 26 concalls, 6 annual reports, 0 credit ratings for IRCTC
Fetching https://www.screener.in/company/IRFC/ ...
  Saved 17 concalls, 5 annual reports, 6 credit ratings for IRFC
Fetching https://www.screener.in/company/IREDA/ ...
  Saved 11 concalls, 2 annual reports, 6 credit ratings for IREDA
Fetching https://www.screener.in/company/INDTERRAIN/ ...
  Saved 40 concalls, 15 annual reports, 6 credit ratings for INDTERRAIN
Fetching https://www.screener.in/company/INDIFRA/ ...
  Saved 0 concalls, 2 annual reports, 0 credit ratings for INDIFRA
Fetching https://www.screener.in/company/INDIGOPNTS/ ...
  Saved 23 concalls, 5 annual reports, 1 credit ratings for INDIGOPNTS
Fetching https://www.screener.in/company/INDIGRID/ ...
  Saved 22 concalls, 8 annual reports, 6 credit ratings for INDIGRID
Fetching https://www.screener.in/company/INTERISE/ ...
  Saved 0 concalls, 5 annual reports, 6 credit ratings for INTERISE
Fetching https://www.screener.in/company/INDIQUBE/ ...
  Saved 3 concalls, 4 annual reports, 3 credit ratings for INDIQUBE
Fetching https://www.screener.in/company/INDOAMIN/ ...
  Saved 5 concalls, 15 annual reports, 6 credit ratings for INDOAMIN
Fetching https://www.screener.in/company/INDOBORAX/ ...
  Saved 0 concalls, 15 annual reports, 0 credit ratings for INDOBORAX
Fetching https://www.screener.in/company/ICIL/ ...
  Saved 46 concalls, 15 annual reports, 6 credit ratings for ICIL
Fetching https://www.screener.in/company/INDOFARM/ ...
  Saved 4 concalls, 1 annual reports, 6 credit ratings for INDOFARM
Fetching https://www.screener.in/company/INDORAMA/ ...
  Saved 0 concalls, 15 annual reports, 5 credit ratings for INDORAMA
Fetching https://www.screener.in/company/INDOTECH/ ...
  Saved 0 concalls, 15 annual reports, 6 credit ratings for INDOTECH
Fetching https://www.screener.in/company/INDOTHAI/ ...
  Saved 0 concalls, 15 annual reports, 0 credit ratings for INDOTHAI
Fetching https://www.screener.in/company/INDOUS/ ...
  Saved 0 concalls, 9 annual reports, 0 credit ratings for INDOUS
Fetching https://www.screener.in/company/NIPPOBATRY/ ...
  Saved 1 concalls, 15 annual reports, 6 credit ratings for NIPPOBATRY
Fetching https://www.screener.in/company/INDOCO/ ...
  Saved 31 concalls, 15 annual reports, 6 credit ratings for INDOCO
Fetching https://www.screener.in/company/IGCL/ ...
  Saved 3 concalls, 1 annual reports, 6 credit ratings for IGCL
Fetching https://www.screener.in/company/WAAREEINDO/ ...
  Saved 0 concalls, 15 annual reports, 3 credit ratings for WAAREEINDO
Fetching https://www.screener.in/company/INDOSTAR/ ...
  Saved 49 concalls, 13 annual reports, 6 credit ratings for INDOSTAR
Fetching https://www.screener.in/company/INDOWIND/ ...
  Saved 2 concalls, 15 annual reports, 0 credit ratings for INDOWIND
Fetching https://www.screener.in/company/IGL/ ...
  Saved 20 concalls, 15 annual reports, 6 credit ratings for IGL
Fetching https://www.screener.in/company/INDRAMEDCO/ ...
  Saved 0 concalls, 15 annual reports, 6 credit ratings for INDRAMEDCO
Fetching https://www.screener.in/company/INDUSFILA/ ...
  Saved 0 concalls, 8 annual reports, 2 credit ratings for INDUSFILA
Fetching https://www.screener.in/company/INDUSINVIT/ ...
  Saved 9 concalls, 0 annual reports, 6 credit ratings for INDUSINVIT
Fetching https://www.screener.in/company/INDUSTOWER/ ...
  Saved 45 concalls, 13 annual reports, 6 credit ratings for INDUSTOWER
Fetching https://www.screener.in/company/INDUSINDBK/ ...
  Saved 63 concalls, 15 annual reports, 6 credit ratings for INDUSINDBK
Fetching https://www.screener.in/company/IITL/ ...
  Saved 0 concalls, 15 annual reports, 0 credit ratings for IITL
Fetching https://www.screener.in/company/INFINIUM/ ...
  Saved 3 concalls, 3 annual reports, 1 credit ratings for INFINIUM
Fetching https://www.screener.in/company/INFLUX/ ...
  Saved 2 concalls, 1 annual reports, 0 credit ratings for INFLUX
Fetching https://www.screener.in/company/NAUKRI/ ...
  Saved 43 concalls, 15 annual reports, 0 credit ratings for NAUKRI
Fetching https://www.screener.in/company/INFOBEAN/ ...
  Saved 16 concalls, 11 annual reports, 0 credit ratings for INFOBEAN
Fetching https://www.screener.in/company/INFOLLION/ ...
  Saved 8 concalls, 3 annual reports, 0 credit ratings for INFOLLION
Fetching https://www.screener.in/company/INFOMEDIA/ ...
  Saved 0 concalls, 15 annual reports, 0 credit ratings for INFOMEDIA
  Skipping INFY (already in CSV)
Fetching https://www.screener.in/company/INGERRAND/ ...
  Saved 0 concalls, 15 annual reports, 6 credit ratings for INGERRAND
Fetching https://www.screener.in/company/INNOMET/ ...
  Saved 2 concalls, 1 annual reports, 0 credit ratings for INNOMET
Fetching https://www.screener.in/company/INNOVACAP/ ...
  Saved 11 concalls, 2 annual reports, 6 credit ratings for INNOVACAP
Fetching https://www.screener.in/company/INNOVANA/ ...
  Saved 0 concalls, 8 annual reports, 1 credit ratings for INNOVANA
Fetching https://www.screener.in/company/ITTL/ ...
  Saved 0 concalls, 7 annual reports, 6 credit ratings for ITTL
Fetching https://www.screener.in/company/INNOVISION/ ...
  Saved 0 concalls, 0 annual reports, 6 credit ratings for INNOVISION
Fetching https://www.screener.in/company/INOXGREEN/ ...
  Saved 19 concalls, 3 annual reports, 6 credit ratings for INOXGREEN
Fetching https://www.screener.in/company/INOXINDIA/ ...
  Saved 9 concalls, 2 annual reports, 6 credit ratings for INOXINDIA
Fetching https://www.screener.in/company/INOXWIND/ ...
  Saved 52 concalls, 11 annual reports, 6 credit ratings for INOXWIND
Fetching https://www.screener.in/company/INSECTICID/ ...
  Saved 35 concalls, 15 annual reports, 6 credit ratings for INSECTICID
Fetching https://www.screener.in/company/INA/ ...
  Saved 2 concalls, 7 annual reports, 1 credit ratings for INA
Fetching https://www.screener.in/company/INSPIRE/ ...
  Saved 4 concalls, 2 annual reports, 0 credit ratings for INSPIRE
Fetching https://www.screener.in/company/INSPIRISYS/ ...
  Saved 0 concalls, 15 annual reports, 6 credit ratings for INSPIRISYS
Fetching https://www.screener.in/company/ESSENTIA/ ...
  Saved 0 concalls, 13 annual reports, 0 credit ratings for ESSENTIA
Fetching https://www.screener.in/company/IPSL/ ...
  Saved 0 concalls, 3 annual reports, 0 credit ratings for IPSL
Fetching https://www.screener.in/company/INTEGRITY/ ...
  Saved 0 concalls, 1 annual reports, 0 credit ratings for INTEGRITY
Fetching https://www.screener.in/company/INTELLECT/ ...
  Saved 43 concalls, 11 annual reports, 6 credit ratings for INTELLECT
Fetching https://www.screener.in/company/INTENTECH/ ...
  Saved 22 concalls, 15 annual reports, 0 credit ratings for INTENTECH
Fetching https://www.screener.in/company/INTERARCH/ ...
  Saved 9 concalls, 2 annual reports, 3 credit ratings for INTERARCH
Fetching https://www.screener.in/company/INDIGO/ ...
  Saved 48 concalls, 10 annual reports, 6 credit ratings for INDIGO
Fetching https://www.screener.in/company/INM/ ...
  Saved 5 concalls, 2 annual reports, 0 credit ratings for INM
Fetching https://www.screener.in/company/INTLCONV/ ...
  Saved 18 concalls, 15 annual reports, 6 credit ratings for INTLCONV
Fetching https://www.screener.in/company/IGIL/ ...
  Saved 6 concalls, 2 annual reports, 0 credit ratings for IGIL
Fetching https://www.screener.in/company/ISFT/ ...
  Saved 45 concalls, 15 annual reports, 0 credit ratings for ISFT
Fetching https://www.screener.in/company/INVENTURE/ ...
  Saved 0 concalls, 15 annual reports, 2 credit ratings for INVENTURE
Fetching https://www.screener.in/company/IKS/ ...
  Saved 9 concalls, 1 annual reports, 0 credit ratings for IKS
Fetching https://www.screener.in/company/THEINVEST/ ...
  Saved 0 concalls, 15 annual reports, 0 credit ratings for THEINVEST
Fetching https://www.screener.in/company/INVICTA/ ...
  Saved 0 concalls, 0 annual reports, 0 credit ratings for INVICTA
Fetching https://www.screener.in/company/IONEXCHANG/ ...
  Saved 58 concalls, 15 annual reports, 6 credit ratings for IONEXCHANG
Fetching https://www.screener.in/company/IPCALAB/ ...
  Saved 31 concalls, 15 annual reports, 6 credit ratings for IPCALAB
Fetching https://www.screener.in/company/IRCON/ ...
  Saved 29 concalls, 15 annual reports, 6 credit ratings for IRCON
Fetching https://www.screener.in/company/IRIS/ ...
  Saved 21 concalls, 9 annual reports, 6 credit ratings for IRIS
Fetching https://www.screener.in/company/ISGEC/ ...
  Saved 29 concalls, 15 annual reports, 6 credit ratings for ISGEC
Fetching https://www.screener.in/company/ISHANCH/ ...
  Saved 0 concalls, 15 annual reports, 0 credit ratings for ISHANCH
Fetching https://www.screener.in/company/ISHAN/ ...
  Saved 0 concalls, 3 annual reports, 6 credit ratings for ISHAN
Fetching https://www.screener.in/company/ITALIANE/ ...
  Saved 0 concalls, 2 annual reports, 0 credit ratings for ITALIANE
Fetching https://www.screener.in/company/IVALUE/ ...
  Saved 3 concalls, 0 annual reports, 1 credit ratings for IVALUE
Fetching https://www.screener.in/company/IWARE/ ...
  Saved 0 concalls, 1 annual reports, 0 credit ratings for IWARE
Fetching https://www.screener.in/company/IZMO/ ...
  Saved 23 concalls, 15 annual reports, 1 credit ratings for IZMO
Fetching https://www.screener.in/company/JBCHEPHARM/ ...
  Saved 31 concalls, 15 annual reports, 6 credit ratings for JBCHEPHARM
Fetching https://www.screener.in/company/JBFIND/ ...
  Saved 0 concalls, 15 annual reports, 6 credit ratings for JBFIND
Fetching https://www.screener.in/company/JBMA/ ...
  Saved 0 concalls, 15 annual reports, 6 credit ratings for JBMA
Fetching https://www.screener.in/company/JFLLIFE/ ...
  Saved 0 concalls, 3 annual reports, 0 credit ratings for JFLLIFE
Fetching https://www.screener.in/company/JGCHEM/ ...
  Saved 11 concalls, 2 annual reports, 3 credit ratings for JGCHEM
Fetching https://www.screener.in/company/JHS/ ...
  Saved 9 concalls, 15 annual reports, 0 credit ratings for JHS
Fetching https://www.screener.in/company/RETAIL/ ...
  Saved 0 concalls, 2 annual reports, 0 credit ratings for RETAIL
Fetching https://www.screener.in/company/JITFINFRA/ ...
  Saved 0 concalls, 10 annual reports, 0 credit ratings for JITFINFRA
Fetching https://www.screener.in/company/JKCEMENT/ ...
  Saved 22 concalls, 15 annual reports, 6 credit ratings for JKCEMENT
Fetching https://www.screener.in/company/JKLAKSHMI/ ...
  Saved 40 concalls, 15 annual reports, 6 credit ratings for JKLAKSHMI
Fetching https://www.screener.in/company/JKPAPER/ ...
  Saved 19 concalls, 15 annual reports, 6 credit ratings for JKPAPER
Fetching https://www.screener.in/company/JKTYRE/ ...
  Saved 26 concalls, 15 annual reports, 6 credit ratings for JKTYRE
Fetching https://www.screener.in/company/JKIL/ ...
  Saved 45 concalls, 15 annual reports, 6 credit ratings for JKIL
Fetching https://www.screener.in/company/JMFINANCIL/ ...
  Saved 65 concalls, 15 annual reports, 6 credit ratings for JMFINANCIL
Fetching https://www.screener.in/company/JNKINDIA/ ...
  Saved 7 concalls, 2 annual reports, 6 credit ratings for JNKINDIA
Fetching https://www.screener.in/company/JSWCEMENT/ ...
  Saved 5 concalls, 0 annual reports, 6 credit ratings for JSWCEMENT
Fetching https://www.screener.in/company/JSWENERGY/ ...
  Saved 36 concalls, 15 annual reports, 6 credit ratings for JSWENERGY
Fetching https://www.screener.in/company/JSWHL/ ...
  Saved 0 concalls, 15 annual reports, 0 credit ratings for JSWHL
Fetching https://www.screener.in/company/JSWINFRA/ ...
  Saved 25 concalls, 2 annual reports, 6 credit ratings for JSWINFRA
Fetching https://www.screener.in/company/JSWSTEEL/ ...
  Saved 40 concalls, 15 annual reports, 6 credit ratings for JSWSTEEL
Fetching https://www.screener.in/company/JTEKTINDIA/ ...
  Saved 16 concalls, 15 annual reports, 6 credit ratings for JTEKTINDIA
Fetching https://www.screener.in/company/JTLIND/ ...
  Saved 23 concalls, 14 annual reports, 6 credit ratings for JTLIND
Fetching https://www.screener.in/company/JAGRAN/ ...
  Saved 40 concalls, 15 annual reports, 6 credit ratings for JAGRAN
Fetching https://www.screener.in/company/JAGSNPHARM/ ...
  Saved 20 concalls, 15 annual reports, 6 credit ratings for JAGSNPHARM
Fetching https://www.screener.in/company/JAIBALAJI/ ...
  Saved 8 concalls, 15 annual reports, 6 credit ratings for JAIBALAJI
Fetching https://www.screener.in/company/JAICORPLTD/ ...
  Saved 0 concalls, 15 annual reports, 0 credit ratings for JAICORPLTD
Fetching https://www.screener.in/company/JISLJALEQS/ ...
  Saved 32 concalls, 15 annual reports, 6 credit ratings for JISLJALEQS
Fetching https://www.screener.in/company/JAINREC/ ...
  Saved 2 concalls, 0 annual reports, 3 credit ratings for JAINREC
Fetching https://www.screener.in/company/JAINSTUDIO/ ...
  Saved 0 concalls, 12 annual reports, 0 credit ratings for JAINSTUDIO
Fetching https://www.screener.in/company/JAINAM/ ...
  Saved 1 concalls, 4 annual reports, 0 credit ratings for JAINAM
Fetching https://www.screener.in/company/JAINIK/ ...
  Saved 0 concalls, 0 annual reports, 1 credit ratings for JAINIK
Fetching https://www.screener.in/company/JPASSOCIAT/ ...
  Saved 0 concalls, 15 annual reports, 6 credit ratings for JPASSOCIAT
Fetching https://www.screener.in/company/JPPOWER/ ...
  Saved 0 concalls, 15 annual reports, 6 credit ratings for JPPOWER
Fetching https://www.screener.in/company/JAKHARIA/ ...
  Saved 0 concalls, 7 annual reports, 6 credit ratings for JAKHARIA
Fetching https://www.screener.in/company/JALAN/ ...
  Saved 0 concalls, 9 annual reports, 6 credit ratings for JALAN
Fetching https://www.screener.in/company/J&KBANK/ ...
  Saved 22 concalls, 15 annual reports, 6 credit ratings for J&KBANK
Fetching https://www.screener.in/company/JAMNAAUTO/ ...
  Saved 40 concalls, 15 annual reports, 6 credit ratings for JAMNAAUTO
Fetching https://www.screener.in/company/JSFB/ ...
  Saved 10 concalls, 2 annual reports, 6 credit ratings for JSFB
Fetching https://www.screener.in/company/JARO/ ...
  Saved 1 concalls, 0 annual reports, 0 credit ratings for JARO
Fetching https://www.screener.in/company/JASH/ ...
  Saved 35 concalls, 6 annual reports, 6 credit ratings for JASH
Fetching https://www.screener.in/company/JAYBEE/ ...
  Saved 4 concalls, 2 annual reports, 4 credit ratings for JAYBEE
Fetching https://www.screener.in/company/JAYBARMARU/ ...
  Saved 1 concalls, 15 annual reports, 6 credit ratings for JAYBARMARU
Fetching https://www.screener.in/company/KORE/ ...
  Saved 3 concalls, 3 annual reports, 0 credit ratings for KORE
Fetching https://www.screener.in/company/JAYSREETEA/ ...
  Saved 0 concalls, 15 annual reports, 6 credit ratings for JAYSREETEA
Fetching https://www.screener.in/company/JAYAGROGN/ ...
  Saved 0 concalls, 15 annual reports, 6 credit ratings for JAYAGROGN
Fetching https://www.screener.in/company/JAYNECOIND/ ...
  Saved 3 concalls, 15 annual reports, 6 credit ratings for JAYNECOIND
Fetching https://www.screener.in/company/JAYESH/ ...
  Saved 0 concalls, 0 annual reports, 0 credit ratings for JAYESH
Fetching https://www.screener.in/company/JAYKAY/ ...
  Saved 0 concalls, 15 annual reports, 0 credit ratings for JAYKAY
Fetching https://www.screener.in/company/JPINFRATEC/ ...
  Saved 0 concalls, 15 annual reports, 6 credit ratings for JPINFRATEC
Fetching https://www.screener.in/company/JSLL/ ...
  Saved 11 concalls, 4 annual reports, 0 credit ratings for JSLL
Fetching https://www.screener.in/company/JETAIRWAYS/ ...
  Saved 1 concalls, 15 annual reports, 6 credit ratings for JETAIRWAYS
Fetching https://www.screener.in/company/JETFREIGHT/ ...
  Saved 4 concalls, 10 annual reports, 6 credit ratings for JETFREIGHT
Fetching https://www.screener.in/company/JETKNIT/ ...
  Saved 0 concalls, 9 annual reports, 0 credit ratings for JETKNIT
Fetching https://www.screener.in/company/JEYYAM/ ...
  Saved 1 concalls, 1 annual reports, 4 credit ratings for JEYYAM
Fetching https://www.screener.in/company/JINDCOT/ ...
  Saved 0 concalls, 15 annual reports, 0 credit ratings for JINDCOT
Fetching https://www.screener.in/company/JINDRILL/ ...
  Saved 10 concalls, 15 annual reports, 6 credit ratings for JINDRILL
Fetching https://www.screener.in/company/JINDALPHOT/ ...
  Saved 0 concalls, 15 annual reports, 3 credit ratings for JINDALPHOT
Fetching https://www.screener.in/company/JINDALPOLY/ ...
  Saved 4 concalls, 15 annual reports, 6 credit ratings for JINDALPOLY
Fetching https://www.screener.in/company/JPOLYINVST/ ...
  Saved 0 concalls, 13 annual reports, 0 credit ratings for JPOLYINVST
Fetching https://www.screener.in/company/JINDALSAW/ ...
  Saved 31 concalls, 15 annual reports, 6 credit ratings for JINDALSAW
Fetching https://www.screener.in/company/JSL/ ...
  Saved 59 concalls, 15 annual reports, 6 credit ratings for JSL
Fetching https://www.screener.in/company/JINDALSTEL/ ...
  Saved 68 concalls, 15 annual reports, 6 credit ratings for JINDALSTEL
Fetching https://www.screener.in/company/JINDWORLD/ ...
  Saved 12 concalls, 15 annual reports, 6 credit ratings for JINDWORLD
Fetching https://www.screener.in/company/JKIPL/ ...
  Saved 2 concalls, 0 annual reports, 3 credit ratings for JKIPL
Fetching https://www.screener.in/company/JIOFIN/ ...
  Saved 13 concalls, 2 annual reports, 0 credit ratings for JIOFIN
Fetching https://www.screener.in/company/JIWANRAM/ ...
  Saved 0 concalls, 2 annual reports, 6 credit ratings for JIWANRAM
Fetching https://www.screener.in/company/JIYAECO/ ...
  Saved 8 concalls, 5 annual reports, 6 credit ratings for JIYAECO
Fetching https://www.screener.in/company/JOCIL/ ...
  Saved 0 concalls, 15 annual reports, 6 credit ratings for JOCIL
Fetching https://www.screener.in/company/BOSCH-HCIL/ ...
  Saved 0 concalls, 15 annual reports, 0 credit ratings for BOSCH-HCIL
Fetching https://www.screener.in/company/JUBLCPL/ ...
  Saved 5 concalls, 1 annual reports, 6 credit ratings for JUBLCPL
Fetching https://www.screener.in/company/JUBLFOOD/ ...
  Saved 48 concalls, 15 annual reports, 6 credit ratings for JUBLFOOD
Fetching https://www.screener.in/company/JUBLINGREA/ ...
  Saved 29 concalls, 5 annual reports, 6 credit ratings for JUBLINGREA
Fetching https://www.screener.in/company/JUBLPHARMA/ ...
  Saved 44 concalls, 15 annual reports, 6 credit ratings for JUBLPHARMA
Fetching https://www.screener.in/company/JMA/ ...
  Saved 0 concalls, 11 annual reports, 0 credit ratings for JMA
Fetching https://www.screener.in/company/JUNIPER/ ...
  Saved 9 concalls, 2 annual reports, 6 credit ratings for JUNIPER
Fetching https://www.screener.in/company/JLHL/ ...
  Saved 12 concalls, 2 annual reports, 6 credit ratings for JLHL
Fetching https://www.screener.in/company/JWL/ ...
  Saved 21 concalls, 15 annual reports, 6 credit ratings for JWL
Fetching https://www.screener.in/company/JUSTDIAL/ ...
  Saved 44 concalls, 13 annual reports, 0 credit ratings for JUSTDIAL
Fetching https://www.screener.in/company/JYOTHYLAB/ ...
  Saved 39 concalls, 15 annual reports, 6 credit ratings for JYOTHYLAB
Fetching https://www.screener.in/company/JYOTICNC/ ...
  Saved 10 concalls, 3 annual reports, 6 credit ratings for JYOTICNC
Fetching https://www.screener.in/company/JYOTIGLOBL/ ...
  Saved 0 concalls, 1 annual reports, 0 credit ratings for JYOTIGLOBL
Fetching https://www.screener.in/company/JYOTISTRUC/ ...
  Saved 0 concalls, 15 annual reports, 0 credit ratings for JYOTISTRUC
Fetching https://www.screener.in/company/K2INFRA/ ...
  Saved 4 concalls, 2 annual reports, 0 credit ratings for K2INFRA
Fetching https://www.screener.in/company/KCK/ ...
  Saved 0 concalls, 4 annual reports, 4 credit ratings for KCK
Fetching https://www.screener.in/company/KCP/ ...
  Saved 0 concalls, 15 annual reports, 6 credit ratings for KCP
Fetching https://www.screener.in/company/KCPSUGIND/ ...
  Saved 0 concalls, 15 annual reports, 6 credit ratings for KCPSUGIND
Fetching https://www.screener.in/company/KDDL/ ...
  Saved 51 concalls, 15 annual reports, 6 credit ratings for KDDL
Fetching https://www.screener.in/company/KEC/ ...
  Saved 66 concalls, 15 annual reports, 6 credit ratings for KEC
Fetching https://www.screener.in/company/KHFM/ ...
  Saved 0 concalls, 6 annual reports, 0 credit ratings for KHFM
Fetching https://www.screener.in/company/KIOCL/ ...
  Saved 0 concalls, 15 annual reports, 6 credit ratings for KIOCL
Fetching https://www.screener.in/company/KKVAPOW/ ...
  Saved 0 concalls, 10 annual reports, 6 credit ratings for KKVAPOW
Fetching https://www.screener.in/company/KMSUGAR/ ...
  Saved 0 concalls, 15 annual reports, 6 credit ratings for KMSUGAR
Fetching https://www.screener.in/company/KNAGRI/ ...
  Saved 2 concalls, 4 annual reports, 4 credit ratings for KNAGRI
Fetching https://www.screener.in/company/KNRCON/ ...
  Saved 54 concalls, 15 annual reports, 6 credit ratings for KNRCON
Fetching https://www.screener.in/company/KPEL/ ...
  Saved 34 concalls, 13 annual reports, 6 credit ratings for KPEL
Fetching https://www.screener.in/company/KPIGREEN/ ...
  Saved 27 concalls, 12 annual reports, 6 credit ratings for KPIGREEN
Fetching https://www.screener.in/company/KPITTECH/ ...
  Saved 26 concalls, 15 annual reports, 6 credit ratings for KPITTECH
Fetching https://www.screener.in/company/KPRMILL/ ...
  Saved 44 concalls, 15 annual reports, 6 credit ratings for KPRMILL
Fetching https://www.screener.in/company/KRBL/ ...
  Saved 43 concalls, 15 annual reports, 6 credit ratings for KRBL
Fetching https://www.screener.in/company/KRMAYURVED/ ...
  Saved 0 concalls, 0 annual reports, 0 credit ratings for KRMAYURVED
Fetching https://www.screener.in/company/KRN/ ...
  Saved 7 concalls, 1 annual reports, 1 credit ratings for KRN
Fetching https://www.screener.in/company/KSB/ ...
  Saved 22 concalls, 15 annual reports, 6 credit ratings for KSB
Fetching https://www.screener.in/company/KSHINTL/ ...
  Saved 2 concalls, 0 annual reports, 1 credit ratings for KSHINTL
Fetching https://www.screener.in/company/KSK/ ...
  Saved 0 concalls, 12 annual reports, 6 credit ratings for KSK
Fetching https://www.screener.in/company/KSR/ ...
  Saved 0 concalls, 0 annual reports, 1 credit ratings for KSR
Fetching https://www.screener.in/company/KSERASERA/ ...
  Saved 0 concalls, 13 annual reports, 0 credit ratings for KSERASERA
Fetching https://www.screener.in/company/KABRAEXTRU/ ...
  Saved 7 concalls, 15 annual reports, 6 credit ratings for KABRAEXTRU
Fetching https://www.screener.in/company/KKJEWELS/ ...
  Saved 1 concalls, 1 annual reports, 0 credit ratings for KKJEWELS
Fetching https://www.screener.in/company/KAJARIACER/ ...
  Saved 20 concalls, 15 annual reports, 6 credit ratings for KAJARIACER
Fetching https://www.screener.in/company/KAKATCEM/ ...
  Saved 0 concalls, 15 annual reports, 0 credit ratings for KAKATCEM
Fetching https://www.screener.in/company/KTL/ ...
  Saved 0 concalls, 0 annual reports, 0 credit ratings for KTL
Fetching https://www.screener.in/company/KALANA/ ...
  Saved 0 concalls, 1 annual reports, 0 credit ratings for KALANA
Fetching https://www.screener.in/company/KALPATARU/ ...
  Saved 4 concalls, 1 annual reports, 2 credit ratings for KALPATARU
Fetching https://www.screener.in/company/KPIL/ ...
  Saved 52 concalls, 15 annual reports, 6 credit ratings for KPIL
Fetching https://www.screener.in/company/KALYANKJIL/ ...
  Saved 21 concalls, 5 annual reports, 6 credit ratings for KALYANKJIL
Fetching https://www.screener.in/company/KALYANI/ ...
  Saved 0 concalls, 8 annual reports, 0 credit ratings for KALYANI
Fetching https://www.screener.in/company/KALYANIFRG/ ...
  Saved 6 concalls, 15 annual reports, 6 credit ratings for KALYANIFRG
Fetching https://www.screener.in/company/KICL/ ...
  Saved 0 concalls, 15 annual reports, 0 credit ratings for KICL
Fetching https://www.screener.in/company/KSL/ ...
  Saved 0 concalls, 15 annual reports, 6 credit ratings for KSL
Fetching https://www.screener.in/company/KAMATHOTEL/ ...
  Saved 14 concalls, 15 annual reports, 3 credit ratings for KAMATHOTEL
Fetching https://www.screener.in/company/KAMDHENU/ ...
  Saved 42 concalls, 15 annual reports, 6 credit ratings for KAMDHENU
Fetching https://www.screener.in/company/KAMOPAINTS/ ...
  Saved 13 concalls, 3 annual reports, 0 credit ratings for KAMOPAINTS
Fetching https://www.screener.in/company/KANANIIND/ ...
  Saved 0 concalls, 15 annual reports, 6 credit ratings for KANANIIND
Fetching https://www.screener.in/company/KANDARP/ ...
  Saved 0 concalls, 3 annual reports, 0 credit ratings for KANDARP
Fetching https://www.screener.in/company/KANORICHEM/ ...
  Saved 2 concalls, 15 annual reports, 6 credit ratings for KANORICHEM
Fetching https://www.screener.in/company/KANPRPLA/ ...
  Saved 10 concalls, 15 annual reports, 6 credit ratings for KANPRPLA
Fetching https://www.screener.in/company/KANSAINER/ ...
  Saved 34 concalls, 15 annual reports, 6 credit ratings for KANSAINER
Fetching https://www.screener.in/company/KAPSTON/ ...
  Saved 10 concalls, 6 annual reports, 6 credit ratings for KAPSTON
Fetching https://www.screener.in/company/KARMAENG/ ...
  Saved 0 concalls, 15 annual reports, 6 credit ratings for KARMAENG
Fetching https://www.screener.in/company/KTKBANK/ ...
  Saved 37 concalls, 15 annual reports, 6 credit ratings for KTKBANK
Fetching https://www.screener.in/company/KARNIKA/ ...
  Saved 1 concalls, 2 annual reports, 0 credit ratings for KARNIKA
Fetching https://www.screener.in/company/KARURVYSYA/ ...
  Saved 28 concalls, 15 annual reports, 6 credit ratings for KARURVYSYA
Fetching https://www.screener.in/company/KGL/ ...
  Saved 0 concalls, 12 annual reports, 0 credit ratings for KGL
Fetching https://www.screener.in/company/KATARIA/ ...
  Saved 0 concalls, 2 annual reports, 0 credit ratings for KATARIA
Fetching https://www.screener.in/company/KAUSHALYA/ ...
  Saved 0 concalls, 15 annual reports, 0 credit ratings for KAUSHALYA
Fetching https://www.screener.in/company/KLL/ ...
  Saved 0 concalls, 2 annual reports, 0 credit ratings for KLL
Fetching https://www.screener.in/company/KSCL/ ...
  Saved 56 concalls, 15 annual reports, 0 credit ratings for KSCL
Fetching https://www.screener.in/company/KAVDEFENCE/ ...
  Saved 0 concalls, 15 annual reports, 1 credit ratings for KAVDEFENCE
Fetching https://www.screener.in/company/KCEIL/ ...
  Saved 3 concalls, 2 annual reports, 4 credit ratings for KCEIL
Fetching https://www.screener.in/company/KAYA/ ...
  Saved 42 concalls, 11 annual reports, 2 credit ratings for KAYA
Fetching https://www.screener.in/company/KAYNES/ ...
  Saved 19 concalls, 3 annual reports, 6 credit ratings for KAYNES
Fetching https://www.screener.in/company/KAYTEX/ ...
  Saved 0 concalls, 1 annual reports, 0 credit ratings for KAYTEX
Fetching https://www.screener.in/company/KEI/ ...
  Saved 56 concalls, 15 annual reports, 6 credit ratings for KEI
Fetching https://www.screener.in/company/KELLTONTEC/ ...
  Saved 35 concalls, 15 annual reports, 6 credit ratings for KELLTONTEC
Fetching https://www.screener.in/company/KEN/ ...
  Saved 0 concalls, 1 annual reports, 4 credit ratings for KEN
Fetching https://www.screener.in/company/KENNAMET/ ...
  Saved 7 concalls, 15 annual reports, 6 credit ratings for KENNAMET
Fetching https://www.screener.in/company/KERNEX/ ...
  Saved 2 concalls, 15 annual reports, 6 credit ratings for KERNEX
Fetching https://www.screener.in/company/KESORAMIND/ ...
  Saved 2 concalls, 15 annual reports, 6 credit ratings for KESORAMIND
Fetching https://www.screener.in/company/KKCL/ ...
  Saved 15 concalls, 15 annual reports, 6 credit ratings for KKCL
Fetching https://www.screener.in/company/KEYFINSERV/ ...
  Saved 0 concalls, 15 annual reports, 0 credit ratings for KEYFINSERV
Fetching https://www.screener.in/company/RUSTOMJEE/ ...
  Saved 16 concalls, 3 annual reports, 6 credit ratings for RUSTOMJEE
Fetching https://www.screener.in/company/KFINTECH/ ...
  Saved 16 concalls, 3 annual reports, 0 credit ratings for KFINTECH
Fetching https://www.screener.in/company/KHADIM/ ...
  Saved 37 concalls, 13 annual reports, 6 credit ratings for KHADIM
Fetching https://www.screener.in/company/KHAITANLTD/ ...
  Saved 0 concalls, 15 annual reports, 0 credit ratings for KHAITANLTD
Fetching https://www.screener.in/company/KHAICHEM/ ...
  Saved 4 concalls, 15 annual reports, 6 credit ratings for KHAICHEM
Fetching https://www.screener.in/company/KHANDSE/ ...
  Saved 0 concalls, 15 annual reports, 6 credit ratings for KHANDSE
Fetching https://www.screener.in/company/KILITCH/ ...
  Saved 2 concalls, 15 annual reports, 0 credit ratings for KILITCH
Fetching https://www.screener.in/company/KINGFA/ ...
  Saved 0 concalls, 15 annual reports, 0 credit ratings for KINGFA
Fetching https://www.screener.in/company/KIRIINDUS/ ...
  Saved 48 concalls, 15 annual reports, 3 credit ratings for KIRIINDUS
Fetching https://www.screener.in/company/KIRLOSBROS/ ...
  Saved 24 concalls, 15 annual reports, 6 credit ratings for KIRLOSBROS
Fetching https://www.screener.in/company/KECL/ ...
  Saved 1 concalls, 15 annual reports, 6 credit ratings for KECL
Fetching https://www.screener.in/company/KIRLFER/ ...
  Saved 21 concalls, 15 annual reports, 6 credit ratings for KIRLFER
Fetching https://www.screener.in/company/KIRLOSIND/ ...
  Saved 0 concalls, 15 annual reports, 0 credit ratings for KIRLOSIND
Fetching https://www.screener.in/company/KIRLOSENG/ ...
  Saved 31 concalls, 15 annual reports, 6 credit ratings for KIRLOSENG
Fetching https://www.screener.in/company/KIRLPNU/ ...
  Saved 18 concalls, 15 annual reports, 6 credit ratings for KIRLPNU
Fetching https://www.screener.in/company/KITEX/ ...
  Saved 9 concalls, 15 annual reports, 6 credit ratings for KITEX
Fetching https://www.screener.in/company/KMEW/ ...
  Saved 11 concalls, 5 annual reports, 6 credit ratings for KMEW
Fetching https://www.screener.in/company/KRT/ ...
  Saved 2 concalls, 0 annual reports, 6 credit ratings for KRT
Fetching https://www.screener.in/company/KODYTECH/ ...
  Saved 0 concalls, 2 annual reports, 0 credit ratings for KODYTECH
Fetching https://www.screener.in/company/KOHINOOR/ ...
  Saved 0 concalls, 15 annual reports, 6 credit ratings for KOHINOOR
Fetching https://www.screener.in/company/KOKUYOCMLN/ ...
  Saved 0 concalls, 15 annual reports, 6 credit ratings for KOKUYOCMLN
Fetching https://www.screener.in/company/KOLTEPATIL/ ...
  Saved 29 concalls, 15 annual reports, 6 credit ratings for KOLTEPATIL
Fetching https://www.screener.in/company/KONSTELEC/ ...
  Saved 4 concalls, 2 annual reports, 3 credit ratings for KONSTELEC
Fetching https://www.screener.in/company/KONTOR/ ...
  Saved 1 concalls, 2 annual reports, 0 credit ratings for KONTOR
Fetching https://www.screener.in/company/KOPRAN/ ...
  Saved 20 concalls, 15 annual reports, 6 credit ratings for KOPRAN
Fetching https://www.screener.in/company/KDL/ ...
  Saved 7 concalls, 3 annual reports, 0 credit ratings for KDL
Fetching https://www.screener.in/company/KOTAKBANK/ ...
  Saved 58 concalls, 15 annual reports, 6 credit ratings for KOTAKBANK
Fetching https://www.screener.in/company/KOTHARIPET/ ...
  Saved 0 concalls, 15 annual reports, 6 credit ratings for KOTHARIPET
Fetching https://www.screener.in/company/KOTHARIPRO/ ...
  Saved 0 concalls, 15 annual reports, 6 credit ratings for KOTHARIPRO
Fetching https://www.screener.in/company/KOTARISUG/ ...
  Saved 0 concalls, 15 annual reports, 6 credit ratings for KOTARISUG
Fetching https://www.screener.in/company/KOTYARK/ ...
  Saved 12 concalls, 4 annual reports, 1 credit ratings for KOTYARK
Fetching https://www.screener.in/company/KOVAI/ ...
  Saved 0 concalls, 15 annual reports, 6 credit ratings for KOVAI
Fetching https://www.screener.in/company/KREBSBIO/ ...
  Saved 0 concalls, 15 annual reports, 0 credit ratings for KREBSBIO
Fetching https://www.screener.in/company/KRIDHANINF/ ...
  Saved 9 concalls, 15 annual reports, 6 credit ratings for KRIDHANINF
Fetching https://www.screener.in/company/KRISHANA/ ...
  Saved 23 concalls, 7 annual reports, 6 credit ratings for KRISHANA
Fetching https://www.screener.in/company/KRISHCA/ ...
  Saved 8 concalls, 3 annual reports, 0 credit ratings for KRISHCA
Fetching https://www.screener.in/company/KRISHIVAL/ ...
  Saved 2 concalls, 4 annual reports, 0 credit ratings for KRISHIVAL
Fetching https://www.screener.in/company/KRISHNADEF/ ...
  Saved 11 concalls, 5 annual reports, 6 credit ratings for KRISHNADEF
Fetching https://www.screener.in/company/KIMS/ ...
  Saved 24 concalls, 5 annual reports, 6 credit ratings for KIMS
Fetching https://www.screener.in/company/KRITI/ ...
  Saved 32 concalls, 15 annual reports, 6 credit ratings for KRITI
Fetching https://www.screener.in/company/KRITINUT/ ...
  Saved 0 concalls, 15 annual reports, 6 credit ratings for KRITINUT
Fetching https://www.screener.in/company/KRITIKA/ ...
  Saved 0 concalls, 7 annual reports, 6 credit ratings for KRITIKA
Fetching https://www.screener.in/company/KRONOX/ ...
  Saved 0 concalls, 2 annual reports, 0 credit ratings for KRONOX
Fetching https://www.screener.in/company/KROSS/ ...
  Saved 6 concalls, 1 annual reports, 6 credit ratings for KROSS
Fetching https://www.screener.in/company/KRSNAA/ ...
  Saved 23 concalls, 5 annual reports, 6 credit ratings for KRSNAA
Fetching https://www.screener.in/company/KRYSTAL/ ...
  Saved 4 concalls, 2 annual reports, 5 credit ratings for KRYSTAL
Fetching https://www.screener.in/company/KSHITIJPOL/ ...
  Saved 0 concalls, 7 annual reports, 3 credit ratings for KSHITIJPOL
Fetching https://www.screener.in/company/KSOLVES/ ...
  Saved 22 concalls, 5 annual reports, 4 credit ratings for KSOLVES
Fetching https://www.screener.in/company/KUANTUM/ ...
  Saved 45 concalls, 15 annual reports, 6 credit ratings for KUANTUM
Fetching https://www.screener.in/company/KEL/ ...
  Saved 9 concalls, 2 annual reports, 1 credit ratings for KEL
Fetching https://www.screener.in/company/KUNDANMM/ ...
  Saved 0 concalls, 12 annual reports, 0 credit ratings for KUNDANMM
Fetching https://www.screener.in/company/KWIL/ ...
  Saved 0 concalls, 0 annual reports, 0 credit ratings for KWIL
Fetching https://www.screener.in/company/LTF/ ...
  Saved 50 concalls, 15 annual reports, 6 credit ratings for LTF
Fetching https://www.screener.in/company/LTTS/ ...
  Saved 48 concalls, 10 annual reports, 6 credit ratings for LTTS
Fetching https://www.screener.in/company/LCCINFOTEC/ ...
  Saved 0 concalls, 15 annual reports, 0 credit ratings for LCCINFOTEC
Fetching https://www.screener.in/company/LGBBROSLTD/ ...
  Saved 2 concalls, 15 annual reports, 6 credit ratings for LGBBROSLTD
Fetching https://www.screener.in/company/LGEINDIA/ ...
  Saved 2 concalls, 0 annual reports, 2 credit ratings for LGEINDIA
Fetching https://www.screener.in/company/LICHSGFIN/ ...
  Saved 17 concalls, 15 annual reports, 6 credit ratings for LICHSGFIN
Fetching https://www.screener.in/company/LMW/ ...
  Saved 15 concalls, 15 annual reports, 0 credit ratings for LMW
Fetching https://www.screener.in/company/LTFOODS/ ...
  Saved 52 concalls, 15 annual reports, 6 credit ratings for LTFOODS
Fetching https://www.screener.in/company/LAOPALA/ ...
  Saved 8 concalls, 15 annual reports, 6 credit ratings for LAOPALA
Fetching https://www.screener.in/company/LAGNAM/ ...
  Saved 0 concalls, 4 annual reports, 6 credit ratings for LAGNAM
Fetching https://www.screener.in/company/LAKSHMIEFL/ ...
  Saved 0 concalls, 10 annual reports, 5 credit ratings for LAKSHMIEFL
Fetching https://www.screener.in/company/LFIC/ ...
  Saved 0 concalls, 11 annual reports, 0 credit ratings for LFIC
Fetching https://www.screener.in/company/LAKPRE/ ...
  Saved 0 concalls, 15 annual reports, 6 credit ratings for LAKPRE
Fetching https://www.screener.in/company/LAKSHYA/ ...
  Saved 2 concalls, 1 annual reports, 3 credit ratings for LAKSHYA
Fetching https://www.screener.in/company/LAMBODHARA/ ...
  Saved 0 concalls, 15 annual reports, 6 credit ratings for LAMBODHARA
Fetching https://www.screener.in/company/LAMOSAIC/ ...
  Saved 0 concalls, 1 annual reports, 0 credit ratings for LAMOSAIC
Fetching https://www.screener.in/company/LANCER/ ...
  Saved 8 concalls, 10 annual reports, 0 credit ratings for LANCER
Fetching https://www.screener.in/company/LANCORHOL/ ...
  Saved 0 concalls, 15 annual reports, 6 credit ratings for LANCORHOL
Fetching https://www.screener.in/company/LANDMARK/ ...
  Saved 17 concalls, 3 annual reports, 0 credit ratings for LANDMARK
Fetching https://www.screener.in/company/LPDC/ ...
  Saved 0 concalls, 15 annual reports, 0 credit ratings for LPDC
Fetching https://www.screener.in/company/EXCEL/ ...
  ERROR for EXCEL: HTTP 404 for https://www.screener.in/company/EXCEL/
Fetching https://www.screener.in/company/LT/ ...
  Saved 64 concalls, 15 annual reports, 6 credit ratings for LT
Fetching https://www.screener.in/company/LASA/ ...
  Saved 7 concalls, 9 annual reports, 0 credit ratings for LASA
Fetching https://www.screener.in/company/LATENTVIEW/ ...
  Saved 21 concalls, 4 annual reports, 0 credit ratings for LATENTVIEW
Fetching https://www.screener.in/company/LATTEYS/ ...
  Saved 1 concalls, 7 annual reports, 0 credit ratings for LATTEYS
Fetching https://www.screener.in/company/LAURUSLABS/ ...
  Saved 44 concalls, 12 annual reports, 6 credit ratings for LAURUSLABS
Fetching https://www.screener.in/company/LAXMICOT/ ...
  Saved 0 concalls, 9 annual reports, 6 credit ratings for LAXMICOT
Fetching https://www.screener.in/company/LAXMIDENTL/ ...
  Saved 6 concalls, 1 annual reports, 0 credit ratings for LAXMIDENTL
Fetching https://www.screener.in/company/LGHL/ ...
  Saved 0 concalls, 6 annual reports, 4 credit ratings for LGHL
Fetching https://www.screener.in/company/LAXMIINDIA/ ...
  Saved 4 concalls, 0 annual reports, 2 credit ratings for LAXMIINDIA
Fetching https://www.screener.in/company/LXCHEM/ ...
  Saved 27 concalls, 5 annual reports, 6 credit ratings for LXCHEM
Fetching https://www.screener.in/company/LEMERITE/ ...
  Saved 2 concalls, 4 annual reports, 6 credit ratings for LEMERITE
Fetching https://www.screener.in/company/IXIGO/ ...
  Saved 10 concalls, 2 annual reports, 0 credit ratings for IXIGO
Fetching https://www.screener.in/company/LRRPL/ ...
  Saved 1 concalls, 3 annual reports, 1 credit ratings for LRRPL
Fetching https://www.screener.in/company/LEEL/ ...
  Saved 7 concalls, 12 annual reports, 6 credit ratings for LEEL
Fetching https://www.screener.in/company/THELEELA/ ...
  Saved 4 concalls, 1 annual reports, 4 credit ratings for THELEELA
Fetching https://www.screener.in/company/LEMONTREE/ ...
  Saved 51 concalls, 11 annual reports, 6 credit ratings for LEMONTREE
Fetching https://www.screener.in/company/LENSKART/ ...
  Saved 3 concalls, 0 annual reports, 3 credit ratings for LENSKART
Fetching https://www.screener.in/company/LEXUS/ ...
  Saved 0 concalls, 9 annual reports, 6 credit ratings for LEXUS
Fetching https://www.screener.in/company/LIBAS/ ...
  Saved 4 concalls, 7 annual reports, 3 credit ratings for LIBAS
Fetching https://www.screener.in/company/LIBERTSHOE/ ...
  Saved 0 concalls, 15 annual reports, 6 credit ratings for LIBERTSHOE
Fetching https://www.screener.in/company/LICI/ ...
  Saved 29 concalls, 7 annual reports, 0 credit ratings for LICI
Fetching https://www.screener.in/company/LIKHITHA/ ...
  Saved 11 concalls, 5 annual reports, 3 credit ratings for LIKHITHA
Fetching https://www.screener.in/company/LINC/ ...
  Saved 33 concalls, 15 annual reports, 6 credit ratings for LINC
Fetching https://www.screener.in/company/LINCOLN/ ...
  Saved 30 concalls, 15 annual reports, 6 credit ratings for LINCOLN
Fetching https://www.screener.in/company/LINDEINDIA/ ...
  Saved 12 concalls, 15 annual reports, 6 credit ratings for LINDEINDIA
Fetching https://www.screener.in/company/LLOYDSENGG/ ...
  Saved 16 concalls, 15 annual reports, 1 credit ratings for LLOYDSENGG
Fetching https://www.screener.in/company/LLOYDSENT/ ...
  Saved 2 concalls, 15 annual reports, 0 credit ratings for LLOYDSENT
Fetching https://www.screener.in/company/LLOYDS/ ...
  Saved 0 concalls, 3 annual reports, 0 credit ratings for LLOYDS
Fetching https://www.screener.in/company/LLOYDSME/ ...
  Saved 19 concalls, 15 annual reports, 6 credit ratings for LLOYDSME
Fetching https://www.screener.in/company/LODHA/ ...
  Saved 22 concalls, 5 annual reports, 6 credit ratings for LODHA
Fetching https://www.screener.in/company/LOKESHMACH/ ...
  Saved 3 concalls, 15 annual reports, 6 credit ratings for LOKESHMACH
Fetching https://www.screener.in/company/LORDSCHLO/ ...
  Saved 11 concalls, 15 annual reports, 6 credit ratings for LORDSCHLO
Fetching https://www.screener.in/company/LAL/ ...
  Saved 0 concalls, 12 annual reports, 0 credit ratings for LAL
Fetching https://www.screener.in/company/LOTUSEYE/ ...
  Saved 2 concalls, 15 annual reports, 0 credit ratings for LOTUSEYE
Fetching https://www.screener.in/company/LOVABLE/ ...
  Saved 0 concalls, 15 annual reports, 4 credit ratings for LOVABLE
Fetching https://www.screener.in/company/LOYALTEX/ ...
  Saved 0 concalls, 15 annual reports, 6 credit ratings for LOYALTEX
Fetching https://www.screener.in/company/LTM/ ...
  Saved 47 concalls, 14 annual reports, 6 credit ratings for LTM
Fetching https://www.screener.in/company/LUMAXTECH/ ...
  Saved 45 concalls, 15 annual reports, 6 credit ratings for LUMAXTECH
Fetching https://www.screener.in/company/LUMAXIND/ ...
  Saved 45 concalls, 15 annual reports, 6 credit ratings for LUMAXIND
Fetching https://www.screener.in/company/LUPIN/ ...
  Saved 50 concalls, 15 annual reports, 6 credit ratings for LUPIN
Fetching https://www.screener.in/company/LUXIND/ ...
  Saved 37 concalls, 14 annual reports, 6 credit ratings for LUXIND
Fetching https://www.screener.in/company/LYKALABS/ ...
  Saved 0 concalls, 15 annual reports, 3 credit ratings for LYKALABS
Fetching https://www.screener.in/company/LYPSAGEMS/ ...
  Saved 4 concalls, 14 annual reports, 6 credit ratings for LYPSAGEMS
Fetching https://www.screener.in/company/MBEL/ ...
  Saved 3 concalls, 0 annual reports, 6 credit ratings for MBEL
Fetching https://www.screener.in/company/MASFIN/ ...
  Saved 38 concalls, 15 annual reports, 6 credit ratings for MASFIN
Fetching https://www.screener.in/company/MBLINFRA/ ...
  Saved 24 concalls, 15 annual reports, 2 credit ratings for MBLINFRA
Fetching https://www.screener.in/company/MEP/ ...
  Saved 15 concalls, 9 annual reports, 6 credit ratings for MEP
Fetching https://www.screener.in/company/MICEL/ ...
  Saved 0 concalls, 15 annual reports, 1 credit ratings for MICEL
Fetching https://www.screener.in/company/MKPL/ ...
  Saved 0 concalls, 9 annual reports, 6 credit ratings for MKPL
Fetching https://www.screener.in/company/MMFL/ ...
  Saved 17 concalls, 15 annual reports, 6 credit ratings for MMFL
Fetching https://www.screener.in/company/MMP/ ...
  Saved 20 concalls, 6 annual reports, 6 credit ratings for MMP
Fetching https://www.screener.in/company/MMTC/ ...
  Saved 0 concalls, 15 annual reports, 6 credit ratings for MMTC
Fetching https://www.screener.in/company/MOIL/ ...
  Saved 8 concalls, 15 annual reports, 0 credit ratings for MOIL
Fetching https://www.screener.in/company/MOS/ ...
  Saved 2 concalls, 3 annual reports, 3 credit ratings for MOS
Fetching https://www.screener.in/company/VISESHINFO/ ...
  Saved 0 concalls, 15 annual reports, 0 credit ratings for VISESHINFO
Fetching https://www.screener.in/company/MPSLTD/ ...
  Saved 42 concalls, 15 annual reports, 0 credit ratings for MPSLTD
Fetching https://www.screener.in/company/MRF/ ...
  Saved 0 concalls, 15 annual reports, 6 credit ratings for MRF
Fetching https://www.screener.in/company/MSPL/ ...
  Saved 0 concalls, 15 annual reports, 6 credit ratings for MSPL
Fetching https://www.screener.in/company/MSTCLTD/ ...
  Saved 29 concalls, 15 annual reports, 6 credit ratings for MSTCLTD
Fetching https://www.screener.in/company/MTARTECH/ ...
  Saved 26 concalls, 5 annual reports, 6 credit ratings for MTARTECH
Fetching https://www.screener.in/company/MTEDUCARE/ ...
  Saved 3 concalls, 15 annual reports, 6 credit ratings for MTEDUCARE
Fetching https://www.screener.in/company/MVKAGRO/ ...
  Saved 0 concalls, 2 annual reports, 0 credit ratings for MVKAGRO
Fetching https://www.screener.in/company/MVL/ ...
  Saved 0 concalls, 11 annual reports, 3 credit ratings for MVL
Fetching https://www.screener.in/company/MAANALU/ ...
  Saved 7 concalls, 15 annual reports, 6 credit ratings for MAANALU
Fetching https://www.screener.in/company/MACOBSTECH/ ...
  Saved 0 concalls, 2 annual reports, 0 credit ratings for MACOBSTECH
Fetching https://www.screener.in/company/MACPOWER/ ...
  Saved 27 concalls, 6 annual reports, 0 credit ratings for MACPOWER
Fetching https://www.screener.in/company/MCL/ ...
  Saved 1 concalls, 6 annual reports, 6 credit ratings for MCL
Fetching https://www.screener.in/company/MADHAV/ ...
  Saved 0 concalls, 15 annual reports, 1 credit ratings for MADHAV
Fetching https://www.screener.in/company/MADHUCON/ ...
  Saved 0 concalls, 15 annual reports, 6 credit ratings for MADHUCON
Fetching https://www.screener.in/company/MADHUSUDAN/ ...
  Saved 9 concalls, 2 annual reports, 4 credit ratings for MADHUSUDAN
Fetching https://www.screener.in/company/MBAPL/ ...
  Saved 17 concalls, 7 annual reports, 6 credit ratings for MBAPL
Fetching https://www.screener.in/company/MPTODAY/ ...
  Saved 0 concalls, 9 annual reports, 0 credit ratings for MPTODAY
Fetching https://www.screener.in/company/MADRASFERT/ ...
  Saved 0 concalls, 15 annual reports, 6 credit ratings for MADRASFERT
Fetching https://www.screener.in/company/MAGADSUGAR/ ...
  Saved 28 concalls, 9 annual reports, 6 credit ratings for MAGADSUGAR
Fetching https://www.screener.in/company/MCLOUD/ ...
  Saved 5 concalls, 15 annual reports, 0 credit ratings for MCLOUD
Fetching https://www.screener.in/company/MAGNUM/ ...
  Saved 7 concalls, 15 annual reports, 6 credit ratings for MAGNUM
Fetching https://www.screener.in/company/MAGSON/ ...
  Saved 0 concalls, 6 annual reports, 0 credit ratings for MAGSON
Fetching https://www.screener.in/company/MAHAPEXLTD/ ...
  Saved 0 concalls, 15 annual reports, 0 credit ratings for MAHAPEXLTD
Fetching https://www.screener.in/company/ABHISHEK/ ...
  Saved 0 concalls, 14 annual reports, 0 credit ratings for ABHISHEK
Fetching https://www.screener.in/company/MFML/ ...
  Saved 0 concalls, 2 annual reports, 0 credit ratings for MFML
Fetching https://www.screener.in/company/MHLXMIRU/ ...
  Saved 0 concalls, 15 annual reports, 6 credit ratings for MHLXMIRU
Fetching https://www.screener.in/company/MAHASTEEL/ ...
  Saved 1 concalls, 15 annual reports, 6 credit ratings for MAHASTEEL
Fetching https://www.screener.in/company/MGL/ ...
  Saved 55 concalls, 12 annual reports, 6 credit ratings for MGL
Fetching https://www.screener.in/company/MTNL/ ...
  Saved 0 concalls, 15 annual reports, 6 credit ratings for MTNL
Fetching https://www.screener.in/company/MAHSCOOTER/ ...
  Saved 0 concalls, 15 annual reports, 0 credit ratings for MAHSCOOTER
Fetching https://www.screener.in/company/MAHSEAMLES/ ...
  Saved 22 concalls, 15 annual reports, 6 credit ratings for MAHSEAMLES
Fetching https://www.screener.in/company/MRIL/ ...
  Saved 0 concalls, 0 annual reports, 0 credit ratings for MRIL
Fetching https://www.screener.in/company/MAHESHWARI/ ...
  Saved 0 concalls, 7 annual reports, 6 credit ratings for MAHESHWARI
Fetching https://www.screener.in/company/MAHICKRA/ ...
  Saved 0 concalls, 8 annual reports, 0 credit ratings for MAHICKRA
Fetching https://www.screener.in/company/M&MFIN/ ...
  Saved 51 concalls, 15 annual reports, 6 credit ratings for M&MFIN
Fetching https://www.screener.in/company/M&M/ ...
  Saved 105 concalls, 15 annual reports, 6 credit ratings for M&M
Fetching https://www.screener.in/company/MAHEPC/ ...
  Saved 10 concalls, 15 annual reports, 6 credit ratings for MAHEPC
Fetching https://www.screener.in/company/MHRIL/ ...
  Saved 50 concalls, 15 annual reports, 4 credit ratings for MHRIL
Fetching https://www.screener.in/company/MAHLIFE/ ...
  Saved 47 concalls, 15 annual reports, 6 credit ratings for MAHLIFE
Fetching https://www.screener.in/company/MAHLOG/ ...
  Saved 38 concalls, 9 annual reports, 6 credit ratings for MAHLOG
Fetching https://www.screener.in/company/MAITHANALL/ ...
  Saved 21 concalls, 15 annual reports, 6 credit ratings for MAITHANALL
Fetching https://www.screener.in/company/MAITREYA/ ...
  Saved 5 concalls, 2 annual reports, 0 credit ratings for MAITREYA
Fetching https://www.screener.in/company/MAKS/ ...
  Saved 0 concalls, 3 annual reports, 0 credit ratings for MAKS
Fetching https://www.screener.in/company/MALLCOM/ ...
  Saved 25 concalls, 11 annual reports, 6 credit ratings for MALLCOM
Fetching https://www.screener.in/company/MALUPAPER/ ...
  Saved 0 concalls, 15 annual reports, 6 credit ratings for MALUPAPER
Fetching https://www.screener.in/company/MAMATA/ ...
  Saved 5 concalls, 1 annual reports, 0 credit ratings for MAMATA
Fetching https://www.screener.in/company/MANINDS/ ...
  Saved 42 concalls, 15 annual reports, 6 credit ratings for MANINDS
Fetching https://www.screener.in/company/MANINFRA/ ...
  Saved 36 concalls, 15 annual reports, 6 credit ratings for MANINFRA
Fetching https://www.screener.in/company/MANAKALUCO/ ...
  Saved 0 concalls, 13 annual reports, 6 credit ratings for MANAKALUCO
Fetching https://www.screener.in/company/MANAKCOAT/ ...
  Saved 9 concalls, 11 annual reports, 6 credit ratings for MANAKCOAT
Fetching https://www.screener.in/company/MANAKSIA/ ...
  Saved 0 concalls, 15 annual reports, 0 credit ratings for MANAKSIA
Fetching https://www.screener.in/company/MANAKSTEEL/ ...
  Saved 0 concalls, 11 annual reports, 6 credit ratings for MANAKSTEEL
Fetching https://www.screener.in/company/MANALIPETC/ ...
  Saved 4 concalls, 15 annual reports, 6 credit ratings for MANALIPETC
Fetching https://www.screener.in/company/MANAPPURAM/ ...
  Saved 45 concalls, 15 annual reports, 6 credit ratings for MANAPPURAM
Fetching https://www.screener.in/company/MPEL/ ...
  Saved 0 concalls, 0 annual reports, 0 credit ratings for MPEL
Fetching https://www.screener.in/company/MANAV/ ...
  Saved 0 concalls, 8 annual reports, 2 credit ratings for MANAV
Fetching https://www.screener.in/company/MANBA/ ...
  Saved 12 concalls, 1 annual reports, 6 credit ratings for MANBA
Fetching https://www.screener.in/company/MANDEEP/ ...
  Saved 0 concalls, 2 annual reports, 0 credit ratings for MANDEEP
Fetching https://www.screener.in/company/MANCREDIT/ ...
  Saved 9 concalls, 15 annual reports, 6 credit ratings for MANCREDIT
Fetching https://www.screener.in/company/MEIL/ ...
  Saved 0 concalls, 0 annual reports, 2 credit ratings for MEIL
Fetching https://www.screener.in/company/MAL/ ...
  Saved 0 concalls, 2 annual reports, 6 credit ratings for MAL
Fetching https://www.screener.in/company/MANGLMCEM/ ...
  Saved 1 concalls, 15 annual reports, 6 credit ratings for MANGLMCEM
Fetching https://www.screener.in/company/MANGALAM/ ...
  Saved 3 concalls, 15 annual reports, 6 credit ratings for MANGALAM
Fetching https://www.screener.in/company/MGEL/ ...
  Saved 0 concalls, 5 annual reports, 6 credit ratings for MGEL
Fetching https://www.screener.in/company/MANORG/ ...
  Saved 25 concalls, 15 annual reports, 6 credit ratings for MANORG
Fetching https://www.screener.in/company/MWL/ ...
  Saved 8 concalls, 4 annual reports, 6 credit ratings for MWL
Fetching https://www.screener.in/company/MRPL/ ...
  Saved 5 concalls, 15 annual reports, 6 credit ratings for MRPL
Fetching https://www.screener.in/company/MIEL/ ...
  Saved 0 concalls, 1 annual reports, 3 credit ratings for MIEL
Fetching https://www.screener.in/company/MANILAM/ ...
  Saved 0 concalls, 0 annual reports, 2 credit ratings for MANILAM
Fetching https://www.screener.in/company/MANKIND/ ...
  Saved 17 concalls, 3 annual reports, 6 credit ratings for MANKIND
Fetching https://www.screener.in/company/MVGJL/ ...
  Saved 2 concalls, 2 annual reports, 5 credit ratings for MVGJL
Fetching https://www.screener.in/company/MANOMAY/ ...
  Saved 11 concalls, 12 annual reports, 3 credit ratings for MANOMAY
Fetching https://www.screener.in/company/MANORAMA/ ...
  Saved 23 concalls, 7 annual reports, 6 credit ratings for MANORAMA
Fetching https://www.screener.in/company/MANUGRAPH/ ...
  Saved 0 concalls, 15 annual reports, 6 credit ratings for MANUGRAPH
Fetching https://www.screener.in/company/MARALOVER/ ...
  Saved 0 concalls, 15 annual reports, 6 credit ratings for MARALOVER
Fetching https://www.screener.in/company/MARATHON/ ...
  Saved 13 concalls, 15 annual reports, 6 credit ratings for MARATHON
Fetching https://www.screener.in/company/MARC/ ...
  Saved 0 concalls, 0 annual reports, 2 credit ratings for MARC
Fetching https://www.screener.in/company/MARCO/ ...
  Saved 0 concalls, 2 annual reports, 3 credit ratings for MARCO
Fetching https://www.screener.in/company/MARICO/ ...
  Saved 44 concalls, 15 annual reports, 6 credit ratings for MARICO
Fetching https://www.screener.in/company/MARINE/ ...
  Saved 7 concalls, 5 annual reports, 6 credit ratings for MARINE
Fetching https://www.screener.in/company/MARINETRAN/ ...
  Saved 0 concalls, 2 annual reports, 0 credit ratings for MARINETRAN
Fetching https://www.screener.in/company/MARKOLINES/ ...
  Saved 11 concalls, 4 annual reports, 6 credit ratings for MARKOLINES
Fetching https://www.screener.in/company/MARKSANS/ ...
  Saved 28 concalls, 15 annual reports, 6 credit ratings for MARKSANS
Fetching https://www.screener.in/company/MARSHALL/ ...
  Saved 6 concalls, 6 annual reports, 0 credit ratings for MARSHALL
Fetching https://www.screener.in/company/MARSONS/ ...
  Saved 2 concalls, 15 annual reports, 3 credit ratings for MARSONS
Fetching https://www.screener.in/company/MARUSHIKA/ ...
  Saved 0 concalls, 0 annual reports, 0 credit ratings for MARUSHIKA
Fetching https://www.screener.in/company/MARUTI/ ...
  Saved 40 concalls, 15 annual reports, 6 credit ratings for MARUTI
Fetching https://www.screener.in/company/MDL/ ...
  Saved 5 concalls, 8 annual reports, 0 credit ratings for MDL
Fetching https://www.screener.in/company/MASKINVEST/ ...
  Saved 0 concalls, 9 annual reports, 0 credit ratings for MASKINVEST
Fetching https://www.screener.in/company/MASON/ ...
  Saved 2 concalls, 2 annual reports, 0 credit ratings for MASON
Fetching https://www.screener.in/company/MASTEK/ ...
  Saved 47 concalls, 15 annual reports, 6 credit ratings for MASTEK
Fetching https://www.screener.in/company/MASTER/ ...
  Saved 0 concalls, 2 annual reports, 0 credit ratings for MASTER
Fetching https://www.screener.in/company/MASTERTR/ ...
  Saved 0 concalls, 15 annual reports, 0 credit ratings for MASTERTR
Fetching https://www.screener.in/company/MATRIMONY/ ...
  Saved 45 concalls, 9 annual reports, 0 credit ratings for MATRIMONY
Fetching https://www.screener.in/company/MGSL/ ...
  Saved 0 concalls, 1 annual reports, 0 credit ratings for MGSL
Fetching https://www.screener.in/company/MAWANASUG/ ...
  Saved 0 concalls, 15 annual reports, 6 credit ratings for MAWANASUG
Fetching https://www.screener.in/company/MAXESTATES/ ...
  Saved 10 concalls, 3 annual reports, 4 credit ratings for MAXESTATES
Fetching https://www.screener.in/company/MFSL/ ...
  Saved 44 concalls, 15 annual reports, 0 credit ratings for MFSL
Fetching https://www.screener.in/company/MAXHEALTH/ ...
  Saved 43 concalls, 6 annual reports, 6 credit ratings for MAXHEALTH
Fetching https://www.screener.in/company/MAXIND/ ...
  Saved 36 concalls, 5 annual reports, 0 credit ratings for MAXIND
Fetching https://www.screener.in/company/MAXPOSURE/ ...
  Saved 0 concalls, 2 annual reports, 0 credit ratings for MAXPOSURE
Fetching https://www.screener.in/company/MAXVOLT/ ...
  Saved 2 concalls, 1 annual reports, 1 credit ratings for MAXVOLT
Fetching https://www.screener.in/company/MAYASHEEL/ ...
  Saved 0 concalls, 0 annual reports, 0 credit ratings for MAYASHEEL
Fetching https://www.screener.in/company/MAYURUNIQ/ ...
  Saved 20 concalls, 15 annual reports, 6 credit ratings for MAYURUNIQ
Fetching https://www.screener.in/company/MAZDOCK/ ...
  Saved 29 concalls, 5 annual reports, 4 credit ratings for MAZDOCK
Fetching https://www.screener.in/company/MAZDA/ ...
  Saved 2 concalls, 15 annual reports, 6 credit ratings for MAZDA
Fetching https://www.screener.in/company/MCDHOLDING/ ...
  Saved 0 concalls, 15 annual reports, 0 credit ratings for MCDHOLDING
Fetching https://www.screener.in/company/MCLEODRUSS/ ...
  Saved 0 concalls, 15 annual reports, 6 credit ratings for MCLEODRUSS
Fetching https://www.screener.in/company/MBECL/ ...
  Saved 0 concalls, 15 annual reports, 6 credit ratings for MBECL
Fetching https://www.screener.in/company/MCON/ ...
  Saved 5 concalls, 8 annual reports, 1 credit ratings for MCON
Fetching https://www.screener.in/company/MEDIASSIST/ ...
  Saved 11 concalls, 2 annual reports, 2 credit ratings for MEDIASSIST
Fetching https://www.screener.in/company/MEDICAMEQ/ ...
  Saved 5 concalls, 15 annual reports, 6 credit ratings for MEDICAMEQ
Fetching https://www.screener.in/company/MEDIORG/ ...
  Saved 3 concalls, 2 annual reports, 0 credit ratings for MEDIORG
Fetching https://www.screener.in/company/MIL/ ...
  ERROR for MIL: HTTP 404 for https://www.screener.in/company/MIL/
Fetching https://www.screener.in/company/MEDICO/ ...
  Saved 2 concalls, 8 annual reports, 3 credit ratings for MEDICO
Fetching https://www.screener.in/company/MEDISTEP/ ...
  Saved 0 concalls, 1 annual reports, 0 credit ratings for MEDISTEP
Fetching https://www.screener.in/company/MEDPLUS/ ...
  Saved 20 concalls, 5 annual reports, 0 credit ratings for MEDPLUS
Fetching https://www.screener.in/company/MEESHO/ ...
  Saved 1 concalls, 0 annual reports, 0 credit ratings for MEESHO
Fetching https://www.screener.in/company/MEGAFLEX/ ...
  Saved 0 concalls, 3 annual reports, 2 credit ratings for MEGAFLEX
Fetching https://www.screener.in/company/MEGASTAR/ ...
  Saved 6 concalls, 12 annual reports, 6 credit ratings for MEGASTAR
Fetching https://www.screener.in/company/MEGATHERM/ ...
  Saved 6 concalls, 2 annual reports, 3 credit ratings for MEGATHERM
Fetching https://www.screener.in/company/MOL/ ...
  Saved 23 concalls, 5 annual reports, 6 credit ratings for MOL
Fetching https://www.screener.in/company/MELSTAR/ ...
  Saved 0 concalls, 15 annual reports, 6 credit ratings for MELSTAR
Fetching https://www.screener.in/company/MENONBE/ ...
  Saved 16 concalls, 15 annual reports, 6 credit ratings for MENONBE
Fetching https://www.screener.in/company/MERCATOR/ ...
  Saved 20 concalls, 15 annual reports, 6 credit ratings for MERCATOR
Fetching https://www.screener.in/company/METKORE/ ...
  Saved 0 concalls, 9 annual reports, 0 credit ratings for METKORE
Fetching https://www.screener.in/company/METROBRAND/ ...
  Saved 22 concalls, 5 annual reports, 6 credit ratings for METROBRAND
Fetching https://www.screener.in/company/METROPOLIS/ ...
  Saved 38 concalls, 7 annual reports, 6 credit ratings for METROPOLIS
Fetching https://www.screener.in/company/MICROPRO/ ...
  Saved 0 concalls, 2 annual reports, 0 credit ratings for MICROPRO
Fetching https://www.screener.in/company/MIDWESTLTD/ ...
  Saved 2 concalls, 0 annual reports, 3 credit ratings for MIDWESTLTD
Fetching https://www.screener.in/company/MILTON/ ...
  Saved 0 concalls, 8 annual reports, 6 credit ratings for MILTON
Fetching https://www.screener.in/company/MINDACORP/ ...
  Saved 55 concalls, 15 annual reports, 6 credit ratings for MINDACORP
Fetching https://www.screener.in/company/MINDPOOL/ ...
  Saved 3 concalls, 7 annual reports, 0 credit ratings for MINDPOOL
Fetching https://www.screener.in/company/MINDSPACE/ ...
  Saved 37 concalls, 4 annual reports, 6 credit ratings for MINDSPACE
Fetching https://www.screener.in/company/MINDTECK/ ...
  Saved 8 concalls, 15 annual reports, 0 credit ratings for MINDTECK
Fetching https://www.screener.in/company/MIRCELECTR/ ...
  Saved 3 concalls, 15 annual reports, 6 credit ratings for MIRCELECTR
Fetching https://www.screener.in/company/MIRZAINT/ ...
  Saved 0 concalls, 15 annual reports, 6 credit ratings for MIRZAINT
Fetching https://www.screener.in/company/MIDHANI/ ...
  Saved 19 concalls, 15 annual reports, 6 credit ratings for MIDHANI
Fetching https://www.screener.in/company/MITCON/ ...
  Saved 0 concalls, 12 annual reports, 6 credit ratings for MITCON
Fetching https://www.screener.in/company/MITTAL/ ...
  Saved 0 concalls, 6 annual reports, 6 credit ratings for MITTAL
Fetching https://www.screener.in/company/MOBILISE/ ...
  Saved 0 concalls, 0 annual reports, 0 credit ratings for MOBILISE
Fetching https://www.screener.in/company/MODTHREAD/ ...
  Saved 0 concalls, 15 annual reports, 0 credit ratings for MODTHREAD
Fetching https://www.screener.in/company/MODINATUR/ ...
  Saved 34 concalls, 15 annual reports, 6 credit ratings for MODINATUR
Fetching https://www.screener.in/company/MODIRUBBER/ ...
  Saved 0 concalls, 15 annual reports, 0 credit ratings for MODIRUBBER
Fetching https://www.screener.in/company/MODIS/ ...
  Saved 3 concalls, 3 annual reports, 0 credit ratings for MODIS
Fetching https://www.screener.in/company/MODISONLTD/ ...
  Saved 18 concalls, 15 annual reports, 6 credit ratings for MODISONLTD
Fetching https://www.screener.in/company/MHHL/ ...
  Saved 0 concalls, 8 annual reports, 6 credit ratings for MHHL
Fetching https://www.screener.in/company/MOHITIND/ ...
  Saved 0 concalls, 15 annual reports, 6 credit ratings for MOHITIND
Fetching https://www.screener.in/company/MOKSH/ ...
  Saved 1 concalls, 5 annual reports, 6 credit ratings for MOKSH
Fetching https://www.screener.in/company/MOLDTKPAC/ ...
  Saved 39 concalls, 15 annual reports, 6 credit ratings for MOLDTKPAC
Fetching https://www.screener.in/company/MOLDTECH/ ...
  Saved 9 concalls, 15 annual reports, 0 credit ratings for MOLDTECH
Fetching https://www.screener.in/company/MONARCH/ ...
  Saved 0 concalls, 15 annual reports, 2 credit ratings for MONARCH
Fetching https://www.screener.in/company/MONEYBOXX/ ...
  Saved 22 concalls, 15 annual reports, 6 credit ratings for MONEYBOXX
Fetching https://www.screener.in/company/MONOPHARMA/ ...
  Saved 0 concalls, 2 annual reports, 0 credit ratings for MONOPHARMA
Fetching https://www.screener.in/company/MONOLITH/ ...
  Saved 2 concalls, 0 annual reports, 0 credit ratings for MONOLITH
Fetching https://www.screener.in/company/MONTECARLO/ ...
  Saved 53 concalls, 11 annual reports, 6 credit ratings for MONTECARLO
Fetching https://www.screener.in/company/MORARJEE/ ...
  Saved 0 concalls, 15 annual reports, 6 credit ratings for MORARJEE
Fetching https://www.screener.in/company/MOREPENLAB/ ...
  Saved 36 concalls, 15 annual reports, 1 credit ratings for MOREPENLAB
Fetching https://www.screener.in/company/MOSCHIP/ ...
  Saved 5 concalls, 15 annual reports, 2 credit ratings for MOSCHIP
Fetching https://www.screener.in/company/MSUMI/ ...
  Saved 22 concalls, 4 annual reports, 5 credit ratings for MSUMI
Fetching https://www.screener.in/company/MOTILALOFS/ ...
  Saved 43 concalls, 15 annual reports, 6 credit ratings for MOTILALOFS
Fetching https://www.screener.in/company/MOTISONS/ ...
  Saved 1 concalls, 2 annual reports, 0 credit ratings for MOTISONS
Fetching https://www.screener.in/company/MOTOGENFIN/ ...
  Saved 0 concalls, 15 annual reports, 0 credit ratings for MOTOGENFIN
Fetching https://www.screener.in/company/MMEL/ ...
  Saved 0 concalls, 1 annual reports, 0 credit ratings for MMEL
Fetching https://www.screener.in/company/MOXSH/ ...
  Saved 0 concalls, 3 annual reports, 0 credit ratings for MOXSH
Fetching https://www.screener.in/company/MPHASIS/ ...
  Saved 48 concalls, 15 annual reports, 6 credit ratings for MPHASIS
Fetching https://www.screener.in/company/BECTORFOOD/ ...
  Saved 22 concalls, 5 annual reports, 6 credit ratings for BECTORFOOD
Fetching https://www.screener.in/company/MUFIN/ ...
  Saved 0 concalls, 6 annual reports, 1 credit ratings for MUFIN
Fetching https://www.screener.in/company/MUKANDLTD/ ...
  Saved 1 concalls, 15 annual reports, 6 credit ratings for MUKANDLTD
Fetching https://www.screener.in/company/MUKKA/ ...
  Saved 1 concalls, 2 annual reports, 6 credit ratings for MUKKA
Fetching https://www.screener.in/company/MUKTAARTS/ ...
  Saved 3 concalls, 15 annual reports, 0 credit ratings for MUKTAARTS
Fetching https://www.screener.in/company/MCX/ ...
  Saved 99 concalls, 14 annual reports, 0 credit ratings for MCX
Fetching https://www.screener.in/company/MUNISH/ ...
  Saved 1 concalls, 0 annual reports, 0 credit ratings for MUNISH
Fetching https://www.screener.in/company/MUNJALAU/ ...
  Saved 0 concalls, 15 annual reports, 6 credit ratings for MUNJALAU
Fetching https://www.screener.in/company/MUNJALSHOW/ ...
  Saved 0 concalls, 15 annual reports, 6 credit ratings for MUNJALSHOW
Fetching https://www.screener.in/company/MURUDCERA/ ...
  Saved 0 concalls, 15 annual reports, 6 credit ratings for MURUDCERA
Fetching https://www.screener.in/company/RADIOCITY/ ...
  Saved 39 concalls, 9 annual reports, 6 credit ratings for RADIOCITY
Fetching https://www.screener.in/company/MUTHOOTCAP/ ...
  Saved 16 concalls, 15 annual reports, 6 credit ratings for MUTHOOTCAP
Fetching https://www.screener.in/company/MUTHOOTFIN/ ...
  Saved 39 concalls, 15 annual reports, 6 credit ratings for MUTHOOTFIN
Fetching https://www.screener.in/company/MUTHOOTMF/ ...
  Saved 14 concalls, 2 annual reports, 6 credit ratings for MUTHOOTMF
Fetching https://www.screener.in/company/MYMUDRA/ ...
  Saved 1 concalls, 1 annual reports, 0 credit ratings for MYMUDRA
Fetching https://www.screener.in/company/NACLIND/ ...
  Saved 15 concalls, 15 annual reports, 6 credit ratings for NACLIND
Fetching https://www.screener.in/company/NBCC/ ...
  Saved 34 concalls, 15 annual reports, 6 credit ratings for NBCC
Fetching https://www.screener.in/company/NBIFIN/ ...
  Saved 0 concalls, 10 annual reports, 0 credit ratings for NBIFIN
Fetching https://www.screener.in/company/NCC/ ...
  Saved 38 concalls, 15 annual reports, 6 credit ratings for NCC
Fetching https://www.screener.in/company/NCLIND/ ...
  Saved 3 concalls, 15 annual reports, 6 credit ratings for NCLIND
Fetching https://www.screener.in/company/NDLVENTURE/ ...
  Saved 10 concalls, 15 annual reports, 2 credit ratings for NDLVENTURE
Fetching https://www.screener.in/company/NDRAUTO/ ...
  Saved 17 concalls, 6 annual reports, 1 credit ratings for NDRAUTO
Fetching https://www.screener.in/company/NGLFINE/ ...
  Saved 26 concalls, 15 annual reports, 6 credit ratings for NGLFINE
Fetching https://www.screener.in/company/NHPC/ ...
  Saved 33 concalls, 15 annual reports, 6 credit ratings for NHPC
Fetching https://www.screener.in/company/NIBE/ ...
  Saved 1 concalls, 13 annual reports, 0 credit ratings for NIBE
Fetching https://www.screener.in/company/NIITLTD/ ...
  Saved 44 concalls, 15 annual reports, 6 credit ratings for NIITLTD
Fetching https://www.screener.in/company/NKIND/ ...
  Saved 0 concalls, 15 annual reports, 0 credit ratings for NKIND
Fetching https://www.screener.in/company/NLCINDIA/ ...
  Saved 33 concalls, 15 annual reports, 6 credit ratings for NLCINDIA
Fetching https://www.screener.in/company/NMDC/ ...
  Saved 40 concalls, 15 annual reports, 6 credit ratings for NMDC
Fetching https://www.screener.in/company/NSLNISP/ ...
  Saved 0 concalls, 3 annual reports, 6 credit ratings for NSLNISP
Fetching https://www.screener.in/company/NRAIL/ ...
  Saved 5 concalls, 15 annual reports, 6 credit ratings for NRAIL
Fetching https://www.screener.in/company/NRBBEARING/ ...
  Saved 8 concalls, 15 annual reports, 6 credit ratings for NRBBEARING
Fetching https://www.screener.in/company/NIBL/ ...
  Saved 0 concalls, 12 annual reports, 6 credit ratings for NIBL
Fetching https://www.screener.in/company/NRVANDANA/ ...
  Saved 0 concalls, 1 annual reports, 2 credit ratings for NRVANDANA
Fetching https://www.screener.in/company/NTPCGREEN/ ...
  Saved 0 concalls, 1 annual reports, 6 credit ratings for NTPCGREEN
Fetching https://www.screener.in/company/NTPC/ ...
  Saved 22 concalls, 15 annual reports, 6 credit ratings for NTPC
Fetching https://www.screener.in/company/NDGL/ ...
  Saved 0 concalls, 9 annual reports, 0 credit ratings for NDGL
Fetching https://www.screener.in/company/NAGAFERT/ ...
  Saved 0 concalls, 15 annual reports, 6 credit ratings for NAGAFERT
Fetching https://www.screener.in/company/NAGREEKCAP/ ...
  Saved 0 concalls, 15 annual reports, 0 credit ratings for NAGREEKCAP
Fetching https://www.screener.in/company/NAGREEKEXP/ ...
  Saved 0 concalls, 15 annual reports, 6 credit ratings for NAGREEKEXP
Fetching https://www.screener.in/company/NAHARCAP/ ...
  Saved 0 concalls, 15 annual reports, 6 credit ratings for NAHARCAP
Fetching https://www.screener.in/company/NAHARINDUS/ ...
  Saved 0 concalls, 15 annual reports, 6 credit ratings for NAHARINDUS
Fetching https://www.screener.in/company/NAHARPOLY/ ...
  Saved 0 concalls, 15 annual reports, 6 credit ratings for NAHARPOLY
Fetching https://www.screener.in/company/NAHARSPING/ ...
  Saved 0 concalls, 15 annual reports, 6 credit ratings for NAHARSPING
Fetching https://www.screener.in/company/NGIL/ ...
  Saved 2 concalls, 9 annual reports, 6 credit ratings for NGIL
Fetching https://www.screener.in/company/NAKODA/ ...
  Saved 0 concalls, 7 annual reports, 0 credit ratings for NAKODA
Fetching https://www.screener.in/company/NSIL/ ...
  Saved 0 concalls, 15 annual reports, 0 credit ratings for NSIL
Fetching https://www.screener.in/company/NAMAN/ ...
  Saved 4 concalls, 2 annual reports, 0 credit ratings for NAMAN
Fetching https://www.screener.in/company/NAMOEWASTE/ ...
  Saved 3 concalls, 1 annual reports, 0 credit ratings for NAMOEWASTE
Fetching https://www.screener.in/company/NDL/ ...
  Saved 18 concalls, 15 annual reports, 6 credit ratings for NDL
Fetching https://www.screener.in/company/JAIPURKURT/ ...
  Saved 3 concalls, 4 annual reports, 0 credit ratings for JAIPURKURT
Fetching https://www.screener.in/company/NH/ ...
  Saved 51 concalls, 10 annual reports, 6 credit ratings for NH
Fetching https://www.screener.in/company/NARMADA/ ...
  Saved 3 concalls, 8 annual reports, 2 credit ratings for NARMADA
Fetching https://www.screener.in/company/NATCOPHARM/ ...
  Saved 46 concalls, 15 annual reports, 6 credit ratings for NATCOPHARM
Fetching https://www.screener.in/company/NATHBIOGEN/ ...
  Saved 31 concalls, 13 annual reports, 6 credit ratings for NATHBIOGEN
Fetching https://www.screener.in/company/NATIONALUM/ ...
  Saved 12 concalls, 15 annual reports, 6 credit ratings for NATIONALUM
Fetching https://www.screener.in/company/NFL/ ...
  Saved 4 concalls, 15 annual reports, 6 credit ratings for NFL
Fetching https://www.screener.in/company/NHIT/ ...
  Saved 5 concalls, 4 annual reports, 6 credit ratings for NHIT
Fetching https://www.screener.in/company/NATCAPSUQ/ ...
  Saved 19 concalls, 15 annual reports, 6 credit ratings for NATCAPSUQ
Fetching https://www.screener.in/company/NAVA/ ...
  Saved 45 concalls, 15 annual reports, 6 credit ratings for NAVA
Fetching https://www.screener.in/company/NAVINFLUOR/ ...
  Saved 86 concalls, 15 annual reports, 6 credit ratings for NAVINFLUOR
Fetching https://www.screener.in/company/NAVKARCORP/ ...
  Saved 45 concalls, 11 annual reports, 6 credit ratings for NAVKARCORP
Fetching https://www.screener.in/company/NAVKARURB/ ...
  Saved 0 concalls, 15 annual reports, 6 credit ratings for NAVKARURB
Fetching https://www.screener.in/company/NAVNETEDUL/ ...
  Saved 45 concalls, 15 annual reports, 6 credit ratings for NAVNETEDUL
Fetching https://www.screener.in/company/NAZARA/ ...
  Saved 34 concalls, 5 annual reports, 0 credit ratings for NAZARA
Fetching https://www.screener.in/company/NECLIFE/ ...
  Saved 3 concalls, 15 annual reports, 6 credit ratings for NECLIFE
Fetching https://www.screener.in/company/NEELAM/ ...
  Saved 0 concalls, 2 annual reports, 0 credit ratings for NEELAM
Fetching https://www.screener.in/company/NELCAST/ ...
  Saved 20 concalls, 15 annual reports, 6 credit ratings for NELCAST
Fetching https://www.screener.in/company/NELCO/ ...
  Saved 0 concalls, 15 annual reports, 6 credit ratings for NELCO
Fetching https://www.screener.in/company/NEOCHEM/ ...
  Saved 1 concalls, 0 annual reports, 0 credit ratings for NEOCHEM
Fetching https://www.screener.in/company/NEOGEN/ ...
  Saved 37 concalls, 8 annual reports, 6 credit ratings for NEOGEN
Fetching https://www.screener.in/company/NEPHROCARE/ ...
  Saved 1 concalls, 2 annual reports, 0 credit ratings for NEPHROCARE
Fetching https://www.screener.in/company/NEPHROPLUS/ ...
  Saved 1 concalls, 0 annual reports, 3 credit ratings for NEPHROPLUS
Fetching https://www.screener.in/company/NEPTUNE/ ...
  Saved 0 concalls, 1 annual reports, 0 credit ratings for NEPTUNE
Fetching https://www.screener.in/company/NESCO/ ...
  Saved 8 concalls, 15 annual reports, 0 credit ratings for NESCO
Fetching https://www.screener.in/company/NESTLEIND/ ...
  Saved 10 concalls, 15 annual reports, 6 credit ratings for NESTLEIND
Fetching https://www.screener.in/company/CBAZAAR/ ...
  Saved 0 concalls, 2 annual reports, 0 credit ratings for CBAZAAR
Fetching https://www.screener.in/company/NETWEB/ ...
  Saved 23 concalls, 2 annual reports, 4 credit ratings for NETWEB
Fetching https://www.screener.in/company/NPST/ ...
  Saved 19 concalls, 5 annual reports, 0 credit ratings for NPST
Fetching https://www.screener.in/company/NETWORK18/ ...
  Saved 2 concalls, 15 annual reports, 6 credit ratings for NETWORK18
Fetching https://www.screener.in/company/NEUEON/ ...
  Saved 0 concalls, 15 annual reports, 6 credit ratings for NEUEON
Fetching https://www.screener.in/company/NEULANDLAB/ ...
  Saved 42 concalls, 15 annual reports, 6 credit ratings for NEULANDLAB
Fetching https://www.screener.in/company/NDTV/ ...
  Saved 0 concalls, 15 annual reports, 5 credit ratings for NDTV
Fetching https://www.screener.in/company/NIACL/ ...
  Saved 40 concalls, 15 annual reports, 6 credit ratings for NIACL
Fetching https://www.screener.in/company/NEWGEN/ ...
  Saved 37 concalls, 13 annual reports, 6 credit ratings for NEWGEN
Fetching https://www.screener.in/company/NEWJAISA/ ...
  Saved 11 concalls, 2 annual reports, 0 credit ratings for NEWJAISA
Fetching https://www.screener.in/company/NMSTEEL/ ...
  Saved 1 concalls, 1 annual reports, 2 credit ratings for NMSTEEL
Fetching https://www.screener.in/company/NEXTMEDIA/ ...
  Saved 0 concalls, 15 annual reports, 0 credit ratings for NEXTMEDIA
Fetching https://www.screener.in/company/NXST/ ...
  Saved 10 concalls, 0 annual reports, 6 credit ratings for NXST
Fetching https://www.screener.in/company/NIDAN/ ...
  Saved 0 concalls, 4 annual reports, 5 credit ratings for NIDAN
Fetching https://www.screener.in/company/NIITMTS/ ...
  Saved 12 concalls, 3 annual reports, 2 credit ratings for NIITMTS
Fetching https://www.screener.in/company/NIKITA/ ...
  Saved 1 concalls, 1 annual reports, 6 credit ratings for NIKITA
Fetching https://www.screener.in/company/NILAINFRA/ ...
  Saved 51 concalls, 15 annual reports, 6 credit ratings for NILAINFRA
Fetching https://www.screener.in/company/NILASPACES/ ...
  Saved 1 concalls, 11 annual reports, 2 credit ratings for NILASPACES
Fetching https://www.screener.in/company/NILKAMAL/ ...
  Saved 0 concalls, 15 annual reports, 6 credit ratings for NILKAMAL
Fetching https://www.screener.in/company/NINSYS/ ...
  Saved 1 concalls, 10 annual reports, 0 credit ratings for NINSYS
Fetching https://www.screener.in/company/NAM-INDIA/ ...
  Saved 37 concalls, 15 annual reports, 6 credit ratings for NAM-INDIA
Fetching https://www.screener.in/company/NIRAJ/ ...
  Saved 0 concalls, 15 annual reports, 1 credit ratings for NIRAJ
Fetching https://www.screener.in/company/NIRAJISPAT/ ...
  Saved 0 concalls, 9 annual reports, 0 credit ratings for NIRAJISPAT
Fetching https://www.screener.in/company/NIRMAN/ ...
  Saved 7 concalls, 3 annual reports, 0 credit ratings for NIRMAN
Fetching https://www.screener.in/company/NITCO/ ...
  Saved 1 concalls, 15 annual reports, 4 credit ratings for NITCO
Fetching https://www.screener.in/company/NITINFIRE/ ...
  Saved 0 concalls, 10 annual reports, 6 credit ratings for NITINFIRE
Fetching https://www.screener.in/company/NITINSPIN/ ...
  Saved 24 concalls, 15 annual reports, 6 credit ratings for NITINSPIN
Fetching https://www.screener.in/company/NITIRAJ/ ...
  Saved 10 concalls, 5 annual reports, 0 credit ratings for NITIRAJ
Fetching https://www.screener.in/company/NIVABUPA/ ...
  Saved 6 concalls, 1 annual reports, 6 credit ratings for NIVABUPA
Fetching https://www.screener.in/company/NOCIL/ ...
  Saved 41 concalls, 15 annual reports, 6 credit ratings for NOCIL
Fetching https://www.screener.in/company/NOIDATOLL/ ...
  Saved 1 concalls, 15 annual reports, 0 credit ratings for NOIDATOLL
Fetching https://www.screener.in/company/NORBTEAEXP/ ...
  Saved 0 concalls, 15 annual reports, 0 credit ratings for NORBTEAEXP
Fetching https://www.screener.in/company/NECCLTD/ ...
  Saved 2 concalls, 15 annual reports, 6 credit ratings for NECCLTD
Fetching https://www.screener.in/company/NORTHARC/ ...
  Saved 10 concalls, 2 annual reports, 6 credit ratings for NORTHARC
Fetching https://www.screener.in/company/NOVAAGRI/ ...
  Saved 0 concalls, 2 annual reports, 6 credit ratings for NOVAAGRI
Fetching https://www.screener.in/company/NOVARTIND/ ...
  Saved 0 concalls, 15 annual reports, 0 credit ratings for NOVARTIND
Fetching https://www.screener.in/company/NUTEK/ ...
  Saved 0 concalls, 8 annual reports, 1 credit ratings for NUTEK
Fetching https://www.screener.in/company/NUCLEUS/ ...
  Saved 18 concalls, 15 annual reports, 0 credit ratings for NUCLEUS
Fetching https://www.screener.in/company/NRL/ ...
  Saved 0 concalls, 4 annual reports, 0 credit ratings for NRL
Fetching https://www.screener.in/company/NURECA/ ...
  Saved 12 concalls, 5 annual reports, 0 credit ratings for NURECA
Fetching https://www.screener.in/company/NUVAMA/ ...
  Saved 21 concalls, 2 annual reports, 6 credit ratings for NUVAMA
Fetching https://www.screener.in/company/NUVOCO/ ...
  Saved 22 concalls, 5 annual reports, 6 credit ratings for NUVOCO
Fetching https://www.screener.in/company/OBSCP/ ...
  Saved 4 concalls, 1 annual reports, 0 credit ratings for OBSCP
Fetching https://www.screener.in/company/OCCLLTD/ ...
  Saved 6 concalls, 3 annual reports, 2 credit ratings for OCCLLTD
Fetching https://www.screener.in/company/OBEROIRLTY/ ...
  Saved 40 concalls, 15 annual reports, 6 credit ratings for OBEROIRLTY
Fetching https://www.screener.in/company/ODIGMA/ ...
  Saved 0 concalls, 1 annual reports, 0 credit ratings for ODIGMA
Fetching https://www.screener.in/company/ONGC/ ...
  Saved 16 concalls, 15 annual reports, 0 credit ratings for ONGC
Fetching https://www.screener.in/company/OILCOUNTUB/ ...
  Saved 0 concalls, 15 annual reports, 6 credit ratings for OILCOUNTUB
Fetching https://www.screener.in/company/OIL/ ...
  Saved 24 concalls, 15 annual reports, 6 credit ratings for OIL
Fetching https://www.screener.in/company/OLAELEC/ ...
  Saved 10 concalls, 1 annual reports, 0 credit ratings for OLAELEC
Fetching https://www.screener.in/company/OLECTRA/ ...
  Saved 18 concalls, 15 annual reports, 6 credit ratings for OLECTRA
Fetching https://www.screener.in/company/OMFREIGHT/ ...
  Saved 0 concalls, 0 annual reports, 0 credit ratings for OMFREIGHT
Fetching https://www.screener.in/company/OMINFRAL/ ...
  Saved 40 concalls, 15 annual reports, 6 credit ratings for OMINFRAL
Fetching https://www.screener.in/company/OMAXAUTO/ ...
  Saved 0 concalls, 15 annual reports, 6 credit ratings for OMAXAUTO
Fetching https://www.screener.in/company/OMAXE/ ...
  Saved 12 concalls, 15 annual reports, 6 credit ratings for OMAXE
Fetching https://www.screener.in/company/OMFURN/ ...
  Saved 3 concalls, 8 annual reports, 6 credit ratings for OMFURN
Fetching https://www.screener.in/company/OMKARCHEM/ ...
  Saved 11 concalls, 12 annual reports, 6 credit ratings for OMKARCHEM
Fetching https://www.screener.in/company/OMNI/ ...
  Saved 1 concalls, 0 annual reports, 5 credit ratings for OMNI
Fetching https://www.screener.in/company/ONDOOR/ ...
  Saved 2 concalls, 2 annual reports, 0 credit ratings for ONDOOR
Fetching https://www.screener.in/company/PAYTM/ ...
  Saved 23 concalls, 5 annual reports, 0 credit ratings for PAYTM
Fetching https://www.screener.in/company/MOBIKWIK/ ...
  Saved 5 concalls, 1 annual reports, 0 credit ratings for MOBIKWIK
Fetching https://www.screener.in/company/ONEPOINT/ ...
  Saved 26 concalls, 7 annual reports, 0 credit ratings for ONEPOINT
Fetching https://www.screener.in/company/OLIL/ ...
  Saved 0 concalls, 2 annual reports, 0 credit ratings for OLIL
Fetching https://www.screener.in/company/ONELIFECAP/ ...
  Saved 0 concalls, 15 annual reports, 0 credit ratings for ONELIFECAP
Fetching https://www.screener.in/company/ONESOURCE/ ...
  Saved 6 concalls, 1 annual reports, 5 credit ratings for ONESOURCE
Fetching https://www.screener.in/company/ONMOBILE/ ...
  Saved 41 concalls, 15 annual reports, 3 credit ratings for ONMOBILE
Fetching https://www.screener.in/company/ONWARDTEC/ ...
  Saved 39 concalls, 15 annual reports, 6 credit ratings for ONWARDTEC
Fetching https://www.screener.in/company/ONYX/ ...
  Saved 0 concalls, 1 annual reports, 0 credit ratings for ONYX
Fetching https://www.screener.in/company/OPAL/ ...
  Saved 0 concalls, 3 annual reports, 6 credit ratings for OPAL
Fetching https://www.screener.in/company/OPTIEMUS/ ...
  Saved 17 concalls, 15 annual reports, 6 credit ratings for OPTIEMUS
Fetching https://www.screener.in/company/OPTIVALUE/ ...
  Saved 0 concalls, 1 annual reports, 0 credit ratings for OPTIVALUE
Fetching https://www.screener.in/company/OPTOCIRCUI/ ...
  Saved 0 concalls, 12 annual reports, 0 credit ratings for OPTOCIRCUI
Fetching https://www.screener.in/company/OFSS/ ...
  Saved 0 concalls, 15 annual reports, 0 credit ratings for OFSS
Fetching https://www.screener.in/company/ORBTEXP/ ...
  Saved 0 concalls, 15 annual reports, 6 credit ratings for ORBTEXP
Fetching https://www.screener.in/company/ORCHASP/ ...
  Saved 0 concalls, 15 annual reports, 0 credit ratings for ORCHASP
Fetching https://www.screener.in/company/ORCHPHARMA/ ...
  Saved 24 concalls, 15 annual reports, 6 credit ratings for ORCHPHARMA
Fetching https://www.screener.in/company/ORIANA/ ...
  Saved 9 concalls, 2 annual reports, 6 credit ratings for ORIANA
Fetching https://www.screener.in/company/ORICONENT/ ...
  Saved 15 concalls, 15 annual reports, 6 credit ratings for ORICONENT
Fetching https://www.screener.in/company/ORIENTBELL/ ...
  Saved 35 concalls, 15 annual reports, 6 credit ratings for ORIENTBELL
Fetching https://www.screener.in/company/ORIENTCEM/ ...
  Saved 15 concalls, 13 annual reports, 6 credit ratings for ORIENTCEM
Fetching https://www.screener.in/company/ORIENTCER/ ...
  Saved 0 concalls, 15 annual reports, 6 credit ratings for ORIENTCER
Fetching https://www.screener.in/company/ORIENTELEC/ ...
  Saved 28 concalls, 8 annual reports, 6 credit ratings for ORIENTELEC
Fetching https://www.screener.in/company/GREENPOWER/ ...
  Saved 25 concalls, 15 annual reports, 6 credit ratings for GREENPOWER
Fetching https://www.screener.in/company/ORIENTPPR/ ...
  Saved 0 concalls, 15 annual reports, 6 credit ratings for ORIENTPPR
Fetching https://www.screener.in/company/ORIENTLTD/ ...
  Saved 0 concalls, 15 annual reports, 6 credit ratings for ORIENTLTD
Fetching https://www.screener.in/company/ORIENTTECH/ ...
  Saved 7 concalls, 1 annual reports, 0 credit ratings for ORIENTTECH
Fetching https://www.screener.in/company/OAL/ ...
  Saved 47 concalls, 15 annual reports, 6 credit ratings for OAL
Fetching https://www.screener.in/company/ORIENTHOT/ ...
  Saved 0 concalls, 15 annual reports, 6 credit ratings for ORIENTHOT
Fetching https://www.screener.in/company/OSEINTRUST/ ...
  Saved 3 concalls, 6 annual reports, 6 credit ratings for OSEINTRUST
Fetching https://www.screener.in/company/ORIENTALTL/ ...
  Saved 0 concalls, 15 annual reports, 0 credit ratings for ORIENTALTL
Fetching https://www.screener.in/company/OBCL/ ...
  Saved 2 concalls, 8 annual reports, 6 credit ratings for OBCL
Fetching https://www.screener.in/company/ORISSAMINE/ ...
  Saved 0 concalls, 15 annual reports, 0 credit ratings for ORISSAMINE
Fetching https://www.screener.in/company/ORKLAINDIA/ ...
  Saved 2 concalls, 0 annual reports, 0 credit ratings for ORKLAINDIA
Fetching https://www.screener.in/company/ORTEL/ ...
  Saved 10 concalls, 7 annual reports, 6 credit ratings for ORTEL
Fetching https://www.screener.in/company/ORTINGLOBE/ ...
  Saved 0 concalls, 15 annual reports, 0 credit ratings for ORTINGLOBE
Fetching https://www.screener.in/company/OSELDEVICE/ ...
  Saved 3 concalls, 1 annual reports, 6 credit ratings for OSELDEVICE
Fetching https://www.screener.in/company/OSIAHYPER/ ...
  Saved 0 concalls, 6 annual reports, 6 credit ratings for OSIAHYPER
Fetching https://www.screener.in/company/OSWALAGRO/ ...
  Saved 0 concalls, 15 annual reports, 0 credit ratings for OSWALAGRO
Fetching https://www.screener.in/company/OSWALGREEN/ ...
  Saved 0 concalls, 15 annual reports, 0 credit ratings for OSWALGREEN
Fetching https://www.screener.in/company/OSWALPUMPS/ ...
  Saved 5 concalls, 1 annual reports, 6 credit ratings for OSWALPUMPS
Fetching https://www.screener.in/company/OWAIS/ ...
  Saved 2 concalls, 2 annual reports, 0 credit ratings for OWAIS
Fetching https://www.screener.in/company/POLICYBZR/ ...
  Saved 18 concalls, 5 annual reports, 0 credit ratings for POLICYBZR
Fetching https://www.screener.in/company/PCBL/ ...
  Saved 37 concalls, 15 annual reports, 6 credit ratings for PCBL
Fetching https://www.screener.in/company/PCJEWELLER/ ...
  Saved 0 concalls, 14 annual reports, 6 credit ratings for PCJEWELLER
Fetching https://www.screener.in/company/PDSL/ ...
  Saved 51 concalls, 12 annual reports, 0 credit ratings for PDSL
Fetching https://www.screener.in/company/PROPEQUITY/ ...
  Saved 12 concalls, 4 annual reports, 0 credit ratings for PROPEQUITY
Fetching https://www.screener.in/company/PGEL/ ...
  Saved 42 concalls, 15 annual reports, 6 credit ratings for PGEL
Fetching https://www.screener.in/company/PIIND/ ...
  Saved 46 concalls, 15 annual reports, 6 credit ratings for PIIND
Fetching https://www.screener.in/company/PILITA/ ...
  Saved 8 concalls, 15 annual reports, 6 credit ratings for PILITA
Fetching https://www.screener.in/company/PNBGILTS/ ...
  Saved 0 concalls, 15 annual reports, 6 credit ratings for PNBGILTS
Fetching https://www.screener.in/company/PNBHOUSING/ ...
  Saved 52 concalls, 15 annual reports, 6 credit ratings for PNBHOUSING
Fetching https://www.screener.in/company/PNCINFRA/ ...
  Saved 42 concalls, 13 annual reports, 6 credit ratings for PNCINFRA
Fetching https://www.screener.in/company/PNGSREVA/ ...
  Saved 1 concalls, 0 annual reports, 2 credit ratings for PNGSREVA
Fetching https://www.screener.in/company/PNGJL/ ...
  Saved 7 concalls, 1 annual reports, 6 credit ratings for PNGJL
Fetching https://www.screener.in/company/PPAP/ ...
  Saved 37 concalls, 15 annual reports, 6 credit ratings for PPAP
Fetching https://www.screener.in/company/PSPPROJECT/ ...
  Saved 55 concalls, 9 annual reports, 6 credit ratings for PSPPROJECT
Fetching https://www.screener.in/company/PSRAJ/ ...
  Saved 1 concalls, 1 annual reports, 0 credit ratings for PSRAJ
Fetching https://www.screener.in/company/PFS/ ...
  Saved 30 concalls, 15 annual reports, 6 credit ratings for PFS
Fetching https://www.screener.in/company/PTC/ ...
  Saved 24 concalls, 15 annual reports, 6 credit ratings for PTC
Fetching https://www.screener.in/company/PTCIL/ ...
  Saved 26 concalls, 14 annual reports, 6 credit ratings for PTCIL
Fetching https://www.screener.in/company/PTL/ ...
  Saved 0 concalls, 15 annual reports, 0 credit ratings for PTL
Fetching https://www.screener.in/company/PVP/ ...
  Saved 0 concalls, 15 annual reports, 6 credit ratings for PVP
Fetching https://www.screener.in/company/PVRINOX/ ...
  Saved 41 concalls, 15 annual reports, 6 credit ratings for PVRINOX
Fetching https://www.screener.in/company/PACEDIGITK/ ...
  Saved 4 concalls, 0 annual reports, 6 credit ratings for PACEDIGITK
Fetching https://www.screener.in/company/PAGEIND/ ...
  Saved 25 concalls, 15 annual reports, 6 credit ratings for PAGEIND
Fetching https://www.screener.in/company/PAISALO/ ...
  Saved 20 concalls, 15 annual reports, 6 credit ratings for PAISALO
Fetching https://www.screener.in/company/PAKKA/ ...
  Saved 28 concalls, 15 annual reports, 6 credit ratings for PAKKA
Fetching https://www.screener.in/company/PALASHSECU/ ...
  Saved 0 concalls, 9 annual reports, 0 credit ratings for PALASHSECU
Fetching https://www.screener.in/company/PALREDTEC/ ...
  Saved 2 concalls, 15 annual reports, 0 credit ratings for PALREDTEC
Fetching https://www.screener.in/company/PANACEABIO/ ...
  Saved 2 concalls, 15 annual reports, 6 credit ratings for PANACEABIO
Fetching https://www.screener.in/company/PANACHE/ ...
  Saved 5 concalls, 7 annual reports, 6 credit ratings for PANACHE
Fetching https://www.screener.in/company/PANAMAPET/ ...
  Saved 11 concalls, 15 annual reports, 6 credit ratings for PANAMAPET
Fetching https://www.screener.in/company/PANSARI/ ...
  Saved 0 concalls, 4 annual reports, 0 credit ratings for PANSARI
Fetching https://www.screener.in/company/PAR/ ...
  Saved 17 concalls, 4 annual reports, 0 credit ratings for PAR
Fetching https://www.screener.in/company/PARADEEP/ ...
  Saved 17 concalls, 4 annual reports, 6 credit ratings for PARADEEP
Fetching https://www.screener.in/company/PARAGMILK/ ...
  Saved 46 concalls, 10 annual reports, 6 credit ratings for PARAGMILK
Fetching https://www.screener.in/company/PARAGON/ ...
  Saved 6 concalls, 2 annual reports, 0 credit ratings for PARAGON
Fetching https://www.screener.in/company/PARAMATRIX/ ...
  Saved 2 concalls, 1 annual reports, 0 credit ratings for PARAMATRIX
Fetching https://www.screener.in/company/PARACABLES/ ...
  Saved 10 concalls, 15 annual reports, 6 credit ratings for PARACABLES
Fetching https://www.screener.in/company/PARAMOUNT/ ...
  Saved 0 concalls, 1 annual reports, 0 credit ratings for PARAMOUNT
Fetching https://www.screener.in/company/PSFL/ ...
  Saved 1 concalls, 1 annual reports, 2 credit ratings for PSFL
Fetching https://www.screener.in/company/PARAMPARA/ ...
  Saved 0 concalls, 8 annual reports, 0 credit ratings for PARAMPARA
Fetching https://www.screener.in/company/PARAS/ ...
  Saved 5 concalls, 5 annual reports, 6 credit ratings for PARAS
Fetching https://www.screener.in/company/PARASPETRO/ ...
  Saved 0 concalls, 15 annual reports, 0 credit ratings for PARASPETRO
Fetching https://www.screener.in/company/PDPL/ ...
  Saved 0 concalls, 15 annual reports, 0 credit ratings for PDPL
Fetching https://www.screener.in/company/PARIN/ ...
  Saved 0 concalls, 7 annual reports, 0 credit ratings for PARIN
Fetching https://www.screener.in/company/PARKHOSPS/ ...
  Saved 1 concalls, 0 annual reports, 2 credit ratings for PARKHOSPS
Fetching https://www.screener.in/company/PARSVNATH/ ...
  Saved 0 concalls, 15 annual reports, 6 credit ratings for PARSVNATH
Fetching https://www.screener.in/company/PARTH/ ...
  Saved 2 concalls, 0 annual reports, 1 credit ratings for PARTH
Fetching https://www.screener.in/company/PARTYCRUS/ ...
  Saved 2 concalls, 5 annual reports, 0 credit ratings for PARTYCRUS
Fetching https://www.screener.in/company/PASHUPATI/ ...
  Saved 0 concalls, 8 annual reports, 6 credit ratings for PASHUPATI
Fetching https://www.screener.in/company/PASUPTAC/ ...
  Saved 0 concalls, 15 annual reports, 6 credit ratings for PASUPTAC
Fetching https://www.screener.in/company/PATANJALI/ ...
  Saved 21 concalls, 15 annual reports, 6 credit ratings for PATANJALI
Fetching https://www.screener.in/company/PATELENG/ ...
  Saved 18 concalls, 15 annual reports, 6 credit ratings for PATELENG
Fetching https://www.screener.in/company/PATINTLOG/ ...
  Saved 18 concalls, 15 annual reports, 6 credit ratings for PATINTLOG
Fetching https://www.screener.in/company/PATELRMART/ ...
  Saved 2 concalls, 0 annual reports, 0 credit ratings for PATELRMART
Fetching https://www.screener.in/company/PATILAUTOM/ ...
  Saved 1 concalls, 1 annual reports, 0 credit ratings for PATILAUTOM
Fetching https://www.screener.in/company/PATTECH/ ...
  Saved 0 concalls, 2 annual reports, 0 credit ratings for PATTECH
Fetching https://www.screener.in/company/PAUSHAKLTD/ ...
  Saved 0 concalls, 15 annual reports, 6 credit ratings for PAUSHAKLTD
Fetching https://www.screener.in/company/PAVNAIND/ ...
  Saved 4 concalls, 5 annual reports, 6 credit ratings for PAVNAIND
Fetching https://www.screener.in/company/PGIL/ ...
  Saved 25 concalls, 15 annual reports, 6 credit ratings for PGIL
Fetching https://www.screener.in/company/PEARLPOLY/ ...
  Saved 0 concalls, 15 annual reports, 6 credit ratings for PEARLPOLY
Fetching https://www.screener.in/company/PELATRO/ ...
  Saved 6 concalls, 1 annual reports, 0 credit ratings for PELATRO
Fetching https://www.screener.in/company/PENINLAND/ ...
  Saved 4 concalls, 15 annual reports, 6 credit ratings for PENINLAND
Fetching https://www.screener.in/company/PENIND/ ...
  Saved 42 concalls, 15 annual reports, 6 credit ratings for PENIND
Fetching https://www.screener.in/company/PENTAGON/ ...
  Saved 0 concalls, 3 annual reports, 0 credit ratings for PENTAGON
Fetching https://www.screener.in/company/PERFECT/ ...
  Saved 1 concalls, 9 annual reports, 6 credit ratings for PERFECT
Fetching https://www.screener.in/company/PKTEA/ ...
  Saved 0 concalls, 11 annual reports, 2 credit ratings for PKTEA
Fetching https://www.screener.in/company/PERSISTENT/ ...
  Saved 42 concalls, 15 annual reports, 2 credit ratings for PERSISTENT
Fetching https://www.screener.in/company/PCCL/ ...
  Saved 1 concalls, 2 annual reports, 3 credit ratings for PCCL
Fetching https://www.screener.in/company/PETRONET/ ...
  Saved 17 concalls, 15 annual reports, 6 credit ratings for PETRONET
Fetching https://www.screener.in/company/PFIZER/ ...
  Saved 7 concalls, 15 annual reports, 0 credit ratings for PFIZER
Fetching https://www.screener.in/company/PHANTOMFX/ ...
  Saved 13 concalls, 3 annual reports, 0 credit ratings for PHANTOMFX
Fetching https://www.screener.in/company/PHOENIXLTD/ ...
  Saved 88 concalls, 15 annual reports, 6 credit ratings for PHOENIXLTD
Fetching https://www.screener.in/company/PHOGLOBAL/ ...
  Saved 0 concalls, 1 annual reports, 6 credit ratings for PHOGLOBAL
Fetching https://www.screener.in/company/PWL/ ...
  Saved 2 concalls, 0 annual reports, 0 credit ratings for PWL
Fetching https://www.screener.in/company/PICCADIL/ ...
  Saved 8 concalls, 15 annual reports, 6 credit ratings for PICCADIL
Fetching https://www.screener.in/company/PPSL/ ...
  Saved 1 concalls, 1 annual reports, 0 credit ratings for PPSL
Fetching https://www.screener.in/company/PIDILITIND/ ...
  Saved 74 concalls, 15 annual reports, 6 credit ratings for PIDILITIND
Fetching https://www.screener.in/company/PILANIINVS/ ...
  Saved 0 concalls, 15 annual reports, 6 credit ratings for PILANIINVS
Fetching https://www.screener.in/company/PINCON/ ...
  Saved 5 concalls, 3 annual reports, 6 credit ratings for PINCON
Fetching https://www.screener.in/company/PINELABS/ ...
  Saved 3 concalls, 0 annual reports, 0 credit ratings for PINELABS
Fetching https://www.screener.in/company/PIONEEREMB/ ...
  Saved 3 concalls, 15 annual reports, 6 credit ratings for PIONEEREMB
Fetching https://www.screener.in/company/PIRAMALFIN/ ...
  Saved 57 concalls, 11 annual reports, 6 credit ratings for PIRAMALFIN
Fetching https://www.screener.in/company/PPLPHARMA/ ...
  Saved 25 concalls, 3 annual reports, 6 credit ratings for PPLPHARMA
Fetching https://www.screener.in/company/PITTIENG/ ...
  Saved 27 concalls, 15 annual reports, 6 credit ratings for PITTIENG
Fetching https://www.screener.in/company/PIXTRANS/ ...
  Saved 0 concalls, 15 annual reports, 6 credit ratings for PIXTRANS
Fetching https://www.screener.in/company/PLADAINFO/ ...
  Saved 0 concalls, 2 annual reports, 0 credit ratings for PLADAINFO
Fetching https://www.screener.in/company/PLASTIBLEN/ ...
  Saved 0 concalls, 15 annual reports, 6 credit ratings for PLASTIBLEN
Fetching https://www.screener.in/company/PLATIND/ ...
  Saved 7 concalls, 2 annual reports, 0 credit ratings for PLATIND
Fetching https://www.screener.in/company/PLAZACABLE/ ...
  Saved 0 concalls, 2 annual reports, 3 credit ratings for PLAZACABLE
Fetching https://www.screener.in/company/PODDARHOUS/ ...
  Saved 12 concalls, 15 annual reports, 2 credit ratings for PODDARHOUS
Fetching https://www.screener.in/company/PODDARMENT/ ...
  Saved 0 concalls, 15 annual reports, 6 credit ratings for PODDARMENT
Fetching https://www.screener.in/company/POKARNA/ ...
  Saved 31 concalls, 15 annual reports, 6 credit ratings for POKARNA
Fetching https://www.screener.in/company/POLYMED/ ...
  Saved 26 concalls, 15 annual reports, 6 credit ratings for POLYMED
Fetching https://www.screener.in/company/POLYCAB/ ...
  Saved 44 concalls, 7 annual reports, 6 credit ratings for POLYCAB
Fetching https://www.screener.in/company/POLYPLEX/ ...
  Saved 38 concalls, 15 annual reports, 6 credit ratings for POLYPLEX
Fetching https://www.screener.in/company/POLYSIL/ ...
  Saved 0 concalls, 2 annual reports, 0 credit ratings for POLYSIL
Fetching https://www.screener.in/company/POCL/ ...
  Saved 18 concalls, 15 annual reports, 6 credit ratings for POCL
Fetching https://www.screener.in/company/PONNIERODE/ ...
  Saved 0 concalls, 15 annual reports, 6 credit ratings for PONNIERODE
Fetching https://www.screener.in/company/POONAWALLA/ ...
  Saved 53 concalls, 15 annual reports, 6 credit ratings for POONAWALLA
Fetching https://www.screener.in/company/PVSL/ ...
  Saved 8 concalls, 2 annual reports, 6 credit ratings for PVSL
Fetching https://www.screener.in/company/POSITRON/ ...
  Saved 6 concalls, 1 annual reports, 0 credit ratings for POSITRON
Fetching https://www.screener.in/company/PIGL/ ...
  Saved 10 concalls, 8 annual reports, 3 credit ratings for PIGL
Fetching https://www.screener.in/company/PFC/ ...
  Saved 32 concalls, 15 annual reports, 6 credit ratings for PFC
Fetching https://www.screener.in/company/POWERGRID/ ...
  Saved 28 concalls, 15 annual reports, 6 credit ratings for POWERGRID
Fetching https://www.screener.in/company/POWERMECH/ ...
  Saved 40 concalls, 12 annual reports, 6 credit ratings for POWERMECH
Fetching https://www.screener.in/company/PGINVIT/ ...
  Saved 19 concalls, 1 annual reports, 6 credit ratings for PGINVIT
Fetching https://www.screener.in/company/PRABHA/ ...
  Saved 1 concalls, 1 annual reports, 0 credit ratings for PRABHA
Fetching https://www.screener.in/company/PRAJIND/ ...
  Saved 47 concalls, 15 annual reports, 6 credit ratings for PRAJIND
Fetching https://www.screener.in/company/PRAENG/ ...
  Saved 0 concalls, 15 annual reports, 0 credit ratings for PRAENG
Fetching https://www.screener.in/company/PRAKASH/ ...
  Saved 6 concalls, 15 annual reports, 6 credit ratings for PRAKASH
Fetching https://www.screener.in/company/PPL/ ...
  Saved 7 concalls, 7 annual reports, 0 credit ratings for PPL
Fetching https://www.screener.in/company/PRAKASHSTL/ ...
  Saved 0 concalls, 15 annual reports, 6 credit ratings for PRAKASHSTL
Fetching https://www.screener.in/company/PRAMARA/ ...
  Saved 1 concalls, 2 annual reports, 1 credit ratings for PRAMARA
Fetching https://www.screener.in/company/PRANIK/ ...
  Saved 3 concalls, 1 annual reports, 2 credit ratings for PRANIK
Fetching https://www.screener.in/company/DIAMONDYD/ ...
  Saved 33 concalls, 8 annual reports, 6 credit ratings for DIAMONDYD
Fetching https://www.screener.in/company/PRATHAM/ ...
  Saved 0 concalls, 2 annual reports, 2 credit ratings for PRATHAM
Fetching https://www.screener.in/company/PRATIBHA/ ...
  Saved 0 concalls, 11 annual reports, 6 credit ratings for PRATIBHA
Fetching https://www.screener.in/company/PRAXIS/ ...
  Saved 0 concalls, 8 annual reports, 0 credit ratings for PRAXIS
Fetching https://www.screener.in/company/PRECAM/ ...
  Saved 39 concalls, 14 annual reports, 6 credit ratings for PRECAM
Fetching https://www.screener.in/company/PRECISION/ ...
  Saved 0 concalls, 4 annual reports, 0 credit ratings for PRECISION
Fetching https://www.screener.in/company/PRECWIRE/ ...
  Saved 0 concalls, 15 annual reports, 6 credit ratings for PRECWIRE
Fetching https://www.screener.in/company/PRECOT/ ...
  Saved 15 concalls, 15 annual reports, 6 credit ratings for PRECOT
Fetching https://www.screener.in/company/PREMIERENE/ ...
  Saved 8 concalls, 1 annual reports, 6 credit ratings for PREMIERENE
Fetching https://www.screener.in/company/PREMEXPLN/ ...
  Saved 47 concalls, 15 annual reports, 6 credit ratings for PREMEXPLN
Fetching https://www.screener.in/company/PREMIER/ ...
  Saved 0 concalls, 15 annual reports, 0 credit ratings for PREMIER
Fetching https://www.screener.in/company/PREMIERPOL/ ...
  Saved 0 concalls, 15 annual reports, 6 credit ratings for PREMIERPOL
Fetching https://www.screener.in/company/PRLIND/ ...
  Saved 4 concalls, 2 annual reports, 3 credit ratings for PRLIND
Fetching https://www.screener.in/company/PREMIUM/ ...
  Saved 3 concalls, 1 annual reports, 0 credit ratings for PREMIUM
Fetching https://www.screener.in/company/PRESSTONIC/ ...
  Saved 0 concalls, 2 annual reports, 2 credit ratings for PRESSTONIC
Fetching https://www.screener.in/company/PRESTIGE/ ...
  Saved 22 concalls, 15 annual reports, 6 credit ratings for PRESTIGE
Fetching https://www.screener.in/company/PRICOLLTD/ ...
  Saved 31 concalls, 15 annual reports, 6 credit ratings for PRICOLLTD
Fetching https://www.screener.in/company/PRIMECAB/ ...
  Saved 2 concalls, 0 annual reports, 0 credit ratings for PRIMECAB
Fetching https://www.screener.in/company/PFOCUS/ ...
  Saved 23 concalls, 15 annual reports, 6 credit ratings for PFOCUS
Fetching https://www.screener.in/company/PRIMESECU/ ...
  Saved 0 concalls, 15 annual reports, 0 credit ratings for PRIMESECU
Fetching https://www.screener.in/company/PRIMO/ ...
  Saved 5 concalls, 15 annual reports, 6 credit ratings for PRIMO
Fetching https://www.screener.in/company/PRINCEPIPE/ ...
  Saved 35 concalls, 6 annual reports, 6 credit ratings for PRINCEPIPE
Fetching https://www.screener.in/company/PRSMJOHNSN/ ...
  Saved 58 concalls, 15 annual reports, 6 credit ratings for PRSMJOHNSN
Fetching https://www.screener.in/company/PRITI/ ...
  Saved 0 concalls, 8 annual reports, 0 credit ratings for PRITI
Fetching https://www.screener.in/company/PRITIKAUTO/ ...
  Saved 26 concalls, 12 annual reports, 6 credit ratings for PRITIKAUTO
Fetching https://www.screener.in/company/PRITIKA/ ...
  Saved 7 concalls, 3 annual reports, 3 credit ratings for PRITIKA
Fetching https://www.screener.in/company/PNC/ ...
  Saved 0 concalls, 15 annual reports, 0 credit ratings for PNC
Fetching https://www.screener.in/company/PRIVISCL/ ...
  Saved 17 concalls, 15 annual reports, 6 credit ratings for PRIVISCL
Fetching https://www.screener.in/company/PRIZOR/ ...
  Saved 3 concalls, 1 annual reports, 0 credit ratings for PRIZOR
Fetching https://www.screener.in/company/PROFX/ ...
  Saved 3 concalls, 0 annual reports, 0 credit ratings for PROFX
Fetching https://www.screener.in/company/PGHL/ ...
  Saved 4 concalls, 15 annual reports, 5 credit ratings for PGHL
Fetching https://www.screener.in/company/PGHH/ ...
  Saved 4 concalls, 15 annual reports, 0 credit ratings for PGHH
Fetching https://www.screener.in/company/PROLIFE/ ...
  Saved 0 concalls, 9 annual reports, 0 credit ratings for PROLIFE
Fetching https://www.screener.in/company/PROSTARM/ ...
  Saved 3 concalls, 1 annual reports, 2 credit ratings for PROSTARM
Fetching https://www.screener.in/company/PROTEAN/ ...
  Saved 14 concalls, 2 annual reports, 0 credit ratings for PROTEAN
Fetching https://www.screener.in/company/PROV/ ...
  Saved 5 concalls, 3 annual reports, 0 credit ratings for PROV
Fetching https://www.screener.in/company/PROZONER/ ...
  Saved 47 concalls, 14 annual reports, 0 credit ratings for PROZONER
Fetching https://www.screener.in/company/PRUDENT/ ...
  Saved 18 concalls, 5 annual reports, 0 credit ratings for PRUDENT
Fetching https://www.screener.in/company/PRUDMOULI/ ...
  Saved 0 concalls, 15 annual reports, 6 credit ratings for PRUDMOULI
Fetching https://www.screener.in/company/PDMJEPAPER/ ...
  Saved 0 concalls, 11 annual reports, 6 credit ratings for PDMJEPAPER
Fetching https://www.screener.in/company/PULZ/ ...
  Saved 0 concalls, 8 annual reports, 0 credit ratings for PULZ
Fetching https://www.screener.in/company/PUNJLLOYD/ ...
  Saved 5 concalls, 11 annual reports, 6 credit ratings for PUNJLLOYD
Fetching https://www.screener.in/company/PSB/ ...
  Saved 27 concalls, 15 annual reports, 6 credit ratings for PSB
Fetching https://www.screener.in/company/PUNJABCHEM/ ...
  Saved 24 concalls, 15 annual reports, 6 credit ratings for PUNJABCHEM
Fetching https://www.screener.in/company/PNB/ ...
  Saved 30 concalls, 15 annual reports, 6 credit ratings for PNB
Fetching https://www.screener.in/company/PURVA/ ...
  Saved 45 concalls, 15 annual reports, 6 credit ratings for PURVA
Fetching https://www.screener.in/company/PURPLEUTED/ ...
  Saved 5 concalls, 1 annual reports, 0 credit ratings for PURPLEUTED
Fetching https://www.screener.in/company/PURVFLEXI/ ...
  Saved 0 concalls, 2 annual reports, 4 credit ratings for PURVFLEXI
Fetching https://www.screener.in/company/PUSHPA/ ...
  Saved 1 concalls, 1 annual reports, 0 credit ratings for PUSHPA
Fetching https://www.screener.in/company/PYRAMID/ ...
  Saved 14 concalls, 2 annual reports, 0 credit ratings for PYRAMID
Fetching https://www.screener.in/company/QMSMEDI/ ...
  Saved 9 concalls, 3 annual reports, 0 credit ratings for QMSMEDI
Fetching https://www.screener.in/company/QVCEL/ ...
  Saved 0 concalls, 2 annual reports, 2 credit ratings for QVCEL
Fetching https://www.screener.in/company/QUADPRO/ ...
  Saved 0 concalls, 4 annual reports, 0 credit ratings for QUADPRO
Fetching https://www.screener.in/company/QUADFUTURE/ ...
  Saved 3 concalls, 1 annual reports, 0 credit ratings for QUADFUTURE
Fetching https://www.screener.in/company/QFIL/ ...
  Saved 0 concalls, 3 annual reports, 0 credit ratings for QFIL
Fetching https://www.screener.in/company/QPOWER/ ...
  Saved 6 concalls, 1 annual reports, 0 credit ratings for QPOWER
Fetching https://www.screener.in/company/QUESS/ ...
  Saved 37 concalls, 10 annual reports, 6 credit ratings for QUESS
Fetching https://www.screener.in/company/QUESTLAB/ ...
  Saved 3 concalls, 2 annual reports, 0 credit ratings for QUESTLAB
Fetching https://www.screener.in/company/QUICKHEAL/ ...
  Saved 37 concalls, 10 annual reports, 0 credit ratings for QUICKHEAL
Fetching https://www.screener.in/company/QUICKTOUCH/ ...
  Saved 0 concalls, 3 annual reports, 0 credit ratings for QUICKTOUCH
Fetching https://www.screener.in/company/QUINTEGRA/ ...
  Saved 0 concalls, 15 annual reports, 0 credit ratings for QUINTEGRA
Fetching https://www.screener.in/company/RNBDENIMS/ ...
  Saved 4 concalls, 12 annual reports, 6 credit ratings for RNBDENIMS
Fetching https://www.screener.in/company/RACLGEAR/ ...
  Saved 28 concalls, 15 annual reports, 6 credit ratings for RACLGEAR
Fetching https://www.screener.in/company/RBLBANK/ ...
  Saved 48 concalls, 14 annual reports, 6 credit ratings for RBLBANK
Fetching https://www.screener.in/company/RBMINFRA/ ...
  Saved 6 concalls, 3 annual reports, 0 credit ratings for RBMINFRA
Fetching https://www.screener.in/company/RBZJEWEL/ ...
  Saved 11 concalls, 2 annual reports, 6 credit ratings for RBZJEWEL
Fetching https://www.screener.in/company/RECLTD/ ...
  Saved 30 concalls, 15 annual reports, 6 credit ratings for RECLTD
Fetching https://www.screener.in/company/RHIM/ ...
  Saved 17 concalls, 15 annual reports, 2 credit ratings for RHIM
Fetching https://www.screener.in/company/RIR/ ...
  ERROR for RIR: HTTP 404 for https://www.screener.in/company/RIR/
Fetching https://www.screener.in/company/RKEC/ ...
  Saved 4 concalls, 5 annual reports, 6 credit ratings for RKEC
Fetching https://www.screener.in/company/RKSWAMY/ ...
  Saved 9 concalls, 2 annual reports, 0 credit ratings for RKSWAMY
Fetching https://www.screener.in/company/RMC/ ...
  Saved 9 concalls, 12 annual reports, 6 credit ratings for RMC
Fetching https://www.screener.in/company/RMDRIP/ ...
  Saved 1 concalls, 8 annual reports, 6 credit ratings for RMDRIP
Fetching https://www.screener.in/company/RNFI/ ...
  Saved 6 concalls, 2 annual reports, 0 credit ratings for RNFI
Fetching https://www.screener.in/company/RPGLIFE/ ...
  Saved 33 concalls, 15 annual reports, 6 credit ratings for RPGLIFE
Fetching https://www.screener.in/company/RPPINFRA/ ...
  Saved 21 concalls, 15 annual reports, 6 credit ratings for RPPINFRA
Fetching https://www.screener.in/company/RPSGVENT/ ...
  Saved 2 concalls, 8 annual reports, 6 credit ratings for RPSGVENT
Fetching https://www.screener.in/company/RRKABEL/ ...
  Saved 11 concalls, 2 annual reports, 6 credit ratings for RRKABEL
Fetching https://www.screener.in/company/RSSOFTWARE/ ...
  Saved 5 concalls, 15 annual reports, 6 credit ratings for RSSOFTWARE
Fetching https://www.screener.in/company/RSWM/ ...
  Saved 31 concalls, 15 annual reports, 6 credit ratings for RSWM
Fetching https://www.screener.in/company/RSYSTEMS/ ...
  Saved 37 concalls, 15 annual reports, 6 credit ratings for RSYSTEMS
Fetching https://www.screener.in/company/RACE/ ...
  Saved 9 concalls, 12 annual reports, 6 credit ratings for RACE
Fetching https://www.screener.in/company/RILINFRA/ ...
  Saved 0 concalls, 4 annual reports, 6 credit ratings for RILINFRA
Fetching https://www.screener.in/company/RADAAN/ ...
  Saved 0 concalls, 15 annual reports, 0 credit ratings for RADAAN
Fetching https://www.screener.in/company/RMCL/ ...
  Saved 0 concalls, 15 annual reports, 0 credit ratings for RMCL
Fetching https://www.screener.in/company/RADHIKAJWE/ ...
  Saved 1 concalls, 9 annual reports, 0 credit ratings for RADHIKAJWE
Fetching https://www.screener.in/company/RADIANTCMS/ ...
  Saved 15 concalls, 3 annual reports, 0 credit ratings for RADIANTCMS
Fetching https://www.screener.in/company/RADICO/ ...
  Saved 42 concalls, 15 annual reports, 6 credit ratings for RADICO
Fetching https://www.screener.in/company/RADIOWALLA/ ...
  Saved 6 concalls, 2 annual reports, 0 credit ratings for RADIOWALLA
Fetching https://www.screener.in/company/RPEL/ ...
  Saved 6 concalls, 13 annual reports, 6 credit ratings for RPEL
Fetching https://www.screener.in/company/RVNL/ ...
  Saved 14 concalls, 15 annual reports, 6 credit ratings for RVNL
Fetching https://www.screener.in/company/RAILTEL/ ...
  Saved 24 concalls, 5 annual reports, 6 credit ratings for RAILTEL
Fetching https://www.screener.in/company/RAIN/ ...
  Saved 49 concalls, 15 annual reports, 6 credit ratings for RAIN
Fetching https://www.screener.in/company/RAINBOW/ ...
  Saved 18 concalls, 4 annual reports, 5 credit ratings for RAINBOW
Fetching https://www.screener.in/company/ROML/ ...
  Saved 0 concalls, 15 annual reports, 0 credit ratings for ROML
Fetching https://www.screener.in/company/RAJRILTD/ ...
  Saved 2 concalls, 15 annual reports, 6 credit ratings for RAJRILTD
Fetching https://www.screener.in/company/RAJTV/ ...
  Saved 0 concalls, 15 annual reports, 6 credit ratings for RAJTV
Fetching https://www.screener.in/company/ARENTERP/ ...
  Saved 0 concalls, 15 annual reports, 0 credit ratings for ARENTERP
Fetching https://www.screener.in/company/RAJESHEXPO/ ...
  Saved 8 concalls, 15 annual reports, 6 credit ratings for RAJESHEXPO
Fetching https://www.screener.in/company/RCDL/ ...
  Saved 0 concalls, 2 annual reports, 3 credit ratings for RCDL
Fetching https://www.screener.in/company/RAJMET/ ...
  Saved 0 concalls, 5 annual reports, 6 credit ratings for RAJMET
Fetching https://www.screener.in/company/RAJOOENG/ ...
  Saved 26 concalls, 15 annual reports, 6 credit ratings for RAJOOENG
Fetching https://www.screener.in/company/RAJPUTANA/ ...
  Saved 2 concalls, 1 annual reports, 0 credit ratings for RAJPUTANA
Fetching https://www.screener.in/company/RAJINDLTD/ ...
  Saved 4 concalls, 1 annual reports, 3 credit ratings for RAJINDLTD
Fetching https://www.screener.in/company/RSL/ ...
  Saved 0 concalls, 0 annual reports, 6 credit ratings for RSL
Fetching https://www.screener.in/company/RAJRATAN/ ...
  Saved 37 concalls, 15 annual reports, 6 credit ratings for RAJRATAN
Fetching https://www.screener.in/company/RPPL/ ...
  Saved 28 concalls, 13 annual reports, 6 credit ratings for RPPL
Fetching https://www.screener.in/company/RAJSREESUG/ ...
  Saved 0 concalls, 15 annual reports, 6 credit ratings for RAJSREESUG
Fetching https://www.screener.in/company/RAJVIR/ ...
  Saved 0 concalls, 15 annual reports, 6 credit ratings for RAJVIR
Fetching https://www.screener.in/company/RALLIS/ ...
  Saved 37 concalls, 15 annual reports, 6 credit ratings for RALLIS
Fetching https://www.screener.in/company/RAMRAT/ ...
  Saved 15 concalls, 15 annual reports, 6 credit ratings for RAMRAT
Fetching https://www.screener.in/company/RAMAPHO/ ...
  Saved 3 concalls, 15 annual reports, 6 credit ratings for RAMAPHO
Fetching https://www.screener.in/company/RAMASTEEL/ ...
  Saved 10 concalls, 14 annual reports, 6 credit ratings for RAMASTEEL
Fetching https://www.screener.in/company/RTL/ ...
  Saved 0 concalls, 1 annual reports, 0 credit ratings for RTL
Fetching https://www.screener.in/company/RAMCOCEM/ ...
  Saved 24 concalls, 15 annual reports, 6 credit ratings for RAMCOCEM
Fetching https://www.screener.in/company/RAMCOIND/ ...
  Saved 0 concalls, 15 annual reports, 6 credit ratings for RAMCOIND
Fetching https://www.screener.in/company/RAMCOSYS/ ...
  Saved 10 concalls, 15 annual reports, 6 credit ratings for RAMCOSYS
Fetching https://www.screener.in/company/RBS/ ...
  Saved 0 concalls, 2 annual reports, 0 credit ratings for RBS
Fetching https://www.screener.in/company/RKFORGE/ ...
  Saved 54 concalls, 15 annual reports, 6 credit ratings for RKFORGE
Fetching https://www.screener.in/company/RAMKY/ ...
  Saved 5 concalls, 15 annual reports, 6 credit ratings for RAMKY
Fetching https://www.screener.in/company/RANASUG/ ...
  Saved 0 concalls, 15 annual reports, 6 credit ratings for RANASUG
Fetching https://www.screener.in/company/RML/ ...
  Saved 35 concalls, 15 annual reports, 6 credit ratings for RML
Fetching https://www.screener.in/company/RANEHOLDIN/ ...
  Saved 35 concalls, 15 annual reports, 6 credit ratings for RANEHOLDIN
Fetching https://www.screener.in/company/RANKLIN/ ...
  Saved 0 concalls, 2 annual reports, 0 credit ratings for RANKLIN
Fetching https://www.screener.in/company/RAPIDFLEET/ ...
  Saved 0 concalls, 1 annual reports, 0 credit ratings for RAPIDFLEET
Fetching https://www.screener.in/company/RAPPID/ ...
  Saved 0 concalls, 1 annual reports, 0 credit ratings for RAPPID
Fetching https://www.screener.in/company/RPTECH/ ...
  Saved 10 concalls, 2 annual reports, 6 credit ratings for RPTECH
Fetching https://www.screener.in/company/RCF/ ...
  Saved 2 concalls, 15 annual reports, 6 credit ratings for RCF
Fetching https://www.screener.in/company/RATEGAIN/ ...
  Saved 25 concalls, 4 annual reports, 0 credit ratings for RATEGAIN
Fetching https://www.screener.in/company/RATNAMANI/ ...
  Saved 21 concalls, 15 annual reports, 6 credit ratings for RATNAMANI
Fetching https://www.screener.in/company/RATNAVEER/ ...
  Saved 1 concalls, 3 annual reports, 4 credit ratings for RATNAVEER
Fetching https://www.screener.in/company/RTNINDIA/ ...
  Saved 21 concalls, 14 annual reports, 0 credit ratings for RTNINDIA
Fetching https://www.screener.in/company/RTNPOWER/ ...
  Saved 2 concalls, 15 annual reports, 6 credit ratings for RTNPOWER
Fetching https://www.screener.in/company/RKDL/ ...
  Saved 0 concalls, 15 annual reports, 1 credit ratings for RKDL
Fetching https://www.screener.in/company/RVHL/ ...
  Saved 0 concalls, 5 annual reports, 0 credit ratings for RVHL
Fetching https://www.screener.in/company/RELTD/ ...
  Saved 3 concalls, 15 annual reports, 4 credit ratings for RELTD
Fetching https://www.screener.in/company/RAYMONDLSL/ ...
  Saved 9 concalls, 1 annual reports, 6 credit ratings for RAYMONDLSL
Fetching https://www.screener.in/company/RAYMOND/ ...
  Saved 56 concalls, 15 annual reports, 6 credit ratings for RAYMOND
Fetching https://www.screener.in/company/RAYMONDREL/ ...
  Saved 4 concalls, 0 annual reports, 1 credit ratings for RAYMONDREL
Fetching https://www.screener.in/company/READYMIX/ ...
  Saved 0 concalls, 1 annual reports, 0 credit ratings for READYMIX
Fetching https://www.screener.in/company/REDINGTON/ ...
  Saved 60 concalls, 15 annual reports, 6 credit ratings for REDINGTON
Fetching https://www.screener.in/company/REDTAPE/ ...
  Saved 4 concalls, 3 annual reports, 3 credit ratings for REDTAPE
Fetching https://www.screener.in/company/REFEX/ ...
  Saved 12 concalls, 15 annual reports, 6 credit ratings for REFEX
Fetching https://www.screener.in/company/REFRACTORY/ ...
  Saved 0 concalls, 2 annual reports, 0 credit ratings for REFRACTORY
Fetching https://www.screener.in/company/REGAAL/ ...
  Saved 3 concalls, 0 annual reports, 6 credit ratings for REGAAL
Fetching https://www.screener.in/company/REGENCERAM/ ...
  Saved 0 concalls, 15 annual reports, 0 credit ratings for REGENCERAM
Fetching https://www.screener.in/company/RELAXO/ ...
  Saved 35 concalls, 15 annual reports, 6 credit ratings for RELAXO
Fetching https://www.screener.in/company/RELIABLE/ ...
  Saved 0 concalls, 8 annual reports, 0 credit ratings for RELIABLE
Fetching https://www.screener.in/company/RELCAPITAL/ ...
  Saved 12 concalls, 15 annual reports, 6 credit ratings for RELCAPITAL
Fetching https://www.screener.in/company/RELCHEMQ/ ...
  Saved 23 concalls, 15 annual reports, 6 credit ratings for RELCHEMQ
Fetching https://www.screener.in/company/RCOM/ ...
  Saved 0 concalls, 15 annual reports, 6 credit ratings for RCOM
Fetching https://www.screener.in/company/RHFL/ ...
  Saved 5 concalls, 6 annual reports, 6 credit ratings for RHFL
Fetching https://www.screener.in/company/RIIL/ ...
  Saved 0 concalls, 15 annual reports, 0 credit ratings for RIIL
  Skipping RELIANCE (already in CSV)
Fetching https://www.screener.in/company/RELINFRA/ ...
  Saved 1 concalls, 15 annual reports, 6 credit ratings for RELINFRA
Fetching https://www.screener.in/company/RPOWER/ ...
  Saved 1 concalls, 15 annual reports, 6 credit ratings for RPOWER
Fetching https://www.screener.in/company/RELIGARE/ ...
  Saved 7 concalls, 15 annual reports, 6 credit ratings for RELIGARE
Fetching https://www.screener.in/company/REMSONSIND/ ...
  Saved 21 concalls, 15 annual reports, 6 credit ratings for REMSONSIND
Fetching https://www.screener.in/company/REMUS/ ...
  Saved 4 concalls, 3 annual reports, 0 credit ratings for REMUS
Fetching https://www.screener.in/company/RGL/ ...
  Saved 51 concalls, 15 annual reports, 6 credit ratings for RGL
Fetching https://www.screener.in/company/RNPL/ ...
  Saved 0 concalls, 1 annual reports, 0 credit ratings for RNPL
Fetching https://www.screener.in/company/REPCOHOME/ ...
  Saved 46 concalls, 15 annual reports, 6 credit ratings for REPCOHOME
Fetching https://www.screener.in/company/REPRO/ ...
  Saved 47 concalls, 15 annual reports, 6 credit ratings for REPRO
Fetching https://www.screener.in/company/RESPONIND/ ...
  Saved 13 concalls, 15 annual reports, 6 credit ratings for RESPONIND
Fetching https://www.screener.in/company/RBA/ ...
  Saved 21 concalls, 5 annual reports, 6 credit ratings for RBA
Fetching https://www.screener.in/company/RMMIL/ ...
  Saved 0 concalls, 10 annual reports, 0 credit ratings for RMMIL
Fetching https://www.screener.in/company/RVTH/ ...
  Saved 0 concalls, 3 annual reports, 3 credit ratings for RVTH
Fetching https://www.screener.in/company/REXPIPES/ ...
  Saved 0 concalls, 5 annual reports, 6 credit ratings for REXPIPES
Fetching https://www.screener.in/company/REXPRO/ ...
  Saved 0 concalls, 1 annual reports, 0 credit ratings for REXPRO
Fetching https://www.screener.in/company/RHETAN/ ...
  Saved 0 concalls, 3 annual reports, 0 credit ratings for RHETAN
Fetching https://www.screener.in/company/RICHA/ ...
  Saved 0 concalls, 4 annual reports, 0 credit ratings for RICHA
Fetching https://www.screener.in/company/RICOAUTO/ ...
  Saved 36 concalls, 15 annual reports, 6 credit ratings for RICOAUTO
Fetching https://www.screener.in/company/RISHABH/ ...
  Saved 12 concalls, 2 annual reports, 3 credit ratings for RISHABH
Fetching https://www.screener.in/company/RITCO/ ...
  Saved 1 concalls, 7 annual reports, 6 credit ratings for RITCO
Fetching https://www.screener.in/company/RITEZONE/ ...
  Saved 0 concalls, 3 annual reports, 0 credit ratings for RITEZONE
Fetching https://www.screener.in/company/RITES/ ...
  Saved 43 concalls, 15 annual reports, 6 credit ratings for RITES
Fetching https://www.screener.in/company/RHL/ ...
  Saved 0 concalls, 3 annual reports, 6 credit ratings for RHL
Fetching https://www.screener.in/company/ROCKINGDCE/ ...
  Saved 2 concalls, 2 annual reports, 0 credit ratings for ROCKINGDCE
Fetching https://www.screener.in/company/ROLEXRINGS/ ...
  Saved 19 concalls, 5 annual reports, 6 credit ratings for ROLEXRINGS
Fetching https://www.screener.in/company/ROLLT/ ...
  Saved 0 concalls, 15 annual reports, 0 credit ratings for ROLLT
Fetching https://www.screener.in/company/ROSSARI/ ...
  Saved 29 concalls, 5 annual reports, 5 credit ratings for ROSSARI
Fetching https://www.screener.in/company/ROSSELLIND/ ...
  Saved 0 concalls, 15 annual reports, 6 credit ratings for ROSSELLIND
Fetching https://www.screener.in/company/ROSSTECH/ ...
  Saved 5 concalls, 1 annual reports, 1 credit ratings for ROSSTECH
Fetching https://www.screener.in/company/ROTO/ ...
  Saved 0 concalls, 15 annual reports, 6 credit ratings for ROTO
Fetching https://www.screener.in/company/ROUTE/ ...
  Saved 24 concalls, 5 annual reports, 0 credit ratings for ROUTE
Fetching https://www.screener.in/company/ROXHITECH/ ...
  Saved 6 concalls, 2 annual reports, 0 credit ratings for ROXHITECH
Fetching https://www.screener.in/company/ROYALARC/ ...
  Saved 0 concalls, 1 annual reports, 0 credit ratings for ROYALARC
Fetching https://www.screener.in/company/ROHLTD/ ...
  Saved 39 concalls, 15 annual reports, 6 credit ratings for ROHLTD
Fetching https://www.screener.in/company/RUBFILA/ ...
  Saved 0 concalls, 15 annual reports, 0 credit ratings for RUBFILA
Fetching https://www.screener.in/company/RUBICON/ ...
  Saved 2 concalls, 0 annual reports, 2 credit ratings for RUBICON
Fetching https://www.screener.in/company/RUBYMILLS/ ...
  Saved 0 concalls, 15 annual reports, 6 credit ratings for RUBYMILLS
Fetching https://www.screener.in/company/RUCHINFRA/ ...
  Saved 0 concalls, 15 annual reports, 6 credit ratings for RUCHINFRA
Fetching https://www.screener.in/company/RUCHIRA/ ...
  Saved 12 concalls, 15 annual reports, 6 credit ratings for RUCHIRA
Fetching https://www.screener.in/company/RUDRA/ ...
  Saved 2 concalls, 10 annual reports, 6 credit ratings for RUDRA
Fetching https://www.screener.in/company/REPL/ ...
  Saved 21 concalls, 5 annual reports, 0 credit ratings for REPL
Fetching https://www.screener.in/company/RULKA/ ...
  Saved 2 concalls, 2 annual reports, 0 credit ratings for RULKA
Fetching https://www.screener.in/company/RUPA/ ...
  Saved 23 concalls, 15 annual reports, 6 credit ratings for RUPA
Fetching https://www.screener.in/company/RUSHABEAR/ ...
  Saved 0 concalls, 0 annual reports, 0 credit ratings for RUSHABEAR
Fetching https://www.screener.in/company/RUSHIL/ ...
  Saved 33 concalls, 15 annual reports, 6 credit ratings for RUSHIL
Fetching https://www.screener.in/company/S&SPOWER/ ...
  Saved 4 concalls, 15 annual reports, 0 credit ratings for S&SPOWER
Fetching https://www.screener.in/company/SALSTEEL/ ...
  Saved 0 concalls, 15 annual reports, 2 credit ratings for SALSTEEL
Fetching https://www.screener.in/company/SARTELE/ ...
  Saved 3 concalls, 2 annual reports, 0 credit ratings for SARTELE
Fetching https://www.screener.in/company/SATECH/ ...
  Saved 4 concalls, 1 annual reports, 0 credit ratings for SATECH
Fetching https://www.screener.in/company/SBC/ ...
  Saved 1 concalls, 7 annual reports, 0 credit ratings for SBC
Fetching https://www.screener.in/company/SBFC/ ...
  Saved 13 concalls, 2 annual reports, 6 credit ratings for SBFC
Fetching https://www.screener.in/company/SBICARD/ ...
  Saved 29 concalls, 6 annual reports, 6 credit ratings for SBICARD
Fetching https://www.screener.in/company/SBILIFE/ ...
  Saved 21 concalls, 8 annual reports, 6 credit ratings for SBILIFE
Fetching https://www.screener.in/company/SCHAND/ ...
  Saved 47 concalls, 9 annual reports, 6 credit ratings for SCHAND
Fetching https://www.screener.in/company/SDREAMS/ ...
  Saved 3 concalls, 1 annual reports, 0 credit ratings for SDREAMS
Fetching https://www.screener.in/company/SELMC/ ...
  Saved 0 concalls, 15 annual reports, 1 credit ratings for SELMC
Fetching https://www.screener.in/company/SEPC/ ...
  Saved 0 concalls, 15 annual reports, 6 credit ratings for SEPC
Fetching https://www.screener.in/company/SGFIN/ ...
  Saved 14 concalls, 15 annual reports, 6 credit ratings for SGFIN
Fetching https://www.screener.in/company/SGMART/ ...
  Saved 12 concalls, 15 annual reports, 3 credit ratings for SGMART
Fetching https://www.screener.in/company/SHK/ ...
  Saved 54 concalls, 10 annual reports, 6 credit ratings for SHK
Fetching https://www.screener.in/company/SILINV/ ...
  Saved 0 concalls, 15 annual reports, 0 credit ratings for SILINV
Fetching https://www.screener.in/company/SIS/ ...
  Saved 39 concalls, 9 annual reports, 6 credit ratings for SIS
Fetching https://www.screener.in/company/SJLOGISTIC/ ...
  Saved 6 concalls, 2 annual reports, 6 credit ratings for SJLOGISTIC
Fetching https://www.screener.in/company/SJS/ ...
  Saved 23 concalls, 5 annual reports, 5 credit ratings for SJS
Fetching https://www.screener.in/company/SJVN/ ...
  Saved 26 concalls, 15 annual reports, 6 credit ratings for SJVN
Fetching https://www.screener.in/company/SKFINDUS/ ...
  Saved 0 concalls, 0 annual reports, 0 credit ratings for SKFINDUS
Fetching https://www.screener.in/company/SKFINDIA/ ...
  Saved 24 concalls, 15 annual reports, 0 credit ratings for SKFINDIA
Fetching https://www.screener.in/company/SKMEGGPROD/ ...
  Saved 4 concalls, 15 annual reports, 6 credit ratings for SKMEGGPROD
Fetching https://www.screener.in/company/SKP/ ...
  Saved 7 concalls, 4 annual reports, 2 credit ratings for SKP
Fetching https://www.screener.in/company/SKSTEXTILE/ ...
  Saved 0 concalls, 5 annual reports, 0 credit ratings for SKSTEXTILE
Fetching https://www.screener.in/company/SMCGLOBAL/ ...
  Saved 39 concalls, 5 annual reports, 6 credit ratings for SMCGLOBAL
Fetching https://www.screener.in/company/SMLMAH/ ...
  Saved 14 concalls, 15 annual reports, 6 credit ratings for SMLMAH
Fetching https://www.screener.in/company/SMSPHARMA/ ...
  Saved 20 concalls, 15 annual reports, 6 credit ratings for SMSPHARMA
Fetching https://www.screener.in/company/SMVD/ ...
  Saved 0 concalls, 8 annual reports, 6 credit ratings for SMVD
Fetching https://www.screener.in/company/SPAL/ ...
  Saved 43 concalls, 13 annual reports, 6 credit ratings for SPAL
Fetching https://www.screener.in/company/SPLIL/ ...
  Saved 0 concalls, 15 annual reports, 3 credit ratings for SPLIL
Fetching https://www.screener.in/company/SPMLINFRA/ ...
  Saved 13 concalls, 15 annual reports, 6 credit ratings for SPMLINFRA
Fetching https://www.screener.in/company/SPPPOLY/ ...
  Saved 0 concalls, 1 annual reports, 0 credit ratings for SPPPOLY
Fetching https://www.screener.in/company/SPRL/ ...
  Saved 0 concalls, 4 annual reports, 0 credit ratings for SPRL
Fetching https://www.screener.in/company/SREINFRA/ ...
  Saved 13 concalls, 15 annual reports, 6 credit ratings for SREINFRA
Fetching https://www.screener.in/company/SRF/ ...
  Saved 43 concalls, 15 annual reports, 6 credit ratings for SRF
Fetching https://www.screener.in/company/SRGHFL/ ...
  Saved 40 concalls, 13 annual reports, 6 credit ratings for SRGHFL
Fetching https://www.screener.in/company/SRM/ ...
  Saved 5 concalls, 2 annual reports, 4 credit ratings for SRM
Fetching https://www.screener.in/company/STEL/ ...
  Saved 0 concalls, 15 annual reports, 0 credit ratings for STEL
Fetching https://www.screener.in/company/SGL/ ...
  Saved 0 concalls, 15 annual reports, 0 credit ratings for SGL
Fetching https://www.screener.in/company/STLNETWORK/ ...
  Saved 0 concalls, 1 annual reports, 2 credit ratings for STLNETWORK
Fetching https://www.screener.in/company/SVPGLOB/ ...
  Saved 18 concalls, 15 annual reports, 3 credit ratings for SVPGLOB
Fetching https://www.screener.in/company/SAAKSHI/ ...
  Saved 5 concalls, 2 annual reports, 0 credit ratings for SAAKSHI
Fetching https://www.screener.in/company/SAATVIKGL/ ...
  Saved 3 concalls, 0 annual reports, 3 credit ratings for SAATVIKGL
Fetching https://www.screener.in/company/SABEVENTS/ ...
  Saved 0 concalls, 10 annual reports, 0 credit ratings for SABEVENTS
Fetching https://www.screener.in/company/SABAR/ ...
  Saved 0 concalls, 3 annual reports, 0 credit ratings for SABAR
Fetching https://www.screener.in/company/SACHEEROME/ ...
  Saved 2 concalls, 1 annual reports, 0 credit ratings for SACHEEROME
Fetching https://www.screener.in/company/SADBHAV/ ...
  Saved 12 concalls, 15 annual reports, 6 credit ratings for SADBHAV
Fetching https://www.screener.in/company/SADBHIN/ ...
  Saved 15 concalls, 11 annual reports, 6 credit ratings for SADBHIN
Fetching https://www.screener.in/company/SADHNANIQ/ ...
  Saved 6 concalls, 15 annual reports, 5 credit ratings for SADHNANIQ
Fetching https://www.screener.in/company/SADHAV/ ...
  Saved 2 concalls, 2 annual reports, 6 credit ratings for SADHAV
Fetching https://www.screener.in/company/SAFARI/ ...
  Saved 0 concalls, 15 annual reports, 6 credit ratings for SAFARI
Fetching https://www.screener.in/company/SAFEENTP/ ...
  Saved 2 concalls, 0 annual reports, 0 credit ratings for SAFEENTP
Fetching https://www.screener.in/company/SAGCEM/ ...
  Saved 40 concalls, 15 annual reports, 6 credit ratings for SAGCEM
Fetching https://www.screener.in/company/SAGARDEEP/ ...
  Saved 0 concalls, 7 annual reports, 2 credit ratings for SAGARDEEP
Fetching https://www.screener.in/company/SAGILITY/ ...
  Saved 8 concalls, 1 annual reports, 3 credit ratings for SAGILITY
Fetching https://www.screener.in/company/SAHAJ/ ...
  Saved 0 concalls, 1 annual reports, 0 credit ratings for SAHAJ
Fetching https://www.screener.in/company/SAHAJSOLAR/ ...
  Saved 5 concalls, 1 annual reports, 1 credit ratings for SAHAJSOLAR
Fetching https://www.screener.in/company/SAHANA/ ...
  Saved 2 concalls, 3 annual reports, 0 credit ratings for SAHANA
Fetching https://www.screener.in/company/SAHASRA/ ...
  Saved 3 concalls, 1 annual reports, 0 credit ratings for SAHASRA
Fetching https://www.screener.in/company/SAHYADRI/ ...
  Saved 23 concalls, 15 annual reports, 6 credit ratings for SAHYADRI
Fetching https://www.screener.in/company/SAILIFE/ ...
  Saved 6 concalls, 1 annual reports, 6 credit ratings for SAILIFE
Fetching https://www.screener.in/company/KALAMANDIR/ ...
  Saved 13 concalls, 2 annual reports, 6 credit ratings for KALAMANDIR
Fetching https://www.screener.in/company/SAJHOTELS/ ...
  Saved 0 concalls, 1 annual reports, 0 credit ratings for SAJHOTELS
Fetching https://www.screener.in/company/SAKAR/ ...
  Saved 4 concalls, 7 annual reports, 6 credit ratings for SAKAR
Fetching https://www.screener.in/company/SAKSOFT/ ...
  Saved 33 concalls, 15 annual reports, 6 credit ratings for SAKSOFT
Fetching https://www.screener.in/company/SAKHTISUG/ ...
  Saved 0 concalls, 15 annual reports, 0 credit ratings for SAKHTISUG
Fetching https://www.screener.in/company/SAKUMA/ ...
  Saved 0 concalls, 15 annual reports, 6 credit ratings for SAKUMA
Fetching https://www.screener.in/company/SECL/ ...
  Saved 0 concalls, 6 annual reports, 4 credit ratings for SECL
Fetching https://www.screener.in/company/SALASAR/ ...
  Saved 33 concalls, 8 annual reports, 6 credit ratings for SALASAR
Fetching https://www.screener.in/company/SALONA/ ...
  Saved 0 concalls, 15 annual reports, 6 credit ratings for SALONA
Fetching https://www.screener.in/company/SALZERELEC/ ...
  Saved 49 concalls, 15 annual reports, 6 credit ratings for SALZERELEC
Fetching https://www.screener.in/company/SAMAY/ ...
  Saved 0 concalls, 1 annual reports, 1 credit ratings for SAMAY
Fetching https://www.screener.in/company/SAMBHAAV/ ...
  Saved 0 concalls, 15 annual reports, 6 credit ratings for SAMBHAAV
Fetching https://www.screener.in/company/SAMBHV/ ...
  Saved 4 concalls, 1 annual reports, 3 credit ratings for SAMBHV
Fetching https://www.screener.in/company/SAIFL/ ...
  Saved 0 concalls, 2 annual reports, 0 credit ratings for SAIFL
Fetching https://www.screener.in/company/SAMHI/ ...
  Saved 21 concalls, 2 annual reports, 6 credit ratings for SAMHI
Fetching https://www.screener.in/company/SAMMAANCAP/ ...
  Saved 72 concalls, 15 annual reports, 6 credit ratings for SAMMAANCAP
Fetching https://www.screener.in/company/SAMPANN/ ...
  Saved 0 concalls, 14 annual reports, 6 credit ratings for SAMPANN
Fetching https://www.screener.in/company/MOTHERSON/ ...
  Saved 54 concalls, 15 annual reports, 6 credit ratings for MOTHERSON
Fetching https://www.screener.in/company/SANATHAN/ ...
  Saved 7 concalls, 1 annual reports, 6 credit ratings for SANATHAN
Fetching https://www.screener.in/company/SANCO/ ...
  Saved 0 concalls, 7 annual reports, 6 credit ratings for SANCO
Fetching https://www.screener.in/company/SANDESH/ ...
  Saved 0 concalls, 15 annual reports, 6 credit ratings for SANDESH
Fetching https://www.screener.in/company/SANDHAR/ ...
  Saved 35 concalls, 8 annual reports, 6 credit ratings for SANDHAR
Fetching https://www.screener.in/company/SANDUMA/ ...
  Saved 22 concalls, 15 annual reports, 6 credit ratings for SANDUMA
Fetching https://www.screener.in/company/SANGAMIND/ ...
  Saved 18 concalls, 15 annual reports, 6 credit ratings for SANGAMIND
Fetching https://www.screener.in/company/SANGANI/ ...
  Saved 0 concalls, 2 annual reports, 0 credit ratings for SANGANI
Fetching https://www.screener.in/company/SANGHIIND/ ...
  Saved 16 concalls, 15 annual reports, 6 credit ratings for SANGHIIND
Fetching https://www.screener.in/company/SANGHVIMOV/ ...
  Saved 35 concalls, 15 annual reports, 6 credit ratings for SANGHVIMOV
Fetching https://www.screener.in/company/SANGINITA/ ...
  Saved 0 concalls, 7 annual reports, 6 credit ratings for SANGINITA
Fetching https://www.screener.in/company/SANOFICONR/ ...
  Saved 1 concalls, 2 annual reports, 0 credit ratings for SANOFICONR
Fetching https://www.screener.in/company/SANOFI/ ...
  Saved 12 concalls, 15 annual reports, 0 credit ratings for SANOFI
Fetching https://www.screener.in/company/SANSERA/ ...
  Saved 20 concalls, 5 annual reports, 6 credit ratings for SANSERA
Fetching https://www.screener.in/company/SANSTAR/ ...
  Saved 2 concalls, 1 annual reports, 6 credit ratings for SANSTAR
Fetching https://www.screener.in/company/SANWARIA/ ...
  Saved 6 concalls, 15 annual reports, 2 credit ratings for SANWARIA
Fetching https://www.screener.in/company/SAPPHIRE/ ...
  Saved 42 concalls, 5 annual reports, 6 credit ratings for SAPPHIRE
Fetching https://www.screener.in/company/SSDL/ ...
  Saved 10 concalls, 1 annual reports, 0 credit ratings for SSDL
Fetching https://www.screener.in/company/SARDAEN/ ...
  Saved 37 concalls, 15 annual reports, 6 credit ratings for SARDAEN
Fetching https://www.screener.in/company/SAREGAMA/ ...
  Saved 51 concalls, 15 annual reports, 6 credit ratings for SAREGAMA
Fetching https://www.screener.in/company/SARLAPOLY/ ...
  Saved 1 concalls, 15 annual reports, 6 credit ratings for SARLAPOLY
Fetching https://www.screener.in/company/SAROJA/ ...
  Saved 0 concalls, 2 annual reports, 0 credit ratings for SAROJA
Fetching https://www.screener.in/company/SMLT/ ...
  Saved 19 concalls, 9 annual reports, 6 credit ratings for SMLT
Fetching https://www.screener.in/company/SARVESHWAR/ ...
  Saved 3 concalls, 8 annual reports, 6 credit ratings for SARVESHWAR
Fetching https://www.screener.in/company/SASKEN/ ...
  Saved 5 concalls, 15 annual reports, 6 credit ratings for SASKEN
Fetching https://www.screener.in/company/SASTASUNDR/ ...
  ERROR for SASTASUNDR: HTTP 404 for https://www.screener.in/company/SASTASUNDR/
Fetching https://www.screener.in/company/SATKARTAR/ ...
  Saved 4 concalls, 1 annual reports, 0 credit ratings for SATKARTAR
Fetching https://www.screener.in/company/SSEGL/ ...
  Saved 4 concalls, 1 annual reports, 2 credit ratings for SSEGL
Fetching https://www.screener.in/company/SATIPOLY/ ...
  Saved 0 concalls, 1 annual reports, 0 credit ratings for SATIPOLY
Fetching https://www.screener.in/company/SATIA/ ...
  Saved 32 concalls, 14 annual reports, 6 credit ratings for SATIA
Fetching https://www.screener.in/company/SATIN/ ...
  Saved 47 concalls, 15 annual reports, 6 credit ratings for SATIN
Fetching https://www.screener.in/company/SATTVAENGG/ ...
  Saved 3 concalls, 1 annual reports, 1 credit ratings for SATTVAENGG
Fetching https://www.screener.in/company/SAURASHCEM/ ...
  Saved 0 concalls, 15 annual reports, 1 credit ratings for SAURASHCEM
Fetching https://www.screener.in/company/SOTL/ ...
  Saved 15 concalls, 15 annual reports, 6 credit ratings for SOTL
Fetching https://www.screener.in/company/SAVY/ ...
  Saved 0 concalls, 1 annual reports, 2 credit ratings for SAVY
Fetching https://www.screener.in/company/SAWALIYA/ ...
  Saved 0 concalls, 1 annual reports, 0 credit ratings for SAWALIYA
Fetching https://www.screener.in/company/SCHAEFFLER/ ...
  Saved 40 concalls, 15 annual reports, 0 credit ratings for SCHAEFFLER
Fetching https://www.screener.in/company/SCHNEIDER/ ...
  Saved 44 concalls, 14 annual reports, 0 credit ratings for SCHNEIDER
Fetching https://www.screener.in/company/SCODATUBES/ ...
  Saved 4 concalls, 1 annual reports, 6 credit ratings for SCODATUBES
Fetching https://www.screener.in/company/SEAMECLTD/ ...
  Saved 11 concalls, 15 annual reports, 6 credit ratings for SEAMECLTD
Fetching https://www.screener.in/company/SECMARK/ ...
  Saved 0 concalls, 5 annual reports, 0 credit ratings for SECMARK
Fetching https://www.screener.in/company/SECURCRED/ ...
  Saved 2 concalls, 6 annual reports, 3 credit ratings for SECURCRED
Fetching https://www.screener.in/company/SECURKLOUD/ ...
  Saved 17 concalls, 15 annual reports, 6 credit ratings for SECURKLOUD
Fetching https://www.screener.in/company/SEDEMAC/ ...
  Saved 0 concalls, 0 annual reports, 6 credit ratings for SEDEMAC
Fetching https://www.screener.in/company/SEJALLTD/ ...
  Saved 7 concalls, 15 annual reports, 1 credit ratings for SEJALLTD
Fetching https://www.screener.in/company/SELLOWRAP/ ...
  Saved 1 concalls, 0 annual reports, 0 credit ratings for SELLOWRAP
Fetching https://www.screener.in/company/SEMAC/ ...
  Saved 0 concalls, 15 annual reports, 6 credit ratings for SEMAC
Fetching https://www.screener.in/company/SENCO/ ...
  Saved 13 concalls, 2 annual reports, 6 credit ratings for SENCO
Fetching https://www.screener.in/company/SENORES/ ...
  Saved 7 concalls, 1 annual reports, 0 credit ratings for SENORES
Fetching https://www.screener.in/company/SERVICE/ ...
  Saved 1 concalls, 3 annual reports, 0 credit ratings for SERVICE
Fetching https://www.screener.in/company/SERVOTECH/ ...
  Saved 21 concalls, 5 annual reports, 6 credit ratings for SERVOTECH
Fetching https://www.screener.in/company/STYL/ ...
  Saved 3 concalls, 0 annual reports, 1 credit ratings for STYL
Fetching https://www.screener.in/company/SESHAPAPER/ ...
  Saved 0 concalls, 15 annual reports, 6 credit ratings for SESHAPAPER
Fetching https://www.screener.in/company/SETCO/ ...
  Saved 20 concalls, 15 annual reports, 6 credit ratings for SETCO
Fetching https://www.screener.in/company/SETUINFRA/ ...
  Saved 0 concalls, 12 annual reports, 6 credit ratings for SETUINFRA
Fetching https://www.screener.in/company/SEYAIND/ ...
  Saved 9 concalls, 15 annual reports, 6 credit ratings for SEYAIND
Fetching https://www.screener.in/company/SHADOWFAX/ ...
  Saved 1 concalls, 0 annual reports, 0 credit ratings for SHADOWFAX
Fetching https://www.screener.in/company/SHAHALLOYS/ ...
  Saved 0 concalls, 15 annual reports, 0 credit ratings for SHAHALLOYS
Fetching https://www.screener.in/company/SHAH/ ...
  Saved 2 concalls, 15 annual reports, 5 credit ratings for SHAH
Fetching https://www.screener.in/company/SHAILY/ ...
  Saved 29 concalls, 15 annual reports, 6 credit ratings for SHAILY
Fetching https://www.screener.in/company/SHAIVAL/ ...
  Saved 0 concalls, 10 annual reports, 0 credit ratings for SHAIVAL
Fetching https://www.screener.in/company/SHAKTIPUMP/ ...
  Saved 24 concalls, 15 annual reports, 6 credit ratings for SHAKTIPUMP
Fetching https://www.screener.in/company/SHALBY/ ...
  Saved 39 concalls, 8 annual reports, 6 credit ratings for SHALBY
Fetching https://www.screener.in/company/SHALPAINTS/ ...
  Saved 22 concalls, 15 annual reports, 6 credit ratings for SHALPAINTS
Fetching https://www.screener.in/company/SRD/ ...
  Saved 0 concalls, 7 annual reports, 0 credit ratings for SRD
Fetching https://www.screener.in/company/SHANKARA/ ...
  Saved 46 concalls, 9 annual reports, 6 credit ratings for SHANKARA
Fetching https://www.screener.in/company/BUILDPRO/ ...
  Saved 1 concalls, 0 annual reports, 1 credit ratings for BUILDPRO
Fetching https://www.screener.in/company/SHANTHALA/ ...
  Saved 0 concalls, 2 annual reports, 0 credit ratings for SHANTHALA
Fetching https://www.screener.in/company/SHANTIGEAR/ ...
  Saved 1 concalls, 15 annual reports, 6 credit ratings for SHANTIGEAR
Fetching https://www.screener.in/company/SHANTIGOLD/ ...
  Saved 2 concalls, 1 annual reports, 6 credit ratings for SHANTIGOLD
Fetching https://www.screener.in/company/SHANTI/ ...
  Saved 0 concalls, 4 annual reports, 0 credit ratings for SHANTI
Fetching https://www.screener.in/company/SHARDACROP/ ...
  Saved 41 concalls, 11 annual reports, 6 credit ratings for SHARDACROP
Fetching https://www.screener.in/company/SHARDAMOTR/ ...
  Saved 19 concalls, 15 annual reports, 6 credit ratings for SHARDAMOTR
Fetching https://www.screener.in/company/SHAREINDIA/ ...
  Saved 28 concalls, 8 annual reports, 6 credit ratings for SHAREINDIA
Fetching https://www.screener.in/company/SHARONBIO/ ...
  Saved 0 concalls, 7 annual reports, 5 credit ratings for SHARONBIO
Fetching https://www.screener.in/company/SCML/ ...
  Saved 0 concalls, 2 annual reports, 5 credit ratings for SCML
Fetching https://www.screener.in/company/SHEEL/ ...
  Saved 0 concalls, 0 annual reports, 0 credit ratings for SHEEL
Fetching https://www.screener.in/company/SFL/ ...
  Saved 51 concalls, 10 annual reports, 6 credit ratings for SFL
Fetching https://www.screener.in/company/SCPL/ ...
  Saved 0 concalls, 8 annual reports, 6 credit ratings for SCPL
Fetching https://www.screener.in/company/SHEETAL/ ...
  Saved 0 concalls, 2 annual reports, 3 credit ratings for SHEETAL
Fetching https://www.screener.in/company/SHEKHAWATI/ ...
  Saved 0 concalls, 15 annual reports, 1 credit ratings for SHEKHAWATI
Fetching https://www.screener.in/company/SHEMAROO/ ...
  Saved 57 concalls, 14 annual reports, 6 credit ratings for SHEMAROO
Fetching https://www.screener.in/company/SHERA/ ...
  Saved 11 concalls, 3 annual reports, 3 credit ratings for SHERA
Fetching https://www.screener.in/company/SHIGAN/ ...
  Saved 1 concalls, 4 annual reports, 0 credit ratings for SHIGAN
Fetching https://www.screener.in/company/SHILCTECH/ ...
  Saved 8 concalls, 15 annual reports, 6 credit ratings for SHILCTECH
Fetching https://www.screener.in/company/SHILPAMED/ ...
  Saved 31 concalls, 15 annual reports, 6 credit ratings for SHILPAMED
Fetching https://www.screener.in/company/SCI/ ...
  Saved 1 concalls, 15 annual reports, 6 credit ratings for SCI
Fetching https://www.screener.in/company/SCILAL/ ...
  Saved 0 concalls, 4 annual reports, 0 credit ratings for SCILAL
Fetching https://www.screener.in/company/SHIRPUR-G/ ...
  Saved 0 concalls, 13 annual reports, 6 credit ratings for SHIRPUR-G
Fetching https://www.screener.in/company/SHIVAUM/ ...
  Saved 2 concalls, 6 annual reports, 6 credit ratings for SHIVAUM
Fetching https://www.screener.in/company/SHIVAMILLS/ ...
  Saved 0 concalls, 8 annual reports, 6 credit ratings for SHIVAMILLS
Fetching https://www.screener.in/company/SHIVATEX/ ...
  Saved 23 concalls, 15 annual reports, 6 credit ratings for SHIVATEX
Fetching https://www.screener.in/company/SPCL/ ...
  Saved 2 concalls, 2 annual reports, 0 credit ratings for SPCL
Fetching https://www.screener.in/company/SBCL/ ...
  Saved 15 concalls, 15 annual reports, 6 credit ratings for SBCL
Fetching https://www.screener.in/company/SHIVALIK/ ...
  Saved 6 concalls, 15 annual reports, 0 credit ratings for SHIVALIK
Fetching https://www.screener.in/company/SHIVAMAUTO/ ...
  Saved 0 concalls, 15 annual reports, 6 credit ratings for SHIVAMAUTO
Fetching https://www.screener.in/company/SHIVASHRIT/ ...
  Saved 1 concalls, 1 annual reports, 0 credit ratings for SHIVASHRIT
Fetching https://www.screener.in/company/SHOPERSTOP/ ...
  Saved 50 concalls, 15 annual reports, 6 credit ratings for SHOPERSTOP
Fetching https://www.screener.in/company/SHRADHA/ ...
  Saved 0 concalls, 5 annual reports, 0 credit ratings for SHRADHA
Fetching https://www.screener.in/company/SHREECEM/ ...
  Saved 12 concalls, 15 annual reports, 6 credit ratings for SHREECEM
Fetching https://www.screener.in/company/SHREDIGCEM/ ...
  Saved 1 concalls, 15 annual reports, 6 credit ratings for SHREDIGCEM
Fetching https://www.screener.in/company/SHREEKARNI/ ...
  Saved 3 concalls, 2 annual reports, 0 credit ratings for SHREEKARNI
Fetching https://www.screener.in/company/SHREEOSFM/ ...
  Saved 5 concalls, 2 annual reports, 3 credit ratings for SHREEOSFM
Fetching https://www.screener.in/company/SHREEPUSHK/ ...
  Saved 56 concalls, 13 annual reports, 0 credit ratings for SHREEPUSHK
Fetching https://www.screener.in/company/SRPL/ ...
  Saved 0 concalls, 5 annual reports, 6 credit ratings for SRPL
Fetching https://www.screener.in/company/SRTL/ ...
  Saved 0 concalls, 0 annual reports, 0 credit ratings for SRTL
Fetching https://www.screener.in/company/SHREERAMA/ ...
  Saved 0 concalls, 15 annual reports, 6 credit ratings for SHREERAMA
Fetching https://www.screener.in/company/RAMANEWS/ ...
  Saved 0 concalls, 15 annual reports, 6 credit ratings for RAMANEWS
Fetching https://www.screener.in/company/RENUKA/ ...
  Saved 2 concalls, 15 annual reports, 6 credit ratings for RENUKA
Fetching https://www.screener.in/company/BALAJEE/ ...
  Saved 0 concalls, 1 annual reports, 2 credit ratings for BALAJEE
Fetching https://www.screener.in/company/TIRUPATI/ ...
  Saved 0 concalls, 8 annual reports, 6 credit ratings for TIRUPATI
Fetching https://www.screener.in/company/SVLL/ ...
  Saved 6 concalls, 8 annual reports, 6 credit ratings for SVLL
Fetching https://www.screener.in/company/SHETHJI/ ...
  Saved 0 concalls, 0 annual reports, 1 credit ratings for SHETHJI
Fetching https://www.screener.in/company/SHREEJISPG/ ...
  Saved 0 concalls, 0 annual reports, 2 credit ratings for SHREEJISPG
Fetching https://www.screener.in/company/OSWALSEEDS/ ...
  Saved 0 concalls, 8 annual reports, 0 credit ratings for OSWALSEEDS
Fetching https://www.screener.in/company/SHREMINVIT/ ...
  Saved 0 concalls, 4 annual reports, 6 credit ratings for SHREMINVIT
Fetching https://www.screener.in/company/SHRENIK/ ...
  Saved 0 concalls, 5 annual reports, 1 credit ratings for SHRENIK
Fetching https://www.screener.in/company/SHREYANIND/ ...
  Saved 0 concalls, 15 annual reports, 6 credit ratings for SHREYANIND
Fetching https://www.screener.in/company/SHRIAHIMSA/ ...
  Saved 2 concalls, 1 annual reports, 3 credit ratings for SHRIAHIMSA
Fetching https://www.screener.in/company/SHKSIL/ ...
  Saved 1 concalls, 1 annual reports, 5 credit ratings for SHKSIL
Fetching https://www.screener.in/company/SHRIKANHA/ ...
  Saved 1 concalls, 0 annual reports, 1 credit ratings for SHRIKANHA
Fetching https://www.screener.in/company/SRIRAM/ ...
  Saved 0 concalls, 6 annual reports, 6 credit ratings for SRIRAM
Fetching https://www.screener.in/company/SHRITECH/ ...
  Saved 0 concalls, 2 annual reports, 0 credit ratings for SHRITECH
Fetching https://www.screener.in/company/SHRINGARMS/ ...
  Saved 2 concalls, 0 annual reports, 0 credit ratings for SHRINGARMS
Fetching https://www.screener.in/company/SHRIRAMFIN/ ...
  Saved 49 concalls, 15 annual reports, 6 credit ratings for SHRIRAMFIN
Fetching https://www.screener.in/company/SHRIPISTON/ ...
  Saved 12 concalls, 10 annual reports, 6 credit ratings for SHRIPISTON
Fetching https://www.screener.in/company/SHRIRAMPPS/ ...
  Saved 18 concalls, 5 annual reports, 6 credit ratings for SHRIRAMPPS
Fetching https://www.screener.in/company/SHUBHLAXMI/ ...
  Saved 0 concalls, 7 annual reports, 2 credit ratings for SHUBHLAXMI
Fetching https://www.screener.in/company/SHUBHSHREE/ ...
  Saved 3 concalls, 1 annual reports, 0 credit ratings for SHUBHSHREE
Fetching https://www.screener.in/company/SHYAMCENT/ ...
  Saved 0 concalls, 14 annual reports, 6 credit ratings for SHYAMCENT
Fetching https://www.screener.in/company/SHYAMDHANI/ ...
  Saved 0 concalls, 0 annual reports, 0 credit ratings for SHYAMDHANI
Fetching https://www.screener.in/company/SHYAMMETL/ ...
  Saved 30 concalls, 5 annual reports, 6 credit ratings for SHYAMMETL
Fetching https://www.screener.in/company/SHYAMTEL/ ...
  Saved 0 concalls, 15 annual reports, 4 credit ratings for SHYAMTEL
Fetching https://www.screener.in/company/SICALLOG/ ...
  Saved 0 concalls, 15 annual reports, 6 credit ratings for SICALLOG
Fetching https://www.screener.in/company/SIDDHICOTS/ ...
  Saved 0 concalls, 0 annual reports, 5 credit ratings for SIDDHICOTS
Fetching https://www.screener.in/company/SIDDHIKA/ ...
  Saved 0 concalls, 5 annual reports, 0 credit ratings for SIDDHIKA
Fetching https://www.screener.in/company/ENRIN/ ...
  Saved 1 concalls, 1 annual reports, 0 credit ratings for ENRIN
Fetching https://www.screener.in/company/SIEMENS/ ...
  Saved 20 concalls, 15 annual reports, 6 credit ratings for SIEMENS
Fetching https://www.screener.in/company/SIGACHI/ ...
  Saved 22 concalls, 5 annual reports, 6 credit ratings for SIGACHI
Fetching https://www.screener.in/company/SIGMAADV/ ...
  Saved 0 concalls, 15 annual reports, 6 credit ratings for SIGMAADV
Fetching https://www.screener.in/company/SIGMA/ ...
  Saved 5 concalls, 5 annual reports, 0 credit ratings for SIGMA
Fetching https://www.screener.in/company/SIGNATURE/ ...
  Saved 10 concalls, 2 annual reports, 3 credit ratings for SIGNATURE
Fetching https://www.screener.in/company/SIGIND/ ...
  Saved 2 concalls, 15 annual reports, 6 credit ratings for SIGIND
Fetching https://www.screener.in/company/SIGNORIA/ ...
  Saved 1 concalls, 2 annual reports, 0 credit ratings for SIGNORIA
Fetching https://www.screener.in/company/SIGNPOST/ ...
  Saved 2 concalls, 3 annual reports, 6 credit ratings for SIGNPOST
Fetching https://www.screener.in/company/SIKKO/ ...
  Saved 0 concalls, 4 annual reports, 6 credit ratings for SIKKO
Fetching https://www.screener.in/company/SILGO/ ...
  Saved 0 concalls, 5 annual reports, 0 credit ratings for SILGO
Fetching https://www.screener.in/company/SILKFLEX/ ...
  Saved 4 concalls, 2 annual reports, 1 credit ratings for SILKFLEX
Fetching https://www.screener.in/company/SILKY/ ...
  Saved 2 concalls, 1 annual reports, 1 credit ratings for SILKY
Fetching https://www.screener.in/company/SILLYMONKS/ ...
  Saved 0 concalls, 14 annual reports, 0 credit ratings for SILLYMONKS
Fetching https://www.screener.in/company/SILVERTUC/ ...
  Saved 3 concalls, 9 annual reports, 6 credit ratings for SILVERTUC
Fetching https://www.screener.in/company/SIMBHALS/ ...
  Saved 0 concalls, 15 annual reports, 6 credit ratings for SIMBHALS
Fetching https://www.screener.in/company/SIMPLEXINF/ ...
  Saved 0 concalls, 15 annual reports, 6 credit ratings for SIMPLEXINF
Fetching https://www.screener.in/company/SINCLAIR/ ...
  Saved 18 concalls, 15 annual reports, 0 credit ratings for SINCLAIR
Fetching https://www.screener.in/company/SINDHUTRAD/ ...
  Saved 0 concalls, 15 annual reports, 6 credit ratings for SINDHUTRAD
Fetching https://www.screener.in/company/SINGERIND/ ...
  Saved 9 concalls, 15 annual reports, 6 credit ratings for SINGERIND
Fetching https://www.screener.in/company/SINTERCOM/ ...
  Saved 22 concalls, 5 annual reports, 6 credit ratings for SINTERCOM
Fetching https://www.screener.in/company/SIRCA/ ...
  Saved 19 concalls, 7 annual reports, 0 credit ratings for SIRCA
Fetching https://www.screener.in/company/SITINET/ ...
  Saved 5 concalls, 15 annual reports, 6 credit ratings for SITINET
Fetching https://www.screener.in/company/SIYSIL/ ...
  Saved 22 concalls, 15 annual reports, 6 credit ratings for SIYSIL
Fetching https://www.screener.in/company/SKIL/ ...
  Saved 0 concalls, 15 annual reports, 1 credit ratings for SKIL
Fetching https://www.screener.in/company/SKIPPER/ ...
  Saved 48 concalls, 15 annual reports, 6 credit ratings for SKIPPER
Fetching https://www.screener.in/company/SKYGOLD/ ...
  Saved 14 concalls, 7 annual reports, 6 credit ratings for SKYGOLD
Fetching https://www.screener.in/company/SLONE/ ...
  Saved 2 concalls, 2 annual reports, 0 credit ratings for SLONE
Fetching https://www.screener.in/company/SMARTEN/ ...
  Saved 2 concalls, 1 annual reports, 0 credit ratings for SMARTEN
Fetching https://www.screener.in/company/SMARTLINK/ ...
  Saved 0 concalls, 15 annual reports, 0 credit ratings for SMARTLINK
Fetching https://www.screener.in/company/SMARTWORKS/ ...
  Saved 6 concalls, 1 annual reports, 4 credit ratings for SMARTWORKS
Fetching https://www.screener.in/company/SNEHAA/ ...
  Saved 0 concalls, 0 annual reports, 0 credit ratings for SNEHAA
Fetching https://www.screener.in/company/SNOWMAN/ ...
  Saved 22 concalls, 11 annual reports, 6 credit ratings for SNOWMAN
Fetching https://www.screener.in/company/SOBHA/ ...
  Saved 40 concalls, 15 annual reports, 6 credit ratings for SOBHA
Fetching https://www.screener.in/company/SOFTTECH/ ...
  Saved 8 concalls, 9 annual reports, 6 credit ratings for SOFTTECH
Fetching https://www.screener.in/company/SOLARINDS/ ...
  Saved 40 concalls, 15 annual reports, 6 credit ratings for SOLARINDS
Fetching https://www.screener.in/company/SOLARA/ ...
  Saved 29 concalls, 8 annual reports, 6 credit ratings for SOLARA
Fetching https://www.screener.in/company/SOLARWORLD/ ...
  Saved 3 concalls, 1 annual reports, 3 credit ratings for SOLARWORLD
Fetching https://www.screener.in/company/SOLEX/ ...
  Saved 5 concalls, 8 annual reports, 6 credit ratings for SOLEX
Fetching https://www.screener.in/company/BALCO/ ...
  Saved 0 concalls, 1 annual reports, 1 credit ratings for BALCO
Fetching https://www.screener.in/company/SDBL/ ...
  Saved 30 concalls, 15 annual reports, 6 credit ratings for SDBL
Fetching https://www.screener.in/company/SOMATEX/ ...
  Saved 0 concalls, 15 annual reports, 1 credit ratings for SOMATEX
Fetching https://www.screener.in/company/SOMANYCERA/ ...
  Saved 18 concalls, 15 annual reports, 6 credit ratings for SOMANYCERA
Fetching https://www.screener.in/company/SOMICONVEY/ ...
  Saved 1 concalls, 15 annual reports, 6 credit ratings for SOMICONVEY
Fetching https://www.screener.in/company/SONACOMS/ ...
  Saved 33 concalls, 5 annual reports, 6 credit ratings for SONACOMS
Fetching https://www.screener.in/company/SONAMAC/ ...
  Saved 2 concalls, 2 annual reports, 0 credit ratings for SONAMAC
Fetching https://www.screener.in/company/SONAMLTD/ ...
  Saved 0 concalls, 8 annual reports, 6 credit ratings for SONAMLTD
Fetching https://www.screener.in/company/SONATSOFTW/ ...
  Saved 48 concalls, 15 annual reports, 6 credit ratings for SONATSOFTW
Fetching https://www.screener.in/company/SONUINFRA/ ...
  Saved 3 concalls, 4 annual reports, 1 credit ratings for SONUINFRA
Fetching https://www.screener.in/company/SOTAC/ ...
  Saved 0 concalls, 3 annual reports, 0 credit ratings for SOTAC
Fetching https://www.screener.in/company/SOUTHBANK/ ...
  Saved 46 concalls, 15 annual reports, 6 credit ratings for SOUTHBANK
Fetching https://www.screener.in/company/SOUTHWEST/ ...
  Saved 6 concalls, 7 annual reports, 6 credit ratings for SOUTHWEST
Fetching https://www.screener.in/company/SPIC/ ...
  Saved 0 concalls, 15 annual reports, 0 credit ratings for SPIC
Fetching https://www.screener.in/company/SPCENET/ ...
  Saved 0 concalls, 11 annual reports, 1 credit ratings for SPCENET
Fetching https://www.screener.in/company/SPANDANA/ ...
  Saved 31 concalls, 6 annual reports, 6 credit ratings for SPANDANA
Fetching https://www.screener.in/company/SPEB/ ...
  Saved 2 concalls, 0 annual reports, 0 credit ratings for SPEB
Fetching https://www.screener.in/company/SPECIALITY/ ...
  Saved 20 concalls, 15 annual reports, 6 credit ratings for SPECIALITY
Fetching https://www.screener.in/company/SPECTRUM/ ...
  Saved 3 concalls, 7 annual reports, 6 credit ratings for SPECTRUM
Fetching https://www.screener.in/company/SPECTSTM/ ...
  Saved 6 concalls, 3 annual reports, 0 credit ratings for SPECTSTM
Fetching https://www.screener.in/company/SPENCERS/ ...
  Saved 34 concalls, 7 annual reports, 6 credit ratings for SPENCERS
Fetching https://www.screener.in/company/SPICEJET/ ...
  Saved 8 concalls, 15 annual reports, 6 credit ratings for SPICEJET
Fetching https://www.screener.in/company/SPORTKING/ ...
  Saved 16 concalls, 14 annual reports, 6 credit ratings for SPORTKING
Fetching https://www.screener.in/company/SPUNWEB/ ...
  Saved 0 concalls, 0 annual reports, 1 credit ratings for SPUNWEB
Fetching https://www.screener.in/company/SRHHYPOLTD/ ...
  Saved 0 concalls, 15 annual reports, 6 credit ratings for SRHHYPOLTD
Fetching https://www.screener.in/company/SREEL/ ...
  Saved 0 concalls, 12 annual reports, 0 credit ratings for SREEL
Fetching https://www.screener.in/company/HAVISHA/ ...
  Saved 0 concalls, 15 annual reports, 0 credit ratings for HAVISHA
Fetching https://www.screener.in/company/LOTUSDEV/ ...
  Saved 3 concalls, 1 annual reports, 0 credit ratings for LOTUSDEV
Fetching https://www.screener.in/company/SPCON/ ...
  Saved 0 concalls, 0 annual reports, 0 credit ratings for SPCON
Fetching https://www.screener.in/company/SSFL/ ...
  Saved 5 concalls, 3 annual reports, 0 credit ratings for SSFL
Fetching https://www.screener.in/company/SRIVASAVI/ ...
  Saved 1 concalls, 3 annual reports, 0 credit ratings for SRIVASAVI
Fetching https://www.screener.in/company/STALLION/ ...
  Saved 5 concalls, 1 annual reports, 0 credit ratings for STALLION
Fetching https://www.screener.in/company/SETL/ ...
  Saved 6 concalls, 1 annual reports, 6 credit ratings for SETL
Fetching https://www.screener.in/company/SIL/ ...
  Saved 0 concalls, 15 annual reports, 0 credit ratings for SIL
Fetching https://www.screener.in/company/STANLEY/ ...
  Saved 8 concalls, 2 annual reports, 6 credit ratings for STANLEY
Fetching https://www.screener.in/company/STARCEMENT/ ...
  Saved 43 concalls, 9 annual reports, 6 credit ratings for STARCEMENT
Fetching https://www.screener.in/company/STARHEALTH/ ...
  Saved 25 concalls, 4 annual reports, 6 credit ratings for STARHEALTH
Fetching https://www.screener.in/company/STARPAPER/ ...
  Saved 0 concalls, 15 annual reports, 6 credit ratings for STARPAPER
Fetching https://www.screener.in/company/STARTECK/ ...
  Saved 0 concalls, 15 annual reports, 3 credit ratings for STARTECK
Fetching https://www.screener.in/company/SBIN/ ...
  Saved 40 concalls, 15 annual reports, 6 credit ratings for SBIN
Fetching https://www.screener.in/company/STCINDIA/ ...
  Saved 0 concalls, 15 annual reports, 5 credit ratings for STCINDIA
Fetching https://www.screener.in/company/SAIL/ ...
  Saved 16 concalls, 15 annual reports, 6 credit ratings for SAIL
Fetching https://www.screener.in/company/STEELCITY/ ...
  Saved 6 concalls, 7 annual reports, 0 credit ratings for STEELCITY
Fetching https://www.screener.in/company/STEELXIND/ ...
  Saved 3 concalls, 15 annual reports, 6 credit ratings for STEELXIND
Fetching https://www.screener.in/company/SSWL/ ...
  Saved 25 concalls, 15 annual reports, 6 credit ratings for SSWL
Fetching https://www.screener.in/company/STEELCAS/ ...
  Saved 23 concalls, 15 annual reports, 6 credit ratings for STEELCAS
Fetching https://www.screener.in/company/SWSOLAR/ ...
  Saved 33 concalls, 6 annual reports, 6 credit ratings for SWSOLAR
Fetching https://www.screener.in/company/STERTOOLS/ ...
  Saved 18 concalls, 15 annual reports, 6 credit ratings for STERTOOLS
Fetching https://www.screener.in/company/STLTECH/ ...
  Saved 43 concalls, 15 annual reports, 6 credit ratings for STLTECH
Fetching https://www.screener.in/company/STOVEKRAFT/ ...
  Saved 22 concalls, 5 annual reports, 6 credit ratings for STOVEKRAFT
Fetching https://www.screener.in/company/STRIDERS/ ...
  Saved 0 concalls, 0 annual reports, 0 credit ratings for STRIDERS
Fetching https://www.screener.in/company/STAR/ ...
  Saved 43 concalls, 15 annual reports, 6 credit ratings for STAR
Fetching https://www.screener.in/company/STUDDS/ ...
  Saved 2 concalls, 0 annual reports, 6 credit ratings for STUDDS
Fetching https://www.screener.in/company/STUDIOLSD/ ...
  Saved 0 concalls, 1 annual reports, 0 credit ratings for STUDIOLSD
Fetching https://www.screener.in/company/STYLAMIND/ ...
  Saved 32 concalls, 15 annual reports, 6 credit ratings for STYLAMIND
Fetching https://www.screener.in/company/STYRENIX/ ...
  Saved 42 concalls, 15 annual reports, 6 credit ratings for STYRENIX
Fetching https://www.screener.in/company/SUBAHOTELS/ ...
  Saved 1 concalls, 0 annual reports, 0 credit ratings for SUBAHOTELS
Fetching https://www.screener.in/company/SUBEXLTD/ ...
  Saved 33 concalls, 15 annual reports, 6 credit ratings for SUBEXLTD
Fetching https://www.screener.in/company/SUBROS/ ...
  Saved 20 concalls, 15 annual reports, 6 credit ratings for SUBROS
Fetching https://www.screener.in/company/SUDARSCHEM/ ...
  Saved 41 concalls, 15 annual reports, 6 credit ratings for SUDARSCHEM
Fetching https://www.screener.in/company/SUDARCOLOR/ ...
  Saved 0 concalls, 15 annual reports, 4 credit ratings for SUDARCOLOR
Fetching https://www.screener.in/company/SUDEEPPHRM/ ...
  Saved 2 concalls, 0 annual reports, 2 credit ratings for SUDEEPPHRM
Fetching https://www.screener.in/company/SUKHJITS/ ...
  Saved 12 concalls, 15 annual reports, 6 credit ratings for SUKHJITS
Fetching https://www.screener.in/company/SULA/ ...
  Saved 15 concalls, 3 annual reports, 6 credit ratings for SULA
Fetching https://www.screener.in/company/SUMEETINDS/ ...
  Saved 2 concalls, 15 annual reports, 6 credit ratings for SUMEETINDS
Fetching https://www.screener.in/company/SUMIT/ ...
  Saved 7 concalls, 6 annual reports, 6 credit ratings for SUMIT
Fetching https://www.screener.in/company/SUMICHEM/ ...
  Saved 27 concalls, 6 annual reports, 6 credit ratings for SUMICHEM
Fetching https://www.screener.in/company/SUMMITSEC/ ...
  Saved 0 concalls, 15 annual reports, 0 credit ratings for SUMMITSEC
Fetching https://www.screener.in/company/SPARC/ ...
  Saved 16 concalls, 15 annual reports, 5 credit ratings for SPARC
Fetching https://www.screener.in/company/SUNPHARMA/ ...
  Saved 34 concalls, 15 annual reports, 6 credit ratings for SUNPHARMA
Fetching https://www.screener.in/company/SUNTV/ ...
  Saved 0 concalls, 15 annual reports, 6 credit ratings for SUNTV
Fetching https://www.screener.in/company/SUNDRMBRAK/ ...
  Saved 0 concalls, 15 annual reports, 6 credit ratings for SUNDRMBRAK
Fetching https://www.screener.in/company/SUNDARMFIN/ ...
  Saved 9 concalls, 15 annual reports, 6 credit ratings for SUNDARMFIN
Fetching https://www.screener.in/company/SUNDARAM/ ...
  Saved 0 concalls, 15 annual reports, 6 credit ratings for SUNDARAM
Fetching https://www.screener.in/company/SUNCLAY/ ...
  Saved 0 concalls, 2 annual reports, 6 credit ratings for SUNCLAY
Fetching https://www.screener.in/company/SUNDRMFAST/ ...
  Saved 10 concalls, 15 annual reports, 6 credit ratings for SUNDRMFAST
Fetching https://www.screener.in/company/SOCL/ ...
  Saved 0 concalls, 0 annual reports, 0 credit ratings for SOCL
Fetching https://www.screener.in/company/SUNDROP/ ...
  Saved 26 concalls, 15 annual reports, 6 credit ratings for SUNDROP
Fetching https://www.screener.in/company/SUNFLAG/ ...
  Saved 0 concalls, 15 annual reports, 6 credit ratings for SUNFLAG
Fetching https://www.screener.in/company/SEL/ ...
  Saved 0 concalls, 2 annual reports, 0 credit ratings for SEL
Fetching https://www.screener.in/company/SUNLITE/ ...
  Saved 4 concalls, 1 annual reports, 0 credit ratings for SUNLITE
Fetching https://www.screener.in/company/SUNREST/ ...
  Saved 0 concalls, 2 annual reports, 0 credit ratings for SUNREST
Fetching https://www.screener.in/company/SUNTECH/ ...
  Saved 3 concalls, 1 annual reports, 0 credit ratings for SUNTECH
Fetching https://www.screener.in/company/SUNTECK/ ...
  Saved 43 concalls, 15 annual reports, 6 credit ratings for SUNTECK
Fetching https://www.screener.in/company/SUPERSPIN/ ...
  Saved 0 concalls, 15 annual reports, 6 credit ratings for SUPERSPIN
Fetching https://www.screener.in/company/SUPERHOUSE/ ...
  Saved 0 concalls, 15 annual reports, 6 credit ratings for SUPERHOUSE
Fetching https://www.screener.in/company/SUPRAJIT/ ...
  Saved 36 concalls, 15 annual reports, 6 credit ratings for SUPRAJIT
Fetching https://www.screener.in/company/SIIL/ ...
  Saved 0 concalls, 0 annual reports, 6 credit ratings for SIIL
Fetching https://www.screener.in/company/SUPREMEENG/ ...
  Saved 0 concalls, 5 annual reports, 6 credit ratings for SUPREMEENG
Fetching https://www.screener.in/company/SFML/ ...
  Saved 1 concalls, 1 annual reports, 0 credit ratings for SFML
Fetching https://www.screener.in/company/SUPREME/ ...
  Saved 6 concalls, 15 annual reports, 0 credit ratings for SUPREME
Fetching https://www.screener.in/company/SUPREMEIND/ ...
  Saved 21 concalls, 15 annual reports, 6 credit ratings for SUPREMEIND
Fetching https://www.screener.in/company/SUPREMEINF/ ...
  Saved 3 concalls, 15 annual reports, 5 credit ratings for SUPREMEINF
Fetching https://www.screener.in/company/SPLPETRO/ ...
  Saved 23 concalls, 15 annual reports, 6 credit ratings for SPLPETRO
Fetching https://www.screener.in/company/SUPREMEPWR/ ...
  Saved 12 concalls, 2 annual reports, 6 credit ratings for SUPREMEPWR
Fetching https://www.screener.in/company/SUPRIYA/ ...
  Saved 19 concalls, 5 annual reports, 6 credit ratings for SUPRIYA
Fetching https://www.screener.in/company/SURAJEST/ ...
  Saved 9 concalls, 2 annual reports, 0 credit ratings for SURAJEST
Fetching https://www.screener.in/company/SURAJLTD/ ...
  Saved 0 concalls, 15 annual reports, 6 credit ratings for SURAJLTD
Fetching https://www.screener.in/company/SURAKSHA/ ...
  Saved 7 concalls, 1 annual reports, 1 credit ratings for SURAKSHA
Fetching https://www.screener.in/company/SURANASOL/ ...
  Saved 0 concalls, 15 annual reports, 6 credit ratings for SURANASOL
Fetching https://www.screener.in/company/SURANAT&P/ ...
  Saved 0 concalls, 15 annual reports, 6 credit ratings for SURANAT&P
Fetching https://www.screener.in/company/SURANI/ ...
  Saved 1 concalls, 7 annual reports, 0 credit ratings for SURANI
Fetching https://www.screener.in/company/SBGLP/ ...
  Saved 2 concalls, 5 annual reports, 0 credit ratings for SBGLP
Fetching https://www.screener.in/company/SURYAROSNI/ ...
  Saved 29 concalls, 15 annual reports, 6 credit ratings for SURYAROSNI
Fetching https://www.screener.in/company/SURYALAXMI/ ...
  Saved 2 concalls, 15 annual reports, 6 credit ratings for SURYALAXMI
Fetching https://www.screener.in/company/SURYODAY/ ...
  Saved 22 concalls, 14 annual reports, 6 credit ratings for SURYODAY
Fetching https://www.screener.in/company/SUTLEJTEX/ ...
  Saved 42 concalls, 15 annual reports, 6 credit ratings for SUTLEJTEX
Fetching https://www.screener.in/company/SUULD/ ...
  Saved 1 concalls, 7 annual reports, 0 credit ratings for SUULD
Fetching https://www.screener.in/company/SUVEN/ ...
  Saved 25 concalls, 15 annual reports, 6 credit ratings for SUVEN
Fetching https://www.screener.in/company/SUVIDHAA/ ...
  Saved 0 concalls, 5 annual reports, 0 credit ratings for SUVIDHAA
Fetching https://www.screener.in/company/SUYOG/ ...
  Saved 14 concalls, 12 annual reports, 6 credit ratings for SUYOG
Fetching https://www.screener.in/company/SUZLON/ ...
  Saved 31 concalls, 15 annual reports, 6 credit ratings for SUZLON
Fetching https://www.screener.in/company/SWANCORP/ ...
  Saved 3 concalls, 15 annual reports, 6 credit ratings for SWANCORP
Fetching https://www.screener.in/company/SWANDEF/ ...
  Saved 1 concalls, 15 annual reports, 0 credit ratings for SWANDEF
Fetching https://www.screener.in/company/SWARAJENG/ ...
  Saved 0 concalls, 15 annual reports, 0 credit ratings for SWARAJENG
Fetching https://www.screener.in/company/SWARAJ/ ...
  Saved 5 concalls, 4 annual reports, 6 credit ratings for SWARAJ
Fetching https://www.screener.in/company/SWASTIK/ ...
  Saved 0 concalls, 3 annual reports, 6 credit ratings for SWASTIK
Fetching https://www.screener.in/company/SWELECTES/ ...
  Saved 0 concalls, 15 annual reports, 6 credit ratings for SWELECTES
Fetching https://www.screener.in/company/SWIGGY/ ...
  Saved 8 concalls, 1 annual reports, 0 credit ratings for SWIGGY
Fetching https://www.screener.in/company/SYLVANPLY/ ...
  Saved 0 concalls, 2 annual reports, 6 credit ratings for SYLVANPLY
Fetching https://www.screener.in/company/SYMPHONY/ ...
  Saved 47 concalls, 15 annual reports, 0 credit ratings for SYMPHONY
Fetching https://www.screener.in/company/SYNCOMF/ ...
  Saved 0 concalls, 15 annual reports, 0 credit ratings for SYNCOMF
Fetching https://www.screener.in/company/SGIL/ ...
  Saved 12 concalls, 7 annual reports, 6 credit ratings for SGIL
Fetching https://www.screener.in/company/SYNGENE/ ...
  Saved 50 concalls, 11 annual reports, 6 credit ratings for SYNGENE
Fetching https://www.screener.in/company/SYNOPTICS/ ...
  Saved 1 concalls, 3 annual reports, 0 credit ratings for SYNOPTICS
Fetching https://www.screener.in/company/SYRMA/ ...
  Saved 16 concalls, 3 annual reports, 5 credit ratings for SYRMA
Fetching https://www.screener.in/company/SYSTANGO/ ...
  Saved 6 concalls, 4 annual reports, 0 credit ratings for SYSTANGO
Fetching https://www.screener.in/company/SYSTMTXC/ ...
  Saved 7 concalls, 15 annual reports, 0 credit ratings for SYSTMTXC
Fetching https://www.screener.in/company/TAC/ ...
  Saved 4 concalls, 2 annual reports, 0 credit ratings for TAC
Fetching https://www.screener.in/company/TARC/ ...
  Saved 16 concalls, 6 annual reports, 6 credit ratings for TARC
Fetching https://www.screener.in/company/TBI/ ...
  Saved 1 concalls, 2 annual reports, 4 credit ratings for TBI
Fetching https://www.screener.in/company/TBOTEK/ ...
  Saved 16 concalls, 2 annual reports, 6 credit ratings for TBOTEK
Fetching https://www.screener.in/company/TCC/ ...
  Saved 1 concalls, 15 annual reports, 0 credit ratings for TCC
Fetching https://www.screener.in/company/TCIEXP/ ...
  Saved 32 concalls, 10 annual reports, 6 credit ratings for TCIEXP
Fetching https://www.screener.in/company/TCIFINANCE/ ...
  Saved 0 concalls, 15 annual reports, 0 credit ratings for TCIFINANCE
Fetching https://www.screener.in/company/TCPLPACK/ ...
  Saved 29 concalls, 15 annual reports, 6 credit ratings for TCPLPACK
Fetching https://www.screener.in/company/TDPOWERSYS/ ...
  Saved 42 concalls, 15 annual reports, 6 credit ratings for TDPOWERSYS
Fetching https://www.screener.in/company/TGBHOTELS/ ...
  Saved 0 concalls, 15 annual reports, 6 credit ratings for TGBHOTELS
Fetching https://www.screener.in/company/TIL/ ...
  Saved 6 concalls, 15 annual reports, 6 credit ratings for TIL
Fetching https://www.screener.in/company/TPLPLASTEH/ ...
  Saved 0 concalls, 15 annual reports, 6 credit ratings for TPLPLASTEH
Fetching https://www.screener.in/company/TRF/ ...
  Saved 2 concalls, 15 annual reports, 6 credit ratings for TRF
Fetching https://www.screener.in/company/TSC/ ...
  Saved 2 concalls, 0 annual reports, 0 credit ratings for TSC
Fetching https://www.screener.in/company/TSFINV/ ...
  Saved 0 concalls, 8 annual reports, 0 credit ratings for TSFINV
Fetching https://www.screener.in/company/TTKHLTCARE/ ...
  Saved 1 concalls, 15 annual reports, 6 credit ratings for TTKHLTCARE
Fetching https://www.screener.in/company/TTKPRESTIG/ ...
  Saved 24 concalls, 15 annual reports, 6 credit ratings for TTKPRESTIG
Fetching https://www.screener.in/company/TTL/ ...
  Saved 0 concalls, 15 annual reports, 6 credit ratings for TTL
Fetching https://www.screener.in/company/TVSELECT/ ...
  Saved 17 concalls, 15 annual reports, 6 credit ratings for TVSELECT
Fetching https://www.screener.in/company/TVSHLTD/ ...
  Saved 0 concalls, 15 annual reports, 6 credit ratings for TVSHLTD
Fetching https://www.screener.in/company/TVSMOTOR/ ...
  Saved 14 concalls, 15 annual reports, 6 credit ratings for TVSMOTOR
Fetching https://www.screener.in/company/TVSSRICHAK/ ...
  Saved 1 concalls, 15 annual reports, 6 credit ratings for TVSSRICHAK
Fetching https://www.screener.in/company/TVSSCS/ ...
  Saved 16 concalls, 3 annual reports, 6 credit ratings for TVSSCS
Fetching https://www.screener.in/company/TVTODAY/ ...
  Saved 0 concalls, 15 annual reports, 6 credit ratings for TVTODAY
Fetching https://www.screener.in/company/TVVISION/ ...
  Saved 0 concalls, 13 annual reports, 6 credit ratings for TVVISION
Fetching https://www.screener.in/company/TAINWALCHM/ ...
  Saved 0 concalls, 15 annual reports, 0 credit ratings for TAINWALCHM
Fetching https://www.screener.in/company/TAJGVK/ ...
  Saved 0 concalls, 15 annual reports, 6 credit ratings for TAJGVK
Fetching https://www.screener.in/company/TAKE/ ...
  Saved 22 concalls, 15 annual reports, 6 credit ratings for TAKE
Fetching https://www.screener.in/company/TALBROAUTO/ ...
  Saved 54 concalls, 15 annual reports, 6 credit ratings for TALBROAUTO
Fetching https://www.screener.in/company/TALWALKARS/ ...
  Saved 2 concalls, 11 annual reports, 6 credit ratings for TALWALKARS
Fetching https://www.screener.in/company/TALWGYM/ ...
  Saved 0 concalls, 1 annual reports, 6 credit ratings for TALWGYM
Fetching https://www.screener.in/company/TNPL/ ...
  Saved 9 concalls, 15 annual reports, 6 credit ratings for TNPL
Fetching https://www.screener.in/company/TMB/ ...
  Saved 16 concalls, 4 annual reports, 6 credit ratings for TMB
Fetching https://www.screener.in/company/TNPETRO/ ...
  Saved 0 concalls, 15 annual reports, 6 credit ratings for TNPETRO
Fetching https://www.screener.in/company/TNTELE/ ...
  Saved 0 concalls, 15 annual reports, 0 credit ratings for TNTELE
Fetching https://www.screener.in/company/TANKUP/ ...
  Saved 0 concalls, 1 annual reports, 0 credit ratings for TANKUP
Fetching https://www.screener.in/company/TANLA/ ...
  Saved 40 concalls, 15 annual reports, 6 credit ratings for TANLA
Fetching https://www.screener.in/company/TAPIFRUIT/ ...
  Saved 0 concalls, 3 annual reports, 0 credit ratings for TAPIFRUIT
Fetching https://www.screener.in/company/TARACHAND/ ...
  Saved 16 concalls, 8 annual reports, 6 credit ratings for TARACHAND
Fetching https://www.screener.in/company/TARAPUR/ ...
  Saved 0 concalls, 15 annual reports, 6 credit ratings for TARAPUR
Fetching https://www.screener.in/company/TARMAT/ ...
  Saved 0 concalls, 15 annual reports, 6 credit ratings for TARMAT
Fetching https://www.screener.in/company/TARSONS/ ...
  Saved 20 concalls, 4 annual reports, 6 credit ratings for TARSONS
Fetching https://www.screener.in/company/TASTYBITE/ ...
  Saved 2 concalls, 15 annual reports, 6 credit ratings for TASTYBITE
Fetching https://www.screener.in/company/TATACAP/ ...
  Saved 4 concalls, 0 annual reports, 6 credit ratings for TATACAP
Fetching https://www.screener.in/company/TATACHEM/ ...
  Saved 43 concalls, 15 annual reports, 6 credit ratings for TATACHEM
Fetching https://www.screener.in/company/TATACOMM/ ...
  Saved 34 concalls, 15 annual reports, 6 credit ratings for TATACOMM
  Skipping TCS (already in CSV)
Fetching https://www.screener.in/company/TATACONSUM/ ...
  Saved 69 concalls, 15 annual reports, 6 credit ratings for TATACONSUM
Fetching https://www.screener.in/company/TATAELXSI/ ...
  Saved 37 concalls, 15 annual reports, 6 credit ratings for TATAELXSI
Fetching https://www.screener.in/company/TATAINVEST/ ...
  Saved 0 concalls, 15 annual reports, 6 credit ratings for TATAINVEST
Fetching https://www.screener.in/company/TMCV/ ...
  Saved 3 concalls, 0 annual reports, 1 credit ratings for TMCV
Fetching https://www.screener.in/company/TMPV/ ...
  Saved 42 concalls, 15 annual reports, 6 credit ratings for TMPV
Fetching https://www.screener.in/company/TATAPOWER/ ...
  Saved 52 concalls, 15 annual reports, 6 credit ratings for TATAPOWER
Fetching https://www.screener.in/company/TATASTEEL/ ...
  Saved 62 concalls, 15 annual reports, 6 credit ratings for TATASTEEL
Fetching https://www.screener.in/company/TATATECH/ ...
  Saved 11 concalls, 2 annual reports, 6 credit ratings for TATATECH
Fetching https://www.screener.in/company/TTML/ ...
  Saved 0 concalls, 15 annual reports, 6 credit ratings for TTML
Fetching https://www.screener.in/company/TATVA/ ...
  Saved 19 concalls, 5 annual reports, 6 credit ratings for TATVA
Fetching https://www.screener.in/company/TAURIAN/ ...
  Saved 1 concalls, 0 annual reports, 0 credit ratings for TAURIAN
Fetching https://www.screener.in/company/TEAMGTY/ ...
  Saved 0 concalls, 15 annual reports, 0 credit ratings for TEAMGTY
Fetching https://www.screener.in/company/TEAMLEASE/ ...
  Saved 47 concalls, 10 annual reports, 6 credit ratings for TEAMLEASE
Fetching https://www.screener.in/company/TPHQ/ ...
  Saved 0 concalls, 15 annual reports, 0 credit ratings for TPHQ
Fetching https://www.screener.in/company/TECHM/ ...
  Saved 28 concalls, 15 annual reports, 6 credit ratings for TECHM
Fetching https://www.screener.in/company/TECHD/ ...
  Saved 1 concalls, 0 annual reports, 0 credit ratings for TECHD
Fetching https://www.screener.in/company/TECHERA/ ...
  Saved 4 concalls, 1 annual reports, 0 credit ratings for TECHERA
Fetching https://www.screener.in/company/TECHIN/ ...
  Saved 0 concalls, 15 annual reports, 0 credit ratings for TECHIN
Fetching https://www.screener.in/company/TECHNOE/ ...
  Saved 33 concalls, 15 annual reports, 6 credit ratings for TECHNOE
Fetching https://www.screener.in/company/TIIL/ ...
  Saved 10 concalls, 15 annual reports, 6 credit ratings for TIIL
Fetching https://www.screener.in/company/TECHNOFAB/ ...
  Saved 0 concalls, 13 annual reports, 6 credit ratings for TECHNOFAB
Fetching https://www.screener.in/company/TECILCHEM/ ...
  Saved 0 concalls, 15 annual reports, 0 credit ratings for TECILCHEM
Fetching https://www.screener.in/company/TGL/ ...
  Saved 2 concalls, 2 annual reports, 3 credit ratings for TGL
Fetching https://www.screener.in/company/TEGA/ ...
  Saved 20 concalls, 4 annual reports, 6 credit ratings for TEGA
Fetching https://www.screener.in/company/TEJASCARGO/ ...
  Saved 3 concalls, 1 annual reports, 3 credit ratings for TEJASCARGO
Fetching https://www.screener.in/company/TEJASNET/ ...
  Saved 46 concalls, 9 annual reports, 6 credit ratings for TEJASNET
Fetching https://www.screener.in/company/TEMBO/ ...
  Saved 10 concalls, 5 annual reports, 6 credit ratings for TEMBO
Fetching https://www.screener.in/company/TENNIND/ ...
  Saved 2 concalls, 0 annual reports, 0 credit ratings for TENNIND
Fetching https://www.screener.in/company/TERASOFT/ ...
  Saved 0 concalls, 15 annual reports, 6 credit ratings for TERASOFT
Fetching https://www.screener.in/company/TEXINFRA/ ...
  Saved 0 concalls, 15 annual reports, 6 credit ratings for TEXINFRA
Fetching https://www.screener.in/company/TEXRAIL/ ...
  Saved 19 concalls, 15 annual reports, 6 credit ratings for TEXRAIL
Fetching https://www.screener.in/company/TEXMOPIPES/ ...
  Saved 0 concalls, 15 annual reports, 6 credit ratings for TEXMOPIPES
Fetching https://www.screener.in/company/TCL/ ...
  Saved 6 concalls, 2 annual reports, 4 credit ratings for TCL
Fetching https://www.screener.in/company/THANGAMAYL/ ...
  Saved 0 concalls, 15 annual reports, 6 credit ratings for THANGAMAYL
Fetching https://www.screener.in/company/THEJO/ ...
  Saved 4 concalls, 13 annual reports, 6 credit ratings for THEJO
Fetching https://www.screener.in/company/THEMISMED/ ...
  Saved 15 concalls, 15 annual reports, 6 credit ratings for THEMISMED
Fetching https://www.screener.in/company/THERMAX/ ...
  Saved 42 concalls, 15 annual reports, 6 credit ratings for THERMAX
Fetching https://www.screener.in/company/THESL/ ...
  Saved 0 concalls, 1 annual reports, 0 credit ratings for THESL
Fetching https://www.screener.in/company/TIRUMALCHM/ ...
  Saved 3 concalls, 15 annual reports, 6 credit ratings for TIRUMALCHM
Fetching https://www.screener.in/company/THOMASCOOK/ ...
  Saved 37 concalls, 15 annual reports, 6 credit ratings for THOMASCOOK
Fetching https://www.screener.in/company/THOMASCOTT/ ...
  Saved 5 concalls, 14 annual reports, 0 credit ratings for THOMASCOTT
Fetching https://www.screener.in/company/THYROCARE/ ...
  Saved 35 concalls, 10 annual reports, 0 credit ratings for THYROCARE
Fetching https://www.screener.in/company/TIGERLOGS/ ...
  Saved 27 concalls, 12 annual reports, 6 credit ratings for TIGERLOGS
Fetching https://www.screener.in/company/TIJARIA/ ...
  Saved 0 concalls, 15 annual reports, 6 credit ratings for TIJARIA
Fetching https://www.screener.in/company/TI/ ...
  Saved 20 concalls, 15 annual reports, 6 credit ratings for TI
Fetching https://www.screener.in/company/TIMETECHNO/ ...
  Saved 43 concalls, 15 annual reports, 6 credit ratings for TIMETECHNO
Fetching https://www.screener.in/company/TIMESCAN/ ...
  Saved 0 concalls, 4 annual reports, 0 credit ratings for TIMESCAN
Fetching https://www.screener.in/company/TIMKEN/ ...
  Saved 16 concalls, 15 annual reports, 0 credit ratings for TIMKEN
Fetching https://www.screener.in/company/TINNARUBR/ ...
  Saved 32 concalls, 15 annual reports, 6 credit ratings for TINNARUBR
Fetching https://www.screener.in/company/TIPSFILMS/ ...
  Saved 10 concalls, 4 annual reports, 0 credit ratings for TIPSFILMS
Fetching https://www.screener.in/company/TIPSMUSIC/ ...
  Saved 26 concalls, 15 annual reports, 6 credit ratings for TIPSMUSIC
Fetching https://www.screener.in/company/TIRUPATIFL/ ...
  Saved 7 concalls, 6 annual reports, 0 credit ratings for TIRUPATIFL
Fetching https://www.screener.in/company/TITAGARH/ ...
  Saved 35 concalls, 15 annual reports, 6 credit ratings for TITAGARH
Fetching https://www.screener.in/company/TITAN/ ...
  Saved 48 concalls, 15 annual reports, 6 credit ratings for TITAN
Fetching https://www.screener.in/company/TOKYOPLAST/ ...
  Saved 0 concalls, 15 annual reports, 5 credit ratings for TOKYOPLAST
Fetching https://www.screener.in/company/TOLINS/ ...
  Saved 7 concalls, 1 annual reports, 2 credit ratings for TOLINS
Fetching https://www.screener.in/company/TORNTPHARM/ ...
  Saved 32 concalls, 15 annual reports, 6 credit ratings for TORNTPHARM
Fetching https://www.screener.in/company/TORNTPOWER/ ...
  Saved 35 concalls, 15 annual reports, 6 credit ratings for TORNTPOWER
Fetching https://www.screener.in/company/TOTAL/ ...
  Saved 25 concalls, 6 annual reports, 6 credit ratings for TOTAL
Fetching https://www.screener.in/company/TOUCHWOOD/ ...
  Saved 4 concalls, 6 annual reports, 0 credit ratings for TOUCHWOOD
Fetching https://www.screener.in/company/TFCILTD/ ...
  Saved 28 concalls, 15 annual reports, 6 credit ratings for TFCILTD
Fetching https://www.screener.in/company/TRACXN/ ...
  Saved 19 concalls, 3 annual reports, 0 credit ratings for TRACXN
Fetching https://www.screener.in/company/TARIL/ ...
  Saved 43 concalls, 15 annual reports, 6 credit ratings for TARIL
Fetching https://www.screener.in/company/TREL/ ...
  Saved 4 concalls, 3 annual reports, 0 credit ratings for TREL
Fetching https://www.screener.in/company/TCI/ ...
  Saved 43 concalls, 15 annual reports, 6 credit ratings for TCI
Fetching https://www.screener.in/company/TRANSRAILL/ ...
  Saved 6 concalls, 1 annual reports, 6 credit ratings for TRANSRAILL
Fetching https://www.screener.in/company/TRANSTEEL/ ...
  Saved 3 concalls, 2 annual reports, 0 credit ratings for TRANSTEEL
Fetching https://www.screener.in/company/TFL/ ...
  Saved 1 concalls, 15 annual reports, 0 credit ratings for TFL
Fetching https://www.screener.in/company/TRANSWIND/ ...
  Saved 0 concalls, 9 annual reports, 0 credit ratings for TRANSWIND
Fetching https://www.screener.in/company/TRANSWORLD/ ...
  Saved 22 concalls, 15 annual reports, 6 credit ratings for TRANSWORLD
Fetching https://www.screener.in/company/TRAVELFOOD/ ...
  Saved 3 concalls, 0 annual reports, 0 credit ratings for TRAVELFOOD
Fetching https://www.screener.in/company/TREEHOUSE/ ...
  Saved 0 concalls, 15 annual reports, 6 credit ratings for TREEHOUSE
Fetching https://www.screener.in/company/TREJHARA/ ...
  Saved 0 concalls, 7 annual reports, 0 credit ratings for TREJHARA
Fetching https://www.screener.in/company/TRENT/ ...
  Saved 13 concalls, 15 annual reports, 6 credit ratings for TRENT
Fetching https://www.screener.in/company/TBZ/ ...
  Saved 46 concalls, 15 annual reports, 6 credit ratings for TBZ
Fetching https://www.screener.in/company/TRIDENT/ ...
  Saved 44 concalls, 15 annual reports, 6 credit ratings for TRIDENT
Fetching https://www.screener.in/company/TECHLABS/ ...
  Saved 3 concalls, 2 annual reports, 3 credit ratings for TECHLABS
Fetching https://www.screener.in/company/TRIDHYA/ ...
  Saved 0 concalls, 3 annual reports, 0 credit ratings for TRIDHYA
Fetching https://www.screener.in/company/TRIGYN/ ...
  Saved 0 concalls, 15 annual reports, 6 credit ratings for TRIGYN
Fetching https://www.screener.in/company/TRIVENI/ ...
  Saved 47 concalls, 15 annual reports, 6 credit ratings for TRIVENI
Fetching https://www.screener.in/company/TRITURBINE/ ...
  Saved 44 concalls, 15 annual reports, 6 credit ratings for TRITURBINE
Fetching https://www.screener.in/company/TROM/ ...
  Saved 1 concalls, 2 annual reports, 0 credit ratings for TROM
Fetching https://www.screener.in/company/TRUALT/ ...
  Saved 3 concalls, 0 annual reports, 6 credit ratings for TRUALT
Fetching https://www.screener.in/company/TRU/ ...
  Saved 24 concalls, 9 annual reports, 6 credit ratings for TRU
Fetching https://www.screener.in/company/TRUST/ ...
  Saved 4 concalls, 2 annual reports, 0 credit ratings for TRUST
Fetching https://www.screener.in/company/TIINDIA/ ...
  Saved 33 concalls, 15 annual reports, 6 credit ratings for TIINDIA
Fetching https://www.screener.in/company/TULSI/ ...
  Saved 0 concalls, 10 annual reports, 0 credit ratings for TULSI
Fetching https://www.screener.in/company/TUNWAL/ ...
  Saved 0 concalls, 1 annual reports, 0 credit ratings for TUNWAL
Fetching https://www.screener.in/company/TICL/ ...
  Saved 3 concalls, 15 annual reports, 6 credit ratings for TICL
Fetching https://www.screener.in/company/21STCENMGM/ ...
  Saved 0 concalls, 15 annual reports, 0 credit ratings for 21STCENMGM
Fetching https://www.screener.in/company/UFO/ ...
  Saved 38 concalls, 11 annual reports, 6 credit ratings for UFO
Fetching https://www.screener.in/company/UPL/ ...
  Saved 34 concalls, 15 annual reports, 6 credit ratings for UPL
Fetching https://www.screener.in/company/UTIAMC/ ...
  Saved 36 concalls, 6 annual reports, 6 credit ratings for UTIAMC
Fetching https://www.screener.in/company/UYFINCORP/ ...
  Saved 0 concalls, 15 annual reports, 0 credit ratings for UYFINCORP
Fetching https://www.screener.in/company/UCAL/ ...
  Saved 0 concalls, 15 annual reports, 6 credit ratings for UCAL
Fetching https://www.screener.in/company/UCOBANK/ ...
  Saved 16 concalls, 15 annual reports, 6 credit ratings for UCOBANK
Fetching https://www.screener.in/company/USK/ ...
  Saved 0 concalls, 3 annual reports, 4 credit ratings for USK
Fetching https://www.screener.in/company/UFLEX/ ...
  Saved 43 concalls, 15 annual reports, 6 credit ratings for UFLEX
Fetching https://www.screener.in/company/UGARSUGAR/ ...
  Saved 0 concalls, 15 annual reports, 6 credit ratings for UGARSUGAR
Fetching https://www.screener.in/company/UGROCAP/ ...
  Saved 42 concalls, 15 annual reports, 6 credit ratings for UGROCAP
Fetching https://www.screener.in/company/UEL/ ...
  Saved 11 concalls, 15 annual reports, 6 credit ratings for UEL
Fetching https://www.screener.in/company/UJJIVANSFB/ ...
  Saved 33 concalls, 6 annual reports, 6 credit ratings for UJJIVANSFB
Fetching https://www.screener.in/company/UWCSL/ ...
  Saved 0 concalls, 7 annual reports, 0 credit ratings for UWCSL
Fetching https://www.screener.in/company/ULTRACEMCO/ ...
  Saved 60 concalls, 15 annual reports, 6 credit ratings for ULTRACEMCO
Fetching https://www.screener.in/company/UMA/ ...
  Saved 0 concalls, 3 annual reports, 1 credit ratings for UMA
Fetching https://www.screener.in/company/UMAEXPORTS/ ...
  Saved 1 concalls, 5 annual reports, 6 credit ratings for UMAEXPORTS
Fetching https://www.screener.in/company/UMIYA-MRO/ ...
  Saved 0 concalls, 15 annual reports, 6 credit ratings for UMIYA-MRO
Fetching https://www.screener.in/company/UNICHEMLAB/ ...
  Saved 6 concalls, 15 annual reports, 6 credit ratings for UNICHEMLAB
Fetching https://www.screener.in/company/UNIECOM/ ...
  Saved 9 concalls, 1 annual reports, 0 credit ratings for UNIECOM
Fetching https://www.screener.in/company/UNIHEALTH/ ...
  Saved 5 concalls, 2 annual reports, 3 credit ratings for UNIHEALTH
Fetching https://www.screener.in/company/UNIINFO/ ...
  Saved 0 concalls, 8 annual reports, 0 credit ratings for UNIINFO
Fetching https://www.screener.in/company/UNILEX/ ...
  Saved 0 concalls, 1 annual reports, 0 credit ratings for UNILEX
Fetching https://www.screener.in/company/UNIMECH/ ...
  Saved 5 concalls, 2 annual reports, 4 credit ratings for UNIMECH
Fetching https://www.screener.in/company/UNIONBANK/ ...
  Saved 44 concalls, 15 annual reports, 6 credit ratings for UNIONBANK
Fetching https://www.screener.in/company/UNIPARTS/ ...
  Saved 13 concalls, 3 annual reports, 6 credit ratings for UNIPARTS
Fetching https://www.screener.in/company/UNIENTER/ ...
  Saved 0 concalls, 15 annual reports, 0 credit ratings for UNIENTER
Fetching https://www.screener.in/company/UNIPLY/ ...
  Saved 1 concalls, 12 annual reports, 6 credit ratings for UNIPLY
Fetching https://www.screener.in/company/UNITECH/ ...
  Saved 0 concalls, 15 annual reports, 0 credit ratings for UNITECH
Fetching https://www.screener.in/company/UBL/ ...
  Saved 23 concalls, 15 annual reports, 6 credit ratings for UBL
Fetching https://www.screener.in/company/UNIDT/ ...
  Saved 5 concalls, 15 annual reports, 6 credit ratings for UNIDT
Fetching https://www.screener.in/company/UFBL/ ...
  Saved 21 concalls, 5 annual reports, 6 credit ratings for UFBL
Fetching https://www.screener.in/company/UHTL/ ...
  Saved 2 concalls, 1 annual reports, 1 credit ratings for UHTL
Fetching https://www.screener.in/company/UNITEDTEA/ ...
  Saved 0 concalls, 11 annual reports, 0 credit ratings for UNITEDTEA
Fetching https://www.screener.in/company/UNITEDPOLY/ ...
  Saved 0 concalls, 9 annual reports, 6 credit ratings for UNITEDPOLY
Fetching https://www.screener.in/company/UNITDSPR/ ...
  Saved 39 concalls, 15 annual reports, 6 credit ratings for UNITDSPR
Fetching https://www.screener.in/company/UNITY/ ...
  Saved 0 concalls, 10 annual reports, 0 credit ratings for UNITY
Fetching https://www.screener.in/company/UNIVAFOODS/ ...
  Saved 0 concalls, 15 annual reports, 0 credit ratings for UNIVAFOODS
Fetching https://www.screener.in/company/UNIVASTU/ ...
  Saved 2 concalls, 6 annual reports, 6 credit ratings for UNIVASTU
Fetching https://www.screener.in/company/UNIVCABLES/ ...
  Saved 0 concalls, 15 annual reports, 6 credit ratings for UNIVCABLES
Fetching https://www.screener.in/company/UNIVPHOTO/ ...
  Saved 0 concalls, 6 annual reports, 0 credit ratings for UNIVPHOTO
Fetching https://www.screener.in/company/UNOMINDA/ ...
  Saved 57 concalls, 15 annual reports, 6 credit ratings for UNOMINDA
Fetching https://www.screener.in/company/UDS/ ...
  Saved 10 concalls, 3 annual reports, 3 credit ratings for UDS
Fetching https://www.screener.in/company/USASEEDS/ ...
  Saved 0 concalls, 3 annual reports, 2 credit ratings for USASEEDS
Fetching https://www.screener.in/company/URAVIDEF/ ...
  Saved 7 concalls, 8 annual reports, 0 credit ratings for URAVIDEF
Fetching https://www.screener.in/company/URBANCO/ ...
  Saved 2 concalls, 0 annual reports, 0 credit ratings for URBANCO
Fetching https://www.screener.in/company/URBAN/ ...
  Saved 2 concalls, 2 annual reports, 0 credit ratings for URBAN
Fetching https://www.screener.in/company/URJA/ ...
  Saved 0 concalls, 15 annual reports, 2 credit ratings for URJA
Fetching https://www.screener.in/company/USHAFIN/ ...
  Saved 0 concalls, 1 annual reports, 2 credit ratings for USHAFIN
Fetching https://www.screener.in/company/UMESLTD/ ...
  Saved 0 concalls, 15 annual reports, 0 credit ratings for UMESLTD
Fetching https://www.screener.in/company/USHAMART/ ...
  Saved 26 concalls, 15 annual reports, 6 credit ratings for USHAMART
Fetching https://www.screener.in/company/UCL/ ...
  Saved 0 concalls, 8 annual reports, 0 credit ratings for UCL
Fetching https://www.screener.in/company/UTKARSHBNK/ ...
  Saved 12 concalls, 2 annual reports, 6 credit ratings for UTKARSHBNK
Fetching https://www.screener.in/company/UTSSAV/ ...
  Saved 1 concalls, 2 annual reports, 3 credit ratings for UTSSAV
Fetching https://www.screener.in/company/UTTAMSUGAR/ ...
  Saved 11 concalls, 15 annual reports, 6 credit ratings for UTTAMSUGAR
Fetching https://www.screener.in/company/V2RETAIL/ ...
  Saved 39 concalls, 15 annual reports, 5 credit ratings for V2RETAIL
Fetching https://www.screener.in/company/WABAG/ ...
  Saved 42 concalls, 15 annual reports, 6 credit ratings for WABAG
Fetching https://www.screener.in/company/VIPCLOTHNG/ ...
  Saved 22 concalls, 15 annual reports, 6 credit ratings for VIPCLOTHNG
Fetching https://www.screener.in/company/VIPIND/ ...
  Saved 41 concalls, 15 annual reports, 6 credit ratings for VIPIND
Fetching https://www.screener.in/company/VLEGOV/ ...
  Saved 0 concalls, 2 annual reports, 0 credit ratings for VLEGOV
Fetching https://www.screener.in/company/VLINFRA/ ...
  Saved 2 concalls, 2 annual reports, 3 credit ratings for VLINFRA
Fetching https://www.screener.in/company/VLSFINANCE/ ...
  Saved 0 concalls, 15 annual reports, 0 credit ratings for VLSFINANCE
Fetching https://www.screener.in/company/VMSTMT/ ...
  Saved 1 concalls, 0 annual reports, 2 credit ratings for VMSTMT
Fetching https://www.screener.in/company/VR/ ...
  Saved 0 concalls, 2 annual reports, 0 credit ratings for VR
Fetching https://www.screener.in/company/VRLLOG/ ...
  Saved 44 concalls, 14 annual reports, 6 credit ratings for VRLLOG
Fetching https://www.screener.in/company/VSTIND/ ...
  Saved 0 concalls, 15 annual reports, 6 credit ratings for VSTIND
Fetching https://www.screener.in/company/VSTTILLERS/ ...
  Saved 33 concalls, 15 annual reports, 6 credit ratings for VSTTILLERS
Fetching https://www.screener.in/company/VGUARD/ ...
  Saved 36 concalls, 15 annual reports, 6 credit ratings for VGUARD
Fetching https://www.screener.in/company/VMARCIND/ ...
  Saved 4 concalls, 5 annual reports, 6 credit ratings for VMARCIND
Fetching https://www.screener.in/company/VMART/ ...
  Saved 47 concalls, 13 annual reports, 6 credit ratings for VMART
Fetching https://www.screener.in/company/VADILALIND/ ...
  Saved 10 concalls, 15 annual reports, 6 credit ratings for VADILALIND
Fetching https://www.screener.in/company/VSCL/ ...
  Saved 0 concalls, 8 annual reports, 2 credit ratings for VSCL
Fetching https://www.screener.in/company/VAIBHAVGBL/ ...
  Saved 42 concalls, 15 annual reports, 6 credit ratings for VAIBHAVGBL
Fetching https://www.screener.in/company/MADHAVBAUG/ ...
  Saved 10 concalls, 3 annual reports, 0 credit ratings for MADHAVBAUG
Fetching https://www.screener.in/company/VAISHALI/ ...
  Saved 4 concalls, 6 annual reports, 0 credit ratings for VAISHALI
Fetching https://www.screener.in/company/VAKRANGEE/ ...
  Saved 22 concalls, 15 annual reports, 5 credit ratings for VAKRANGEE
Fetching https://www.screener.in/company/VALECHAENG/ ...
  Saved 0 concalls, 13 annual reports, 0 credit ratings for VALECHAENG
Fetching https://www.screener.in/company/VALIANTLAB/ ...
  Saved 0 concalls, 2 annual reports, 6 credit ratings for VALIANTLAB
Fetching https://www.screener.in/company/VALIANTORG/ ...
  Saved 28 concalls, 9 annual reports, 6 credit ratings for VALIANTORG
Fetching https://www.screener.in/company/DBREALTY/ ...
  Saved 5 concalls, 15 annual reports, 0 credit ratings for DBREALTY
Fetching https://www.screener.in/company/VALUEIND/ ...
  Saved 0 concalls, 10 annual reports, 0 credit ratings for VALUEIND
Fetching https://www.screener.in/company/CLOUD/ ...
  Saved 7 concalls, 1 annual reports, 0 credit ratings for CLOUD
Fetching https://www.screener.in/company/VARDHACRLC/ ...
  Saved 0 concalls, 15 annual reports, 6 credit ratings for VARDHACRLC
Fetching https://www.screener.in/company/VHL/ ...
  Saved 0 concalls, 15 annual reports, 0 credit ratings for VHL
Fetching https://www.screener.in/company/VARDMNPOLY/ ...
  Saved 0 concalls, 15 annual reports, 6 credit ratings for VARDMNPOLY
Fetching https://www.screener.in/company/VSSL/ ...
  Saved 35 concalls, 15 annual reports, 6 credit ratings for VSSL
Fetching https://www.screener.in/company/VTL/ ...
  Saved 23 concalls, 15 annual reports, 6 credit ratings for VTL
Fetching https://www.screener.in/company/VARROC/ ...
  Saved 45 concalls, 8 annual reports, 6 credit ratings for VARROC
Fetching https://www.screener.in/company/VBL/ ...
  Saved 42 concalls, 14 annual reports, 6 credit ratings for VBL
Fetching https://www.screener.in/company/VGL/ ...
  Saved 3 concalls, 15 annual reports, 6 credit ratings for VGL
Fetching https://www.screener.in/company/DENTALKART/ ...
  Saved 9 concalls, 3 annual reports, 5 credit ratings for DENTALKART
Fetching https://www.screener.in/company/VASA/ ...
  Saved 0 concalls, 8 annual reports, 0 credit ratings for VASA
Fetching https://www.screener.in/company/VASCONEQ/ ...
  Saved 42 concalls, 15 annual reports, 6 credit ratings for VASCONEQ
Fetching https://www.screener.in/company/VASWANI/ ...
  Saved 0 concalls, 15 annual reports, 6 credit ratings for VASWANI
Fetching https://www.screener.in/company/VCL/ ...
  Saved 0 concalls, 6 annual reports, 0 credit ratings for VCL
Fetching https://www.screener.in/company/VDEAL/ ...
  Saved 0 concalls, 1 annual reports, 0 credit ratings for VDEAL
Fetching https://www.screener.in/company/MANYAVAR/ ...
  Saved 17 concalls, 5 annual reports, 4 credit ratings for MANYAVAR
Fetching https://www.screener.in/company/VEDL/ ...
  Saved 45 concalls, 15 annual reports, 6 credit ratings for VEDL
Fetching https://www.screener.in/company/VEEDOL/ ...
  Saved 0 concalls, 15 annual reports, 6 credit ratings for VEEDOL
Fetching https://www.screener.in/company/VEEKAYEM/ ...
  Saved 0 concalls, 4 annual reports, 5 credit ratings for VEEKAYEM
Fetching https://www.screener.in/company/VELS/ ...
  Saved 0 concalls, 3 annual reports, 0 credit ratings for VELS
Fetching https://www.screener.in/company/VENKEYS/ ...
  Saved 12 concalls, 15 annual reports, 6 credit ratings for VENKEYS
Fetching https://www.screener.in/company/VENTIVE/ ...
  Saved 6 concalls, 1 annual reports, 1 credit ratings for VENTIVE
Fetching https://www.screener.in/company/VENUSPIPES/ ...
  Saved 18 concalls, 4 annual reports, 6 credit ratings for VENUSPIPES
Fetching https://www.screener.in/company/VENUSREM/ ...
  Saved 0 concalls, 15 annual reports, 4 credit ratings for VENUSREM
Fetching https://www.screener.in/company/VERA/ ...
  Saved 0 concalls, 8 annual reports, 0 credit ratings for VERA
Fetching https://www.screener.in/company/VERANDA/ ...
  Saved 19 concalls, 4 annual reports, 0 credit ratings for VERANDA
Fetching https://www.screener.in/company/VERITAAS/ ...
  Saved 0 concalls, 2 annual reports, 0 credit ratings for VERITAAS
Fetching https://www.screener.in/company/VERTEXPLUS/ ...
  Saved 0 concalls, 3 annual reports, 0 credit ratings for VERTEXPLUS
Fetching https://www.screener.in/company/VERTOZ/ ...
  Saved 17 concalls, 6 annual reports, 0 credit ratings for VERTOZ
Fetching https://www.screener.in/company/VESUVIUS/ ...
  Saved 2 concalls, 15 annual reports, 1 credit ratings for VESUVIUS
Fetching https://www.screener.in/company/VETO/ ...
  Saved 1 concalls, 13 annual reports, 6 credit ratings for VETO
Fetching https://www.screener.in/company/VIAZ/ ...
  Saved 1 concalls, 3 annual reports, 0 credit ratings for VIAZ
Fetching https://www.screener.in/company/VSTL/ ...
  Saved 6 concalls, 2 annual reports, 5 credit ratings for VSTL
Fetching https://www.screener.in/company/VHLTD/ ...
  Saved 6 concalls, 15 annual reports, 6 credit ratings for VHLTD
Fetching https://www.screener.in/company/VICTORYEV/ ...
  Saved 0 concalls, 0 annual reports, 0 credit ratings for VICTORYEV
Fetching https://www.screener.in/company/VIDEOIND/ ...
  Saved 0 concalls, 10 annual reports, 0 credit ratings for VIDEOIND
Fetching https://www.screener.in/company/VIDHIING/ ...
  Saved 22 concalls, 15 annual reports, 6 credit ratings for VIDHIING
Fetching https://www.screener.in/company/VIDYAWIRES/ ...
  Saved 2 concalls, 0 annual reports, 2 credit ratings for VIDYAWIRES
Fetching https://www.screener.in/company/VIGOR/ ...
  Saved 2 concalls, 0 annual reports, 0 credit ratings for VIGOR
Fetching https://www.screener.in/company/VIJAYA/ ...
  Saved 20 concalls, 5 annual reports, 6 credit ratings for VIJAYA
Fetching https://www.screener.in/company/VIJAYPD/ ...
  Saved 0 concalls, 0 annual reports, 0 credit ratings for VIJAYPD
Fetching https://www.screener.in/company/VIJIFIN/ ...
  Saved 0 concalls, 13 annual reports, 2 credit ratings for VIJIFIN
Fetching https://www.screener.in/company/VIKASECO/ ...
  Saved 5 concalls, 15 annual reports, 6 credit ratings for VIKASECO
Fetching https://www.screener.in/company/VIKASLIFE/ ...
  Saved 0 concalls, 7 annual reports, 1 credit ratings for VIKASLIFE
Fetching https://www.screener.in/company/VIKASPROP/ ...
  Saved 0 concalls, 15 annual reports, 0 credit ratings for VIKASPROP
Fetching https://www.screener.in/company/VIKASWSP/ ...
  Saved 0 concalls, 15 annual reports, 1 credit ratings for VIKASWSP
Fetching https://www.screener.in/company/VIKRAMSOLR/ ...
  Saved 5 concalls, 1 annual reports, 6 credit ratings for VIKRAMSOLR
Fetching https://www.screener.in/company/VIKRAN/ ...
  Saved 2 concalls, 1 annual reports, 6 credit ratings for VIKRAN
Fetching https://www.screener.in/company/VILAS/ ...
  Saved 5 concalls, 2 annual reports, 6 credit ratings for VILAS
Fetching https://www.screener.in/company/VILINBIO/ ...
  Saved 0 concalls, 3 annual reports, 0 credit ratings for VILINBIO
Fetching https://www.screener.in/company/VIMTALABS/ ...
  Saved 25 concalls, 15 annual reports, 6 credit ratings for VIMTALABS
Fetching https://www.screener.in/company/VINATIORGA/ ...
  Saved 8 concalls, 15 annual reports, 6 credit ratings for VINATIORGA
Fetching https://www.screener.in/company/VINDHYATEL/ ...
  Saved 2 concalls, 15 annual reports, 6 credit ratings for VINDHYATEL
Fetching https://www.screener.in/company/VINEETLAB/ ...
  Saved 0 concalls, 5 annual reports, 0 credit ratings for VINEETLAB
Fetching https://www.screener.in/company/VINNY/ ...
  Saved 0 concalls, 7 annual reports, 0 credit ratings for VINNY
Fetching https://www.screener.in/company/VINSYS/ ...
  Saved 6 concalls, 2 annual reports, 0 credit ratings for VINSYS
Fetching https://www.screener.in/company/VINCOFE/ ...
  Saved 7 concalls, 14 annual reports, 0 credit ratings for VINCOFE
Fetching https://www.screener.in/company/VINYAS/ ...
  Saved 3 concalls, 2 annual reports, 6 credit ratings for VINYAS
Fetching https://www.screener.in/company/VINYLINDIA/ ...
  Saved 0 concalls, 15 annual reports, 4 credit ratings for VINYLINDIA
Fetching https://www.screener.in/company/VIPULLTD/ ...
  Saved 6 concalls, 15 annual reports, 6 credit ratings for VIPULLTD
Fetching https://www.screener.in/company/VIRINCHI/ ...
  Saved 16 concalls, 15 annual reports, 6 credit ratings for VIRINCHI
Fetching https://www.screener.in/company/VGINFOTECH/ ...
  Saved 2 concalls, 1 annual reports, 1 credit ratings for VGINFOTECH
Fetching https://www.screener.in/company/VISASTEEL/ ...
  Saved 0 concalls, 15 annual reports, 0 credit ratings for VISASTEEL
Fetching https://www.screener.in/company/VIVIDHA/ ...
  Saved 0 concalls, 15 annual reports, 0 credit ratings for VIVIDHA
Fetching https://www.screener.in/company/VISAKAIND/ ...
  Saved 27 concalls, 15 annual reports, 6 credit ratings for VISAKAIND
Fetching https://www.screener.in/company/VISAMAN/ ...
  Saved 0 concalls, 2 annual reports, 1 credit ratings for VISAMAN
Fetching https://www.screener.in/company/VISHAL/ ...
  Saved 8 concalls, 12 annual reports, 6 credit ratings for VISHAL
Fetching https://www.screener.in/company/VMM/ ...
  Saved 5 concalls, 1 annual reports, 4 credit ratings for VMM
Fetching https://www.screener.in/company/VISHNU/ ...
  Saved 17 concalls, 15 annual reports, 6 credit ratings for VISHNU
Fetching https://www.screener.in/company/VPRPL/ ...
  Saved 9 concalls, 5 annual reports, 6 credit ratings for VPRPL
Fetching https://www.screener.in/company/VISHNUINFR/ ...
  Saved 4 concalls, 2 annual reports, 0 credit ratings for VISHNUINFR
Fetching https://www.screener.in/company/VISHWARAJ/ ...
  Saved 1 concalls, 6 annual reports, 6 credit ratings for VISHWARAJ
Fetching https://www.screener.in/company/VISHWAS/ ...
  Saved 0 concalls, 2 annual reports, 0 credit ratings for VISHWAS
Fetching https://www.screener.in/company/VIESL/ ...
  Saved 3 concalls, 1 annual reports, 0 credit ratings for VIESL
Fetching https://www.screener.in/company/VITAL/ ...
  Saved 0 concalls, 3 annual reports, 0 credit ratings for VITAL
Fetching https://www.screener.in/company/VIVIANA/ ...
  Saved 4 concalls, 3 annual reports, 1 credit ratings for VIVIANA
Fetching https://www.screener.in/company/VIVIMEDLAB/ ...
  Saved 12 concalls, 15 annual reports, 6 credit ratings for VIVIMEDLAB
Fetching https://www.screener.in/company/VIVO/ ...
  Saved 0 concalls, 4 annual reports, 0 credit ratings for VIVO
Fetching https://www.screener.in/company/VIYASH/ ...
  Saved 34 concalls, 15 annual reports, 6 credit ratings for VIYASH
Fetching https://www.screener.in/company/IDEA/ ...
  Saved 46 concalls, 15 annual reports, 6 credit ratings for IDEA
Fetching https://www.screener.in/company/VOLERCAR/ ...
  Saved 2 concalls, 1 annual reports, 0 credit ratings for VOLERCAR
Fetching https://www.screener.in/company/VOLTAMP/ ...
  Saved 0 concalls, 15 annual reports, 6 credit ratings for VOLTAMP
Fetching https://www.screener.in/company/VOLTAS/ ...
  Saved 16 concalls, 15 annual reports, 6 credit ratings for VOLTAS
Fetching https://www.screener.in/company/VRAJ/ ...
  Saved 0 concalls, 2 annual reports, 4 credit ratings for VRAJ
Fetching https://www.screener.in/company/WEWIN/ ...
  Saved 0 concalls, 7 annual reports, 0 credit ratings for WEWIN
Fetching https://www.screener.in/company/WSI/ ...
  Saved 1 concalls, 15 annual reports, 1 credit ratings for WSI
Fetching https://www.screener.in/company/WAAREEENER/ ...
  Saved 12 concalls, 1 annual reports, 6 credit ratings for WAAREEENER
Fetching https://www.screener.in/company/WAAREERTL/ ...
  Saved 18 concalls, 13 annual reports, 5 credit ratings for WAAREERTL
Fetching https://www.screener.in/company/WAKEFIT/ ...
  Saved 1 concalls, 0 annual reports, 0 credit ratings for WAKEFIT
Fetching https://www.screener.in/company/WALCHANNAG/ ...
  Saved 6 concalls, 15 annual reports, 6 credit ratings for WALCHANNAG
Fetching https://www.screener.in/company/WALPAR/ ...
  Saved 0 concalls, 4 annual reports, 0 credit ratings for WALPAR
Fetching https://www.screener.in/company/WANBURY/ ...
  Saved 3 concalls, 15 annual reports, 4 credit ratings for WANBURY
Fetching https://www.screener.in/company/WATERBASE/ ...
  Saved 14 concalls, 15 annual reports, 6 credit ratings for WATERBASE
Fetching https://www.screener.in/company/NIVINFRA/ ...
  Saved 0 concalls, 4 annual reports, 0 credit ratings for NIVINFRA
Fetching https://www.screener.in/company/WEALTH/ ...
  Saved 11 concalls, 5 annual reports, 0 credit ratings for WEALTH
Fetching https://www.screener.in/company/WEBELSOLAR/ ...
  Saved 7 concalls, 15 annual reports, 1 credit ratings for WEBELSOLAR
Fetching https://www.screener.in/company/WEIZMANIND/ ...
  Saved 0 concalls, 15 annual reports, 2 credit ratings for WEIZMANIND
Fetching https://www.screener.in/company/WELCORP/ ...
  Saved 45 concalls, 15 annual reports, 6 credit ratings for WELCORP
Fetching https://www.screener.in/company/WELENT/ ...
  Saved 55 concalls, 15 annual reports, 6 credit ratings for WELENT
Fetching https://www.screener.in/company/WELINV/ ...
  Saved 0 concalls, 15 annual reports, 0 credit ratings for WELINV
Fetching https://www.screener.in/company/WELSPUNLIV/ ...
  Saved 52 concalls, 15 annual reports, 6 credit ratings for WELSPUNLIV
Fetching https://www.screener.in/company/WENDT/ ...
  Saved 4 concalls, 15 annual reports, 6 credit ratings for WENDT
Fetching https://www.screener.in/company/WSTCSTPAPR/ ...
  Saved 9 concalls, 15 annual reports, 6 credit ratings for WSTCSTPAPR
Fetching https://www.screener.in/company/WCIL/ ...
  Saved 6 concalls, 1 annual reports, 6 credit ratings for WCIL
Fetching https://www.screener.in/company/WIPL/ ...
  Saved 0 concalls, 9 annual reports, 6 credit ratings for WIPL
Fetching https://www.screener.in/company/WESTLIFE/ ...
  Saved 38 concalls, 15 annual reports, 0 credit ratings for WESTLIFE
Fetching https://www.screener.in/company/WEWORK/ ...
  Saved 3 concalls, 0 annual reports, 3 credit ratings for WEWORK
Fetching https://www.screener.in/company/WHEELS/ ...
  Saved 14 concalls, 15 annual reports, 6 credit ratings for WHEELS
Fetching https://www.screener.in/company/WHIRLPOOL/ ...
  Saved 9 concalls, 15 annual reports, 6 credit ratings for WHIRLPOOL
Fetching https://www.screener.in/company/WILLAMAGOR/ ...
  Saved 0 concalls, 15 annual reports, 0 credit ratings for WILLAMAGOR
Fetching https://www.screener.in/company/WINDLAS/ ...
  Saved 20 concalls, 5 annual reports, 6 credit ratings for WINDLAS
Fetching https://www.screener.in/company/WINDMACHIN/ ...
  Saved 0 concalls, 15 annual reports, 0 credit ratings for WINDMACHIN
Fetching https://www.screener.in/company/WINNY/ ...
  Saved 0 concalls, 1 annual reports, 0 credit ratings for WINNY
Fetching https://www.screener.in/company/WINPRO/ ...
  Saved 0 concalls, 15 annual reports, 0 credit ratings for WINPRO
Fetching https://www.screener.in/company/WINSOL/ ...
  Saved 0 concalls, 2 annual reports, 2 credit ratings for WINSOL
Fetching https://www.screener.in/company/WINSOME/ ...
  Saved 0 concalls, 15 annual reports, 0 credit ratings for WINSOME
Fetching https://www.screener.in/company/WIPRO/ ...
  Saved 38 concalls, 15 annual reports, 6 credit ratings for WIPRO
Fetching https://www.screener.in/company/WTICAB/ ...
  Saved 2 concalls, 2 annual reports, 0 credit ratings for WTICAB
Fetching https://www.screener.in/company/WOCKPHARMA/ ...
  Saved 7 concalls, 15 annual reports, 6 credit ratings for WOCKPHARMA
Fetching https://www.screener.in/company/WOL3D/ ...
  Saved 4 concalls, 1 annual reports, 0 credit ratings for WOL3D
Fetching https://www.screener.in/company/WOMANCART/ ...
  Saved 4 concalls, 2 annual reports, 0 credit ratings for WOMANCART
Fetching https://www.screener.in/company/WEL/ ...
  Saved 5 concalls, 7 annual reports, 6 credit ratings for WEL
Fetching https://www.screener.in/company/WONDERLA/ ...
  Saved 56 concalls, 14 annual reports, 6 credit ratings for WONDERLA
Fetching https://www.screener.in/company/WORTHPERI/ ...
  Saved 1 concalls, 6 annual reports, 6 credit ratings for WORTHPERI
Fetching https://www.screener.in/company/XCHANGING/ ...
  Saved 2 concalls, 15 annual reports, 0 credit ratings for XCHANGING
Fetching https://www.screener.in/company/XELPMOC/ ...
  Saved 32 concalls, 7 annual reports, 0 credit ratings for XELPMOC
Fetching https://www.screener.in/company/XPROINDIA/ ...
  Saved 6 concalls, 15 annual reports, 6 credit ratings for XPROINDIA
Fetching https://www.screener.in/company/XTGLOBAL/ ...
  Saved 6 concalls, 15 annual reports, 0 credit ratings for XTGLOBAL
Fetching https://www.screener.in/company/YAAP/ ...
  Saved 0 concalls, 0 annual reports, 1 credit ratings for YAAP
Fetching https://www.screener.in/company/YASHOPTICS/ ...
  Saved 1 concalls, 2 annual reports, 0 credit ratings for YASHOPTICS
Fetching https://www.screener.in/company/YASHO/ ...
  Saved 28 concalls, 13 annual reports, 6 credit ratings for YASHO
Fetching https://www.screener.in/company/YCCL/ ...
  Saved 0 concalls, 3 annual reports, 0 credit ratings for YCCL
Fetching https://www.screener.in/company/YATHARTH/ ...
  Saved 14 concalls, 3 annual reports, 6 credit ratings for YATHARTH
Fetching https://www.screener.in/company/YATRA/ ...
  Saved 14 concalls, 2 annual reports, 0 credit ratings for YATRA
Fetching https://www.screener.in/company/YESBANK/ ...
  Saved 37 concalls, 15 annual reports, 6 credit ratings for YESBANK
Fetching https://www.screener.in/company/YUDIZ/ ...
  Saved 0 concalls, 2 annual reports, 0 credit ratings for YUDIZ
Fetching https://www.screener.in/company/YUKEN/ ...
  Saved 0 concalls, 15 annual reports, 6 credit ratings for YUKEN
Fetching https://www.screener.in/company/ZFCVINDIA/ ...
  Saved 22 concalls, 15 annual reports, 2 credit ratings for ZFCVINDIA
Fetching https://www.screener.in/company/ZTECH/ ...
  Saved 9 concalls, 1 annual reports, 0 credit ratings for ZTECH
Fetching https://www.screener.in/company/ZAGGLE/ ...
  Saved 14 concalls, 2 annual reports, 2 credit ratings for ZAGGLE
Fetching https://www.screener.in/company/ZEAL/ ...
  Saved 1 concalls, 3 annual reports, 0 credit ratings for ZEAL
Fetching https://www.screener.in/company/ZEEL/ ...
  Saved 39 concalls, 15 annual reports, 6 credit ratings for ZEEL
Fetching https://www.screener.in/company/ZEELEARN/ ...
  Saved 9 concalls, 15 annual reports, 6 credit ratings for ZEELEARN
Fetching https://www.screener.in/company/ZEEMEDIA/ ...
  Saved 1 concalls, 15 annual reports, 6 credit ratings for ZEEMEDIA
Fetching https://www.screener.in/company/ZENTEC/ ...
  Saved 30 concalls, 15 annual reports, 6 credit ratings for ZENTEC
Fetching https://www.screener.in/company/ZENITHDRUG/ ...
  Saved 0 concalls, 2 annual reports, 3 credit ratings for ZENITHDRUG
Fetching https://www.screener.in/company/ZENITHEXPO/ ...
  Saved 0 concalls, 15 annual reports, 6 credit ratings for ZENITHEXPO
Fetching https://www.screener.in/company/ZENITHSTL/ ...
  Saved 0 concalls, 15 annual reports, 0 credit ratings for ZENITHSTL
Fetching https://www.screener.in/company/ZENSARTECH/ ...
  Saved 68 concalls, 15 annual reports, 6 credit ratings for ZENSARTECH
Fetching https://www.screener.in/company/ZICOM/ ...
  Saved 0 concalls, 12 annual reports, 0 credit ratings for ZICOM
Fetching https://www.screener.in/company/ZIMLAB/ ...
  Saved 16 concalls, 11 annual reports, 6 credit ratings for ZIMLAB
Fetching https://www.screener.in/company/ZODIACLOTH/ ...
  Saved 2 concalls, 15 annual reports, 6 credit ratings for ZODIACLOTH
Fetching https://www.screener.in/company/ZODIAC/ ...
  Saved 2 concalls, 8 annual reports, 6 credit ratings for ZODIAC
Fetching https://www.screener.in/company/ZOTA/ ...
  Saved 27 concalls, 7 annual reports, 0 credit ratings for ZOTA
Fetching https://www.screener.in/company/ZUARI/ ...
  Saved 1 concalls, 15 annual reports, 6 credit ratings for ZUARI
Fetching https://www.screener.in/company/ZUARIIND/ ...
  Saved 10 concalls, 15 annual reports, 6 credit ratings for ZUARIIND
Fetching https://www.screener.in/company/ZYDUSLIFE/ ...
  Saved 50 concalls, 15 annual reports, 6 credit ratings for ZYDUSLIFE
Fetching https://www.screener.in/company/ZYDUSWELL/ ...
  Saved 45 concalls, 15 annual reports, 6 credit ratings for ZYDUSWELL
Done.
