,id,company,fiscal_year,quarter,call_date,transcript_url,ppt_url,basic_industry,company_name,month,expected_quarter
61,DIVISLAB_FY2017_Q4,DIVISLAB,FY2017,Q4,Mar 2017,https://www.divislabs.com/wp-content/uploads/2018/09/DivisLab-Conference-call-March-27-2017-Transcript.pdf,,Pharmaceuticals,Divi'S Laboratories Ltd.,Mar,Q3
83,DIXON_FY2023_Q1,DIXON,FY2023,Q1,Jun 2022,https://www.bseindia.com/xml-data/corpfiling/AttachHis/1204ccfc-334c-4919-91f8-1b47fe7065bd.pdf,https://www.bseindia.com/xml-data/corpfiling/AttachHis/2b746270-2dea-4339-b648-15e3050e677f.pdf,Consumer Electronics,Dixon Technologies (India) Ltd.,Jun,Q4
366,LALPATHLAB_FY2019_Q4,LALPATHLAB,FY2019,Q4,Mar 2019,https://www.bseindia.com/xml-data/corpfiling/AttachHis/1f1f2ef1-ebb8-48c6-8070-a230436e6e2c.pdf,https://www.bseindia.com/xml-data/corpfiling/CorpAttachment/2019/2/ba706057-8d7a-45a0-b310-91fe8413a785.pdf,Healthcare Service Provider,Dr. Lal Pathlabs Ltd.,Mar,Q3
367,LALPATHLAB_FY2019_Q3,LALPATHLAB,FY2019,Q3,Dec 2018,https://www.lalpathlabs.com/pdf/Analyst-Concall-Transcript-Q2-H1-FY19.pdf,https://www.bseindia.com/xml-data/corpfiling/CorpAttachment/2019/2/553c008c-056a-4b32-ac34-11d7058e43bd.pdf,Healthcare Service Provider,Dr. Lal Pathlabs Ltd.,Dec,Q2
372,LALPATHLAB_FY2018_Q2,LALPATHLAB,FY2018,Q2,Sep 2017,https://www.lalpathlabs.com/pdf/Analyst-Call-Transcript-Q1-FY18.pdf,https://www.bseindia.com/xml-data/corpfiling/CorpAttachment/2017/9/9e820b86-7c14-4bb8-8cef-06ba244f06a4.pdf,Healthcare Service Provider,Dr. Lal Pathlabs Ltd.,Sep,Q1
423,DRREDDY_FY2023_Q1,DRREDDY,FY2023,Q1,Jun 2022,https://www.bseindia.com/xml-data/corpfiling/AttachHis/3ba2cb01-418b-4457-883b-d648d156042e.pdf,https://www.bseindia.com/xml-data/corpfiling/AttachHis/8aec942f-f41b-4833-a6df-aa35b0a80fb7.pdf,Pharmaceuticals,Dr. Reddy'S Laboratories Ltd.,Jun,Q4
479,IDBI_FY2024_Q4,IDBI,FY2024,Q4,Mar 2024,,https://www.idbibank.in/pdf/Analyst_Mar_2024.pdf,Private Sector Bank,I D B I Bank Ltd.,Mar,Q3
742,DYCL_FY2022_Q2,DYCL,FY2022,Q2,Sep 2021,,https://www.bseindia.com/xml-data/corpfiling/AttachHis/0319b7a8-c76c-488c-b325-6d40c7d6e270.pdf,Cables - Electricals,Dynamic Cables Ltd.,Sep,Q1
872,EIDPARRY_FY2024_Q1,EIDPARRY,FY2024,Q1,Jun 2023,https://www.bseindia.com/xml-data/corpfiling/AttachHis/8b72a792-cf50-4b0e-b6de-359445cd310f.pdf,https://www.bseindia.com/xml-data/corpfiling/AttachHis/4980d3b2-3579-4e2b-94de-e6c2301d04f6.pdf,Fertilizers,E I D-Parry (India) Ltd.,Jun,Q4
898,EIDPARRY_FY2021_Q1,EIDPARRY,FY2021,Q1,Jun 2020,https://www.eidparry.com/wp-content/uploads/2020/08/Quarter-ended-%e2%80%93-30.06.2020.pdf,,Fertilizers,E I D-Parry (India) Ltd.,Jun,Q4
1249,EDELWEISS_FY2022_Q1,EDELWEISS,FY2022,Q1,Jun 2021,https://www.bseindia.com/xml-data/corpfiling/AttachHis/c75b684b-fef4-486d-a9ed-2bf8d2a55f42.pdf,https://www.bseindia.com/xml-data/corpfiling/AttachHis/7cd8c089-2cb3-4f03-a19a-479e855578e6.pdf,Holding Company,Edelweiss Financial Services Ltd.,Jun,Q4
1251,EDELWEISS_FY2021_Q4,EDELWEISS,FY2021,Q4,Mar 2021,,https://www.bseindia.com/xml-data/corpfiling/AttachHis/a1270792-edee-48cd-ace4-3b20c620783e.pdf,Holding Company,Edelweiss Financial Services Ltd.,Mar,Q3
1415,EROSMEDIA_FY2017_Q2,EROSMEDIA,FY2017,Q2,Sep 2016,,https://www.bseindia.com/stockinfo/AnnPdfOpen.aspx?Pname=9DE118CD_8F82_4867_9FAA_0F2DFAEC4AED_184336.pdf,"Film Production, Distribution & Exhibition",Eros International Media Ltd.,Sep,Q1
1672,ELGIEQUIP_FY2022_Q4,ELGIEQUIP,FY2022,Q4,Mar 2022,https://www.bseindia.com/xml-data/corpfiling/AttachHis/9218249f-23e3-4c28-9d68-dddf07842b86.pdf,https://www.bseindia.com/xml-data/corpfiling/AttachHis/b7073f4c-c275-4547-8539-32d0db9c8971.pdf,"Compressors, Pumps & Diesel Engines",Elgi Equipments Ltd.,Mar,Q3
1969,KRIDHANINF_FY2018_Q2,KRIDHANINF,FY2018,Q2,Sep 2017,,https://www.bseindia.com/xml-data/corpfiling/CorpAttachment/2017/9/2721c039-f7bf-4f0e-be1b-69c841cfcfd5.pdf,Civil Construction,Kridhan Infra Ltd.,Sep,Q1
2155,EMMBI_FY2021_Q2,EMMBI,FY2021,Q2,Sep 2020,https://emmbi.com/wp-content/uploads/2020/11/Q1-ConCall-Transcript-2020-2021-1.pdf,https://www.bseindia.com/xml-data/corpfiling/AttachHis/93cce162-5fec-4ed4-9f30-a10a57bf8832.pdf,Packaging,Emmbi Industries Ltd.,Sep,Q1
2156,EMMBI_FY2021_Q1,EMMBI,FY2021,Q1,Jun 2020,https://emmbi.com/wp-content/uploads/2020/06/Conference-Call-Transcript-19.06.pdf,https://www.bseindia.com/xml-data/corpfiling/AttachHis/1268790e-da54-4089-b1bf-19e51042b249.pdf,Packaging,Emmbi Industries Ltd.,Jun,Q4
2192,KRIDHANINF_FY2018_Q1,KRIDHANINF,FY2018,Q1,Jun 2017,,https://www.bseindia.com/xml-data/corpfiling/CorpAttachment/2017/6/19996881-e08a-4920-88ed-74e09a73dae9.pdf,Civil Construction,Kridhan Infra Ltd.,Jun,Q4
2286,ENDURANCE_FY2020_Q3,ENDURANCE,FY2020,Q3,Dec 2019,https://www.endurancegroup.com/media/pdf/15-11-2019-ba54215fb464e30.pdf,https://www.bseindia.com/xml-data/corpfiling/AttachHis/5dfd7369-5c91-4399-bb58-cc0b4ab5b610.pdf,Auto Components & Equipments,Endurance Technologies Ltd.,Dec,Q2
2584,KRIDHANINF_FY2017_Q4,KRIDHANINF,FY2017,Q4,Mar 2017,,https://www.bseindia.com/stockinfo/AnnPdfOpen.aspx?Pname=362BCA64_6913_4A8C_8F5E_4E6578682A74_170744.pdf,Civil Construction,Kridhan Infra Ltd.,Mar,Q3
2724,EQUITASBNK_FY2022_Q2,EQUITASBNK,FY2022,Q2,Sep 2021,https://ir.equitasbank.com/wp-content/uploads/2021/11/ESFB-Q2FY22-Conference-Call-Transcript.pdf,,Other Bank,Equitas Small Finance Bank Ltd.,Sep,Q1
2762,ERIS_FY2021_Q4,ERIS,FY2021,Q4,Mar 2021,https://eris.co.in/wp-content/uploads/2021/05/Transcript-of-the-Analyst-and-Investor-Conference-call-_Q4-_FY-21.pdf,https://www.bseindia.com/xml-data/corpfiling/AttachHis/e4ec3bde-d087-42bb-a12c-812935515dcb.pdf,Pharmaceuticals,Eris Lifesciences Ltd.,Mar,Q3
2889,ESCONET_FY2024_Q4,ESCONET,FY2024,Q4,Mar 2024,,https://nsearchives.nseindia.com/corporate/ESCONET_15032024114442_ETLPRESENTATION14032024.pdf,Computers Hardware & Equipments,Esconet Technologies Ltd.,Mar,Q3
3232,RELIANCE_FY2017_Q1,RELIANCE,FY2017,Q1,Jun 2016,,https://www.bseindia.com/stockinfo/AnnPdfOpen.aspx?Pname=6669EE6F_088E_4C15_9839_E2DBB861749D_110427.pdf,Refineries & Marketing,Reliance Industries Ltd.,Jun,Q4
3266,ESTER_FY2018_Q2,ESTER,FY2018,Q2,Sep 2017,https://www.esterindustries.com/sites/default/files/Q1%20FY18%20Earnings%20Call%20Transcript.pdf,https://www.bseindia.com/xml-data/corpfiling/CorpAttachment/2017/9/4fcad8ca-f697-40fe-9e4a-164a611b77c9.pdf,Packaging,Ester Industries Ltd.,Sep,Q1
3267,ESTER_FY2018_Q1,ESTER,FY2018,Q1,Jun 2017,https://www.esterindustries.com/sites/default/files/Q4%20and%20FY17%20Earnings%20Conference%20Call%20Transcript.pdf,https://www.bseindia.com/xml-data/corpfiling/CorpAttachment/2017/6/2ed3ba78-57c7-4b87-a21a-0f67793b5cae.pdf,Packaging,Ester Industries Ltd.,Jun,Q4
3644,SJVN_FY2020_Q1,SJVN,FY2020,Q1,Jun 2019,https://www.bseindia.com/xml-data/corpfiling/AttachHis/2b2c3da8-4062-4771-b37f-9b8f7c41975d.pdf,,Power Generation,S J V N Ltd.,Jun,Q4
4134,FDC_FY2018_Q1,FDC,FY2018,Q1,Jun 2017,,https://www.bseindia.com/xml-data/corpfiling/CorpAttachment/2017/6/b9fbf3a7-5d13-4828-a40e-c8cbd5a8df85.pdf,Pharmaceuticals,F D C Ltd.,Jun,Q4
4197,NYKAA_FY2024_Q1,NYKAA,FY2024,Q1,Jun 2023,https://www.bseindia.com/xml-data/corpfiling/AttachHis/bdd14b97-8b0c-4c97-98c7-95f9b1695eb3.pdf,https://www.bseindia.com/xml-data/corpfiling/AttachHis/209302d2-9492-4789-99c4-95f6316c2531.pdf,E-Retail/ E-Commerce,F S N E-Commerce Ventures Ltd.,Jun,Q4
4245,SJVN_FY2018_Q1,SJVN,FY2018,Q1,Jun 2017,https://www.bseindia.com/xml-data/corpfiling/CorpAttachment/2017/6/0766dd6e-b143-4d85-aab9-b2b61e1f1dda.pdf,,Power Generation,S J V N Ltd.,Jun,Q4
4266,SJVN_FY2017_Q3,SJVN,FY2017,Q3,Dec 2016,https://www.bseindia.com/stockinfo/AnnPdfOpen.aspx?Pname=82D238EC_5C2A_4477_8F7E_9776A8130BCF_105911.pdf,,Power Generation,S J V N Ltd.,Dec,Q2
4456,INFY_FY2022_Q2,INFY,FY2022,Q2,Sep 2021,,https://www.bseindia.com/xml-data/corpfiling/AttachHis/32e14b77-f2f7-486b-b01f-1b64ab965d41.pdf,Computers - Software & Consulting,Infosys Ltd.,Sep,Q1
5049,FIEMIND_FY2021_Q4,FIEMIND,FY2021,Q4,Mar 2021,https://fiemindustries.com/wp-content/uploads/2021/02/TranscriptQ3FY21EarningCallweb.pdf,,Auto Components & Equipments,Fiem Industries Ltd.,Mar,Q3
5099,FIEMIND_FY2020_Q2,FIEMIND,FY2020,Q2,Sep 2019,http://fiemindustries.com/wp-content/uploads/2019/08/FIEM-Concall-Transcript-Aug16-2019.pdf,,Auto Components & Equipments,Fiem Industries Ltd.,Sep,Q1
5102,FIEMIND_FY2019_Q3,FIEMIND,FY2019,Q3,Dec 2018,,https://www.bseindia.com/xml-data/corpfiling/CorpAttachment/2018/12/5828abf6-0001-4e18-85b5-262263cd4fa7.pdf,Auto Components & Equipments,Fiem Industries Ltd.,Dec,Q2
5122,FIEMIND_FY2018_Q2,FIEMIND,FY2018,Q2,Sep 2017,,https://www.bseindia.com/xml-data/corpfiling/CorpAttachment/2017/9/57a19cd2-4572-42d6-a31e-f89b06493c95.pdf,Auto Components & Equipments,Fiem Industries Ltd.,Sep,Q1
5123,FIEMIND_FY2018_Q1,FIEMIND,FY2018,Q1,Jun 2017,,https://www.bseindia.com/xml-data/corpfiling/CorpAttachment/2017/6/b7e43070-bf7f-47e7-aa3c-89d4b0683115.pdf,Auto Components & Equipments,Fiem Industries Ltd.,Jun,Q4
5310,FILATEX_FY2021_Q1,FILATEX,FY2021,Q1,Jun 2020,,https://www.bseindia.com/xml-data/corpfiling/AttachHis/724167ce-f379-4dfb-a67b-d61b809a9a8f.pdf,Other Textile Products,Filatex India Ltd.,Jun,Q4
5364,FILATEX_FY2019_Q1,FILATEX,FY2019,Q1,Jun 2018,https://www.bseindia.com/xml-data/corpfiling/CorpAttachment/2018/5/78d17cae-1038-4baa-aaff-ab9574bbc1c0.pdf,https://www.bseindia.com/xml-data/corpfiling/CorpAttachment/2018/6/fb6dc689-3047-4687-8c83-29f69862dde3.pdf,Other Textile Products,Filatex India Ltd.,Jun,Q4
5487,FCL_FY2024_Q4,FCL,FY2024,Q4,Mar 2024,https://www.bseindia.com/xml-data/corpfiling/AttachHis/1241f451-6703-433a-8402-523a88c64773.pdf,https://www.bseindia.com/xml-data/corpfiling/AttachHis/d60df9bb-6b17-4541-b237-4fa8c4da570f.pdf,Specialty Chemicals,Fineotex Chemical Ltd.,Mar,Q3
5679,INFY_FY2019_Q1,INFY,FY2019,Q1,Jun 2018,https://www.bseindia.com/xml-data/corpfiling/CorpAttachment/2018/6/d55691d6-ecda-4bef-8154-e9f900d04ff6.pdf,https://www.bseindia.com/xml-data/corpfiling/CorpAttachment/2018/6/fac181a4-d43d-43f5-9938-10ea02cf513b.pdf,Computers - Software & Consulting,Infosys Ltd.,Jun,Q4
5683,FCL_FY2018_Q2,FCL,FY2018,Q2,Sep 2017,,https://www.bseindia.com/xml-data/corpfiling/CorpAttachment/2017/9/1d25f174-c4fb-4fdc-a90f-a90ef833ddf3.pdf,Specialty Chemicals,Fineotex Chemical Ltd.,Sep,Q1
5699,FCL_FY2017_Q4,FCL,FY2017,Q4,Mar 2017,https://www.bseindia.com/xml-data/corpfiling/CorpAttachment/2017/3/d3b405d4-ecf0-40c6-8692-c76b35f38720.pdf,https://www.bseindia.com/stockinfo/AnnPdfOpen.aspx?Pname=81F056B7_E2FB_43DF_87F2_72C363295D1E_153816.pdf,Specialty Chemicals,Fineotex Chemical Ltd.,Mar,Q3
5847,FINCABLES_FY2023_Q1,FINCABLES,FY2023,Q1,Jun 2022,https://finolex.com/wp-content/uploads/2022/06/Transcript-Finolex-Cables-Ltd-Earnings-call-Jun04-2022.pdf,https://www.bseindia.com/xml-data/corpfiling/AttachHis/f1861a5c-9f23-4cf5-a29e-c9221708d501.pdf,Cables - Electricals,Finolex Cables Ltd.,Jun,Q4
5881,FINCABLES_FY2021_Q1,FINCABLES,FY2021,Q1,Jun 2020,https://finolex.com/wp-content/uploads/2020/07/Finolex-cables-transcript.pdf,https://www.bseindia.com/xml-data/corpfiling/AttachHis/4e5861ea-ee22-4022-9192-22d529765f99.pdf,Cables - Electricals,Finolex Cables Ltd.,Jun,Q4
5994,FINPIPE_FY2017_Q4,FINPIPE,FY2017,Q4,Mar 2017,https://www.finolexpipes.com/wp-content/uploads/2019/02/Concall-transcript-Q4FY17.pdf,https://www.bseindia.com/xml-data/corpfiling/CorpAttachment/2017/5/8190fd55-41e0-4168-8119-2670ca2ee2bd.pdf,Plastic Products - Industrial,Finolex Industries Ltd.,Mar,Q3
6005,FINPIPE_FY2017_Q3,FINPIPE,FY2017,Q3,Dec 2016,https://www.finolexpipes.com/wp-content/uploads/2019/02/Concall-Transcript-Q2FY17.pdf,https://www.bseindia.com/stockinfo/AnnPdfOpen.aspx?Pname=AB107E40_D9E0_40DE_99F9_2768323F4530_170239.pdf,Plastic Products - Industrial,Finolex Industries Ltd.,Dec,Q2
6087,FSL_FY2022_Q1,FSL,FY2022,Q1,Jun 2021,https://mk0firstsourcecw8t7d.kinstacdn.com/wp-content/uploads/2021/07/FSLAnalystConferenceCall_Q1FY2022.pdf,https://www.bseindia.com/xml-data/corpfiling/AttachHis/09f7d595-2711-4e7e-a856-b6afb441294f.pdf,Business Process Outsourcing (BPO)/ Knowledge Process Outsourcing (KPO),Firstsource Solutions Ltd.,Jun,Q4
6141,INFY_FY2017_Q2,INFY,FY2017,Q2,Sep 2016,https://www.bseindia.com/stockinfo/AnnPdfOpen.aspx?Pname=B2AA21F4_3755_4750_82B7_15DDF1FDA788_174755.pdf,,Computers - Software & Consulting,Infosys Ltd.,Sep,Q1
6258,FROG_FY2024_Q1,FROG,FY2024,Q1,Jun 2023,https://archives.nseindia.com/corporate/FROG_15062023125024_Earning_Call_Transcript.pdf,https://archives.nseindia.com/corporate/FROG_28052023191241_Earningupdates.pdf,Telecom -  Equipment & Accessories,Frog Innovations Ltd.,Jun,Q4
6259,FROG_FY2023_Q3,FROG,FY2023,Q3,Dec 2022,,https://archives.nseindia.com/corporate/FROG_07122022085524_300722.pdf,Telecom -  Equipment & Accessories,Frog Innovations Ltd.,Dec,Q2
6292,FLFL_FY2020_Q4,FLFL,FY2020,Q4,Mar 2020,,https://www.bseindia.com/xml-data/corpfiling/AttachHis/3f424630-b8ab-4946-b95f-72ce0c098b97.pdf,Diversified Retail,Future Lifestyle Fashions Ltd.,Mar,Q3
6305,ACC_FY2018_Q2,ACC,FY2018,Q2,Sep 2017,https://acclimited.com/source/new/investor_presentation/Investors-Presentation-Q317-revised-v2.pdf,,Cement & Cement Products,A C C Ltd.,Sep,Q1
6321,FRETAIL_FY2020_Q4,FRETAIL,FY2020,Q4,Mar 2020,,https://www.bseindia.com/xml-data/corpfiling/AttachHis/d05c6d25-41ae-4adb-acc1-c3adbd68cf50.pdf,Diversified Retail,Future Retail Ltd.,Mar,Q3
6390,OCCL_FY2016_Q3,OCCL,FY2016,Q3,Dec 2015,,https://www.bseindia.com/stockinfo/AnnPdfOpen.aspx?Pname=10EA76EB_E1F8_489F_A92E_291F3219EE09_110243.pdf,Commodity Chemicals,A G Ventures Ltd.,Dec,Q2
6421,GFLLIMITED_FY2021_Q2,GFLLIMITED,FY2021,Q2,Sep 2020,https://www.bseindia.com/xml-data/corpfiling/AttachHis/c7e67e83-4e25-4219-b78b-52a6b9c44890.pdf,https://www.bseindia.com/xml-data/corpfiling/AttachHis/045f3f5e-c123-48e8-8c1d-8e3d63826239.pdf,Holding Company,G F L Ltd.,Sep,Q1
6430,GFLLIMITED_FY2018_Q1,GFLLIMITED,FY2018,Q1,Jun 2017,https://www.bseindia.com/xml-data/corpfiling/CorpAttachment/2017/6/58edf1a1-3f97-48d8-81eb-9fd45e42f41f.pdf,https://www.bseindia.com/xml-data/corpfiling/CorpAttachment/2017/5/9bab8a8c-f46a-4521-b4fa-58b77f9d3406.pdf,Holding Company,G F L Ltd.,Jun,Q4
6432,GFLLIMITED_FY2017_Q2,GFLLIMITED,FY2017,Q2,Sep 2016,https://www.bseindia.com/stockinfo/AnnPdfOpen.aspx?Pname=7E6F3CAA_1C3A_4C8F_802A_110E9513A6EB_160908.pdf,https://www.bseindia.com/stockinfo/AnnPdfOpen.aspx?Pname=C29F636F_B734_44EA_AE4F_F02C2FE812D7_145048.pdf,Holding Company,G F L Ltd.,Sep,Q1
6463,AYMSYNTEX_FY2021_Q1,AYMSYNTEX,FY2021,Q1,Jun 2020,https://www.aymsyntex.com/investors-calls/627610215.pdf,,Other Textile Products,A Y M Syntex Ltd.,Jun,Q4
6527,GMRAIRPORT_FY2021_Q4,GMRAIRPORT,FY2021,Q4,Mar 2021,,https://www.bseindia.com/xml-data/corpfiling/AttachHis/dd24b1f3-8d72-4676-a344-53b1b4b0dffa.pdf,Airport & Airport services,G M R Airports Ltd.,Mar,Q3
6541,GMRAIRPORT_FY2017_Q1,GMRAIRPORT,FY2017,Q1,Jun 2016,https://investor.gmrgroup.in/pdf/GMR%20Infrastructure-Q4FY16%20Concall%20Transcript_01June2016.pdf,,Airport & Airport services,G M R Airports Ltd.,Jun,Q4
6574,GOCLCORP_FY2019_Q1,GOCLCORP,FY2019,Q1,Jun 2018,https://www.bseindia.com/xml-data/corpfiling/CorpAttachment/2018/6/59ba0f09-e1b7-4110-b6bd-79e0d95b2f72.pdf,,Explosives,G O C L Corpn. Ltd.,Jun,Q4
6596,GPTINFRA_FY2021_Q4,GPTINFRA,FY2021,Q4,Mar 2021,https://www.bseindia.com/xml-data/corpfiling/AttachHis/25422265-a39e-462e-bfc8-8b0a01d00603.pdf,,Civil Construction,G P T Infraprojects Ltd.,Mar,Q3
6604,GPTINFRA_FY2019_Q1,GPTINFRA,FY2019,Q1,Jun 2018,https://www.bseindia.com/xml-data/corpfiling/CorpAttachment/2018/6/ff242b7c-ccf8-44f8-8dd5-7dbcf44b2cb4.pdf,https://www.bseindia.com/xml-data/corpfiling/CorpAttachment/2018/6/d54247ec-7714-4272-9faf-b9fd0439a2d8.pdf,Civil Construction,G P T Infraprojects Ltd.,Jun,Q4
6606,GPTINFRA_FY2018_Q2,GPTINFRA,FY2018,Q2,Sep 2017,http://www.gptinfra.in/docs/earning_call/2017/q1_FY17_Transcript.pdf,,Civil Construction,G P T Infraprojects Ltd.,Sep,Q1
6626,ADANIENSOL_FY2021_Q2,ADANIENSOL,FY2021,Q2,Sep 2020,https://www.adanitransmission.com/-/media/Project/Transmission/Investor/documents/Results-Conference-Call-Transcripts/ATL_Q1FY21-results_Equity-Call-Transcript_August-20.pdf,https://www.bseindia.com/xml-data/corpfiling/AttachHis/f860959c-d3a1-43a1-891f-e1146de66849.pdf,Power Distribution,Adani Energy Solutions Ltd.,Sep,Q1
6630,ADANIENSOL_FY2018_Q2,ADANIENSOL,FY2018,Q2,Sep 2017,https://www.adanitransmission.com/-/media/Project/Transmission/Investor/documents/Results-Conference-Call-Transcripts/ATL-Results-Conference-Call-Transcripts-Q2FY18.pdf,,Power Distribution,Adani Energy Solutions Ltd.,Sep,Q1
6657,GRPLTD_FY2024_Q1,GRPLTD,FY2024,Q1,Jun 2023,https://www.bseindia.com/xml-data/corpfiling/AttachHis/d996c9e1-9d97-46d1-bbb6-cc884f9e9095.pdf,https://www.bseindia.com/xml-data/corpfiling/AttachHis/e5a62d56-e897-4e3e-b8b5-308676577d5c.pdf,Rubber,G R P Ltd.,Jun,Q4
6664,GRPLTD_FY2022_Q1,GRPLTD,FY2022,Q1,Jun 2021,https://www.bseindia.com/xml-data/corpfiling/AttachHis/62b9da10-949e-4ad5-9de7-bfb8a95d372a.pdf,https://www.bseindia.com/xml-data/corpfiling/AttachHis/11e83dac-2860-45b9-8ca1-cc0fc7fb4b2a.pdf,Rubber,G R P Ltd.,Jun,Q4
6667,GRPLTD_FY2021_Q1,GRPLTD,FY2021,Q1,Jun 2020,https://www.bseindia.com/xml-data/corpfiling/AttachHis/7cdc6d23-09f3-4ac1-84ba-a500980bdfd8.pdf,https://www.bseindia.com/xml-data/corpfiling/AttachHis/3197b18b-4dea-44ca-a217-7d8648cc1641.pdf,Rubber,G R P Ltd.,Jun,Q4
6670,GRPLTD_FY2020_Q1,GRPLTD,FY2020,Q1,Jun 2019,https://www.bseindia.com/xml-data/corpfiling/AttachHis/6567ef83-659b-4c1d-a070-2c954077abf3.pdf,https://www.bseindia.com/xml-data/corpfiling/AttachHis/d4c1d355-c96d-47ee-9ae0-7794fb82b44c.pdf,Rubber,G R P Ltd.,Jun,Q4
6757,ABFRL_FY2016_Q2,ABFRL,FY2016,Q2,Sep 2015,,https://www.bseindia.com/stockinfo/AnnPdfOpen.aspx?Pname=90A5C821_5C3A_4EAE_8EB9_C456607CEFB5_111535.pdf,Speciality Retail,Aditya Birla Fashion & Retail Ltd.,Sep,Q1
6770,GALAXYSURF_FY2021_Q1,GALAXYSURF,FY2021,Q1,Jun 2020,https://www.galaxysurfactants.com/pdf/presentations/2019-20/Q4/Earnings-Call-Transcript-Q4-FY20.pdf,https://www.bseindia.com/xml-data/corpfiling/AttachHis/f8ad24f4-ec1c-449b-a5ba-5d8ca119fb7e.pdf,Specialty Chemicals,Galaxy Surfactants Ltd.,Jun,Q4
6778,GALAXYSURF_FY2018_Q4,GALAXYSURF,FY2018,Q4,Mar 2018,https://www.galaxysurfactants.com/pdf/presentations/2017-18/Q3/Earnings-Call-Transcript-Q3-FY18.pdf,https://www.bseindia.com/xml-data/corpfiling/CorpAttachment/2018/3/fa4cc2c8-e42a-4edc-8718-8cbd9c913bcb.pdf,Specialty Chemicals,Galaxy Surfactants Ltd.,Mar,Q3
6809,ADOR_FY2024_Q1,ADOR,FY2024,Q1,Jun 2023,https://www.bseindia.com/xml-data/corpfiling/AttachHis/affcbaea-a304-4124-aa02-90086649510f.pdf,https://www.adorwelding.com/wp-content/uploads/2023/06/AWL-Investor-Presentation-9th-June-2023.pdf,Other Industrial Products,Ador Welding Ltd.,Jun,Q4
6812,ADOR_FY2020_Q2,ADOR,FY2020,Q2,Sep 2019,https://www.adorwelding.com/images/pdf/Transcript-of-67th-AGM-FY-2019-20.pdf,,Other Industrial Products,Ador Welding Ltd.,Sep,Q1
6830,ADVENZYMES_FY2018_Q2,ADVENZYMES,FY2018,Q2,Sep 2017,https://www.bseindia.com/xml-data/corpfiling/CorpAttachment/2017/9/4c959383-78c5-4948-9600-16315c081ac9.pdf,https://www.bseindia.com/xml-data/corpfiling/CorpAttachment/2017/9/70179ecf-5092-4f27-8ac0-512572cc1d33.pdf,Biotechnology,Advanced Enzyme Technologies Ltd.,Sep,Q1
6831,ADVENZYMES_FY2018_Q1,ADVENZYMES,FY2018,Q1,Jun 2017,https://www.bseindia.com/xml-data/corpfiling/CorpAttachment/2017/6/44b99cbd-bc63-4766-b9e4-018538d48064.pdf,https://www.bseindia.com/xml-data/corpfiling/CorpAttachment/2017/6/1c2deb2d-1fd2-425a-b29d-80d042a6f760.pdf,Biotechnology,Advanced Enzyme Technologies Ltd.,Jun,Q4
6836,AFFORDABLE_FY2023_Q1,AFFORDABLE,FY2023,Q1,Jun 2022,,https://www.bseindia.com/xml-data/corpfiling/AttachHis/b28e5084-1385-439f-9fa7-af4eb039b8bb.pdf,Industrial Products,Affordable Robotic & Automation Ltd.,Jun,Q4
6841,GANECOS_FY2020_Q1,GANECOS,FY2020,Q1,Jun 2019,,https://www.bseindia.com/xml-data/corpfiling/AttachHis/a4e825f0-0740-4e96-a3ef-7fce70665166.pdf,Other Textile Products,Ganesha Ecosphere Ltd.,Jun,Q4
6850,GRSE_FY2020_Q1,GRSE,FY2020,Q1,Jun 2019,,https://www.bseindia.com/xml-data/corpfiling/AttachHis/e250945d-7400-4e52-942c-8fa1b4ab6c5a.pdf,Aerospace & Defense,Garden Reach Shipbuilders & Engineers Ltd.,Jun,Q4
6855,GRWRHITECH_FY2023_Q1,GRWRHITECH,FY2023,Q1,Jun 2022,https://www.bseindia.com/xml-data/corpfiling/AttachHis/48f8c15d-b52a-48bb-bbd9-38f8175d4511.pdf,https://www.bseindia.com/xml-data/corpfiling/AttachHis/f9c6599c-3d03-4743-a884-ccbc361aa14f.pdf,Plastic Products - Industrial,Garware Hi-Tech Films Ltd.,Jun,Q4
6887,GAYAPROJ_FY2018_Q1,GAYAPROJ,FY2018,Q1,Jun 2017,,https://www.bseindia.com/xml-data/corpfiling/CorpAttachment/2017/6/8afe0983-5fbb-4492-b551-635dd4115850.pdf,Civil Construction,Gayatri Projects Ltd.,Jun,Q4
6888,GAYAPROJ_FY2017_Q3,GAYAPROJ,FY2017,Q3,Dec 2016,,https://www.bseindia.com/stockinfo/AnnPdfOpen.aspx?Pname=2740EF2B_937C_4061_8C3B_76E46C81F97D_171610.pdf,Civil Construction,Gayatri Projects Ltd.,Dec,Q2
6903,GICRE_FY2022_Q1,GICRE,FY2022,Q1,Jun 2021,https://www.gicofindia.com/images/pdf/Transcript_of_Investors_Call_held_on_30_June_2021.pdf,https://www.bseindia.com/xml-data/corpfiling/AttachHis/434b03fd-5f46-4273-a876-523b7d2029ad.pdf,General Insurance,General Insurance Corpn. Of India,Jun,Q4
6907,GICRE_FY2021_Q1,GICRE,FY2021,Q1,Jun 2020,https://www.gicofindia.com/images/pdf/Transcript-of_Investors_Call_held_on_26June2020.pdf,,General Insurance,General Insurance Corpn. Of India,Jun,Q4
6915,GENCON_FY2021_Q2,GENCON,FY2021,Q2,Sep 2020,,https://www.bseindia.com/xml-data/corpfiling/AttachHis/8911c359-962c-4095-869f-ce31a85c1c57.pdf,"Residential, Commercial Projects",Generic Engineering Construction & Projects Ltd.,Sep,Q1
6916,GENCON_FY2020_Q3,GENCON,FY2020,Q3,Dec 2019,,https://www.bseindia.com/xml-data/corpfiling/AttachHis/5dac1127-2525-4efe-9e4a-2cf383bedfaa.pdf,"Residential, Commercial Projects",Generic Engineering Construction & Projects Ltd.,Dec,Q2
6971,GENUSPOWER_FY2017_Q3,GENUSPOWER,FY2017,Q3,Dec 2016,https://www.bseindia.com/stockinfo/AnnPdfOpen.aspx?Pname=81099ACD_6782_492D_8A35_264D99E7C190_165748.pdf,,Other Electrical Equipment,Genus Power Infrastructures Ltd.,Dec,Q2
6987,GEOJITFSL_FY2021_Q1,GEOJITFSL,FY2021,Q1,Jun 2020,https://www.bseindia.com/xml-data/corpfiling/AttachHis/2ae53b48-bc76-47d8-868e-52afb1f27aa6.pdf,https://www.bseindia.com/xml-data/corpfiling/AttachHis/d5cdedb1-cd96-48ff-9c29-41af2fae8686.pdf,Stockbroking & Allied,Geojit Financial Services Ltd.,Jun,Q4
6991,GEOJITFSL_FY2020_Q1,GEOJITFSL,FY2020,Q1,Jun 2019,https://www.bseindia.com/xml-data/corpfiling/AttachHis/cbf298ef-8475-478f-a390-dab36f1c251e.pdf,https://www.bseindia.com/xml-data/corpfiling/AttachHis/e3f6e6bc-57e6-46d4-b458-c8337a20d7ac.pdf,Stockbroking & Allied,Geojit Financial Services Ltd.,Jun,Q4
7014,GLAXO_FY2023_Q4,GLAXO,FY2023,Q4,Mar 2023,https://www.bseindia.com/xml-data/corpfiling/AttachHis/043137a2-ffef-41c4-858e-f5ee1cb91d5b.pdf,,Pharmaceuticals,Glaxosmithkline Pharmaceuticals Ltd.,Mar,Q3
7075,GLOBUSSPR_FY2022_Q1,GLOBUSSPR,FY2022,Q1,Jun 2021,https://www.bseindia.com/xml-data/corpfiling/AttachHis/988a61ee-9731-4f6c-a5d1-1296140b55a0.pdf,https://www.bseindia.com/xml-data/corpfiling/AttachHis/39b76e49-e31b-438d-9ee6-7f1db7097bb3.pdf,Breweries & Distilleries,Globus Spirits Ltd.,Jun,Q4
7077,GLOBUSSPR_FY2021_Q2,GLOBUSSPR,FY2021,Q2,Sep 2020,https://www.bseindia.com/xml-data/corpfiling/AttachHis/91901daa-b22d-4196-9a78-3c0adfdf1944.pdf,https://www.bseindia.com/xml-data/corpfiling/AttachHis/28308835-3771-48d2-b53e-bdd6734e26e3.pdf,Breweries & Distilleries,Globus Spirits Ltd.,Sep,Q1
7087,GLOBUSSPR_FY2017_Q3,GLOBUSSPR,FY2017,Q3,Dec 2016,https://www.bseindia.com/stockinfo/AnnPdfOpen.aspx?Pname=F2D62F72_E06A_489C_A8BB_E479A42F40F1_131006.pdf,https://www.bseindia.com/stockinfo/AnnPdfOpen.aspx?Pname=C0945736_F20C_4888_BD22_55EE3EB48F96_122506.pdf,Breweries & Distilleries,Globus Spirits Ltd.,Dec,Q2
7134,SRGHFL_FY2018_Q1,SRGHFL,FY2018,Q1,Jun 2017,,https://www.bseindia.com/xml-data/corpfiling/CorpAttachment/2017/6/e24c6c7c-c5fa-47fc-a914-c70964a67294.pdf,Housing Finance Company,S R G Housing Finance Ltd.,Jun,Q4
7228,AMBUJACEM_FY2018_Q1,AMBUJACEM,FY2018,Q1,Jun 2017,,https://www.bseindia.com/xml-data/corpfiling/CorpAttachment/2017/6/cc8bb946-5718-423c-8221-0de41a4491c0.pdf,Cement & Cement Products,Ambuja Cements Ltd.,Jun,Q4
7252,GODREJIND_FY2018_Q2,GODREJIND,FY2018,Q2,Sep 2017,https://www.bseindia.com/xml-data/corpfiling/CorpAttachment/2017/9/df41732e-faad-47b2-9ad8-4a7ffdac13aa.pdf,https://www.bseindia.com/xml-data/corpfiling/CorpAttachment/2017/11/6f5b34f6-9266-41a5-a5fc-0356f58bafda.pdf,Diversified,Godrej Industries Ltd.,Sep,Q1
7253,GODREJIND_FY2018_Q1,GODREJIND,FY2018,Q1,Jun 2017,https://www.bseindia.com/xml-data/corpfiling/CorpAttachment/2017/6/d2f47264-075f-4981-8d0c-4384bbbec4a8.pdf,https://www.bseindia.com/xml-data/corpfiling/CorpAttachment/2017/8/f4032347-1b09-4223-a3b5-a7c232f06ef2.pdf,Diversified,Godrej Industries Ltd.,Jun,Q4
7257,GODREJIND_FY2016_Q4,GODREJIND,FY2016,Q4,Mar 2016,https://www.bseindia.com/stockinfo/AnnPdfOpen.aspx?Pname=28885C07_C68B_4346_9297_F9869A5E46B4_183800.pdf,,Diversified,Godrej Industries Ltd.,Mar,Q3
7295,GOKEX_FY2024_Q1,GOKEX,FY2024,Q1,Jun 2023,https://www.bseindia.com/xml-data/corpfiling/AttachHis/2b15e2ce-ae20-405f-8514-3c9f7d774a37.pdf,https://www.bseindia.com/corporates/anndet_new.aspx?newsid=72c44302-53cd-4283-9e10-93d2dbd94139,Garments & Apparels,Gokaldas Exports Ltd.,Jun,Q4
7328,GOLDIAM_FY2024_Q1,GOLDIAM,FY2024,Q1,Jun 2023,https://www.bseindia.com/xml-data/corpfiling/AttachHis/e728ec49-737d-4941-b673-c2092cb199e9.pdf,https://www.bseindia.com/xml-data/corpfiling/AttachHis/b31b22e2-4809-4929-ae8b-24024dcd2a27.pdf,"Gems, Jewellery And Watches",Goldiam International Ltd.,Jun,Q4
7349,GOODLUCK_FY2017_Q1,GOODLUCK,FY2017,Q1,Jun 2016,https://www.bseindia.com/stockinfo/AnnPdfOpen.aspx?Pname=5DC26E66_2982_4748_912F_C575BF3EC90B_185023.pdf,https://www.bseindia.com/stockinfo/AnnPdfOpen.aspx?Pname=8E8613D3_6CBF_4E9C_B564_37340DF95BA1_112045.pdf,Iron & Steel Products,Goodluck India Ltd.,Jun,Q4
7350,GOODLUCK_FY2016_Q4,GOODLUCK,FY2016,Q4,Mar 2016,,https://www.bseindia.com/stockinfo/AnnPdfOpen.aspx?Pname=B6474684_DDC7_4077_AF56_B74A3CCFF916_123949.pdf,Iron & Steel Products,Goodluck India Ltd.,Mar,Q3
7393,APARINDS_FY2017_Q3,APARINDS,FY2017,Q3,Dec 2016,https://www.bseindia.com/stockinfo/AnnPdfOpen.aspx?Pname=2294A5AD_F5F8_4140_8C07_916E0087121F_142615.pdf,https://www.bseindia.com/stockinfo/AnnPdfOpen.aspx?Pname=205DE0B2_BCBB_45AB_AA1B_0470F2B62EE6_121024.pdf,Other Electrical Equipment,Apar Industries Ltd.,Dec,Q2
7452,APEX_FY2022_Q4,APEX,FY2022,Q4,Mar 2022,https://www.bseindia.com/xml-data/corpfiling/AttachHis/C0315E03-1340-4A38-ABF4-406191426D1C-094650.pdf,https://www.bseindia.com/xml-data/corpfiling/AttachHis/c6b12e8c-d11c-4807-b24a-3fd36570d0b7.pdf,Seafood,Apex Frozen Foods Ltd.,Mar,Q3
7472,GRAVITA_FY2019_Q4,GRAVITA,FY2019,Q4,Mar 2019,,https://www.bseindia.com/xml-data/corpfiling/AttachHis/2319cc55-1d26-47e9-b6dc-26819c3fc2ba.pdf,Industrial Minerals,Gravita India Ltd.,Mar,Q3
7473,GRAVITA_FY2018_Q4,GRAVITA,FY2018,Q4,Mar 2018,,https://www.bseindia.com/xml-data/corpfiling/CorpAttachment/2018/3/d621fb81-d4a9-4cf4-af54-d3be5efb8947.pdf,Industrial Minerals,Gravita India Ltd.,Mar,Q3
7558,GREENLAM_FY2021_Q1,GREENLAM,FY2021,Q1,Jun 2020,https://www.greenlamindustries.com/pdf-file/Concall-Tanscript-Q4FY20.pdf,https://www.bseindia.com/xml-data/corpfiling/AttachHis/17b02f83-91be-4917-816e-cc93e8cb2e7c.pdf,Plywood Boards/ Laminates,Greenlam Industries Ltd.,Jun,Q4
7579,ARFIN_FY2024_Q4,ARFIN,FY2024,Q4,Mar 2024,,https://www.bseindia.com/xml-data/corpfiling/AttachHis/7d35b691-2305-4df2-b9b2-aac5201c554c.pdf,Aluminium,Arfin India Ltd.,Mar,Q3
7604,KAYA_FY2019_Q1,KAYA,FY2019,Q1,Jun 2018,https://www.kaya.in/investors/pdf/transcript.pdf,https://www.bseindia.com/xml-data/corpfiling/CorpAttachment/2018/8/599b83e0-584b-4104-b8f9-0be559ea185e.pdf,Wellness,Kaya Ltd.,Jun,Q4
7613,GREENPLY_FY2020_Q4,GREENPLY,FY2020,Q4,Mar 2020,https://www.bseindia.com/xml-data/corpfiling/AttachHis/bfc5a26f-0cb4-4d12-859c-6d8e6b79bd4c.pdf,https://www.bseindia.com/xml-data/corpfiling/AttachHis/80ab291d-4b65-4c52-b52b-456f35cc62f2.pdf,Plywood Boards/ Laminates,Greenply Industries Ltd.,Mar,Q3
7614,GREENPLY_FY2020_Q3,GREENPLY,FY2020,Q3,Dec 2019,https://www.bseindia.com/xml-data/corpfiling/AttachHis/8ed8ceac-7de6-4710-bd7e-f9788272eda0.pdf,https://www.bseindia.com/xml-data/corpfiling/AttachHis/3b9e7ab1-3171-43d4-aaaa-17ac8d6e7045.pdf,Plywood Boards/ Laminates,Greenply Industries Ltd.,Dec,Q2
7615,GREENPLY_FY2020_Q2,GREENPLY,FY2020,Q2,Sep 2019,https://www.bseindia.com/xml-data/corpfiling/AttachHis/58899d2e-3489-499a-b243-67e42b035cbc.pdf,https://www.bseindia.com/xml-data/corpfiling/AttachHis/eb1fbc1c-2825-4b6e-bf61-4dc2fb0543f3.pdf,Plywood Boards/ Laminates,Greenply Industries Ltd.,Sep,Q1
7616,GREENPLY_FY2020_Q1,GREENPLY,FY2020,Q1,Jun 2019,https://www.bseindia.com/xml-data/corpfiling/AttachHis/0f253de8-865e-4d8a-9c47-31fc3b2f59b8.pdf,https://www.bseindia.com/xml-data/corpfiling/AttachHis/f3ba6f8d-5bcf-44ad-9a4b-5d6fc13ef2b5.pdf,Plywood Boards/ Laminates,Greenply Industries Ltd.,Jun,Q4
7617,GREENPLY_FY2019_Q4,GREENPLY,FY2019,Q4,Mar 2019,https://www.bseindia.com/xml-data/corpfiling/AttachHis/489fa318-6950-497b-8d0f-a862798d21f2.pdf,https://www.bseindia.com/xml-data/corpfiling/CorpAttachment/2019/2/33272971-60ae-444c-82ff-d1ede8b4ca8b.pdf,Plywood Boards/ Laminates,Greenply Industries Ltd.,Mar,Q3
7618,GREENPLY_FY2019_Q3,GREENPLY,FY2019,Q3,Dec 2018,https://www.bseindia.com/xml-data/corpfiling/CorpAttachment/2018/11/72ae92dd-d74a-432f-8251-a0a15ef21467.PDF,https://www.bseindia.com/xml-data/corpfiling/CorpAttachment/2018/12/58fdbf40-d02f-4ca3-89cd-864895dad79d.PDF,Plywood Boards/ Laminates,Greenply Industries Ltd.,Dec,Q2
7621,GREENPLY_FY2018_Q3,GREENPLY,FY2018,Q3,Dec 2017,https://www.bseindia.com/xml-data/corpfiling/CorpAttachment/2017/11/c280b78d-7c20-4d2e-b8f1-fdabed82f369.PDF,https://www.bseindia.com/xml-data/corpfiling/CorpAttachment/2017/12/a040feea-9105-45cc-8711-5ef4f0fed047.pdf,Plywood Boards/ Laminates,Greenply Industries Ltd.,Dec,Q2
7636,GRINDWELL_FY2019_Q1,GRINDWELL,FY2019,Q1,Jun 2018,,https://www.bseindia.com/xml-data/corpfiling/CorpAttachment/2018/6/e654abc4-fe14-4ad7-9a40-c9a249a5efe8.pdf,Abrasives & Bearings,Grindwell Norton Ltd.,Jun,Q4
7638,GRINDWELL_FY2017_Q1,GRINDWELL,FY2017,Q1,Jun 2016,,https://www.bseindia.com/stockinfo/AnnPdfOpen.aspx?Pname=AF1D6CEC_772B_4D4E_8CFC_926584C297CD_165251.pdf,Abrasives & Bearings,Grindwell Norton Ltd.,Jun,Q4
7644,AROGRANITE_FY2024_Q1,AROGRANITE,FY2024,Q1,Jun 2023,https://www.bseindia.com/xml-data/corpfiling/AttachHis/341b6a10-57ce-4338-a37c-acd9704d65d0.pdf,https://www.bseindia.com/xml-data/corpfiling/AttachHis/d9d19762-23ab-4f74-865c-494839380822.pdf,Granites & Marbles,Aro Granite Inds. Ltd.,Jun,Q4
7676,GUJALKALI_FY2020_Q1,GUJALKALI,FY2020,Q1,Jun 2019,,https://www.bseindia.com/xml-data/corpfiling/AttachHis/bca379c7-0139-4d7b-9c90-2f70f4c8ab6b.pdf,Commodity Chemicals,Gujarat Alkalies & Chemicals Ltd.,Jun,Q4
7677,GUJALKALI_FY2017_Q4,GUJALKALI,FY2017,Q4,Mar 2017,,https://www.bseindia.com/xml-data/corpfiling/CorpAttachment/2017/3/297a7441-7c41-4c7b-919d-d3fe235fcab0.pdf,Commodity Chemicals,Gujarat Alkalies & Chemicals Ltd.,Mar,Q3
7696,GUJGASLTD_FY2022_Q2,GUJGASLTD,FY2022,Q2,Sep 2021,,https://www.bseindia.com/xml-data/corpfiling/AttachHis/29027525-b1ca-446c-a67c-41807765eb20.pdf,LPG/CNG/PNG/LNG Supplier,Gujarat Gas Ltd.,Sep,Q1
7699,GIPCL_FY2024_Q3,GIPCL,FY2024,Q3,Dec 2023,,https://www.bseindia.com/xml-data/corpfiling/AttachHis/be7cd36e-74bc-4366-9131-3b9ce0f18bfb.pdf,Power Generation,Gujarat Industries Power Co. Ltd.,Dec,Q2
7700,GIPCL_FY2024_Q1,GIPCL,FY2024,Q1,Jun 2023,https://www.bseindia.com/xml-data/corpfiling/AttachHis/1634b14d-6cf7-4861-bda1-8b5412ff46cb.pdf,,Power Generation,Gujarat Industries Power Co. Ltd.,Jun,Q4
7702,GIPCL_FY2022_Q1,GIPCL,FY2022,Q1,Jun 2021,http://www.gipcl.com/writereaddata/Portal/Images/pdf/Transcript-Analyst-Institutional-Meet-Con-Call-08-06-2021.PDF,,Power Generation,Gujarat Industries Power Co. Ltd.,Jun,Q4
7758,GSFC_FY2018_Q3,GSFC,FY2018,Q3,Dec 2017,https://www.bseindia.com/xml-data/corpfiling/CorpAttachment/2017/12/c4d98060-9b57-49b2-855c-a85983333bde.pdf,,Fertilizers,Gujarat State Fertilizers & Chemicals Ltd.,Dec,Q2
7777,GUJTHEM_FY2023_Q1,GUJTHEM,FY2023,Q1,Jun 2022,,https://www.bseindia.com/xml-data/corpfiling/AttachHis/eade8287-0280-4d0d-9845-e648f317724f.pdf,Pharmaceuticals,Gujarat Themis Biosyn Ltd.,Jun,Q4
7778,GUJTHEM_FY2022_Q4,GUJTHEM,FY2022,Q4,Mar 2022,,https://www.bseindia.com/xml-data/corpfiling/AttachHis/8571c9eb-42b1-48b2-94c1-46b1e38934f4.pdf,Pharmaceuticals,Gujarat Themis Biosyn Ltd.,Mar,Q3
7791,GULFOILLUB_FY2019_Q2,GULFOILLUB,FY2019,Q2,Sep 2018,https://www.gulfoilindia.com/wp-content/uploads/2017/07/Transcription-of-Conference-Call-held-on-8-August-2018.pdf,,Lubricants,Gulf Oil Lubricants India Ltd.,Sep,Q1
7797,ASHIANA_FY2023_Q1,ASHIANA,FY2023,Q1,Jun 2022,https://www.bseindia.com/xml-data/corpfiling/AttachHis/9c38a21f-0a48-40d4-9809-343958aa4a89.pdf,https://www.bseindia.com/xml-data/corpfiling/AttachHis/8bf2563c-5dd9-4ad4-9517-42c401df7af2.pdf,"Residential, Commercial Projects",Ashiana Housing Ltd.,Jun,Q4
7799,GULFOILLUB_FY2019_Q1,GULFOILLUB,FY2019,Q1,Jun 2018,https://www.gulfoilindia.com/wp-content/uploads/2017/07/Transcription-of-Conference-Call-held-on-22-May-2018.pdf,https://www.bseindia.com/xml-data/corpfiling/CorpAttachment/2018/6/0e94322d-e5e2-4531-8a5b-1c8855a36a75.pdf,Lubricants,Gulf Oil Lubricants India Ltd.,Jun,Q4
7805,GULFOILLUB_FY2017_Q2,GULFOILLUB,FY2017,Q2,Sep 2016,https://www.gulfoilindia.com/wp-content/uploads/2017/07/transcription-of-conference-call-03-08-2016.pdf,https://www.bseindia.com/stockinfo/AnnPdfOpen.aspx?Pname=D4FDA6AE_5186_4881_977A_8986CC52AE39_111631.pdf,Lubricants,Gulf Oil Lubricants India Ltd.,Sep,Q1
7901,ASIANPAINT_FY2020_Q2,ASIANPAINT,FY2020,Q2,Sep 2019,https://www.asianpaints.com/content/dam/asianpaints/website/secondary-navigation/investors/analyst-presentations-2/Q2FY20%20Investor%20call%20transcript.pdf,,Paints,Asian Paints Ltd.,Sep,Q1
7908,HEG_FY2019_Q2,HEG,FY2019,Q2,Sep 2018,http://hegltd.com/wp-content/uploads/2018/08/Q1ofFY2018-19EarningsConferenceCall.pdf,https://www.bseindia.com/xml-data/corpfiling/CorpAttachment/2018/9/d66c5d81-6d85-4646-9021-f422e6d914dd.pdf,Electrodes & Refractories,H E G Ltd.,Sep,Q1
7935,HFCL_FY2021_Q1,HFCL,FY2021,Q1,Jun 2020,https://www.bseindia.com/xml-data/corpfiling/AttachHis/ebb76486-b76d-4fe2-90a1-f3c257032f58.pdf,https://www.bseindia.com/xml-data/corpfiling/AttachHis/eeac59ec-df20-40b1-b103-8aa7cbf2f2d5.pdf,Telecom - Infrastructure,H F C L Ltd.,Jun,Q4
7936,HFCL_FY2020_Q3,HFCL,FY2020,Q3,Dec 2019,https://www.bseindia.com/xml-data/corpfiling/AttachHis/ca19203b-9f05-49d7-96e4-7e4c55f9c643.pdf,https://www.bseindia.com/xml-data/corpfiling/AttachHis/9d72d02a-a063-4ccc-ac1f-10546cb53aac.pdf,Telecom - Infrastructure,H F C L Ltd.,Dec,Q2
7942,SADBHIN_FY2021_Q2,SADBHIN,FY2021,Q2,Sep 2020,http://www.sadbhavinfra.co.in/en/pdf/2021-08/Concall%20Transcript%20[03-09-2020].pdf,,Civil Construction,Sadbhav Infrastructure Project Ltd.,Sep,Q1
7950,ASTERDM_FY2019_Q2,ASTERDM,FY2019,Q2,Sep 2018,https://www.primeinfobase.in/z_Asterdm/files/ADMHL_Q1FY19Concall_Transcript.zip,https://www.bseindia.com/xml-data/corpfiling/CorpAttachment/2018/11/f4373a1d-387d-47d9-a3c4-490ac53ee0c5.pdf,Hospital,Aster D M Healthcare Ltd.,Sep,Q1
7972,HGINFRA_FY2018_Q4,HGINFRA,FY2018,Q4,Mar 2018,,https://www.bseindia.com/xml-data/corpfiling/CorpAttachment/2018/3/e56b9b10-728a-4733-9c4e-0be5f0bf520b.pdf,Civil Construction,H G Infra Engg. Ltd.,Mar,Q3
7981,HLEGLAS_FY2024_Q1,HLEGLAS,FY2024,Q1,Jun 2023,https://www.bseindia.com/xml-data/corpfiling/AttachHis/89b9251a-afe7-4334-ba82-110b90e4c736.pdf,https://www.bseindia.com/xml-data/corpfiling/AttachHis/c96736d8-a629-4574-b3e1-51b1e0b2122c.pdf,Industrial Products,H L E Glascoat Ltd.,Jun,Q4
7988,HLEGLAS_FY2022_Q3,HLEGLAS,FY2022,Q3,Dec 2021,https://www.bseindia.com/xml-data/corpfiling/AttachHis/d8844cf2-8c42-43a8-9a8c-eb69bb01fa9d.pdf,https://www.bseindia.com/xml-data/corpfiling/AttachHis/81c9da3d-284d-40c2-a418-0f3af2f4be1f.pdf,Industrial Products,H L E Glascoat Ltd.,Dec,Q2
7989,HLEGLAS_FY2022_Q2,HLEGLAS,FY2022,Q2,Sep 2021,https://www.bseindia.com/xml-data/corpfiling/AttachHis/353d758a-dcb0-4046-8083-d8bede50d02e.pdf,https://www.bseindia.com/xml-data/corpfiling/AttachHis/fecff4a9-4f35-4009-ac1b-d11096c0075d.pdf,Industrial Products,H L E Glascoat Ltd.,Sep,Q1
7990,HLEGLAS_FY2022_Q1,HLEGLAS,FY2022,Q1,Jun 2021,,https://www.bseindia.com/xml-data/corpfiling/AttachHis/d1a1958e-943a-497f-b276-45692d6964b9.pdf,Industrial Products,H L E Glascoat Ltd.,Jun,Q4
7991,HLEGLAS_FY2021_Q3,HLEGLAS,FY2021,Q3,Dec 2020,https://hleglascoat.com/wp-content/uploads/2021/04/522215_HGL-Analyst-Call-Transcript-05112020.pdf,,Industrial Products,H L E Glascoat Ltd.,Dec,Q2
8004,HPAL_FY2024_Q2,HPAL,FY2024,Q2,Sep 2023,,https://www.bseindia.com/xml-data/corpfiling/AttachHis/82d09f29-408c-4a6a-8b67-936dca4cfbfb.pdf,Specialty Chemicals,H P Adhesives Ltd.,Sep,Q1
8011,HPL_FY2021_Q4,HPL,FY2021,Q4,Mar 2021,https://www.hplindia.com/photos/investor-pdf/Transcript-of-Conference-Call-22-jan.pdf,,Other Electrical Equipment,H P L Electric & Power Ltd.,Mar,Q3
8015,HPL_FY2020_Q4,HPL,FY2020,Q4,Mar 2020,https://www.bseindia.com/xml-data/corpfiling/AttachHis/be079b7b-ce4a-4486-8835-921b43a4570f.pdf,https://www.bseindia.com/xml-data/corpfiling/AttachHis/4f33f311-bb2f-41e1-8b30-4c6cafdb814b.pdf,Other Electrical Equipment,H P L Electric & Power Ltd.,Mar,Q3
8031,AURIONPRO_FY2021_Q1,AURIONPRO,FY2021,Q1,Jun 2020,,https://www.bseindia.com/xml-data/corpfiling/AttachHis/8f74de97-ccd6-4f3c-8147-b7ea23f445b0.pdf,Computers - Software & Consulting,Aurionpro Solutions Ltd.,Jun,Q4
8118,HARIOMPIPE_FY2024_Q2,HARIOMPIPE,FY2024,Q2,Sep 2023,,https://www.hariompipes.com/pdf/credit-rating/HPIL-Investor-Presentation-28-09-2023.pdf,Iron & Steel Products,Hariom Pipe Inds. Ltd.,Sep,Q1
8138,HATHWAY_FY2019_Q2,HATHWAY,FY2019,Q2,Sep 2018,https://www.hathway.com/assets/pdf/Financial%20Results/2018-19/Earnings%20Concall%20Transcript%20Q1-FY19.pdf,https://www.bseindia.com/xml-data/corpfiling/CorpAttachment/2018/9/c1ce4d06-f9b8-43d9-8623-9da5ead83a40.pdf,TV Broadcasting & Software Production,Hathway Cable & Datacom Ltd.,Sep,Q1
8181,CCAVENUE_FY2021_Q1,CCAVENUE,FY2021,Q1,Jun 2020,https://www.ia.ooo/wp-content/uploads/2021/02/IAL-ConcallTranscript-Q4FY20.pdf,https://www.bseindia.com/xml-data/corpfiling/AttachHis/8f166716-2672-479f-ad22-51fe136aa6e1.pdf,Financial Technology (Fintech),Avenuesai Ltd.,Jun,Q4
8191,HEADSUP_FY2019_Q1,HEADSUP,FY2019,Q1,Jun 2018,,https://www.bseindia.com/xml-data/corpfiling/CorpAttachment/2018/6/8cec61ee-3b82-4f8f-a06e-f063d6b10177.PDF,Trading - Textile Products,Heads U P Ventures Ltd.,Jun,Q4
8221,HCG_FY2021_Q1,HCG,FY2021,Q1,Jun 2020,https://hcgel.com/wp-content/uploads/2020/08/HCG-Call-Transcript-29-July-2020.pdf,https://www.bseindia.com/xml-data/corpfiling/AttachHis/2c8eba14-04a2-49a6-9d2d-41ffe8daf789.pdf,Hospital,Healthcare Global Enterprises Ltd.,Jun,Q4
8252,HEIDELBERG_FY2020_Q1,HEIDELBERG,FY2020,Q1,Jun 2019,http://www.mycemco.com/sites/default/files/2019/PhillipCap-HeidelbergCements-June04-2019.pdf,https://www.bseindia.com/xml-data/corpfiling/AttachHis/375691a0-4aab-4fbd-b719-6fbb3af3bcc0.pdf,Cement & Cement Products,Heidelberg Cement India Ltd.,Jun,Q4
8272,BCLIND_FY2024_Q1,BCLIND,FY2024,Q1,Jun 2023,https://www.bseindia.com/xml-data/corpfiling/AttachHis/b353f72c-7e90-4377-8a16-bd209e641a08.pdf,https://www.bseindia.com/xml-data/corpfiling/AttachHis/14c3e551-6704-4484-9be3-8f947664a88d.pdf,Edible Oil,B C L Industries Ltd.,Jun,Q4
8285,HERANBA_FY2022_Q3,HERANBA,FY2022,Q3,Dec 2021,https://www.bseindia.com/xml-data/corpfiling/AttachHis/df61f23f-819f-4c07-b093-40acef987507.pdf,https://www.bseindia.com/xml-data/corpfiling/AttachHis/4a928971-3c3b-43f3-a696-e5bb04b187c0.pdf,Pesticides & Agrochemicals,Heranba Industries Ltd.,Dec,Q2
8317,HEROMOTOCO_FY2020_Q4,HEROMOTOCO,FY2020,Q4,Mar 2020,https://www.heromotocorp.com/en-in/uploads/conference_call_transcription/20200405091610-Transcripts.pdf,,2/3 Wheelers,Hero Motocorp Ltd.,Mar,Q3
8331,HEROMOTOCO_FY2019_Q2,HEROMOTOCO,FY2019,Q2,Sep 2018,https://www.heromotocorp.com/en-in/uploads/conference_call_transcription/Hero-MotoCorp-Q2-FY19-Conference-Call.pdf,https://www.bseindia.com/xml-data/corpfiling/CorpAttachment/2018/9/c0ccb938-ceee-4e3f-8a01-67d6c55c3506.pdf,2/3 Wheelers,Hero Motocorp Ltd.,Sep,Q1
8398,HITECHGEAR_FY2024_Q4,HITECHGEAR,FY2024,Q4,Mar 2024,,https://www.bseindia.com/xml-data/corpfiling/AttachHis/4a0bc825-a020-402f-bd60-7fc286fe3c01.pdf,Auto Components & Equipments,Hi-Tech Gears Ltd.,Mar,Q3
8405,HITECH_FY2024_Q1,HITECH,FY2024,Q1,Jun 2023,https://www.bseindia.com/xml-data/corpfiling/AttachHis/9ff66c70-cc8d-44a3-9042-fd4bed9e5d29.pdf,https://www.bseindia.com/xml-data/corpfiling/AttachHis/5048d021-0e87-4e79-b313-1a111654c162.pdf,Iron & Steel Products,Hi-Tech Pipes Ltd.,Jun,Q4
8432,HIKAL_FY2019_Q4,HIKAL,FY2019,Q4,Mar 2019,,https://www.bseindia.com/xml-data/corpfiling/AttachHis/114a8bed-a359-41f2-9b3c-841a4611040e.pdf,Pharmaceuticals,Hikal Ltd.,Mar,Q3
8438,BAJAJELEC_FY2019_Q1,BAJAJELEC,FY2019,Q1,Jun 2018,https://www.bseindia.com/xml-data/corpfiling/CorpAttachment/2018/6/772f74e8-aa46-4d5c-9256-954ce2512556.pdf,https://www.bseindia.com/xml-data/corpfiling/CorpAttachment/2018/6/fad9410a-722c-4b53-8862-a6719a7fba92.pdf,Household Appliances,Bajaj Electricals Ltd.,Jun,Q4
8442,HIKAL_FY2018_Q1,HIKAL,FY2018,Q1,Jun 2017,,https://www.bseindia.com/xml-data/corpfiling/CorpAttachment/2017/6/3e307afd-86cb-4b67-a8ad-2a239114fda2.pdf,Pharmaceuticals,Hikal Ltd.,Jun,Q4
8479,HIMATSEIDE_FY2021_Q4,HIMATSEIDE,FY2021,Q4,Mar 2021,https://api.himatsingka.com/wp-content/uploads/2021/06/Earnings-Call-May-31-2021-website.pdf,,Other Textile Products,Himatsingka Seide Ltd.,Mar,Q3
8481,HIMATSEIDE_FY2021_Q2,HIMATSEIDE,FY2021,Q2,Sep 2020,https://www.bseindia.com/xml-data/corpfiling/AttachHis/3d534e42-57a5-4377-af8c-6012f3fc65f6.pdf,,Other Textile Products,Himatsingka Seide Ltd.,Sep,Q1
8500,HIMATSEIDE_FY2019_Q1,HIMATSEIDE,FY2019,Q1,Jun 2018,https://www.bseindia.com/xml-data/corpfiling/CorpAttachment/2018/6/c1bfa57c-8836-4f94-847c-1e3ddf562a65.pdf,https://www.bseindia.com/xml-data/corpfiling/CorpAttachment/2018/6/7d43fa8a-ed79-4cfe-b1e5-238df2c76d20.pdf,Other Textile Products,Himatsingka Seide Ltd.,Jun,Q4
8501,HIMATSEIDE_FY2018_Q4,HIMATSEIDE,FY2018,Q4,Mar 2018,https://api.himatsingka.com/wp-content/uploads/2020/09/Earnings-Call-Transcript-Q3-2017-18.pdf,https://www.bseindia.com/xml-data/corpfiling/CorpAttachment/2018/3/3763a479-dbe1-43d6-af8b-7094af4a509d.pdf,Other Textile Products,Himatsingka Seide Ltd.,Mar,Q3
8507,HIMATSEIDE_FY2017_Q1,HIMATSEIDE,FY2017,Q1,Jun 2016,https://www.bseindia.com/stockinfo/AnnPdfOpen.aspx?Pname=F12D3274_A83F_4CEA_AFE3_8AE27CB83F9B_182344.pdf,,Other Textile Products,Himatsingka Seide Ltd.,Jun,Q4
8536,HINDALCO_FY2018_Q2,HINDALCO,FY2018,Q2,Sep 2017,http://www.hindalco.com/upload/pdf/earnings-call-transcript-q1fy18.pdf,https://www.bseindia.com/xml-data/corpfiling/CorpAttachment/2017/9/e60752a7-c61e-4de6-9322-865678fb849f.pdf,Aluminium,Hindalco Industries Ltd.,Sep,Q1
8549,HGS_FY2023_Q2,HGS,FY2023,Q2,Sep 2022,,https://www.bseindia.com/xml-data/corpfiling/AttachHis/89c4b92a-7f4e-4acc-8a5b-e556c0dfe467.pdf,Business Process Outsourcing (BPO)/ Knowledge Process Outsourcing (KPO),Hinduja Global Solutions Ltd.,Sep,Q1
8578,HGS_FY2018_Q2,HGS,FY2018,Q2,Sep 2017,,https://www.bseindia.com/xml-data/corpfiling/CorpAttachment/2017/9/9b998fc0-bbb3-497d-be1b-127926a049af.pdf,Business Process Outsourcing (BPO)/ Knowledge Process Outsourcing (KPO),Hinduja Global Solutions Ltd.,Sep,Q1
8591,HAL_FY2021_Q1,HAL,FY2021,Q1,Jun 2020,https://www.bseindia.com/xml-data/corpfiling/AttachHis/0132cb07-c2c8-4c1b-ad44-f375f4b440ad.pdf,https://www.bseindia.com/xml-data/corpfiling/AttachHis/d976dea7-c25b-4ad9-b251-44c80b0eff6d.pdf,Aerospace & Defense,Hindustan Aeronautics Ltd.,Jun,Q4
8652,HNDFDS_FY2018_Q4,HNDFDS,FY2018,Q4,Mar 2018,,https://www.bseindia.com/xml-data/corpfiling/CorpAttachment/2018/3/62ebfb6d-2689-4090-86ca-8926a91ce976.pdf,Diversified FMCG,Hindustan Foods Ltd.,Mar,Q3
8665,HMVL_FY2021_Q3,HMVL,FY2021,Q3,Dec 2020,https://www.hmvl.in/pdf/Webinar_Transcript_Q2_FY_21.pdf,https://www.bseindia.com/xml-data/corpfiling/AttachHis/02369766-42e9-4a26-891f-3ffbe5d328b1.pdf,Print Media,Hindustan Media Ventures Ltd.,Dec,Q2
8697,HINDOILEXP_FY2021_Q2,HINDOILEXP,FY2021,Q2,Sep 2020,http://www.valoremadvisors.com/admin/ClnUpdFile/41_TC_4504_Q1FY21%20Concall%20Transcripts.pdf,https://www.bseindia.com/xml-data/corpfiling/AttachHis/619782b3-a2c6-46b1-9579-f8c67daf0b73.pdf,Oil Exploration & Production,Hindustan Oil Exploration Co. Ltd.,Sep,Q1
8698,HINDOILEXP_FY2021_Q1,HINDOILEXP,FY2021,Q1,Jun 2020,,https://www.bseindia.com/xml-data/corpfiling/AttachHis/3dcc4083-85e4-472f-8ed0-d9cef5d7fb84.pdf,Oil Exploration & Production,Hindustan Oil Exploration Co. Ltd.,Jun,Q4
8714,HINDPETRO_FY2019_Q3,HINDPETRO,FY2019,Q3,Dec 2018,,https://www.bseindia.com/xml-data/corpfiling/CorpAttachment/2018/12/e9fbc9a8-54cb-4611-897e-0a27db582ec9.pdf,Refineries & Marketing,Hindustan Petroleum Corpn. Ltd.,Dec,Q2
8716,HINDPETRO_FY2018_Q1,HINDPETRO,FY2018,Q1,Jun 2017,,https://www.bseindia.com/xml-data/corpfiling/CorpAttachment/2017/6/cab5107d-eb59-4a36-b6cd-0d4cf6dba2a6.pdf,Refineries & Marketing,Hindustan Petroleum Corpn. Ltd.,Jun,Q4
8739,HINDUNILVR_FY2022_Q1,HINDUNILVR,FY2022,Q1,Jun 2021,https://www.hul.co.in/Images/mq-21_transcript_vf_tcm1255-561362_1_en.pdf,https://www.bseindia.com/xml-data/corpfiling/AttachHis/276c9889-3c59-417a-bb83-38823e803070.pdf,Diversified FMCG,Hindustan Unilever Ltd.,Jun,Q4
8751,HINDUNILVR_FY2019_Q1,HINDUNILVR,FY2019,Q1,Jun 2018,,https://www.bseindia.com/xml-data/corpfiling/CorpAttachment/2018/6/2cdfeceb-398a-44a6-92a7-7f3b5c140685.pdf,Diversified FMCG,Hindustan Unilever Ltd.,Jun,Q4
8792,HINDWAREAP_FY2022_Q3,HINDWAREAP,FY2022,Q3,Dec 2021,https://www.shilgroup.com/pdf/Q2%20FY%2022%20Earnings%20Conference%20Call%20Transcript.pdf,https://www.bseindia.com/xml-data/corpfiling/AttachHis/d092b395-3243-41ad-8f74-bf9a559967d1.pdf,Sanitary Ware,Hindware Home Innovation Ltd.,Dec,Q2
8811,BDL_FY2024_Q1,BDL,FY2024,Q1,Jun 2023,,https://www.bseindia.com/xml-data/corpfiling/AttachHis/4c9fe57c-f59f-4830-b432-a328b23c997c.pdf,Aerospace & Defense,Bharat Dynamics Ltd.,Jun,Q4
8812,BDL_FY2023_Q2,BDL,FY2023,Q2,Sep 2022,,https://www.bseindia.com/xml-data/corpfiling/AttachHis/779eba0b-d288-4ea5-b1cf-ddd50acdbb95.pdf,Aerospace & Defense,Bharat Dynamics Ltd.,Sep,Q1
8813,BDL_FY2022_Q3,BDL,FY2022,Q3,Dec 2021,,https://www.bseindia.com/xml-data/corpfiling/AttachHis/e02bb3ef-7186-447c-835a-f04e5c0dfd4e.pdf,Aerospace & Defense,Bharat Dynamics Ltd.,Dec,Q2
8840,BPCL_FY2016_Q1,BPCL,FY2016,Q1,Jun 2015,,https://www.bharatpetroleum.in/pdf/Investor_presentation_Q4FY15.pdf,Refineries & Marketing,Bharat Petroleum Corpn. Ltd.,Jun,Q4
8862,HUDCO_FY2021_Q1,HUDCO,FY2021,Q1,Jun 2020,,https://www.bseindia.com/xml-data/corpfiling/AttachHis/2f0b445e-cd1d-4e78-9d4e-1939fd2059ac.pdf,Financial Institution,Housing & Urban Devp. Corpn. Ltd.,Jun,Q4
8877,HUHTAMAKI_FY2019_Q4,HUHTAMAKI,FY2019,Q4,Mar 2019,https://www.bseindia.com/xml-data/corpfiling/AttachHis/5daf73cf-e06b-46e6-b72c-a99bcb14c49d.pdf,,Packaging,Huhtamaki India Ltd.,Mar,Q3
8880,HUHTAMAKI_FY2018_Q4,HUHTAMAKI,FY2018,Q4,Mar 2018,https://www.bseindia.com/xml-data/corpfiling/CorpAttachment/2018/3/71e026df-66f2-4f44-bc79-d3fec498f80a.pdf,,Packaging,Huhtamaki India Ltd.,Mar,Q3
8906,BIGBLOC_FY2023_Q4,BIGBLOC,FY2023,Q4,Mar 2023,https://www.bseindia.com/xml-data/corpfiling/AttachHis/4b7ba4a7-bc45-44c8-b915-dfcce4bbe713.pdf,https://www.bseindia.com/xml-data/corpfiling/AttachHis/4bea18c6-9578-4e77-9d79-568f21f57544.pdf,Cement & Cement Products,Bigbloc Construction Ltd.,Mar,Q3
9042,BLUEDART_FY2017_Q4,BLUEDART,FY2017,Q4,Mar 2017,,https://www.bseindia.com/stockinfo/AnnPdfOpen.aspx?Pname=B0D54CC4_2644_459A_BACE_D9FA8B025F3D_112838.pdf,Logistics Solution Provider,Blue Dart Express Ltd.,Mar,Q3
9070,IDFCFIRSTB_FY2021_Q4,IDFCFIRSTB,FY2021,Q4,Mar 2021,,https://www.bseindia.com/xml-data/corpfiling/AttachHis/9c5cb485-3233-4017-a55f-74be2389b2c2.pdf,Private Sector Bank,I D F C First Bank Ltd.,Mar,Q3
9183,BOSCHLTD_FY2021_Q3,BOSCHLTD,FY2021,Q3,Dec 2020,https://www.bosch.in/media/our_company/shareholder_information/2021/q2_fy20-21_earnings_conference_call.pdf,https://www.bseindia.com/xml-data/corpfiling/AttachHis/b46f73e2-1b99-4ae8-b389-9aa03b001205.pdf,Auto Components & Equipments,Bosch Ltd.,Dec,Q2
9196,IIFL_FY2024_Q4,IIFL,FY2024,Q4,Mar 2024,https://www.bseindia.com/xml-data/corpfiling/AttachHis/1bda39df-5d8c-437d-84c8-0dcff29f68dd.pdf,,Non Banking Financial Company (NBFC),I I F L Finance Ltd.,Mar,Q3
9229,IIFL_FY2017_Q4,IIFL,FY2017,Q4,Mar 2017,https://storage.googleapis.com/iifl-finance-storage/files/investor/financials/IIFL_Q3FY17_Transcript_0.pdf,,Non Banking Financial Company (NBFC),I I F L Finance Ltd.,Mar,Q3
9247,IOLCP_FY2021_Q4,IOLCP,FY2021,Q4,Mar 2021,https://www.bseindia.com/xml-data/corpfiling/AttachHis/54b079b8-a3f0-41db-b246-3fc43cf3570b.pdf,https://www.bseindia.com/xml-data/corpfiling/AttachHis/d7a3ccef-caaa-428e-9d30-00613105deed.pdf,Pharmaceuticals,I O L Chemicals & Pharmaceuticals Ltd.,Mar,Q3
9248,IOLCP_FY2021_Q3,IOLCP,FY2021,Q3,Dec 2020,https://www.bseindia.com/xml-data/corpfiling/AttachHis/ef1aa797-bf5a-4fda-aa0c-b63ab03bbbff.pdf,https://www.bseindia.com/xml-data/corpfiling/AttachHis/714378f4-be14-4e6d-91f4-e4c99af3475a.pdf,Pharmaceuticals,I O L Chemicals & Pharmaceuticals Ltd.,Dec,Q2
9291,CCL_FY2019_Q4,CCL,FY2019,Q4,Mar 2019,https://www.bseindia.com/xml-data/corpfiling/AttachHis/5054b000-18b0-4590-baff-69b1ffba5769.pdf,https://www.bseindia.com/xml-data/corpfiling/AttachHis/66c5e02b-e5d0-4b9e-bc78-395f71511e9d.pdf,Tea & Coffee,C C L Products (India) Ltd.,Mar,Q3
9297,IRBINVIT_FY2024_Q1,IRBINVIT,FY2024,Q1,Jun 2023,,https://www.irbinvit.co.in/corporate-presentations-transcripts/,"Road Assets-Toll, Annuity, Hybrid-Annuity",I R B Invit Fund,Jun,Q4
9338,ITC_FY2020_Q1,ITC,FY2020,Q1,Jun 2019,,https://www.bseindia.com/xml-data/corpfiling/AttachHis/83ea3cbd-781f-4e97-b0d5-f2065db99dec.pdf,Diversified FMCG,I T C Ltd.,Jun,Q4
9346,CESC_FY2024_Q2,CESC,FY2024,Q2,Sep 2023,,https://www.bseindia.com/xml-data/corpfiling/AttachHis/78238b32-638e-4146-a7a4-dcb3279b5b48.pdf,Integrated Power Utilities,C E S C Ltd.,Sep,Q1
9366,ICEMAKE_FY2023_Q2,ICEMAKE,FY2023,Q2,Sep 2022,https://archives.nseindia.com/corporate/ICEMAKE_22082022165200_IntimationofConferenceCallTranscripttoNSE.pdf,https://www.icemakeindia.com/wp-content/uploads/2022/09/Investor-Presentation-September-2022.pdf,Industrial Products,Ice Make Refrigeration Ltd.,Sep,Q1
9376,ICEMAKE_FY2022_Q2,ICEMAKE,FY2022,Q2,Sep 2021,https://www.icemakeindia.com/wp-content/uploads/2021/08/Q1FY2022-Conference-Call-Transcript.pdf,https://www.icemakeindia.com/wp-content/uploads/2021/10/Investor-Presentation-September-2021.pdf,Industrial Products,Ice Make Refrigeration Ltd.,Sep,Q1
9379,ICEMAKE_FY2020_Q2,ICEMAKE,FY2020,Q2,Sep 2019,,http://www.icemakeindia.com/wp-content/uploads/2019/10/Investor-Presentation-September-2019.pdf,Industrial Products,Ice Make Refrigeration Ltd.,Sep,Q1
9525,IEX_FY2021_Q1,IEX,FY2021,Q1,Jun 2020,https://www.bseindia.com/xml-data/corpfiling/AttachHis/06a3a1c8-4044-44ff-baab-fa1a27432913.pdf,https://www.bseindia.com/xml-data/corpfiling/AttachHis/aed16130-bcfe-4f93-b034-ab7cf7f6aba2.pdf,Exchange and Data Platform,Indian Energy Exchange Ltd.,Jun,Q4
9595,IOC_FY2023_Q4,IOC,FY2023,Q4,Mar 2023,,https://iocl.com/uploads/Investor_Presentation_2023.pdf,Refineries & Marketing,Indian Oil Corpn. Ltd.,Mar,Q3
9596,IOC_FY2022_Q4,IOC,FY2022,Q4,Mar 2022,,https://www.iocl.com/download/Investor_Presentation_2022.pdf,Refineries & Marketing,Indian Oil Corpn. Ltd.,Mar,Q3
9597,IOC_FY2021_Q4,IOC,FY2021,Q4,Mar 2021,,https://www.iocl.com/download/Investor_Presentation_2021.pdf,Refineries & Marketing,Indian Oil Corpn. Ltd.,Mar,Q3
9613,IRCTC_FY2024_Q2,IRCTC,FY2024,Q2,Sep 2023,https://www.bseindia.com/xml-data/corpfiling/AttachHis/3e827b42-d576-468f-8af5-30ec2b80fc63.pdf,https://www.irctc.com/assets/images/IRCTC%20-%20Corporate%20presentation_vF.pdf,"Tour, Travel Related Services",Indian Railway Catering & Tourism Corpn. Ltd.,Sep,Q1
9614,IRCTC_FY2024_Q1,IRCTC,FY2024,Q1,Jun 2023,https://www.bseindia.com/xml-data/corpfiling/AttachHis/99fb5b58-adc3-4649-9803-017ff8263824.pdf,,"Tour, Travel Related Services",Indian Railway Catering & Tourism Corpn. Ltd.,Jun,Q4
9621,IRCTC_FY2021_Q4,IRCTC,FY2021,Q4,Mar 2021,https://www.bseindia.com/xml-data/corpfiling/AttachHis/3e937003-9e47-4fce-a9fd-703f3802cbf7.pdf,,"Tour, Travel Related Services",Indian Railway Catering & Tourism Corpn. Ltd.,Mar,Q3
9625,IRFC_FY2024_Q1,IRFC,FY2024,Q1,Jun 2023,https://www.bseindia.com/xml-data/corpfiling/AttachHis/af9c4dd5-0701-4324-bb7f-654d00347ce7.pdf,https://www.bseindia.com/xml-data/corpfiling/AttachHis/10f0b490-a863-4ea2-bf06-380382f8b280.pdf,Financial Institution,Indian Railway Finance Corpn. Ltd.,Jun,Q4
9634,CIFL_FY2018_Q3,CIFL,FY2018,Q3,Dec 2017,,https://www.bseindia.com/xml-data/corpfiling/CorpAttachment/2017/12/c8d7bc83-b645-4d70-bd2d-0ea33dcf62f9.pdf,Non Banking Financial Company (NBFC),Capital India Finance Ltd.,Dec,Q2
9671,INDTERRAIN_FY2018_Q2,INDTERRAIN,FY2018,Q2,Sep 2017,,https://www.bseindia.com/xml-data/corpfiling/CorpAttachment/2017/9/2841e5e3-f193-47db-b015-ee385de6b80b.pdf,Garments & Apparels,Indian Terrain Fashions Ltd.,Sep,Q1
9752,NIPPOBATRY_FY2022_Q2,NIPPOBATRY,FY2022,Q2,Sep 2021,,https://www.bseindia.com/xml-data/corpfiling/AttachHis/ec55fdac-4c9f-468b-bf93-ccac34164815.pdf,Household Products,Indo- National Ltd.,Sep,Q1
9841,INDUSTOWER_FY2022_Q2,INDUSTOWER,FY2022,Q2,Sep 2021,https://www.industowers.com/wp-content/uploads/2021/10/2QFY22_Earnings-Call-Transcript-1.pdf,,Telecom - Infrastructure,Indus Towers Ltd.,Sep,Q1
9845,INDUSTOWER_FY2019_Q2,INDUSTOWER,FY2019,Q2,Sep 2018,,https://www.bseindia.com/xml-data/corpfiling/CorpAttachment/2018/9/1175e161-b821-433f-9b75-dbf82a2c493b.pdf,Telecom - Infrastructure,Indus Towers Ltd.,Sep,Q1
9850,INDUSTOWER_FY2018_Q1,INDUSTOWER,FY2018,Q1,Jun 2017,,https://www.bseindia.com/xml-data/corpfiling/CorpAttachment/2017/6/d383bd20-2af6-4eaf-aa32-03a69eb25b33.pdf,Telecom - Infrastructure,Indus Towers Ltd.,Jun,Q4
9851,INDUSTOWER_FY2017_Q4,INDUSTOWER,FY2017,Q4,Mar 2017,,https://www.bseindia.com/xml-data/corpfiling/CorpAttachment/2017/3/d5cdf2e9-684a-492c-8233-2a313a9c6f3a.pdf,Telecom - Infrastructure,Indus Towers Ltd.,Mar,Q3
9884,INDUSINDBK_FY2019_Q1,INDUSINDBK,FY2019,Q1,Jun 2018,,https://www.bseindia.com/xml-data/corpfiling/CorpAttachment/2018/6/9b848edd-3553-45e1-8630-9e616910c9e4.pdf,Private Sector Bank,Indusind Bank Ltd.,Jun,Q4
9888,INDUSINDBK_FY2018_Q1,INDUSINDBK,FY2018,Q1,Jun 2017,,https://www.bseindia.com/xml-data/corpfiling/CorpAttachment/2017/6/8d21e589-b02c-4035-a38e-32878c7ee726.pdf,Private Sector Bank,Indusind Bank Ltd.,Jun,Q4
9897,INFINIUM_FY2024_Q4,INFINIUM,FY2024,Q4,Mar 2024,https://nsearchives.nseindia.com/corporate/INFINIUM_13032024144313_Trans.pdf,https://nsearchives.nseindia.com/corporate/INFINIUM_29022024174401_ppt.pdf,Pharmaceuticals,Infinium Pharmachem Ltd.,Mar,Q3
9911,NAUKRI_FY2021_Q1,NAUKRI,FY2021,Q1,Jun 2020,http://www.infoedge.in/pdfs/investor-concall-transcript-june2020.pdf,,Internet & Catalogue Retail,Info Edge (India) Ltd.,Jun,Q4
9964,INOXWIND_FY2019_Q3,INOXWIND,FY2019,Q3,Dec 2018,https://www.bseindia.com/xml-data/corpfiling/CorpAttachment/2018/12/6118882d-dbb8-429a-9e09-d66c3c4b17f5.pdf,https://www.bseindia.com/xml-data/corpfiling/CorpAttachment/2019/2/483bf13b-dd29-4a69-8997-880b07b10fbb.pdf,Heavy Electrical Equipment,Inox Wind Ltd.,Dec,Q2
9967,INOXWIND_FY2018_Q4,INOXWIND,FY2018,Q4,Mar 2018,https://www.bseindia.com/xml-data/corpfiling/CorpAttachment/2018/2/39b3c575-58f9-49ff-a53c-164ea25a1e55.pdf,https://www.bseindia.com/xml-data/corpfiling/CorpAttachment/2018/3/493dfc10-6c7c-49b1-a5a0-95de22c15140.pdf,Heavy Electrical Equipment,Inox Wind Ltd.,Mar,Q3
10015,INTELLECT_FY2022_Q3,INTELLECT,FY2022,Q3,Dec 2021,,https://www.bseindia.com/xml-data/corpfiling/AttachHis/e0ab3191-63dd-4490-a7ed-f0bfe3d9fa0b.pdf,Computers - Software & Consulting,Intellect Design Arena Ltd.,Dec,Q2
10017,INTELLECT_FY2021_Q4,INTELLECT,FY2021,Q4,Mar 2021,,https://www.bseindia.com/xml-data/corpfiling/AttachHis/8a724c3d-1ba4-467d-82be-631ad2bc4a03.pdf,Computers - Software & Consulting,Intellect Design Arena Ltd.,Mar,Q3
10046,INTENTECH_FY2020_Q1,INTENTECH,FY2020,Q1,Jun 2019,https://www.bseindia.com/xml-data/corpfiling/AttachHis/e2508ce8-c40a-4007-85e2-8d256e388f4f.pdf,,Software Products,Intense Technologies Ltd.,Jun,Q4
10049,INTENTECH_FY2019_Q1,INTENTECH,FY2019,Q1,Jun 2018,https://www.bseindia.com/xml-data/corpfiling/CorpAttachment/2018/6/7ea0b355-dedd-41de-a1fb-caf3dee28f18.pdf,,Software Products,Intense Technologies Ltd.,Jun,Q4
10050,INTENTECH_FY2018_Q3,INTENTECH,FY2018,Q3,Dec 2017,https://www.bseindia.com/xml-data/corpfiling/CorpAttachment/2017/12/396dfd48-28f7-4b23-81a5-ffef52c38175.pdf,,Software Products,Intense Technologies Ltd.,Dec,Q2
10113,INTLCONV_FY2023_Q1,INTLCONV,FY2023,Q1,Jun 2022,https://www.bseindia.com/xml-data/corpfiling/AttachHis/3aeb9219-cc71-4958-b1ac-6d72ba4ab270.pdf,https://www.bseindia.com/xml-data/corpfiling/AttachHis/d8feb292-85a3-4751-8e6a-c057de82bfed.pdf,Industrial Products,International Conveyors Ltd.,Jun,Q4
10138,ISFT_FY2021_Q1,ISFT,FY2021,Q1,Jun 2020,,https://www.bseindia.com/xml-data/corpfiling/AttachHis/5208bb3f-5cbf-4e93-b2a6-665bdd006920.pdf,E-Retail/ E-Commerce,Intrasoft Technologies Ltd.,Jun,Q4
10166,ISFT_FY2017_Q1,ISFT,FY2017,Q1,Jun 2016,https://www.bseindia.com/stockinfo/AnnPdfOpen.aspx?Pname=4A4C4EBC_C685_43C6_876A_B10160233673_174227.pdf,https://www.bseindia.com/stockinfo/AnnPdfOpen.aspx?Pname=047EBC22_F2E0_4CEE_89BE_4FFC717B2751_173112.pdf,E-Retail/ E-Commerce,Intrasoft Technologies Ltd.,Jun,Q4
10188,IONEXCHANG_FY2018_Q1,IONEXCHANG,FY2018,Q1,Jun 2017,https://www.bseindia.com/xml-data/corpfiling/CorpAttachment/2017/6/de864a25-1834-41de-94e8-eadb3ad146d7.pdf,https://www.bseindia.com/xml-data/corpfiling/CorpAttachment/2017/5/1682ad58-1d48-4224-bb13-37ed4fe53fb5.pdf,Water Supply & Management,Ion Exchange (India) Ltd.,Jun,Q4
10190,IONEXCHANG_FY2017_Q1,IONEXCHANG,FY2017,Q1,Jun 2016,,https://www.bseindia.com/stockinfo/AnnPdfOpen.aspx?Pname=C3CE412E_93D0_49FC_ACD4_3E51C83C2D90_122201.pdf,Water Supply & Management,Ion Exchange (India) Ltd.,Jun,Q4
10202,IPCALAB_FY2021_Q4,IPCALAB,FY2021,Q4,Mar 2021,https://www.ipca.com/wp-content/pdf/financials/conferencecall-and-transcripts/transcript-5th-February-2021.pdf,,Pharmaceuticals,Ipca Laboratories Ltd.,Mar,Q3
10221,IRCON_FY2020_Q1,IRCON,FY2020,Q1,Jun 2019,https://www.ircon.org/images/file/cosecy/20190706EarningsConferenceCall.pdf,https://www.bseindia.com/xml-data/corpfiling/AttachHis/2106f2c6-6152-4902-af90-c41bfd44bc57.pdf,Civil Construction,Ircon International Ltd.,Jun,Q4
10228,IRIS_FY2024_Q1,IRIS,FY2024,Q1,Jun 2023,https://www.bseindia.com/xml-data/corpfiling/AttachHis/cac5a9c5-d98b-4f33-a357-ae099e337469.pdf,https://www.bseindia.com/xml-data/corpfiling/AttachHis/b6c8d3d1-ee6a-4253-a392-1e3e9945d34c.pdf,Software Products,Iris Regtech Solutions Ltd.,Jun,Q4
10229,IRIS_FY2023_Q3,IRIS,FY2023,Q3,Dec 2022,https://www.bseindia.com/xml-data/corpfiling/AttachHis/6fdc7e57-eeb3-4d6c-bb6b-4acb477ef377.pdf,,Software Products,Iris Regtech Solutions Ltd.,Dec,Q2
10234,COCHINSHIP_FY2018_Q2,COCHINSHIP,FY2018,Q2,Sep 2017,,https://www.bseindia.com/xml-data/corpfiling/CorpAttachment/2017/9/1747a656-f7a7-4c72-b522-f741441efb58.pdf,Ship Building & Allied Services,Cochin Shipyard Ltd.,Sep,Q1
10245,IRIS_FY2023_Q1,IRIS,FY2023,Q1,Jun 2022,https://www.bseindia.com/xml-data/corpfiling/AttachHis/60a5e3eb-c404-43ab-ba0c-5cf1d21f9b8d.pdf,https://www.bseindia.com/xml-data/corpfiling/AttachHis/6717aa29-e6cd-4f51-a731-5ba316b7ec51.pdf,Software Products,Iris Regtech Solutions Ltd.,Jun,Q4
10247,IRIS_FY2022_Q1,IRIS,FY2022,Q1,Jun 2021,https://www.bseindia.com/xml-data/corpfiling/AttachHis/f965b906-8a39-4877-bf65-d42e4e65207c.pdf,https://www.bseindia.com/xml-data/corpfiling/AttachHis/de3ba1eb-0afc-40fe-a477-9fc23bfb819f.pdf,Software Products,Iris Regtech Solutions Ltd.,Jun,Q4
10248,IRIS_FY2021_Q3,IRIS,FY2021,Q3,Dec 2020,https://www.bseindia.com/xml-data/corpfiling/AttachHis/3aae182d-90aa-4919-b2a7-3c4792756e7a.pdf,https://www.bseindia.com/xml-data/corpfiling/AttachHis/042494ac-e415-41ba-8e5e-e4540dcc6c62.pdf,Software Products,Iris Regtech Solutions Ltd.,Dec,Q2
10266,ISGEC_FY2020_Q4,ISGEC,FY2020,Q4,Mar 2020,https://www.bseindia.com/xml-data/corpfiling/AttachHis/928bd34b-622e-481c-92a3-30cf04304a78.pdf,https://www.bseindia.com/xml-data/corpfiling/AttachHis/f1155fd4-f53e-4e2c-ba2e-fd394f52ea04.pdf,Civil Construction,Isgec Heavy Engg. Ltd.,Mar,Q3
10267,COLPAL_FY2023_Q1,COLPAL,FY2023,Q1,Jun 2022,https://www.bseindia.com/xml-data/corpfiling/AttachHis/09c730ab-a577-4f31-ab03-66d19e1ee389.pdf,https://www.bseindia.com/xml-data/corpfiling/AttachHis/70964d20-33dd-4d13-bd1f-40d7fbf88fdc.pdf,Personal Care,Colgate-Palmolive (India) Ltd.,Jun,Q4
10272,ISGEC_FY2019_Q1,ISGEC,FY2019,Q1,Jun 2018,,https://www.bseindia.com/xml-data/corpfiling/CorpAttachment/2018/6/381d1ee7-dac0-4856-aa95-2aa667946342.pdf,Civil Construction,Isgec Heavy Engg. Ltd.,Jun,Q4
10292,JBCHEPHARM_FY2021_Q4,JBCHEPHARM,FY2021,Q4,Mar 2021,,https://www.bseindia.com/xml-data/corpfiling/AttachHis/ad6c3b36-d27a-4180-bf14-afd05bf263b5.pdf,Pharmaceuticals,J B Chemicals & Pharmaceuticals Ltd.,Mar,Q3
10295,JBCHEPHARM_FY2021_Q1,JBCHEPHARM,FY2021,Q1,Jun 2020,,https://www.bseindia.com/xml-data/corpfiling/AttachHis/0ca02a42-8066-4925-9771-fef9a0cc9c07.pdf,Pharmaceuticals,J B Chemicals & Pharmaceuticals Ltd.,Jun,Q4
10297,JBCHEPHARM_FY2020_Q2,JBCHEPHARM,FY2020,Q2,Sep 2019,,https://www.bseindia.com/xml-data/corpfiling/AttachHis/f0d8ff01-0f9f-401a-bfc1-cfaa46a750a4.pdf,Pharmaceuticals,J B Chemicals & Pharmaceuticals Ltd.,Sep,Q1
10308,JHS_FY2024_Q1,JHS,FY2024,Q1,Jun 2023,https://www.bseindia.com/xml-data/corpfiling/AttachHis/7be58c12-277a-4d25-bd93-b45a24218ddc.pdf,https://www.bseindia.com/xml-data/corpfiling/AttachHis/8367585c-e7d7-44b3-9140-636762db01a6.pdf,Personal Care,J H S Svendgaard Laboratories Ltd.,Jun,Q4
10310,JHS_FY2023_Q1,JHS,FY2023,Q1,Jun 2022,https://www.bseindia.com/xml-data/corpfiling/AttachHis/4ca19ce0-87df-464f-8ef2-893fdabf9c5b.pdf,https://www.bseindia.com/xml-data/corpfiling/AttachHis/2046065f-fe66-4d13-929a-70a13c50bda5.pdf,Personal Care,J H S Svendgaard Laboratories Ltd.,Jun,Q4
10329,JKCEMENT_FY2021_Q1,JKCEMENT,FY2021,Q1,Jun 2020,,https://www.bseindia.com/xml-data/corpfiling/AttachHis/4f53226f-0852-467f-a672-dc963a2d60ce.pdf,Cement & Cement Products,J K Cement Ltd.,Jun,Q4
10411,JKIL_FY2020_Q1,JKIL,FY2020,Q1,Jun 2019,http://www.jkumar.com/content/upload/1/conference-call-transcript/2018-2019/q4-18-19-conferene-call-transcript.pdf,https://www.bseindia.com/xml-data/corpfiling/AttachHis/689bc493-9bb3-4736-9787-d9afd068500c.pdf,Civil Construction,J Kumar Infraprojects Ltd.,Jun,Q4
10421,JKIL_FY2017_Q2,JKIL,FY2017,Q2,Sep 2016,http://www.jkumar.com/content/upload/1/conference-call-transcript/2016-2017/q1-conference-call-transcript.pdf,,Civil Construction,J Kumar Infraprojects Ltd.,Sep,Q1
10422,JKIL_FY2016_Q3,JKIL,FY2016,Q3,Dec 2015,,https://www.bseindia.com/stockinfo/AnnPdfOpen.aspx?Pname=E2B34B41_C91D_4908_A879_B81CFF9EB951_110019.pdf,Civil Construction,J Kumar Infraprojects Ltd.,Dec,Q2
10429,JMFINANCIL_FY2023_Q1,JMFINANCIL,FY2023,Q1,Jun 2022,https://www.bseindia.com/xml-data/corpfiling/AttachHis/00103e43-8437-45a7-967a-4ebfa29bc2c1.pdf,https://www.bseindia.com/xml-data/corpfiling/AttachHis/cbdabe92-131e-43bc-899a-dda56f72493c.pdf,Holding Company,J M Financial Ltd.,Jun,Q4
10524,JTEKTINDIA_FY2021_Q1,JTEKTINDIA,FY2021,Q1,Jun 2020,,https://www.bseindia.com/xml-data/corpfiling/AttachHis/d0572858-ae7e-468c-b65d-6dcd4a9b559a.pdf,Auto Components & Equipments,J T E K T India Ltd.,Jun,Q4
10554,CUMMINSIND_FY2019_Q1,CUMMINSIND,FY2019,Q1,Jun 2018,https://www.bseindia.com/xml-data/corpfiling/CorpAttachment/2018/6/8297d8e6-b4d2-43b8-8bb5-f1c1b9145efa.pdf,https://www.bseindia.com/xml-data/corpfiling/CorpAttachment/2018/6/626d142c-4091-4aa5-b176-9dc7eab166be.pdf,"Compressors, Pumps & Diesel Engines",Cummins India Ltd.,Jun,Q4
10555,CUMMINSIND_FY2018_Q4,CUMMINSIND,FY2018,Q4,Mar 2018,https://www.cummins.com/sites/default/files/Analyst%20call%20transcription_25%20May.pdf,,"Compressors, Pumps & Diesel Engines",Cummins India Ltd.,Mar,Q3
10559,CUMMINSIND_FY2016_Q4,CUMMINSIND,FY2016,Q4,Mar 2016,,https://www.bseindia.com/stockinfo/AnnPdfOpen.aspx?Pname=7F48A531_5985_4BDC_8CE0_6E8E05703E63_114617.pdf,"Compressors, Pumps & Diesel Engines",Cummins India Ltd.,Mar,Q3
10580,JAGRAN_FY2017_Q3,JAGRAN,FY2017,Q3,Dec 2016,https://jplcorp.in/new/pdf/Q2FY17EarningsCallTranscript.pdf,,Print Media,Jagran Prakashan Ltd.,Dec,Q2
10581,JAGRAN_FY2016_Q3,JAGRAN,FY2016,Q3,Dec 2015,,https://www.bseindia.com/stockinfo/AnnPdfOpen.aspx?Pname=DEE71D49_44C1_44EE_88AC_1D88734C5375_115759.pdf,Print Media,Jagran Prakashan Ltd.,Dec,Q2
10601,JISLJALEQS_FY2020_Q4,JISLJALEQS,FY2020,Q4,Mar 2020,https://www.bseindia.com/xml-data/corpfiling/AttachHis/135b58fa-f3e7-4882-b09f-20ef1dc47ba9.pdf,,Plastic Products - Industrial,Jain Irrigation Systems Ltd.,Mar,Q3
10606,JISLJALEQS_FY2017_Q1,JISLJALEQS,FY2017,Q1,Jun 2016,https://www.primeinfobase.in/z_JISLJALEQS/files/financials/Jain_Irrigation_Q4_FY16_Concall_Transcript.pdf,,Plastic Products - Industrial,Jain Irrigation Systems Ltd.,Jun,Q4
10618,J&KBANK_FY2020_Q1,J&KBANK,FY2020,Q1,Jun 2019,https://www.jkbank.com/media/JnK%20Bank-Transcript-10JUN2019.pdf,,Private Sector Bank,Jammu & Kashmir Bank Ltd.,Jun,Q4
10666,JASH_FY2022_Q4,JASH,FY2022,Q4,Mar 2022,https://archives.nseindia.com/corporate/JASH_25022022155002_CALLTRANSCRIPTJASH11022022.pdf,https://archives.nseindia.com/corporate/JASH_19032022174615_INVESTORPPTMARCH2022JASH.pdf,Industrial Products,Jash Engineering Ltd.,Mar,Q3
10676,JASH_FY2021_Q2,JASH,FY2021,Q2,Sep 2020,https://archives.nseindia.com/corporate/JASH_07092020141722_JASHEARNINGCALLSTRANSCRIPT3182020.pdf,https://archives.nseindia.com/corporate/JASH_30092020125428_JASHAGMPRESENTATION2992020.pdf,Industrial Products,Jash Engineering Ltd.,Sep,Q1
10700,JINDALPOLY_FY2022_Q4,JINDALPOLY,FY2022,Q4,Mar 2022,,https://www.bseindia.com/xml-data/corpfiling/AttachHis/1d19f26f-dc24-41dc-8015-e71ab1329160.pdf,Packaging,Jindal Poly Films Ltd.,Mar,Q3
10701,JINDALPOLY_FY2017_Q2,JINDALPOLY,FY2017,Q2,Sep 2016,,https://www.bseindia.com/stockinfo/AnnPdfOpen.aspx?Pname=131DB8F4_4665_47D5_BB33_5E3737502536_142629.pdf,Packaging,Jindal Poly Films Ltd.,Sep,Q1
10702,JINDALPOLY_FY2017_Q1,JINDALPOLY,FY2017,Q1,Jun 2016,https://www.bseindia.com/stockinfo/AnnPdfOpen.aspx?Pname=C4FC2D4E_0D3C_4E76_B6A6_CFEAEAF7ECD2_151119.pdf,https://www.bseindia.com/stockinfo/AnnPdfOpen.aspx?Pname=929DF05A_D963_4DB0_BFFC_10E5A2BDA62F_120334.pdf,Packaging,Jindal Poly Films Ltd.,Jun,Q4
10790,JIYAECO_FY2020_Q1,JIYAECO,FY2020,Q1,Jun 2019,https://www.bseindia.com/xml-data/corpfiling/AttachHis/4f027d64-2c49-4961-9f93-db562a815b2d.pdf,https://www.bseindia.com/xml-data/corpfiling/AttachHis/3cf17743-763e-40b1-b484-33519a3f220a.pdf,,Jiya Eco-Products Ltd.,Jun,Q4
10808,DMCC_FY2020_Q3,DMCC,FY2020,Q3,Dec 2019,,https://www.bseindia.com/xml-data/corpfiling/AttachHis/51c6ff6b-07ba-456e-bb54-0d5ecb9a6e47.pdf,Specialty Chemicals,D M C C Speciality Chemicals Ltd.,Dec,Q2
10811,DMCC_FY2017_Q4,DMCC,FY2017,Q4,Mar 2017,https://www.bseindia.com/xml-data/corpfiling/CorpAttachment/2017/3/2491e403-c484-4d68-9d28-03d932f5c233.pdf,,Specialty Chemicals,D M C C Speciality Chemicals Ltd.,Mar,Q3
10820,JUBLFOOD_FY2023_Q1,JUBLFOOD,FY2023,Q1,Jun 2022,https://www.bseindia.com/xml-data/corpfiling/AttachHis/ee138634-0878-42bc-b6f1-fcb4534a21c5.pdf,https://www.jubilantfoodworks.com/Uploads/Files/750foodfile-EarningsPresentation.pdf,Restaurants,Jubilant Foodworks Ltd.,Jun,Q4
10825,JUBLFOOD_FY2021_Q1,JUBLFOOD,FY2021,Q1,Jun 2020,,https://www.bseindia.com/xml-data/corpfiling/AttachHis/9d757081-8b26-417a-96fb-29969aca3443.pdf,Restaurants,Jubilant Foodworks Ltd.,Jun,Q4
10833,JUBLFOOD_FY2019_Q1,JUBLFOOD,FY2019,Q1,Jun 2018,https://www.jubilantfoodworks.com/Uploads/Files/34akmfile-Jubilant-FoodWorks-Q1-FY19-Concall-Transcript.pdf,https://www.bseindia.com/xml-data/corpfiling/CorpAttachment/2018/5/73acd2c2-648b-41b9-ac36-ffefed9a3624.pdf,Restaurants,Jubilant Foodworks Ltd.,Jun,Q4
10849,JUBLINGREA_FY2022_Q1,JUBLINGREA,FY2022,Q1,Jun 2021,https://jubilantingrevia.com/Uploads/files/1q3consfileJubilantIngrevia-Q4-FY21ConcallTranscript.pdf,https://www.bseindia.com/xml-data/corpfiling/AttachHis/9504b6f7-2096-48b3-97bf-54f373cb66f4.pdf,Specialty Chemicals,Jubilant Ingrevia Ltd.,Jun,Q4
10858,JUBLPHARMA_FY2022_Q4,JUBLPHARMA,FY2022,Q4,Mar 2022,,https://www.bseindia.com/xml-data/corpfiling/AttachHis/e3e4b15e-23ab-48b1-97aa-6d35e4207cb8.pdf,Pharmaceuticals,Jubilant Pharmova Ltd.,Mar,Q3
10860,JUBLPHARMA_FY2022_Q1,JUBLPHARMA,FY2022,Q1,Jun 2021,https://www.jubilantpharmova.com/Uploads/files/80q2consfileJubilantPharmovaQ4FY21ConcallTranscript.pdf,https://www.bseindia.com/xml-data/corpfiling/AttachHis/885976f9-369e-4db2-a565-7df37d10f00b.pdf,Pharmaceuticals,Jubilant Pharmova Ltd.,Jun,Q4
10863,JUBLPHARMA_FY2021_Q1,JUBLPHARMA,FY2021,Q1,Jun 2020,https://www.jubilantpharmova.com/Uploads/files/76q3stanfileJLL_Q4_FY20_Concall_Transcript.pdf,https://www.bseindia.com/xml-data/corpfiling/AttachHis/13651456-3777-484c-bc2b-17d002519dd7.pdf,Pharmaceuticals,Jubilant Pharmova Ltd.,Jun,Q4
10915,JUSTDIAL_FY2021_Q4,JUSTDIAL,FY2021,Q4,Mar 2021,https://images.jdmagicbox.com/investors/Justdial-Earnings-Call-Transcripts-210525125018.pdf,https://www.bseindia.com/xml-data/corpfiling/AttachHis/95936907-aea8-439e-a7cd-be812ca502b3.pdf,Internet & Catalogue Retail,Just Dial Ltd.,Mar,Q3
10979,KDDL_FY2021_Q4,KDDL,FY2021,Q4,Mar 2021,https://www.bseindia.com/xml-data/corpfiling/AttachHis/aca9ad01-666e-4242-acb8-5574379fbcf9.pdf,https://www.bseindia.com/xml-data/corpfiling/AttachHis/30e3c5b0-f639-42c6-b8e5-99e781703c3d.pdf,"Gems, Jewellery And Watches",K D D L Ltd.,Mar,Q3
10980,KDDL_FY2021_Q3,KDDL,FY2021,Q3,Dec 2020,https://www.bseindia.com/xml-data/corpfiling/AttachHis/0db0a140-720c-47a1-8d04-d25115f54855.pdf,https://www.bseindia.com/xml-data/corpfiling/AttachHis/9b25ee21-8885-4efa-94c0-88395d3464fd.pdf,"Gems, Jewellery And Watches",K D D L Ltd.,Dec,Q2
10981,KDDL_FY2021_Q2,KDDL,FY2021,Q2,Sep 2020,https://www.bseindia.com/xml-data/corpfiling/AttachHis/38b62d44-5270-4b5a-bab7-f404e1baa849.pdf,https://www.bseindia.com/xml-data/corpfiling/AttachHis/a25cb3aa-35a9-4e8e-a8ca-3a1395e28a20.pdf,"Gems, Jewellery And Watches",K D D L Ltd.,Sep,Q1
10984,KDDL_FY2020_Q2,KDDL,FY2020,Q2,Sep 2019,https://www.bseindia.com/xml-data/corpfiling/AttachHis/930eea42-3b2f-429f-abd8-bf3b26a846b6.pdf,https://www.bseindia.com/xml-data/corpfiling/AttachHis/b8c7f640-23a3-45c6-85dd-ccdb404dd1d4.pdf,"Gems, Jewellery And Watches",K D D L Ltd.,Sep,Q1
10985,KDDL_FY2020_Q1,KDDL,FY2020,Q1,Jun 2019,https://www.bseindia.com/xml-data/corpfiling/AttachHis/86a0a288-3eed-41eb-a4e5-95481bd58477.pdf,https://www.bseindia.com/xml-data/corpfiling/AttachHis/96c3bced-4c2f-4399-8ed3-27553170d80e.pdf,"Gems, Jewellery And Watches",K D D L Ltd.,Jun,Q4
10986,KDDL_FY2019_Q4,KDDL,FY2019,Q4,Mar 2019,https://www.bseindia.com/xml-data/corpfiling/AttachHis/41be2898-df83-433a-b340-7b811d98faf1.pdf,https://www.bseindia.com/xml-data/corpfiling/CorpAttachment/2019/2/8b358596-9d7b-40f3-ba71-096acfc91940.pdf,"Gems, Jewellery And Watches",K D D L Ltd.,Mar,Q3
10992,KDDL_FY2018_Q1,KDDL,FY2018,Q1,Jun 2017,http://www.kddl.com/wp-content/uploads/PDF/Transcript/6June2017.pdf,,"Gems, Jewellery And Watches",K D D L Ltd.,Jun,Q4
11060,KNRCON_FY2020_Q3,KNRCON,FY2020,Q3,Dec 2019,https://www.bseindia.com/xml-data/corpfiling/AttachHis/86b64f4f-6104-4128-b1f6-e1565f950da8.pdf,https://www.bseindia.com/xml-data/corpfiling/AttachHis/852e9e85-b418-4c45-a8b6-c64a7d94682f.pdf,Civil Construction,K N R Constructions Ltd.,Dec,Q2
11062,KNRCON_FY2020_Q1,KNRCON,FY2020,Q1,Jun 2019,https://www.bseindia.com/xml-data/corpfiling/AttachHis/e29ec5f1-94c7-4839-b9a5-0e1d64ef7232.pdf,https://www.bseindia.com/xml-data/corpfiling/AttachHis/8705d7f4-cf38-4b6c-a589-9cf264630838.pdf,Civil Construction,K N R Constructions Ltd.,Jun,Q4
11063,KNRCON_FY2019_Q4,KNRCON,FY2019,Q4,Mar 2019,https://www.bseindia.com/xml-data/corpfiling/AttachHis/766194f4-d191-4743-adfb-858ffbc4f0ea.pdf,,Civil Construction,K N R Constructions Ltd.,Mar,Q3
11064,KNRCON_FY2019_Q3,KNRCON,FY2019,Q3,Dec 2018,https://www.bseindia.com/xml-data/corpfiling/CorpAttachment/2018/12/526393dc-808c-4e3c-b47e-d9ed92dd6160.pdf,https://www.bseindia.com/xml-data/corpfiling/CorpAttachment/2019/2/370f578a-057d-4f6e-b629-943741a53570.pdf,Civil Construction,K N R Constructions Ltd.,Dec,Q2
11095,KPEL_FY2018_Q2,KPEL,FY2018,Q2,Sep 2017,,https://www.bseindia.com/xml-data/corpfiling/CorpAttachment/2017/9/ee289b88-2dbf-45f2-86fa-c2722e75071b.pdf,Power Generation,K P Energy Ltd.,Sep,Q1
11104,KPIGREEN_FY2024_Q1,KPIGREEN,FY2024,Q1,Jun 2023,https://www.bseindia.com/xml-data/corpfiling/AttachHis/fd454156-e11b-4164-a1cf-b25a7db01d11.pdf,https://www.bseindia.com/xml-data/corpfiling/AttachHis/74604c0e-c3bb-4bc4-8cb2-2b269cbef3a7.pdf,Power Generation,K P I Green Energy Ltd.,Jun,Q4
11166,KRBL_FY2021_Q3,KRBL,FY2021,Q3,Dec 2020,https://www.krblrice.com/fy-2021/Disclosures/Transcript%20of%20the%20Earnings%20Conference%20Call%20Q2%20&amp;%20H1%20FY21.pdf,https://www.bseindia.com/xml-data/corpfiling/AttachHis/3fbffd85-2a96-423f-a9a9-e760ee5fcd7c.pdf,Other Agricultural Products,K R B L Ltd.,Dec,Q2
11168,KRBL_FY2021_Q1,KRBL,FY2021,Q1,Jun 2020,https://www.bseindia.com/xml-data/corpfiling/AttachHis/4a1c6285-5287-4f0d-8624-32d90ff57387.pdf,https://www.bseindia.com/xml-data/corpfiling/AttachHis/77655740-a9e1-47d7-8291-13dd996c8a8d.pdf,Other Agricultural Products,K R B L Ltd.,Jun,Q4
11191,KSB_FY2024_Q4,KSB,FY2024,Q4,Mar 2024,https://www.bseindia.com/xml-data/corpfiling/AttachHis/b994ea64-2ddb-43f1-945b-f3c829316639.pdf,https://www.bseindia.com/xml-data/corpfiling/AttachHis/8aa0df2b-fe42-439e-939e-f678144d6c1e.pdf,"Compressors, Pumps & Diesel Engines",K S B Ltd.,Mar,Q3
11194,KSB_FY2023_Q4,KSB,FY2023,Q4,Mar 2023,https://www.bseindia.com/xml-data/corpfiling/AttachHis/9ebcef20-354a-4941-9ffa-901f1e35f608.pdf,https://www.bseindia.com/xml-data/corpfiling/AttachHis/807c10ab-55e8-4898-bbe9-479916ae95b9.pdf,"Compressors, Pumps & Diesel Engines",K S B Ltd.,Mar,Q3
11223,REPCOHOME_FY2024_Q1,REPCOHOME,FY2024,Q1,Jun 2023,https://www.bseindia.com/xml-data/corpfiling/AttachHis/03d0aa86-b433-4754-877b-80a5b78e1c62.pdf,https://www.bseindia.com/xml-data/corpfiling/AttachHis/0bd2324e-da3d-4eef-8461-419ef270187d.pdf,Housing Finance Company,Repco Home Finance Ltd.,Jun,Q4
11232,REPCOHOME_FY2021_Q2,REPCOHOME,FY2021,Q2,Sep 2020,https://imaginetventures.me/backend/uploads/Repco_Home_Q1_FY_21_Concall_Transcript_6dd3510b10.pdf,https://www.bseindia.com/xml-data/corpfiling/AttachHis/ef2921aa-21a0-4011-94f2-2e81536f740f.pdf,Housing Finance Company,Repco Home Finance Ltd.,Sep,Q1
11279,LICHSGFIN_FY2023_Q1,LICHSGFIN,FY2023,Q1,Jun 2022,,https://www.lichousing.com/static-assets/pdf/investor_update/fy_2022_23/Investor_Update_Q2_FY2023.pdf?crafterSite=lichfl-corporate-website-cms&amp;embedded=true,Housing Finance Company,L I C Housing Finance Ltd.,Jun,Q4
11281,LICHSGFIN_FY2018_Q4,LICHSGFIN,FY2018,Q4,Mar 2018,https://www.lichousing.com/downloads/Q3FY18%20Transcript.pdf,,Housing Finance Company,L I C Housing Finance Ltd.,Mar,Q3
11288,LANCER_FY2023_Q4,LANCER,FY2023,Q4,Mar 2023,https://www.bseindia.com/xml-data/corpfiling/AttachHis/7f99a709-e2c6-4c9c-a77f-94d3c83cc004.pdf,,Logistics Solution Provider,Lancer Container Lines Ltd.,Mar,Q3
11348,LANDMARK_FY2023_Q4,LANDMARK,FY2023,Q4,Mar 2023,https://www.bseindia.com/xml-data/corpfiling/AttachHis/f5a84f8e-e2a2-4bc3-83cb-4e7df7862566.pdf,https://www.bseindia.com/xml-data/corpfiling/AttachHis/c2c0e46b-eaf2-44a3-870b-8730e8bbba8f.pdf,Auto-Dealer,Landmark Cars Ltd.,Mar,Q3
11419,E2E_FY2024_Q3,E2E,FY2024,Q3,Dec 2023,,https://nsearchives.nseindia.com/corporate/E2E_22122023121842_InvestorPresentationSigned.pdf,IT Enabled Services,E 2 E Networks Ltd.,Dec,Q2
11464,LEMONTREE_FY2024_Q1,LEMONTREE,FY2024,Q1,Jun 2023,https://www.bseindia.com/xml-data/corpfiling/AttachHis/90b80647-dcf8-463d-b8e2-cda96a84bc31.pdf,https://www.bseindia.com/xml-data/corpfiling/AttachHis/5472f376-d593-47b1-a205-f463e3113d2d.pdf,Hotels & Resorts,Lemon Tree Hotels Ltd.,Jun,Q4
11471,LEMONTREE_FY2022_Q1,LEMONTREE,FY2022,Q1,Jun 2021,https://www.bseindia.com/xml-data/corpfiling/AttachHis/299dfdec-42a2-4407-89ac-2ef3819fbe79.pdf,https://www.bseindia.com/xml-data/corpfiling/AttachHis/99e83a40-9955-4b26-8c63-2540dd8cd08f.pdf,Hotels & Resorts,Lemon Tree Hotels Ltd.,Jun,Q4
11542,LINC_FY2020_Q3,LINC,FY2020,Q3,Dec 2019,,https://www.bseindia.com/xml-data/corpfiling/AttachHis/f4af49f5-46d4-44d0-bb76-b942b4a5bfeb.pdf,Stationary,Linc Ltd.,Dec,Q2
11564,LINDEINDIA_FY2023_Q1,LINDEINDIA,FY2023,Q1,Jun 2022,,https://www.bseindia.com/xml-data/corpfiling/AttachHis/45816213-5bd8-4052-bf2e-90fef866868b.pdf,Industrial Gases,Linde India Ltd.,Jun,Q4
11565,LINDEINDIA_FY2022_Q1,LINDEINDIA,FY2022,Q1,Jun 2021,,https://www.bseindia.com/xml-data/corpfiling/AttachHis/05261d66-2ce5-47d3-8932-2f463ccafe69.pdf,Industrial Gases,Linde India Ltd.,Jun,Q4
11566,LINDEINDIA_FY2021_Q2,LINDEINDIA,FY2021,Q2,Sep 2020,,https://www.bseindia.com/xml-data/corpfiling/AttachHis/24daf5f9-6da6-4d98-8f25-bd0f8b9ca6e4.pdf,Industrial Gases,Linde India Ltd.,Sep,Q1
11567,LINDEINDIA_FY2018_Q2,LINDEINDIA,FY2018,Q2,Sep 2017,,https://www.bseindia.com/xml-data/corpfiling/CorpAttachment/2017/9/dfe2bf5e-8272-4f23-9b04-651f325b0ddb.pdf,Industrial Gases,Linde India Ltd.,Sep,Q1
11568,LINDEINDIA_FY2015_Q3,LINDEINDIA,FY2015,Q3,Dec 2014,,https://assets.linde.com/-/media/global/apac/linde-india-limited/investor-relations/corporate-presentations/investor-conf-call-ppt-for-dec-2014_tcm526-655870.pdf,Industrial Gases,Linde India Ltd.,Dec,Q2
11570,LINDEINDIA_FY2014_Q3,LINDEINDIA,FY2014,Q3,Dec 2013,,https://assets.linde.com/-/media/global/apac/linde-india-limited/investor-relations/corporate-presentations/lindeindia-investor-ppt-31-dec2013_tcm526-655868.pdf,Industrial Gases,Linde India Ltd.,Dec,Q2
11634,ELDEHSG_FY2020_Q3,ELDEHSG,FY2020,Q3,Dec 2019,,https://www.bseindia.com/xml-data/corpfiling/AttachHis/435eb408-5bf0-4f06-a4c8-5d8933e938b6.pdf,"Residential, Commercial Projects",Eldeco Housing & Inds. Ltd.,Dec,Q2
11670,LUMAXTECH_FY2022_Q3,LUMAXTECH,FY2022,Q3,Dec 2021,https://www.bseindia.com/xml-data/corpfiling/AttachHis/373d88d7-4a38-4e49-bc15-f5b12142fa90.pdf,https://www.bseindia.com/xml-data/corpfiling/AttachHis/f4cdc009-87b2-476a-ada8-2172345e172c.pdf,Auto Components & Equipments,Lumax Auto Technologies Ltd.,Dec,Q2
11673,LUMAXTECH_FY2021_Q4,LUMAXTECH,FY2021,Q4,Mar 2021,https://www.bseindia.com/xml-data/corpfiling/AttachHis/69505643-6dc2-4a20-880c-98db020f37c7.pdf,https://www.bseindia.com/xml-data/corpfiling/AttachHis/e170c513-a23f-4e27-8761-20ef1d705d55.pdf,Auto Components & Equipments,Lumax Auto Technologies Ltd.,Mar,Q3
11676,LUMAXTECH_FY2020_Q4,LUMAXTECH,FY2020,Q4,Mar 2020,https://www.lumaxworld.in/lumaxautotech/downloads/earnings-call-transcript-for-Q3-fy2020.pdf,https://www.bseindia.com/xml-data/corpfiling/AttachHis/7df076b3-9183-4bf1-99b2-dd79d8dd9daf.pdf,Auto Components & Equipments,Lumax Auto Technologies Ltd.,Mar,Q3
11678,LUMAXTECH_FY2020_Q2,LUMAXTECH,FY2020,Q2,Sep 2019,https://www.lumaxworld.in/lumaxautotech/downloads/earning-call-transcript-for-Q1-&amp;-FY-20.pdf,,Auto Components & Equipments,Lumax Auto Technologies Ltd.,Sep,Q1
11686,LUMAXTECH_FY2018_Q2,LUMAXTECH,FY2018,Q2,Sep 2017,,https://www.bseindia.com/xml-data/corpfiling/CorpAttachment/2017/9/c82d39ef-c078-4802-841a-e99285884afc.pdf,Auto Components & Equipments,Lumax Auto Technologies Ltd.,Sep,Q1
11703,EMBDL_FY2023_Q1,EMBDL,FY2023,Q1,Jun 2022,https://www.bseindia.com/xml-data/corpfiling/AttachHis/39775f6e-89e8-429b-a5ca-c9891071a72c.pdf,,"Residential, Commercial Projects",Embassy Developments Ltd.,Jun,Q4
11735,LUPIN_FY2021_Q1,LUPIN,FY2021,Q1,Jun 2020,https://www.bseindia.com/xml-data/corpfiling/AttachHis/10fc0e16-901c-4b46-aac3-77694bab0aa3.pdf,https://www.bseindia.com/xml-data/corpfiling/AttachHis/d9b417b9-e459-417a-bb61-0ef91cb3d9db.pdf,Pharmaceuticals,Lupin Ltd.,Jun,Q4
11751,LUPIN_FY2017_Q1,LUPIN,FY2017,Q1,Jun 2016,https://www.bseindia.com/stockinfo/AnnPdfOpen.aspx?Pname=F8C8985A_96CC_4D75_9F43_A74A0B8C7977_104342.pdf,,Pharmaceuticals,Lupin Ltd.,Jun,Q4
11779,LUXIND_FY2018_Q2,LUXIND,FY2018,Q2,Sep 2017,,https://www.bseindia.com/xml-data/corpfiling/CorpAttachment/2017/9/239a8493-6a50-4f89-8521-3e0f150cc72e.pdf,Garments & Apparels,Lux Industries Ltd.,Sep,Q1
11780,LYPSAGEMS_FY2017_Q4,LYPSAGEMS,FY2017,Q4,Mar 2017,,https://www.bseindia.com/xml-data/corpfiling/CorpAttachment/2017/3/22702064-0b27-4d44-8564-dbdbce1dc45f.pdf,"Gems, Jewellery And Watches",Lypsa Gems & Jewellery Ltd.,Mar,Q3
11823,MBLINFRA_FY2023_Q1,MBLINFRA,FY2023,Q1,Jun 2022,,https://www.bseindia.com/xml-data/corpfiling/AttachHis/b7c948c0-a202-4d89-a205-1b7adf7d6397.pdf,Civil Construction,M B L Infrastructure Ltd.,Jun,Q4
11825,MBLINFRA_FY2021_Q2,MBLINFRA,FY2021,Q2,Sep 2020,,https://www.bseindia.com/xml-data/corpfiling/AttachHis/6efe2361-e6c9-4468-afa8-bc5a7a12430f.pdf,Civil Construction,M B L Infrastructure Ltd.,Sep,Q1
11827,MBLINFRA_FY2020_Q1,MBLINFRA,FY2020,Q1,Jun 2019,,https://www.bseindia.com/xml-data/corpfiling/AttachHis/7135349f-1910-4423-829c-d2f987946ba5.pdf,Civil Construction,M B L Infrastructure Ltd.,Jun,Q4
11832,MBLINFRA_FY2018_Q1,MBLINFRA,FY2018,Q1,Jun 2017,,https://www.bseindia.com/xml-data/corpfiling/CorpAttachment/2017/6/7ebaa4e8-0575-4764-90a7-f9d6ee535d60.pdf,Civil Construction,M B L Infrastructure Ltd.,Jun,Q4
11858,MEP_FY2017_Q2,MEP,FY2017,Q2,Sep 2016,,https://www.bseindia.com/stockinfo/AnnPdfOpen.aspx?Pname=C486659D_D060_4866_8B5E_DCA38B8236EC_095149.pdf,"Road Assets-Toll, Annuity, Hybrid-Annuity",M E P Infrastructure Developers Ltd.,Sep,Q1
11884,MOIL_FY2024_Q1,MOIL,FY2024,Q1,Jun 2023,https://www.bseindia.com/xml-data/corpfiling/AttachHis/0e633c1b-f282-4a2e-a680-b716df2e09da.pdf,https://www.bseindia.com/xml-data/corpfiling/AttachHis/00246e29-56db-412d-a86b-df36e7924397.pdf,Industrial Minerals,M O I L Ltd.,Jun,Q4
11934,MSTCLTD_FY2021_Q2,MSTCLTD,FY2021,Q2,Sep 2020,https://www.bseindia.com/xml-data/corpfiling/AttachHis/c72cc8e7-9520-493d-8549-62817b7459cc.pdf,https://www.bseindia.com/xml-data/corpfiling/AttachHis/aa3e1814-5f8a-4fbd-a9b0-0bba2bd5529a.pdf,Trading & Distributors,M S T C Ltd.,Sep,Q1
11966,MACPOWER_FY2023_Q1,MACPOWER,FY2023,Q1,Jun 2022,https://archives.nseindia.com/corporate/MACPOWER_03062022123523_MacpowerQ4Fy22ConferenceCallTranscriptnse.pdf,https://archives.nseindia.com/corporate/MACPOWER_28052022191213_MacpowerCNCMachinesQ4FY22InvestorPresentation.pdf,Industrial Products,Macpower C N C Machines Ltd.,Jun,Q4
12040,MGL_FY2021_Q4,MGL,FY2021,Q4,Mar 2021,https://www.bseindia.com/xml-data/corpfiling/AttachHis/29198194-a87a-4ad6-ad65-3883a017fcd8.pdf,,LPG/CNG/PNG/LNG Supplier,Mahanagar Gas Ltd.,Mar,Q3
12041,MGL_FY2021_Q3,MGL,FY2021,Q3,Dec 2020,https://www.mahanagargas.com/UploadAssets/UploadedFiles/_transcript-q2fy2021_88d0787f9e.pdf,,LPG/CNG/PNG/LNG Supplier,Mahanagar Gas Ltd.,Dec,Q2
12043,MGL_FY2020_Q4,MGL,FY2020,Q4,Mar 2020,https://www.bseindia.com/xml-data/corpfiling/AttachHis/384b733d-07fc-46b8-be64-36fa061f8b42.pdf,,LPG/CNG/PNG/LNG Supplier,Mahanagar Gas Ltd.,Mar,Q3
12044,MGL_FY2020_Q3,MGL,FY2020,Q3,Dec 2019,https://www.bseindia.com/xml-data/corpfiling/AttachHis/96797567-ef73-4b4f-938b-3e855736159f.pdf,,LPG/CNG/PNG/LNG Supplier,Mahanagar Gas Ltd.,Dec,Q2
12072,MAHSEAMLES_FY2020_Q2,MAHSEAMLES,FY2020,Q2,Sep 2019,,https://www.bseindia.com/xml-data/corpfiling/AttachHis/ad68e7a3-39f8-4deb-bb82-e2a32f9e8cf7.pdf,Iron & Steel Products,Maharashtra Seamless Ltd.,Sep,Q1
12073,MAHSEAMLES_FY2020_Q1,MAHSEAMLES,FY2020,Q1,Jun 2019,,https://www.bseindia.com/xml-data/corpfiling/AttachHis/a2169be4-a904-4577-a023-a2b59576dfc3.pdf,Iron & Steel Products,Maharashtra Seamless Ltd.,Jun,Q4
12075,MAHSEAMLES_FY2017_Q3,MAHSEAMLES,FY2017,Q3,Dec 2016,,https://www.jindal.com/msl/pdf/Investor-Communique-on-Q2FY17.pdf,Iron & Steel Products,Maharashtra Seamless Ltd.,Dec,Q2
12129,M&M_FY2019_Q4,M&M,FY2019,Q4,Mar 2019,https://www.mahindra.com/resources/investor-reports/FY19/Earnings%20Update/TRANSCRIPT-MM-Q3FY19-Earnings-Call-8th%20Feb-2019-FINAL.pdf,https://www.bseindia.com/xml-data/corpfiling/AttachHis/a01bfab4-9c4e-4a99-a998-7094edad70c8.pdf,Passenger Cars & Utility Vehicles,Mahindra & Mahindra Ltd.,Mar,Q3
12133,M&M_FY2018_Q4,M&M,FY2018,Q4,Mar 2018,https://www.mahindra.com/resources/investor-reports/FY18/Earnings%20Update/TRANSCRIPT-MM-Q3FY18-Earnings-Con-call-9th-Feb-2018-FINAL.pdf,https://www.bseindia.com/xml-data/corpfiling/CorpAttachment/2018/3/c67a8cc1-e74c-4743-86f8-e5dcb6412edd.pdf,Passenger Cars & Utility Vehicles,Mahindra & Mahindra Ltd.,Mar,Q3
12135,M&M_FY2018_Q2,M&M,FY2018,Q2,Sep 2017,https://www.mahindra.com/resources/investor-reports/FY18/Earnings%20Update/TRANSCRIPT-MandM-Q1FY18-Earnings-Call-04-Aug-2017.pdf,https://www.bseindia.com/xml-data/corpfiling/CorpAttachment/2017/9/3f33782b-dc4a-4143-8a36-770c32c153eb.pdf,Passenger Cars & Utility Vehicles,Mahindra & Mahindra Ltd.,Sep,Q1
12231,MAHLIFE_FY2019_Q1,MAHLIFE,FY2019,Q1,Jun 2018,https://mldllifespacebucket01.s3.amazonaws.com/2019/07/ECS-transcript-June-2018.pdf,https://www.bseindia.com/xml-data/corpfiling/CorpAttachment/2018/7/fa803518-6c08-4ec0-a645-2a34840a0250.pdf,"Residential, Commercial Projects",Mahindra Lifespace Developers Ltd.,Jun,Q4
12281,MAITHANALL_FY2024_Q2,MAITHANALL,FY2024,Q2,Sep 2023,,https://www.maithanalloys.com/wp-content/uploads/2023/09/FY-2022-2023-Investor-Presentation.pdf,Ferro & Silica Manganese,Maithan Alloys Ltd.,Sep,Q1
12282,MAITHANALL_FY2023_Q1,MAITHANALL,FY2023,Q1,Jun 2022,,https://www.bseindia.com/xml-data/corpfiling/AttachHis/c44de04e-d173-451d-ba26-2120f9016596.pdf,Ferro & Silica Manganese,Maithan Alloys Ltd.,Jun,Q4
12310,MALLCOM_FY2024_Q3,MALLCOM,FY2024,Q3,Dec 2023,https://www.bseindia.com/xml-data/corpfiling/AttachHis/dc572d40-f3b7-49cd-baa7-6922bb72470e.pdf,https://www.bseindia.com/xml-data/corpfiling/AttachHis/226ae289-9c39-4a4e-9e8c-d234b41c0ab0.pdf,Other Industrial Products,Mallcom (India) Ltd.,Dec,Q2
12314,MALLCOM_FY2023_Q4,MALLCOM,FY2023,Q4,Mar 2023,https://www.bseindia.com/xml-data/corpfiling/AttachHis/9d12038e-ed77-4fc9-8b67-b39f5bf722a2.pdf,https://www.bseindia.com/xml-data/corpfiling/AttachHis/70a468a5-6d42-47d0-aa9c-41afdfc3beb2.pdf,Other Industrial Products,Mallcom (India) Ltd.,Mar,Q3
12315,MALLCOM_FY2023_Q3,MALLCOM,FY2023,Q3,Dec 2022,https://www.bseindia.com/xml-data/corpfiling/AttachHis/d25a9b7f-9842-46f9-b8cb-ec51b88784c3.pdf,https://www.bseindia.com/xml-data/corpfiling/AttachHis/c5acd604-0097-4f0a-ba1a-eb71359220db.pdf,Other Industrial Products,Mallcom (India) Ltd.,Dec,Q2
12347,MANINDS_FY2019_Q4,MANINDS,FY2019,Q4,Mar 2019,https://www.bseindia.com/xml-data/corpfiling/AttachHis/5f9be964-7f4a-417b-b662-993f46956d7a.pdf,https://www.bseindia.com/xml-data/corpfiling/AttachHis/54047247-1c64-4beb-97d1-b83ca819138e.pdf,Iron & Steel Products,Man Industries (India) Ltd.,Mar,Q3
12371,MANINFRA_FY2017_Q2,MANINFRA,FY2017,Q2,Sep 2016,,https://www.bseindia.com/stockinfo/AnnPdfOpen.aspx?Pname=9AA65831_4C8A_442B_ADEF_F49CD76939D6_111516.pdf,Civil Construction,Man Infraconstruction Ltd.,Sep,Q1
12372,MANINFRA_FY2017_Q1,MANINFRA,FY2017,Q1,Jun 2016,,https://www.bseindia.com/stockinfo/AnnPdfOpen.aspx?Pname=08EDB29C_8C04_417D_B589_E435F2F7F245_125857.pdf,Civil Construction,Man Infraconstruction Ltd.,Jun,Q4
12373,MANINFRA_FY2016_Q3,MANINFRA,FY2016,Q3,Dec 2015,,https://www.bseindia.com/stockinfo/AnnPdfOpen.aspx?Pname=CAEEF8FC_8E7B_49B8_B7C5_B734755FB230_124141.pdf,Civil Construction,Man Infraconstruction Ltd.,Dec,Q2
12379,MANALIPETC_FY2023_Q3,MANALIPETC,FY2023,Q3,Dec 2022,https://www.bseindia.com/xml-data/corpfiling/AttachHis/3991aab5-2763-4e44-87bb-6ae3fc93dfb1.pdf,https://www.bseindia.com/xml-data/corpfiling/AttachHis/60f250b7-7d77-45c7-91dd-8c8d86cb0332.pdf,Petrochemicals,Manali Petrochemicals Ltd.,Dec,Q2
12408,MANAPPURAM_FY2017_Q4,MANAPPURAM,FY2017,Q4,Mar 2017,https://www.manappuram.com/public/uploads/editor-images/files/Manappuram%20-%20Q3%20FY17%20Earnings%20call%20transcript-1.pdf,,Non Banking Financial Company (NBFC),Manappuram Finance Ltd.,Mar,Q3
12454,MWL_FY2024_Q3,MWL,FY2024,Q3,Dec 2023,,https://nsearchives.nseindia.com/corporate/MWL_08122023140740_Revised_Investor_Presentation_08122023.pdf,Trading - Metals,Mangalam Worldwide Ltd.,Dec,Q2
12469,MANOMAY_FY2023_Q3,MANOMAY,FY2023,Q3,Dec 2022,,https://www.bseindia.com/xml-data/corpfiling/AttachHis/4b47a944-e6a5-443f-b32f-3dfbb6ceb013.pdf,Other Textile Products,Manomay Tex India Ltd.,Dec,Q2
12471,FORTIS_FY2021_Q1,FORTIS,FY2021,Q1,Jun 2020,,https://www.bseindia.com/xml-data/corpfiling/AttachHis/4bfc8cd4-296f-4915-9e51-aae93bc25002.pdf,Hospital,Fortis Healthcare Ltd.,Jun,Q4
12473,FORTIS_FY2020_Q1,FORTIS,FY2020,Q1,Jun 2019,https://d3frl090092vlr.cloudfront.net/Earnings-Call-Transcript-for-the-quarter-and-year-end-March-2019.pdf,,Hospital,Fortis Healthcare Ltd.,Jun,Q4
12476,FORTIS_FY2018_Q4,FORTIS,FY2018,Q4,Mar 2018,,https://www.bseindia.com/xml-data/corpfiling/CorpAttachment/2018/3/90131ba4-f98c-4274-acdd-9a23ce7ccbef.pdf,Hospital,Fortis Healthcare Ltd.,Mar,Q3
12513,MARICO_FY2020_Q1,MARICO,FY2020,Q1,Jun 2019,https://marico.com/investorspdf/Marico_Limited_-_Q4FY19_Earnings_Call_Transcript.pdf,,Edible Oil,Marico Ltd.,Jun,Q4
12526,MARINE_FY2023_Q1,MARINE,FY2023,Q1,Jun 2022,,https://archives.nseindia.com/corporate/MARINE_14062022144656_InvestorPresentationQ4and2022.pdf,Industrial Products,Marine Electricals (India) Ltd.,Jun,Q4
12529,MARINE_FY2021_Q2,MARINE,FY2021,Q2,Sep 2020,,https://archives.nseindia.com/corporate/MARINE_29092020161415_MEIL_INVESTORPRESENTATION.pdf,Industrial Products,Marine Electricals (India) Ltd.,Sep,Q1
12538,MARKOLINES_FY2023_Q3,MARKOLINES,FY2023,Q3,Dec 2022,,https://www.bseindia.com/xml-data/corpfiling/AttachHis/21ad1274-8992-4bf5-ad4d-258e17f9e499.pdf,Civil Construction,Markolines Pavement Technologies Ltd.,Dec,Q2
12539,MARKOLINES_FY2023_Q1,MARKOLINES,FY2023,Q1,Jun 2022,,https://www.bseindia.com/xml-data/corpfiling/AttachHis/e3fa3f30-e481-4322-995b-ca6af6746bec.pdf,Civil Construction,Markolines Pavement Technologies Ltd.,Jun,Q4
12556,MARSHALL_FY2024_Q1,MARSHALL,FY2024,Q1,Jun 2023,https://archives.nseindia.com/corporate/MARSHALL_15062023121116_Concall_Marshall_Machines_13062023.pdf,https://archives.nseindia.com/corporate/MARSHALL_13062023195344_Investor_presentation_March2023.pdf,Industrial Products,Marshall Machines Ltd.,Jun,Q4
12609,MASTEK_FY2021_Q3,MASTEK,FY2021,Q3,Dec 2020,https://www.mastek.com/sites/default/files/PDF%20downloads/Finance%20information/Transcripts/2020/Transcript%20-%20Mastek%20Ltd%20-%20Q2FY21%20Earnings%20Call.pdf,https://www.bseindia.com/xml-data/corpfiling/AttachHis/e1a7a41e-bffe-4f76-9600-af7d752041e8.pdf,Computers - Software & Consulting,Mastek Ltd.,Dec,Q2
12612,MASTEK_FY2020_Q4,MASTEK,FY2020,Q4,Mar 2020,https://www.bseindia.com/xml-data/corpfiling/AttachHis/d3814fbd-9783-4a7d-a1c1-3c30bc2742f9.pdf,,Computers - Software & Consulting,Mastek Ltd.,Mar,Q3
12615,MASTEK_FY2019_Q4,MASTEK,FY2019,Q4,Mar 2019,https://www.mastek.com/sites/default/files/PDF%20downloads/Finance%20information/Transcripts/2018/Transcript%20-%20Q4FY19%20Earnings%20Call.pdf,,Computers - Software & Consulting,Mastek Ltd.,Mar,Q3
12617,MASTEK_FY2019_Q2,MASTEK,FY2019,Q2,Sep 2018,,https://www.bseindia.com/xml-data/corpfiling/CorpAttachment/2018/9/160c4cd2-48f5-4878-9ab9-c1e93f9c38cd.pdf,Computers - Software & Consulting,Mastek Ltd.,Sep,Q1
12705,GOCLCORP_FY2020_Q1,GOCLCORP,FY2020,Q1,Jun 2019,https://otw01.in/press/ConcallTranscript12Jun2019.pdf,,Explosives,G O C L Corpn. Ltd.,Jun,Q4
12706,GOCLCORP_FY2018_Q3,GOCLCORP,FY2018,Q3,Dec 2017,https://www.bseindia.com/xml-data/corpfiling/CorpAttachment/2017/12/3d94ad60-4075-4630-a898-fb529fb15d83.pdf,,Explosives,G O C L Corpn. Ltd.,Dec,Q2
12722,MAXHEALTH_FY2021_Q2,MAXHEALTH,FY2021,Q2,Sep 2020,https://www.bseindia.com/xml-data/corpfiling/AttachHis/81357c0e-38cb-419f-a7ce-fb9266dd64ed.pdf,https://www.bseindia.com/xml-data/corpfiling/AttachHis/54347545-b953-48a1-8dcb-4324bfa3658a.pdf,Hospital,Max Healthcare Institute Ltd.,Sep,Q1
12734,MAXIND_FY2024_Q1,MAXIND,FY2024,Q1,Jun 2023,https://www.bseindia.com/xml-data/corpfiling/AttachHis/555e91f4-89d3-46c9-a789-573460707a44.pdf,https://www.bseindia.com/xml-data/corpfiling/AttachHis/ce0bbfd5-70c8-41a3-a3c4-151c9e1dbf32.pdf,Holding Company,Max India Ltd.,Jun,Q4
12762,MAZDOCK_FY2022_Q1,MAZDOCK,FY2022,Q1,Jun 2021,https://mazagondock.in/images/pdf/investor-update-call-transcript-29062021.pdf,,Ship Building & Allied Services,Mazagon Dock Shipbuilders Ltd.,Jun,Q4
12764,MAZDA_FY2024_Q2,MAZDA,FY2024,Q2,Sep 2023,https://www.bseindia.com/xml-data/corpfiling/AttachHis/731e7126-8aaa-4ed8-88a9-89882d381e42.pdf,,Industrial Products,Mazda Ltd.,Sep,Q1
12769,MCON_FY2023_Q4,MCON,FY2023,Q4,Mar 2023,,https://archives.nseindia.com/corporate/MCON_24032023185956_MCon_Rasayan_Investor_Analyst_meeting.pdf,Other Construction Materials,Mcon Rasayan India Ltd.,Mar,Q3
12781,MEDICAMEQ_FY2022_Q3,MEDICAMEQ,FY2022,Q3,Dec 2021,,https://www.bseindia.com/xml-data/corpfiling/AttachHis/e22a32cb-e765-49cf-a051-6adaf11c0d1d.pdf,Pharmaceuticals,Medicamen Biotech Ltd.,Dec,Q2
12806,MEDPLUS_FY2023_Q1,MEDPLUS,FY2023,Q1,Jun 2022,https://www.bseindia.com/xml-data/corpfiling/AttachHis/3722c26f-08cc-4fb3-806b-440d437612f2.pdf,https://www.bseindia.com/xml-data/corpfiling/AttachHis/3c1c9b06-b427-4f38-929a-885b955f53bb.pdf,Pharmacy Retail,Medplus Health Services Ltd.,Jun,Q4
12813,MEGASTAR_FY2022_Q1,MEGASTAR,FY2022,Q1,Jun 2021,,https://www.bseindia.com/xml-data/corpfiling/AttachHis/3e3d5241-a54b-4769-aed0-0ed9740a908a.pdf,Other Food Products,Megastar Foods Ltd.,Jun,Q4
12889,METROPOLIS_FY2021_Q4,METROPOLIS,FY2021,Q4,Mar 2021,https://www.bseindia.com/xml-data/corpfiling/AttachHis/0cbffbde-b114-4028-8fe2-67755326ee3e.pdf,https://www.bseindia.com/xml-data/corpfiling/AttachHis/cc9dc505-b578-4fff-a274-dcf5fe0c1842.pdf,Healthcare Service Provider,Metropolis Healthcare Ltd.,Mar,Q3
12894,METROPOLIS_FY2020_Q2,METROPOLIS,FY2020,Q2,Sep 2019,https://prod-metropolisindia-bucket.s3.ap-south-1.amazonaws.com/Investors/Financials/Q2/Metropolis_Q2FY20_Earnings-Call-Transcript.pdf,https://www.bseindia.com/xml-data/corpfiling/AttachHis/a42a4fdf-37d2-4ece-8ced-37fff2ae24d2.pdf,Healthcare Service Provider,Metropolis Healthcare Ltd.,Sep,Q1
12901,RUSHIL_FY2020_Q3,RUSHIL,FY2020,Q3,Dec 2019,,https://www.bseindia.com/xml-data/corpfiling/AttachHis/a2d317b6-0f53-4670-92d1-86797a6359bb.pdf,Plywood Boards/ Laminates,Rushil Decor Ltd.,Dec,Q2
12958,MINDSPACE_FY2023_Q1,MINDSPACE,FY2023,Q1,Jun 2022,,https://www.bseindia.com/xml-data/corpfiling/AttachHis/04ee1d0b-da28-4bc1-9975-df24aa2da67e.pdf,Real Estate Investment Trusts (REITs),Mindspace Business Parks R E I T,Jun,Q4
12971,MIRCELECTR_FY2020_Q1,MIRCELECTR,FY2020,Q1,Jun 2019,,https://www.bseindia.com/xml-data/corpfiling/AttachHis/672e13ad-d32e-4782-bcd8-cb78f84b1402.pdf,Consumer Electronics,Mirc Electronics Ltd.,Jun,Q4
12983,MIDHANI_FY2021_Q3,MIDHANI,FY2021,Q3,Dec 2020,,https://www.bseindia.com/xml-data/corpfiling/AttachHis/88a6a7b7-20d9-4e3a-a02a-c126db16ec4d.pdf,Aerospace & Defense,Mishra Dhatu Nigam Ltd.,Dec,Q2
12995,MODINATUR_FY2018_Q4,MODINATUR,FY2018,Q4,Mar 2018,,https://www.bseindia.com/xml-data/corpfiling/CorpAttachment/2018/3/6331a6cd-61ca-4368-a7c9-31ceafae1945.pdf,Other Agricultural Products,Modi Naturals Ltd.,Mar,Q3
12996,MODINATUR_FY2018_Q3,MODINATUR,FY2018,Q3,Dec 2017,,https://www.bseindia.com/xml-data/corpfiling/CorpAttachment/2017/12/2cd40c3f-894d-48f9-b5e5-392da4759ca1.pdf,Other Agricultural Products,Modi Naturals Ltd.,Dec,Q2
13004,GENUSPAPER_FY2018_Q4,GENUSPAPER,FY2018,Q4,Mar 2018,,https://www.bseindia.com/xml-data/corpfiling/CorpAttachment/2018/3/fa6b622d-ce26-4e0c-914f-ca200df66865.pdf,Paper & Paper Products,Genus Paper & Boards Ltd.,Mar,Q3
13007,MODINATUR_FY2018_Q1,MODINATUR,FY2018,Q1,Jun 2017,,https://www.bseindia.com/xml-data/corpfiling/CorpAttachment/2017/6/37dc7526-752f-43d0-ab0a-b2094987e61e.pdf,Other Agricultural Products,Modi Naturals Ltd.,Jun,Q4
13013,MODISONLTD_FY2024_Q4,MODISONLTD,FY2024,Q4,Mar 2024,,https://www.bseindia.com/xml-data/corpfiling/AttachHis/f71c6b38-2b45-4058-b294-e7ac53216936.pdf,Other Electrical Equipment,Modison Ltd.,Mar,Q3
13042,MOLDTKPAC_FY2019_Q1,MOLDTKPAC,FY2019,Q1,Jun 2018,https://www.moldtekpackaging.com/pdf/Concall%20Transcripts-June%20-2018.pdf,,Packaging,Mold-Tek Packaging Ltd.,Jun,Q4
13095,MONTECARLO_FY2024_Q1,MONTECARLO,FY2024,Q1,Jun 2023,https://www.bseindia.com/xml-data/corpfiling/AttachHis/2b3484f6-7d39-4939-9cd1-787da8c5df2c.pdf,https://www.bseindia.com/xml-data/corpfiling/AttachHis/49935ef5-afac-4d01-97f6-8f7315f856a3.pdf,Garments & Apparels,Monte Carlo Fashions Ltd.,Jun,Q4
13106,MONTECARLO_FY2021_Q1,MONTECARLO,FY2021,Q1,Jun 2020,https://www.montecarlocorporate.com/Pdfs/Monte%20Carlo%20Fashions_Q4%20%20FY20%20Earnings%20Call%20Transcript_25%20Jun%2020201595219532.pdf,https://www.bseindia.com/xml-data/corpfiling/AttachHis/906e1e1c-3d9f-41a4-be14-b80a9a2013eb.pdf,Garments & Apparels,Monte Carlo Fashions Ltd.,Jun,Q4
13139,GLOBUSSPR_FY2018_Q1,GLOBUSSPR,FY2018,Q1,Jun 2017,https://www.bseindia.com/xml-data/corpfiling/CorpAttachment/2017/6/a5f8b69e-d03a-42ae-9115-b0ce70fc09a1.pdf,https://www.bseindia.com/xml-data/corpfiling/CorpAttachment/2017/5/ab74107b-e7f7-4827-b811-a0405e0d3fed.pdf,Breweries & Distilleries,Globus Spirits Ltd.,Jun,Q4
13160,MOREPENLAB_FY2019_Q1,MOREPENLAB,FY2019,Q1,Jun 2018,https://www.bseindia.com/xml-data/corpfiling/CorpAttachment/2018/6/180d3607-bf57-45eb-97a1-9e5556d5362e.pdf,https://www.bseindia.com/xml-data/corpfiling/CorpAttachment/2018/8/7fd41f09-c91c-4799-b10c-1fc7cebda298.pdf,Pharmaceuticals,Morepen Laboratories Ltd.,Jun,Q4
13164,MOSCHIP_FY2024_Q4,MOSCHIP,FY2024,Q4,Mar 2024,,https://moschip.com/wp-content/uploads/2024/05/Quarter-4.pdf,Computers Hardware & Equipments,Moschip Technologies Ltd.,Mar,Q3
13165,MOSCHIP_FY2024_Q3,MOSCHIP,FY2024,Q3,Dec 2023,,https://moschip.com/wp-content/uploads/2024/01/Outcome-of-BM-_-17-01-2024.pdf,Computers Hardware & Equipments,Moschip Technologies Ltd.,Dec,Q2
13166,MOSCHIP_FY2024_Q2,MOSCHIP,FY2024,Q2,Sep 2023,,https://www.bseindia.com/xml-data/corpfiling/AttachHis/fdd1d278-5b2e-4bb4-b891-4fcb8f57a267.pdf,Computers Hardware & Equipments,Moschip Technologies Ltd.,Sep,Q1
13167,MOSCHIP_FY2024_Q1,MOSCHIP,FY2024,Q1,Jun 2023,,https://www.bseindia.com/xml-data/corpfiling/AttachHis/af8fbf32-8896-43eb-884d-45bb9023bd78.pdf,Computers Hardware & Equipments,Moschip Technologies Ltd.,Jun,Q4
13181,GPIL_FY2022_Q4,GPIL,FY2022,Q4,Mar 2022,,https://www.bseindia.com/xml-data/corpfiling/AttachHis/418ebd63-4715-4a06-bb37-20704de25541.pdf,Iron & Steel Products,Godawari Power & Ispat Ltd.,Mar,Q3
13206,MOTILALOFS_FY2018_Q1,MOTILALOFS,FY2018,Q1,Jun 2017,https://www.motilaloswalgroup.com/Downloads/IR/1177089202MOFS_Con-Call-Transcript_Q1FY18.pdf,,Stockbroking & Allied,Motilal Oswal Financial Services Ltd.,Jun,Q4
13207,MOTILALOFS_FY2017_Q4,MOTILALOFS,FY2017,Q4,Mar 2017,https://www.motilaloswalgroup.com/Downloads/IR/896215624MOFS_Con-Call-Transcript_Q4FY17.pdf,,Stockbroking & Allied,Motilal Oswal Financial Services Ltd.,Mar,Q3
13229,MPHASIS_FY2020_Q1,MPHASIS,FY2020,Q1,Jun 2019,https://www.mphasis.com/content/dam/mphasis-com/global/en/investors/financial-results/2020/q1-Transcript%20of%20Earnings%20Call.pdf,https://www.bseindia.com/xml-data/corpfiling/AttachHis/2a64c642-b6f0-44ca-9ec4-e6d2ce3248b3.pdf,Computers - Software & Consulting,Mphasis Ltd.,Jun,Q4
13235,MPHASIS_FY2018_Q3,MPHASIS,FY2018,Q3,Dec 2017,https://www.mphasis.com/content/dam/mphasis-com/global/en/investors/financial-results/2018/Q2_Transcript_of_Earnings_Call.pdf,https://www.bseindia.com/xml-data/corpfiling/CorpAttachment/2017/12/ef3220ef-ef91-4611-a31b-a4170fac432b.pdf,Computers - Software & Consulting,Mphasis Ltd.,Dec,Q2
13247,MUKTAARTS_FY2020_Q2,MUKTAARTS,FY2020,Q2,Sep 2019,,https://www.bseindia.com/xml-data/corpfiling/AttachHis/417cc1f5-7e3e-4a1a-aa53-ca6b889ade03.pdf,"Film Production, Distribution & Exhibition",Mukta Arts Ltd.,Sep,Q1
13248,MUKTAARTS_FY2018_Q4,MUKTAARTS,FY2018,Q4,Mar 2018,,https://www.bseindia.com/xml-data/corpfiling/CorpAttachment/2018/3/65467c61-60a4-40c9-a75e-5d96242cf518.pdf,"Film Production, Distribution & Exhibition",Mukta Arts Ltd.,Mar,Q3
13335,GOODLUCK_FY2023_Q1,GOODLUCK,FY2023,Q1,Jun 2022,https://www.bseindia.com/xml-data/corpfiling/AttachHis/440bd3eb-e7f6-481e-ae45-f5aacf50cf7c.pdf,https://www.bseindia.com/xml-data/corpfiling/AttachHis/d878b8b5-4197-451d-b2f9-61cce9b5ed61.pdf,Iron & Steel Products,Goodluck India Ltd.,Jun,Q4
13359,MUTHOOTCAP_FY2022_Q1,MUTHOOTCAP,FY2022,Q1,Jun 2021,https://www.bseindia.com/xml-data/corpfiling/AttachHis/71ff21cb-c856-4443-b77a-7a75d2108dff.pdf,,Non Banking Financial Company (NBFC),Muthoot Capital Services Ltd.,Jun,Q4
13394,NACLIND_FY2024_Q2,NACLIND,FY2024,Q2,Sep 2023,,https://www.bseindia.com/xml-data/corpfiling/AttachHis/50aaf69d-02d4-4f67-a687-d6aeb98c21f8.pdf,Pesticides & Agrochemicals,N A C L Industries Ltd.,Sep,Q1
13395,NACLIND_FY2024_Q1,NACLIND,FY2024,Q1,Jun 2023,,https://www.bseindia.com/xml-data/corpfiling/AttachHis/042611ef-7103-4c15-a5bb-9da8fd255355.pdf,Pesticides & Agrochemicals,N A C L Industries Ltd.,Jun,Q4
13403,NACLIND_FY2021_Q4,NACLIND,FY2021,Q4,Mar 2021,,https://www.bseindia.com/xml-data/corpfiling/AttachHis/c7d68ede-7734-464a-98c2-7a4171eb3806.pdf,Pesticides & Agrochemicals,N A C L Industries Ltd.,Mar,Q3
13404,NACLIND_FY2021_Q3,NACLIND,FY2021,Q3,Dec 2020,,https://www.bseindia.com/xml-data/corpfiling/AttachHis/a92dc559-61e2-49f3-9ca9-6f09c2b50c02.pdf,Pesticides & Agrochemicals,N A C L Industries Ltd.,Dec,Q2
13407,NBCC_FY2023_Q4,NBCC,FY2023,Q4,Mar 2023,https://www.bseindia.com/xml-data/corpfiling/AttachHis/68b5e72a-ff0e-409f-86c7-2cb45bd25b4d.pdf,https://www.bseindia.com/xml-data/corpfiling/AttachHis/021f766a-b5cd-4f7e-ac48-35ae54efb3cf.pdf,Civil Construction,N B C C (India) Ltd.,Mar,Q3
13423,NBCC_FY2019_Q1,NBCC,FY2019,Q1,Jun 2018,,https://www.bseindia.com/xml-data/corpfiling/CorpAttachment/2018/6/4ea6bf00-be14-473d-a161-175b48de425d.pdf,Civil Construction,N B C C (India) Ltd.,Jun,Q4
13426,NBCC_FY2018_Q1,NBCC,FY2018,Q1,Jun 2017,,https://www.bseindia.com/xml-data/corpfiling/CorpAttachment/2017/6/319310bc-3360-474a-b727-92976906eefa.pdf,Civil Construction,N B C C (India) Ltd.,Jun,Q4
13454,NCLIND_FY2019_Q1,NCLIND,FY2019,Q1,Jun 2018,,https://www.bseindia.com/xml-data/corpfiling/CorpAttachment/2018/6/79763fed-0be4-4582-80d9-b9be5892e815.pdf,Cement & Cement Products,N C L Industries Ltd.,Jun,Q4
13478,GESHIP_FY2017_Q3,GESHIP,FY2017,Q3,Dec 2016,,https://www.bseindia.com/stockinfo/AnnPdfOpen.aspx?Pname=12A1D6F0_FF79_49A6_9FF6_B26288B1C948_164522.pdf,Shipping,Great Eastern Shipping Co. Ltd.,Dec,Q2
13500,NGLFINE_FY2020_Q3,NGLFINE,FY2020,Q3,Dec 2019,https://www.bseindia.com/xml-data/corpfiling/AttachHis/50005ea5-b53f-4294-b785-5c68e7500963.pdf,,Pharmaceuticals,N G L Fine-Chem Ltd.,Dec,Q2
13583,NMDC_FY2021_Q1,NMDC,FY2021,Q1,Jun 2020,,https://www.bseindia.com/xml-data/corpfiling/AttachHis/abc3fb81-167a-4ffe-9454-5b41eeaceaf8.pdf,Industrial Minerals,N M D C Ltd.,Jun,Q4
13618,GUFICBIO_FY2022_Q1,GUFICBIO,FY2022,Q1,Jun 2021,http://gufic.com/Notice/Transcript%20of%20Investor%20Meeting.pdf,http://gufic.com/Notice/Investor%20Presentation%2008.06.2021.pdf,Pharmaceuticals,Gufic Biosciences Ltd.,Jun,Q4
13622,GUJALKALI_FY2024_Q4,GUJALKALI,FY2024,Q4,Mar 2024,,https://gacl.com/wp-content/uploads/2024/06/Investors-Presentation-March-2024.pdf,Commodity Chemicals,Gujarat Alkalies & Chemicals Ltd.,Mar,Q3
13623,GUJALKALI_FY2024_Q3,GUJALKALI,FY2024,Q3,Dec 2023,,https://gacl.com/wp-content/uploads/2024/02/Investors-Presentation-Dec-2023.pdf,Commodity Chemicals,Gujarat Alkalies & Chemicals Ltd.,Dec,Q2
13625,GUJALKALI_FY2024_Q1,GUJALKALI,FY2024,Q1,Jun 2023,,https://www.bseindia.com/xml-data/corpfiling/AttachHis/2153f1e2-ba06-41e1-9fe3-1da0f7479744.pdf,Commodity Chemicals,Gujarat Alkalies & Chemicals Ltd.,Jun,Q4
13637,NDL_FY2019_Q1,NDL,FY2019,Q1,Jun 2018,https://www.bseindia.com/xml-data/corpfiling/CorpAttachment/2018/6/fbf9789c-e1f9-4418-bb35-ae97a6a69a96.pdf,https://www.bseindia.com/xml-data/corpfiling/CorpAttachment/2018/5/f65b6f89-1888-43ac-aeb0-d36f30141f03.pdf,Other Textile Products,Nandan Denim Ltd.,Jun,Q4
13638,NDL_FY2018_Q3,NDL,FY2018,Q3,Dec 2017,https://www.bseindia.com/xml-data/corpfiling/CorpAttachment/2017/12/4eab0135-d1c7-41f7-96ee-b30c13d18b8c.pdf,https://www.bseindia.com/xml-data/corpfiling/CorpAttachment/2017/12/6b00005f-7fd8-4aa4-99d5-07c7bca693ff.pdf,Other Textile Products,Nandan Denim Ltd.,Dec,Q2
13639,NDL_FY2018_Q1,NDL,FY2018,Q1,Jun 2017,https://www.bseindia.com/xml-data/corpfiling/CorpAttachment/2017/6/3fad333a-f046-4721-afb5-c5514d1b5281.pdf,https://www.bseindia.com/xml-data/corpfiling/CorpAttachment/2017/5/cb96f82f-d629-4f4d-9eb7-d1c468d00188.pdf,Other Textile Products,Nandan Denim Ltd.,Jun,Q4
13640,NDL_FY2017_Q4,NDL,FY2017,Q4,Mar 2017,https://www.bseindia.com/xml-data/corpfiling/CorpAttachment/2017/3/31e0beac-e9c0-4981-bef2-19889ffbc5f4.pdf,https://www.bseindia.com/stockinfo/AnnPdfOpen.aspx?Pname=4CE57C55_F561_4996_A84A_1764B2E1E7DC_153051.pdf,Other Textile Products,Nandan Denim Ltd.,Mar,Q3
13641,NDL_FY2017_Q3,NDL,FY2017,Q3,Dec 2016,https://www.bseindia.com/stockinfo/AnnPdfOpen.aspx?Pname=B6BD9665_EA36_4696_990C_7AD54317484C_185204.pdf,,Other Textile Products,Nandan Denim Ltd.,Dec,Q2
13652,NDL_FY2016_Q4,NDL,FY2016,Q4,Mar 2016,https://www.bseindia.com/stockinfo/AnnPdfOpen.aspx?Pname=2672B87A_1928_4D45_8266_CB7E090EF986_185125.pdf,https://www.bseindia.com/stockinfo/AnnPdfOpen.aspx?Pname=D3891E87_0C4D_4D35_9646_C69E2E14AF10_124701.pdf,Other Textile Products,Nandan Denim Ltd.,Mar,Q3
13655,JAIPURKURT_FY2023_Q1,JAIPURKURT,FY2023,Q1,Jun 2022,,https://archives.nseindia.com/corporate/JAIPURKURT_01062022212421_PRESENTATION.pdf,Garments & Apparels,Nandani Creation Ltd.,Jun,Q4
13694,NATCOPHARM_FY2020_Q1,NATCOPHARM,FY2020,Q1,Jun 2019,https://www.natcopharma.co.in/wp-content/uploads/2019/06/Edel-NatcoPharma-May28-2019.pdf,https://www.bseindia.com/xml-data/corpfiling/AttachHis/039486d5-5470-4cd4-b389-7e5880cdc939.pdf,Pharmaceuticals,Natco Pharma Ltd.,Jun,Q4
13727,GULPOLY_FY2022_Q4,GULPOLY,FY2022,Q4,Mar 2022,,https://www.gulshanindia.com/pdf/investorpresentation/MARQ4FY2021-22.pdf,Other Agricultural Products,Gulshan Polyols Ltd.,Mar,Q3
13728,GULPOLY_FY2022_Q2,GULPOLY,FY2022,Q2,Sep 2021,,https://www.bseindia.com/xml-data/corpfiling/AttachHis/72f4de08-5543-49d3-acc4-1b1e4f27cc76.pdf,Other Agricultural Products,Gulshan Polyols Ltd.,Sep,Q1
13736,NATHBIOGEN_FY2023_Q1,NATHBIOGEN,FY2023,Q1,Jun 2022,https://www.bseindia.com/xml-data/corpfiling/AttachHis/2a408b07-3366-4348-bba1-aee9f6596845.pdf,https://www.bseindia.com/xml-data/corpfiling/AttachHis/645dc102-ab67-46e4-95c9-0340026cfbc6.pdf,Other Agricultural Products,Nath Bio-Genes (India) Ltd.,Jun,Q4
13747,NATHBIOGEN_FY2019_Q2,NATHBIOGEN,FY2019,Q2,Sep 2018,,https://www.bseindia.com/xml-data/corpfiling/CorpAttachment/2018/9/2a3120e3-3edf-447c-a472-69a1482440bf.pdf,Other Agricultural Products,Nath Bio-Genes (India) Ltd.,Sep,Q1
13756,NATIONALUM_FY2024_Q1,NATIONALUM,FY2024,Q1,Jun 2023,,https://www.bseindia.com/xml-data/corpfiling/AttachHis/2d3ca7bd-6a62-42dd-bd55-493d79ebe17c.pdf,Aluminium,National Aluminium Co. Ltd.,Jun,Q4
13757,NATIONALUM_FY2019_Q1,NATIONALUM,FY2019,Q1,Jun 2018,,https://www.bseindia.com/xml-data/corpfiling/CorpAttachment/2018/6/d95375cf-7770-44eb-8719-b3768c10f4ea.pdf,Aluminium,National Aluminium Co. Ltd.,Jun,Q4
13759,NFL_FY2023_Q4,NFL,FY2023,Q4,Mar 2023,,https://www.nationalfertilizers.com/wp-content/uploads/2023/06/Investors-PPT-FY-2022-23-Final_compressed.pdf,Fertilizers,National Fertilizers Ltd.,Mar,Q3
13760,NFL_FY2023_Q2,NFL,FY2023,Q2,Sep 2022,,https://www.nationalfertilizers.com/wp-content/uploads/2023/02/Investors-PPT-Sept-2022-Final.pdf,Fertilizers,National Fertilizers Ltd.,Sep,Q1
13772,NATCAPSUQ_FY2024_Q1,NATCAPSUQ,FY2024,Q1,Jun 2023,https://www.bseindia.com/xml-data/corpfiling/AttachHis/b5cf55ff-812a-444c-b95e-1fc09aba9ea3.pdf,https://www.bseindia.com/xml-data/corpfiling/AttachHis/eeb55a7c-0115-473a-9e71-820300558e7c.pdf,Pharmaceuticals,Natural Capsules Ltd.,Jun,Q4
13788,NAVA_FY2017_Q1,NAVA,FY2017,Q1,Jun 2016,https://www.bseindia.com/stockinfo/AnnPdfOpen.aspx?Pname=F9FA335E_85CA_4D27_842C_AF7F6A85A6FE_185614.pdf,https://www.bseindia.com/stockinfo/AnnPdfOpen.aspx?Pname=6DE517BD_0513_4743_B23D_E5A7591BDBF2_104929.pdf,Power Generation,Nava Ltd.,Jun,Q4
13803,HEG_FY2021_Q4,HEG,FY2021,Q4,Mar 2021,http://hegltd.com/wp-content/uploads/2021/02/SKPSec-HEGLtd-Feb15-2021.pdf,,Electrodes & Refractories,H E G Ltd.,Mar,Q3
13807,HEG_FY2020_Q4,HEG,FY2020,Q4,Mar 2020,https://www.bseindia.com/xml-data/corpfiling/AttachHis/78242f9d-63a2-416c-ad09-089a6922dc27.pdf,https://www.bseindia.com/xml-data/corpfiling/AttachHis/c1d46ee1-5861-46a1-9c2f-6a7a1b78a5c7.pdf,Electrodes & Refractories,H E G Ltd.,Mar,Q3
13828,NAVINFLUOR_FY2020_Q1,NAVINFLUOR,FY2020,Q1,Jun 2019,https://www.nfil.in/investor/ip/SGA30July2019.pdf,https://www.bseindia.com/xml-data/corpfiling/AttachHis/95002c7f-f4af-4293-b8b1-a7d97a91ac7a.pdf,Specialty Chemicals,Navin Fluorine Intl. Ltd.,Jun,Q4
13858,NAVKARCORP_FY2021_Q1,NAVKARCORP,FY2021,Q1,Jun 2020,https://www.navkarcfs.com/b/download/Transcript-NCL-Q4-FY20-Earnings-Conference-Call-30.06.2020.pdf,https://www.bseindia.com/xml-data/corpfiling/AttachHis/a8c82612-bee5-4daf-8968-107a39645dfd.pdf,Logistics Solution Provider,Navkar Corporation Ltd.,Jun,Q4
13976,NESCO_FY2021_Q1,NESCO,FY2021,Q1,Jun 2020,,https://www.bseindia.com/xml-data/corpfiling/AttachHis/20470d58-43ee-4e66-abfc-a74b0ba3917c.pdf,Diversified Commercial Services,Nesco Ltd.,Jun,Q4
13977,NESCO_FY2020_Q2,NESCO,FY2020,Q2,Sep 2019,,https://www.bseindia.com/xml-data/corpfiling/AttachHis/0c8ea2b4-33a5-46fe-90e6-26634b942697.pdf,Diversified Commercial Services,Nesco Ltd.,Sep,Q1
13978,NESCO_FY2019_Q4,NESCO,FY2019,Q4,Mar 2019,,https://www.bseindia.com/xml-data/corpfiling/AttachHis/d6a7240d-76c4-4b0d-9700-07c8daa5e6b3.pdf,Diversified Commercial Services,Nesco Ltd.,Mar,Q3
13979,NESTLEIND_FY2019_Q4,NESTLEIND,FY2019,Q4,Mar 2019,,https://www.bseindia.com/xml-data/corpfiling/AttachHis/39f0ab5a-4bca-49c8-b94d-1f8d23894565.pdf,Packaged Foods,Nestle India Ltd.,Mar,Q3
14020,HAVELLS_FY2019_Q1,HAVELLS,FY2019,Q1,Jun 2018,https://www.havells.com/HavellsProductImages/HavellsIndia/Content/pdf/About-Havells/Investor-Relations/Financials/Quaterly-Results/Transcript_Q1_FY19.pdf,https://www.bseindia.com/xml-data/corpfiling/CorpAttachment/2018/6/c6a05799-b445-45be-8490-2675b9769818.pdf,Consumer Electronics,Havells India Ltd.,Jun,Q4
14071,NEWJAISA_FY2024_Q3,NEWJAISA,FY2024,Q3,Dec 2023,https://nsearchives.nseindia.com/corporate/NEWJAISA_29112023160342_AnnouncementTranscript.pdf,https://nsearchives.nseindia.com/corporate/NEWJAISA_07122023191543_Announcement_NJ_Presentation.pdf,Computers Hardware & Equipments,Newjaisa Technologies Ltd.,Dec,Q2
14104,NILAINFRA_FY2021_Q4,NILAINFRA,FY2021,Q4,Mar 2021,https://www.bseindia.com/xml-data/corpfiling/AttachHis/610ab193-c88c-440b-99b8-a22c2beccf21.pdf,https://www.bseindia.com/xml-data/corpfiling/AttachHis/6d7206b2-7b97-4b21-aa2e-0ab95770ac52.pdf,"Residential, Commercial Projects",Nila Infrastructures Ltd.,Mar,Q3
14105,NILAINFRA_FY2021_Q3,NILAINFRA,FY2021,Q3,Dec 2020,https://www.bseindia.com/xml-data/corpfiling/AttachHis/c2334df6-0f1a-4d09-911a-7848bf8c4f61.pdf,https://www.bseindia.com/xml-data/corpfiling/AttachHis/20505b3e-9c30-4003-b2fc-cad97efe7032.pdf,"Residential, Commercial Projects",Nila Infrastructures Ltd.,Dec,Q2
14115,NILAINFRA_FY2018_Q4,NILAINFRA,FY2018,Q4,Mar 2018,http://www.nilainfra.com/pdfs/News%20&amp;%20Updates/Q3FY18_Earnings_Call_Transcript.pdf,,"Residential, Commercial Projects",Nila Infrastructures Ltd.,Mar,Q3
14117,NILAINFRA_FY2018_Q2,NILAINFRA,FY2018,Q2,Sep 2017,https://www.bseindia.com/xml-data/corpfiling/CorpAttachment/2017/9/ba3f5b7f-ea1c-4397-98b4-7e0377dea6cf.pdf,https://www.bseindia.com/xml-data/corpfiling/CorpAttachment/2017/9/6f59623e-d784-4aad-bf16-54ae226d8aa3.pdf,"Residential, Commercial Projects",Nila Infrastructures Ltd.,Sep,Q1
14119,NILAINFRA_FY2018_Q1,NILAINFRA,FY2018,Q1,Jun 2017,https://www.bseindia.com/xml-data/corpfiling/CorpAttachment/2017/6/44136d16-2f64-4811-be5e-9f1929e1652f.pdf,https://www.bseindia.com/xml-data/corpfiling/CorpAttachment/2017/5/3f784377-8547-43c0-9129-33a0d3bd47dc.pdf,"Residential, Commercial Projects",Nila Infrastructures Ltd.,Jun,Q4
14121,NILAINFRA_FY2017_Q4,NILAINFRA,FY2017,Q4,Mar 2017,https://www.bseindia.com/xml-data/corpfiling/CorpAttachment/2017/3/10cec64b-4a8a-4639-85fa-9fac719d7cbd.pdf,https://www.bseindia.com/stockinfo/AnnPdfOpen.aspx?Pname=773B7869_7929_41D3_B520_2BBAE501E07E_171736.pdf,"Residential, Commercial Projects",Nila Infrastructures Ltd.,Mar,Q3
14122,NILAINFRA_FY2017_Q3,NILAINFRA,FY2017,Q3,Dec 2016,http://www.nilainfra.com/pdfs/News%20&amp;%20Updates/Nila_Infrastructures_Q2FY17_Earnings_Call_Transcript.pdf,https://www.bseindia.com/stockinfo/AnnPdfOpen.aspx?Pname=D799D4D6_CC79_4959_A13F_E334D4F59A7D_180807.pdf,"Residential, Commercial Projects",Nila Infrastructures Ltd.,Dec,Q2
14125,NILAINFRA_FY2016_Q4,NILAINFRA,FY2016,Q4,Mar 2016,https://www.bseindia.com/stockinfo/AnnPdfOpen.aspx?Pname=86EB38A0_BD1E_46CA_8C37_9A0E1D161BC3_124109.pdf,https://www.bseindia.com/stockinfo/AnnPdfOpen.aspx?Pname=C00B592F_FDE1_4B65_9824_D496E8C8D256_160417.pdf,"Residential, Commercial Projects",Nila Infrastructures Ltd.,Mar,Q3
14126,NILAINFRA_FY2016_Q3,NILAINFRA,FY2016,Q3,Dec 2015,https://www.bseindia.com/stockinfo/AnnPdfOpen.aspx?Pname=A4E84B42_AFA6_48E2_9815_6FE121AD912C_125318.pdf,https://www.bseindia.com/stockinfo/AnnPdfOpen.aspx?Pname=FDCF8FE6_3A4A_44D3_8341_492AE4E6C15F_144639.pdf,"Residential, Commercial Projects",Nila Infrastructures Ltd.,Dec,Q2
14128,NILASPACES_FY2019_Q3,NILASPACES,FY2019,Q3,Dec 2018,,https://www.bseindia.com/xml-data/corpfiling/CorpAttachment/2018/12/1d1c9486-8d80-4634-854a-01b2fc79a52a.pdf,"Residential, Commercial Projects",Nila Spaces Ltd.,Dec,Q2
14195,NITIRAJ_FY2022_Q1,NITIRAJ,FY2022,Q1,Jun 2021,,https://archives.nseindia.com/corporate/NITIRAJ_23062021165857_Nitiraj_Engineers_Investor_Presentation.pdf,Other Electrical Equipment,Nitiraj Engineers Ltd.,Jun,Q4
14220,HSCL_FY2019_Q1,HSCL,FY2019,Q1,Jun 2018,https://www.bseindia.com/xml-data/corpfiling/CorpAttachment/2018/6/d5bfaabd-d2d9-4ac4-959b-ce6b98c3a64b.pdf,https://www.bseindia.com/xml-data/corpfiling/CorpAttachment/2018/5/20a8c2d8-ff82-48f3-a36f-ca5051efe5ac.pdf,Specialty Chemicals,Himadri Speciality Chemical Ltd.,Jun,Q4
14319,OIL_FY2024_Q1,OIL,FY2024,Q1,Jun 2023,https://www.bseindia.com/xml-data/corpfiling/AttachHis/a4232a7a-dc24-4dad-832e-c8e036a42647.pdf,https://oil-india.com/Document/Financial/Investor_meet_2threeFinal.pdf,Oil Exploration & Production,Oil India Ltd.,Jun,Q4
14322,OIL_FY2023_Q1,OIL,FY2023,Q1,Jun 2022,https://www.oil-india.com/files/investor_services_documents/Transcript_Investors_Analysts_Meet_03062022.pdf,https://www.bseindia.com/xml-data/corpfiling/AttachHis/a0fa681d-3d52-4f09-8c6e-bc017e5c58be.pdf,Oil Exploration & Production,Oil India Ltd.,Jun,Q4
14353,OMINFRAL_FY2024_Q1,OMINFRAL,FY2024,Q1,Jun 2023,https://www.bseindia.com/xml-data/corpfiling/AttachHis/a8ae0c7c-0f35-46ca-9c65-487f2ff140ef.pdf,,Civil Construction,Om Infra Ltd.,Jun,Q4
14356,OMINFRAL_FY2023_Q1,OMINFRAL,FY2023,Q1,Jun 2022,,https://www.bseindia.com/xml-data/corpfiling/AttachHis/d573a701-45c1-4ff7-9cf9-e2a916bb89de.pdf,Civil Construction,Om Infra Ltd.,Jun,Q4
14361,OMINFRAL_FY2021_Q2,OMINFRAL,FY2021,Q2,Sep 2020,,https://www.bseindia.com/xml-data/corpfiling/AttachHis/350927b6-2d59-4a53-818e-4c79ce208064.pdf,Civil Construction,Om Infra Ltd.,Sep,Q1
14366,OMINFRAL_FY2019_Q4,OMINFRAL,FY2019,Q4,Mar 2019,,https://www.bseindia.com/xml-data/corpfiling/AttachHis/327c5556-fdff-4ba5-9f15-ddcb3b11e0e2.pdf,Civil Construction,Om Infra Ltd.,Mar,Q3
14369,OMINFRAL_FY2018_Q2,OMINFRAL,FY2018,Q2,Sep 2017,,https://www.bseindia.com/xml-data/corpfiling/CorpAttachment/2017/9/5f93a3ce-00dc-4eda-9d9b-f9fb1b168805.pdf,Civil Construction,Om Infra Ltd.,Sep,Q1
14371,OMINFRAL_FY2017_Q1,OMINFRAL,FY2017,Q1,Jun 2016,http://www.ommetals.com/files/Om_Metals_Infraprojects_Concall_Transcript_Q4%20FY16.pdf,https://www.bseindia.com/stockinfo/AnnPdfOpen.aspx?Pname=13706062_EEB9_4C11_90E7_4838612F629C_122348.pdf,Civil Construction,Om Infra Ltd.,Jun,Q4
14392,OMFURN_FY2024_Q4,OMFURN,FY2024,Q4,Mar 2024,,https://nsearchives.nseindia.com/corporate/OMFURN_13032024153921_NSEInvestorpresentation.pdf,"Furniture, Home Furnishing",Omfurn India Ltd.,Mar,Q3
14397,OMKARCHEM_FY2017_Q1,OMKARCHEM,FY2017,Q1,Jun 2016,https://www.bseindia.com/stockinfo/AnnPdfOpen.aspx?Pname=20482A0D_5C82_4A66_A3D1_D09BACC59A78_121149.pdf,https://www.bseindia.com/stockinfo/AnnPdfOpen.aspx?Pname=EAF12448_F31C_45F9_88D4_1EEEB81A4676_122645.pdf,Specialty Chemicals,Omkar Speciality Chemicals Ltd.,Jun,Q4
14460,HINDUNILVR_FY2018_Q1,HINDUNILVR,FY2018,Q1,Jun 2017,,https://www.bseindia.com/xml-data/corpfiling/CorpAttachment/2017/6/ed0e8daa-99c4-4e4c-8d9e-3f4085bff300.pdf,Diversified FMCG,Hindustan Unilever Ltd.,Jun,Q4
14486,POWERINDIA_FY2022_Q4,POWERINDIA,FY2022,Q4,Mar 2022,,https://www.bseindia.com/xml-data/corpfiling/AttachHis/95dd5d7c-b112-4b54-9991-7780ff2d4f82.pdf,Heavy Electrical Equipment,Hitachi Energy India Ltd.,Mar,Q3
14503,ORCHPHARMA_FY2022_Q1,ORCHPHARMA,FY2022,Q1,Jun 2021,,https://www.bseindia.com/xml-data/corpfiling/AttachHis/dd6f103a-349e-4563-9ac4-8d9170097677.pdf,Pharmaceuticals,Orchid Pharma Ltd.,Jun,Q4
14514,ORICONENT_FY2019_Q2,ORICONENT,FY2019,Q2,Sep 2018,,https://www.bseindia.com/xml-data/corpfiling/CorpAttachment/2018/9/f015e989-bc34-40a4-9eb0-017064bcc1a2.pdf,Packaging,Oricon Enterprises Ltd.,Sep,Q1
14515,ORICONENT_FY2019_Q1,ORICONENT,FY2019,Q1,Jun 2018,,https://www.bseindia.com/xml-data/corpfiling/CorpAttachment/2018/6/151223b0-06bc-4c3f-9f86-b0c71bd4fa15.pdf,Packaging,Oricon Enterprises Ltd.,Jun,Q4
14516,ORICONENT_FY2018_Q4,ORICONENT,FY2018,Q4,Mar 2018,,https://www.bseindia.com/xml-data/corpfiling/CorpAttachment/2018/3/764e3932-a08c-4157-ac34-d432876a31c4.pdf,Packaging,Oricon Enterprises Ltd.,Mar,Q3
14518,ORICONENT_FY2018_Q1,ORICONENT,FY2018,Q1,Jun 2017,,https://www.bseindia.com/xml-data/corpfiling/CorpAttachment/2017/6/99417ae2-76c8-4203-9d12-400457c7ae15.pdf,Packaging,Oricon Enterprises Ltd.,Jun,Q4
14519,ORICONENT_FY2017_Q4,ORICONENT,FY2017,Q4,Mar 2017,,https://www.bseindia.com/xml-data/corpfiling/CorpAttachment/2017/3/a217e533-69ed-4071-ab6c-cd919d2e606b.pdf,Packaging,Oricon Enterprises Ltd.,Mar,Q3
14521,ORICONENT_FY2017_Q2,ORICONENT,FY2017,Q2,Sep 2016,,https://www.bseindia.com/stockinfo/AnnPdfOpen.aspx?Pname=F31C6560_DC90_4BF7_8A5B_AA4D15C57C9C_155914.pdf,Packaging,Oricon Enterprises Ltd.,Sep,Q1
14557,ORIENTBELL_FY2018_Q2,ORIENTBELL,FY2018,Q2,Sep 2017,,https://www.bseindia.com/xml-data/corpfiling/CorpAttachment/2017/9/97f67488-306d-4014-b2c9-b4a01a8946f8.pdf,Ceramics,Orient Bell Ltd.,Sep,Q1
14593,GREENPOWER_FY2021_Q1,GREENPOWER,FY2021,Q1,Jun 2020,https://www.bseindia.com/xml-data/corpfiling/AttachHis/a904b8b8-81a9-4aee-8720-ab7dd0d9ce4b.pdf,https://www.bseindia.com/xml-data/corpfiling/AttachHis/ac46efe9-e6e8-4d6e-8915-876ed59e2a71.pdf,Power Generation,Orient Green Power Co. Ltd.,Jun,Q4
14623,OAL_FY2024_Q4,OAL,FY2024,Q4,Mar 2024,https://www.bseindia.com/xml-data/corpfiling/AttachHis/8106e5e7-686f-4cc5-b955-d6df9562409b.pdf,https://www.bseindia.com/xml-data/corpfiling/AttachHis/385ad5a6-d100-4760-a6c8-ceb56d6772dd.pdf,Specialty Chemicals,Oriental Aromatics Ltd.,Mar,Q3
14626,OAL_FY2024_Q1,OAL,FY2024,Q1,Jun 2023,https://www.bseindia.com/xml-data/corpfiling/AttachHis/fa1b6278-e9e2-434e-9947-ec8e2d628615.pdf,https://www.bseindia.com/xml-data/corpfiling/AttachHis/c734e756-9059-451e-bcca-76c569e70144.pdf,Specialty Chemicals,Oriental Aromatics Ltd.,Jun,Q4
14639,OAL_FY2020_Q4,OAL,FY2020,Q4,Mar 2020,,https://www.bseindia.com/xml-data/corpfiling/AttachHis/ce91483c-6979-4dc0-94d2-aa3195569dcd.pdf,Specialty Chemicals,Oriental Aromatics Ltd.,Mar,Q3
14694,PCBL_FY2019_Q1,PCBL,FY2019,Q1,Jun 2018,,https://www.bseindia.com/xml-data/corpfiling/CorpAttachment/2018/6/dcba89eb-6bf5-4b07-a5d8-f4865aaeb3ce.pdf,Carbon Black,P C B L Chemical Ltd.,Jun,Q4
14698,PCBL_FY2018_Q1,PCBL,FY2018,Q1,Jun 2017,,https://www.bseindia.com/xml-data/corpfiling/CorpAttachment/2017/6/512ec683-0bc5-4e4d-a484-89ce1e036c72.pdf,Carbon Black,P C B L Chemical Ltd.,Jun,Q4
14721,PDSL_FY2018_Q2,PDSL,FY2018,Q2,Sep 2017,,https://www.bseindia.com/xml-data/corpfiling/CorpAttachment/2017/9/eb852ba1-b79b-426d-b722-20b2fadecdc4.pdf,Trading - Textile Products,P D S Ltd.,Sep,Q1
14722,PDSL_FY2018_Q1,PDSL,FY2018,Q1,Jun 2017,,https://www.bseindia.com/xml-data/corpfiling/CorpAttachment/2017/6/40390b83-1b46-41b3-8e12-282a574de05b.pdf,Trading - Textile Products,P D S Ltd.,Jun,Q4
14749,PGEL_FY2021_Q4,PGEL,FY2021,Q4,Mar 2021,,https://www.bseindia.com/xml-data/corpfiling/AttachHis/eed212e7-98e5-4e40-9162-b472bdf441de.pdf,Consumer Electronics,P G Electroplast Ltd.,Mar,Q3
14756,RUSHIL_FY2018_Q1,RUSHIL,FY2018,Q1,Jun 2017,,https://www.bseindia.com/xml-data/corpfiling/CorpAttachment/2017/6/e5cd92c6-5cbe-48fc-83a1-ca05a28ee954.pdf,Plywood Boards/ Laminates,Rushil Decor Ltd.,Jun,Q4
14757,IFGLEXPOR_FY2022_Q1,IFGLEXPOR,FY2022,Q1,Jun 2021,https://www.bseindia.com/xml-data/corpfiling/AttachHis/a46f7247-9e0a-4365-b0d6-43008a40b48c.pdf,https://www.bseindia.com/xml-data/corpfiling/AttachHis/80a0deda-4b90-4e8f-a678-796f4e5c5a92.pdf,Electrodes & Refractories,I F G L Refractories Ltd.,Jun,Q4
14788,PIIND_FY2019_Q1,PIIND,FY2019,Q1,Jun 2018,https://www.piindustries.com/Media/Documents/PI%20Industries%20-%20Q4%20FY18%20Concall%20Transcript.pdf,https://www.bseindia.com/xml-data/corpfiling/CorpAttachment/2018/6/d54daa0a-15b7-4d8f-bb46-22cafbe64d7b.pdf,Pesticides & Agrochemicals,P I Industries Ltd.,Jun,Q4
14838,IL&FSTRANS_FY2017_Q2,IL&FSTRANS,FY2017,Q2,Sep 2016,http://www.itnlindia.com/application/web_directory/Corporate%20Presentations/ITNL_Analyst%20Meet_Transcript_2016.pdf,,Civil Construction,I L & F S Transportation Networks Ltd.,Sep,Q1
14854,PNCINFRA_FY2022_Q1,PNCINFRA,FY2022,Q1,Jun 2021,https://www.pncinfratech.com/pdfs/earning-call-transcript-q4fy-21.pdf,https://www.bseindia.com/xml-data/corpfiling/AttachHis/ea6abfaf-e4b6-4ab8-a9fd-548b7700ce8b.pdf,Civil Construction,P N C Infratech Ltd.,Jun,Q4
14959,PFS_FY2023_Q1,PFS,FY2023,Q1,Jun 2022,https://www.bseindia.com/xml-data/corpfiling/AttachHis/99aa0735-f340-4479-84dc-53093f5aefd9.pdf,https://www.bseindia.com/xml-data/corpfiling/AttachHis/851abc7b-d7bc-44fb-81da-a2313dd741ba.pdf,Non Banking Financial Company (NBFC),P T C India Financial Services Ltd.,Jun,Q4
14975,PFS_FY2022_Q1,PFS,FY2022,Q1,Jun 2021,https://www.ptcfinancial.com/upload/pdf/ConcalQ4FY2021.pdf,https://www.bseindia.com/xml-data/corpfiling/AttachHis/68102bb9-43c6-4afc-9284-e6f80e3fad7f.pdf,Non Banking Financial Company (NBFC),P T C India Financial Services Ltd.,Jun,Q4
14988,PTC_FY2022_Q1,PTC,FY2022,Q1,Jun 2021,https://www.ptcindia.com/wp-content/uploads/2021/06/Concall-PTC-India-Ltd-25062021-1.pdf,https://www.bseindia.com/xml-data/corpfiling/AttachHis/c5895c37-4531-4884-88ba-d922ad4621b7.pdf,Power Trading,P T C India Ltd.,Jun,Q4
14993,INDNIPPON_FY2024_Q4,INDNIPPON,FY2024,Q4,Mar 2024,,https://www.bseindia.com/xml-data/corpfiling/AttachHis/a5a4ebbe-98b9-4a60-869c-322b73b3bff1.pdf,Auto Components & Equipments,India Nippon Electricals Ltd.,Mar,Q3
15008,PTCIL_FY2024_Q1,PTCIL,FY2024,Q1,Jun 2023,https://www.bseindia.com/xml-data/corpfiling/AttachHis/2dabc786-352a-445c-b059-266c901db0c3.pdf,https://www.bseindia.com/xml-data/corpfiling/AttachHis/f39b0e68-982e-4199-8b51-304bdd0f4f8c.pdf,Other Industrial Products,P T C Industries Ltd.,Jun,Q4
15012,PTCIL_FY2022_Q2,PTCIL,FY2022,Q2,Sep 2021,,https://www.bseindia.com/xml-data/corpfiling/AttachHis/b5d68bb7-35e1-4d05-a5bc-fffc1c80a23e.pdf,Other Industrial Products,P T C Industries Ltd.,Sep,Q1
15013,PTCIL_FY2021_Q4,PTCIL,FY2021,Q4,Mar 2021,,https://www.bseindia.com/xml-data/corpfiling/AttachHis/ef43faf7-438d-4488-a664-26cf6d060e31.pdf,Other Industrial Products,P T C Industries Ltd.,Mar,Q3
15014,PTCIL_FY2021_Q2,PTCIL,FY2021,Q2,Sep 2020,,https://www.bseindia.com/xml-data/corpfiling/AttachHis/01bdf078-3903-4ecf-8331-74e5944c4553.pdf,Other Industrial Products,P T C Industries Ltd.,Sep,Q1
15016,PTCIL_FY2019_Q2,PTCIL,FY2019,Q2,Sep 2018,,https://www.bseindia.com/xml-data/corpfiling/CorpAttachment/2018/9/b068b49c-5eca-44b8-9e99-6cc53e4129ac.pdf,Other Industrial Products,P T C Industries Ltd.,Sep,Q1
15017,PTCIL_FY2018_Q2,PTCIL,FY2018,Q2,Sep 2017,,https://www.bseindia.com/xml-data/corpfiling/CorpAttachment/2017/9/85c44d17-eacb-4b49-9fae-77b63239a284.pdf,Other Industrial Products,P T C Industries Ltd.,Sep,Q1
15034,PVRINOX_FY2021_Q1,PVRINOX,FY2021,Q1,Jun 2020,https://originserver-static1-uat.pvrcinemas.com/pvrcms/financial/38062020110400038_232.pdf,https://www.bseindia.com/xml-data/corpfiling/AttachHis/667659d6-5ea3-4f3d-851a-1034b3e57e9c.pdf,"Film Production, Distribution & Exhibition",P V R Inox Ltd.,Jun,Q4
15035,PVRINOX_FY2020_Q4,PVRINOX,FY2020,Q4,Mar 2020,https://www.bseindia.com/xml-data/corpfiling/AttachHis/997277d5-6a6b-4528-87ba-2397eb0ed563.pdf,,"Film Production, Distribution & Exhibition",P V R Inox Ltd.,Mar,Q3
15057,PAGEIND_FY2020_Q4,PAGEIND,FY2020,Q4,Mar 2020,https://www.bseindia.com/xml-data/corpfiling/AttachHis/588d4f5a-69ef-486c-a8b2-6171cdfb700d.pdf,https://www.bseindia.com/xml-data/corpfiling/AttachHis/1ee3ea64-2f56-4011-b6f1-5ff810bb3ccb.pdf,Garments & Apparels,Page Industries Ltd.,Mar,Q3
15058,PAGEIND_FY2019_Q3,PAGEIND,FY2019,Q3,Dec 2018,,https://www.bseindia.com/xml-data/corpfiling/CorpAttachment/2018/12/186744b2-15fa-4aea-8d2f-2d086844cec6.pdf,Garments & Apparels,Page Industries Ltd.,Dec,Q2
15085,PAKKA_FY2021_Q2,PAKKA,FY2021,Q2,Sep 2020,,https://www.bseindia.com/xml-data/corpfiling/AttachHis/a4f96181-e71e-4d8c-be66-d67fd6ea325e.pdf,Paper & Paper Products,Pakka Ltd.,Sep,Q1
15093,PANAMAPET_FY2024_Q1,PANAMAPET,FY2024,Q1,Jun 2023,https://www.bseindia.com/xml-data/corpfiling/AttachHis/907f3aad-42df-4b4d-8994-3d42bfca4419.pdf,,Lubricants,Panama Petrochem Ltd.,Jun,Q4
15100,PAR_FY2024_Q1,PAR,FY2024,Q1,Jun 2023,,https://archives.nseindia.com/corporate/PAR_26062023155245_InvestorPresentationJune23.pdf,Pharmaceuticals,Par Drugs & Chemicals Ltd.,Jun,Q4
15101,PAR_FY2023_Q4,PAR,FY2023,Q4,Mar 2023,,https://www.pardrugs.com/pdf/notices/InvestorConferanceIntimation15032023.pdf,Pharmaceuticals,Par Drugs & Chemicals Ltd.,Mar,Q3
15108,PAR_FY2022_Q1,PAR,FY2022,Q1,Jun 2021,,https://archives.nseindia.com/corporate/PAR_18062021104335_InvestorPresentation18062021.pdf,Pharmaceuticals,Par Drugs & Chemicals Ltd.,Jun,Q4
15110,PAR_FY2021_Q1,PAR,FY2021,Q1,Jun 2020,,https://archives.nseindia.com/corporate/PAR_17062020123738_InvestorPresentationJUNE2020.pdf,Pharmaceuticals,Par Drugs & Chemicals Ltd.,Jun,Q4
15111,PAR_FY2020_Q2,PAR,FY2020,Q2,Sep 2019,,http://pardrugs.com/pdf/notices/Investor-Presentation-Sept-2019.pdf,Pharmaceuticals,Par Drugs & Chemicals Ltd.,Sep,Q1
15156,PARAGMILK_FY2017_Q2,PARAGMILK,FY2017,Q2,Sep 2016,https://www.paragmilkfoods.com/parag_uploads/images/pdfs/O8cpTn2tW4SE4oRLSFtx.pdf,https://www.bseindia.com/stockinfo/AnnPdfOpen.aspx?Pname=65B66DA0_35BC_423D_BCC5_DBBF805D71BC_194402.pdf,Dairy Products,Parag Milk Foods Ltd.,Sep,Q1
15157,PARAGMILK_FY2017_Q1,PARAGMILK,FY2017,Q1,Jun 2016,https://www.paragmilkfoods.com/parag_uploads/images/pdfs/v6I8fMlb4wzGEZ5tWPHB.pdf,https://www.bseindia.com/stockinfo/AnnPdfOpen.aspx?Pname=B7593AF4_D290_4E09_A935_4A8383B34454_120157.pdf,Dairy Products,Parag Milk Foods Ltd.,Jun,Q4
15160,PARAGON_FY2024_Q3,PARAGON,FY2024,Q3,Dec 2023,,https://nsearchives.nseindia.com/corporate/PARAGON_02122023201345_PARAGONPPTDEC1.pdf,Dyes And Pigments,Paragon Fine & Speciality Chemical Ltd.,Dec,Q2
15172,INDTERRAIN_FY2021_Q1,INDTERRAIN,FY2021,Q1,Jun 2020,,https://www.bseindia.com/xml-data/corpfiling/AttachHis/8d846d15-eaa6-463c-bde5-a2718fd2a8b9.pdf,Garments & Apparels,Indian Terrain Fashions Ltd.,Jun,Q4
15188,PARAS_FY2024_Q2,PARAS,FY2024,Q2,Sep 2023,,https://www.youtube.com/watch?v=FUd5UakXf1Y,Aerospace & Defense,Paras Defence & Space Technologies Ltd.,Sep,Q1
15224,INDOAMIN_FY2020_Q1,INDOAMIN,FY2020,Q1,Jun 2019,https://www.bseindia.com/xml-data/corpfiling/AttachHis/4cd9c235-5ba9-496f-97f7-9f54fcc25867.pdf,,Specialty Chemicals,Indo Amines Ltd.,Jun,Q4
15262,PENINLAND_FY2019_Q1,PENINLAND,FY2019,Q1,Jun 2018,https://www.bseindia.com/xml-data/corpfiling/CorpAttachment/2018/6/32628a2f-8ceb-46cf-a991-b23a6cd1bfdb.pdf,,"Residential, Commercial Projects",Peninsula Land Ltd.,Jun,Q4
15264,PENINLAND_FY2017_Q3,PENINLAND,FY2017,Q3,Dec 2016,https://www.bseindia.com/stockinfo/AnnPdfOpen.aspx?Pname=1CC85AC1_62CE_4BEF_AA09_4D9471D3113A_185057.pdf,,"Residential, Commercial Projects",Peninsula Land Ltd.,Dec,Q2
15443,PIRAMALFIN_FY2017_Q3,PIRAMALFIN,FY2017,Q3,Dec 2016,,https://www.bseindia.com/stockinfo/AnnPdfOpen.aspx?Pname=5C3E3576_CF04_43C3_9048_BCC757688B88_165914.pdf,Non Banking Financial Company (NBFC),Piramal Finance Ltd.,Dec,Q2
15444,PIRAMALFIN_FY2017_Q2,PIRAMALFIN,FY2017,Q2,Sep 2016,,https://www.bseindia.com/stockinfo/AnnPdfOpen.aspx?Pname=B6509EB5_0782_420B_89EF_D62E22F96AA3_170203.pdf,Non Banking Financial Company (NBFC),Piramal Finance Ltd.,Sep,Q1
15487,PODDARHOUS_FY2023_Q1,PODDARHOUS,FY2023,Q1,Jun 2022,,https://www.bseindia.com/xml-data/corpfiling/AttachHis/c01b9e61-7d5f-483a-a32e-c18d083e81a8.pdf,"Residential, Commercial Projects",Poddar Housing & Devp. Ltd.,Jun,Q4
15492,PODDARHOUS_FY2020_Q4,PODDARHOUS,FY2020,Q4,Mar 2020,,https://www.bseindia.com/xml-data/corpfiling/AttachHis/2401e018-1c4a-4bd5-8328-ba97038f5601.pdf,"Residential, Commercial Projects",Poddar Housing & Devp. Ltd.,Mar,Q3
15511,INTENTECH_FY2018_Q1,INTENTECH,FY2018,Q1,Jun 2017,https://www.bseindia.com/xml-data/corpfiling/CorpAttachment/2017/6/f0466e8e-f69d-4cae-8012-d174f7c24c8f.pdf,,Software Products,Intense Technologies Ltd.,Jun,Q4
15512,INTENTECH_FY2017_Q4,INTENTECH,FY2017,Q4,Mar 2017,https://www.bseindia.com/xml-data/corpfiling/CorpAttachment/2017/3/74d8b715-992a-4920-a6be-c0f11df667af.pdf,,Software Products,Intense Technologies Ltd.,Mar,Q3
15514,POKARNA_FY2020_Q1,POKARNA,FY2020,Q1,Jun 2019,,https://www.bseindia.com/xml-data/corpfiling/AttachHis/f5416672-f421-454e-b5ad-a6bc2f4bac0e.pdf,Granites & Marbles,Pokarna Ltd.,Jun,Q4
15519,POKARNA_FY2018_Q2,POKARNA,FY2018,Q2,Sep 2017,https://www.bseindia.com/xml-data/corpfiling/CorpAttachment/2017/9/8b3eda5c-0d38-45fe-99c3-6d669d4f19da.pdf,https://www.bseindia.com/xml-data/corpfiling/CorpAttachment/2017/9/cbaa0756-1551-4206-9ef3-187c6baa24d2.pdf,Granites & Marbles,Pokarna Ltd.,Sep,Q1
15539,INTLCONV_FY2024_Q1,INTLCONV,FY2024,Q1,Jun 2023,,https://www.bseindia.com/xml-data/corpfiling/AttachHis/ed2aa725-e73c-4ed3-b1e2-a72836ad4ddf.pdf,Industrial Products,International Conveyors Ltd.,Jun,Q4
15581,POCL_FY2023_Q1,POCL,FY2023,Q1,Jun 2022,https://www.bseindia.com/xml-data/corpfiling/AttachHis/82ec9f21-a8bd-4505-8863-a2b6b97ef95a.pdf,https://www.bseindia.com/xml-data/corpfiling/AttachHis/a2ca9acd-dcdf-4df4-ae3b-9e482f109f9e.pdf,Diversified Metals,Pondy Oxides & Chemicals Ltd.,Jun,Q4
15599,POONAWALLA_FY2022_Q2,POONAWALLA,FY2022,Q2,Sep 2021,https://poonawallafincorp.com/pdf/financial_reports/Ambit-Capital-Private-Limited-Conference-Call-with-Mr.-Adar-Poonawalla-Transcript-Sep18-2021.pdf,https://www.bseindia.com/xml-data/corpfiling/AttachHis/daed73e6-a4a6-42aa-b388-9a2f825774a4.pdf,Non Banking Financial Company (NBFC),Poonawalla Fincorp Ltd.,Sep,Q1
15618,IRCON_FY2022_Q1,IRCON,FY2022,Q1,Jun 2021,https://www.ircon.org/images/file/cosecy/Ircon_International_Ltd_Q4__FY21_Earnings_call_transcript.pdf,https://www.bseindia.com/xml-data/corpfiling/AttachHis/d9f58d3e-db60-46a6-befe-56279a4d684a.pdf,Civil Construction,Ircon International Ltd.,Jun,Q4
15620,IRCON_FY2021_Q2,IRCON,FY2021,Q2,Sep 2020,https://www.ircon.org/images/file/cosecy/44th_AGM_Transcript.pdf,https://www.bseindia.com/xml-data/corpfiling/AttachHis/b4532bce-6ae0-481d-975a-c8ca1096875d.pdf,Civil Construction,Ircon International Ltd.,Sep,Q1
15640,PIGL_FY2024_Q4,PIGL,FY2024,Q4,Mar 2024,,https://www.bseindia.com/xml-data/corpfiling/AttachHis/40e5a9dd-60ff-412b-bdaf-3adfd8b5ca1e.pdf,Other Electrical Equipment,Power & Instrumentation (Gujarat) Ltd.,Mar,Q3
15643,PFC_FY2024_Q1,PFC,FY2024,Q1,Jun 2023,https://www.bseindia.com/xml-data/corpfiling/AttachHis/7505ed76-24d6-4a8a-9bf0-0ae8a89956b7.pdf,https://pfcindia.com/ensite/DocumentRepository/ckfinder/files/Investors/For_Investors_CorporateInfo/Announcements/Performance_Highlights_Q4_FY_23_Final.pdf,Financial Institution,Power Finance Corpn. Ltd.,Jun,Q4
15648,PFC_FY2022_Q1,PFC,FY2022,Q1,Jun 2021,https://www.pfcindia.com/DocumentRepository/ckfinder/files/Investors/Transcripts/Transcript_Q4_FY21.pdf,,Financial Institution,Power Finance Corpn. Ltd.,Jun,Q4
15651,PFC_FY2021_Q1,PFC,FY2021,Q1,Jun 2020,https://www.pfcindia.com/DocumentRepository/ckfinder/files/Investors/Transcripts/4QFY20_Call_Transcript_FINAL.pdf,,Financial Institution,Power Finance Corpn. Ltd.,Jun,Q4
15667,IZMO_FY2024_Q1,IZMO,FY2024,Q1,Jun 2023,https://www.bseindia.com/xml-data/corpfiling/AttachHis/a839cedd-caa8-482b-ac6f-5e2f4abf3c85.pdf,https://www.bseindia.com/xml-data/corpfiling/AttachHis/e524e0c6-0d83-4078-9c92-c9018ad7da6f.pdf,IT Enabled Services,Izmo Ltd.,Jun,Q4
15670,IZMO_FY2023_Q1,IZMO,FY2023,Q1,Jun 2022,https://www.bseindia.com/xml-data/corpfiling/AttachHis/c8a91854-5ea5-42cb-953f-aaee6425b3f5.pdf,https://www.bseindia.com/xml-data/corpfiling/AttachHis/758cbdba-972f-4c77-a829-f20a4a03ab50.pdf,IT Enabled Services,Izmo Ltd.,Jun,Q4
15675,IZMO_FY2018_Q4,IZMO,FY2018,Q4,Mar 2018,,https://www.bseindia.com/xml-data/corpfiling/CorpAttachment/2018/3/d923554b-955a-43d2-8a33-c9274682649b.pdf,IT Enabled Services,Izmo Ltd.,Mar,Q3
15690,POWERMECH_FY2021_Q4,POWERMECH,FY2021,Q4,Mar 2021,https://powermechprojects.com/images/Result_Concall_Transcript_Q3FY21.pdf,https://www.bseindia.com/xml-data/corpfiling/AttachHis/69c1de56-d63b-402d-a9d3-2284d005666e.pdf,Civil Construction,Power Mech Projects Ltd.,Mar,Q3
15733,PRAJIND_FY2022_Q4,PRAJIND,FY2022,Q4,Mar 2022,,https://www.bseindia.com/xml-data/corpfiling/AttachHis/d791fd3c-d1aa-4377-8e3f-1f9e21ab7567.pdf,Industrial Products,Praj Industries Ltd.,Mar,Q3
15735,PRAJIND_FY2021_Q4,PRAJIND,FY2021,Q4,Mar 2021,https://praj.net/wp-content/uploads/2021/05/Praj-Q4-FY-2020-21-Results-Conf-Call-Transcripts.pdf,,Industrial Products,Praj Industries Ltd.,Mar,Q3
15766,PPL_FY2024_Q1,PPL,FY2024,Q1,Jun 2023,,https://www.bseindia.com/xml-data/corpfiling/AttachHis/a4648e0f-eac9-497d-9889-77e1cf06a94a.pdf,Plastic Products - Industrial,Prakash Pipes Ltd.,Jun,Q4
15767,PPL_FY2022_Q1,PPL,FY2022,Q1,Jun 2021,,https://www.bseindia.com/xml-data/corpfiling/AttachHis/75c655f5-d36c-4aeb-8077-8d786e80e292.pdf,Plastic Products - Industrial,Prakash Pipes Ltd.,Jun,Q4
15787,JMFINANCIL_FY2021_Q1,JMFINANCIL,FY2021,Q1,Jun 2020,https://www.primeinfobase.in/z_JMFINANCIL/files/results_pdf/2020-21/JMFL_May_2021.zip,https://www.bseindia.com/xml-data/corpfiling/AttachHis/2b2dc097-8928-402d-b896-80553b0f3ff9.pdf,Holding Company,J M Financial Ltd.,Jun,Q4
15790,DIAMONDYD_FY2022_Q1,DIAMONDYD,FY2022,Q1,Jun 2021,http://www.yellowdiamond.in/wp-content/uploads/2021/06/PSL-Q4-FY21-Concall-Transcript.pdf,https://www.bseindia.com/xml-data/corpfiling/AttachHis/f8ef5dc9-1836-4f52-986e-2ad4d0b4a58e.pdf,Packaged Foods,Prataap Snacks Ltd.,Jun,Q4
15799,DIAMONDYD_FY2018_Q3,DIAMONDYD,FY2018,Q3,Dec 2017,,https://www.bseindia.com/xml-data/corpfiling/CorpAttachment/2017/12/8331c953-b043-4789-bb97-201332effd76.pdf,Packaged Foods,Prataap Snacks Ltd.,Dec,Q2
15806,PRECAM_FY2024_Q4,PRECAM,FY2024,Q4,Mar 2024,https://www.bseindia.com/xml-data/corpfiling/AttachHis/887f41ec-b4bc-4900-87e9-1df30ae462d6.pdf,https://www.bseindia.com/xml-data/corpfiling/AttachHis/26eaf87b-e916-4e9d-b6f0-9ea0ba11055d.pdf,Auto Components & Equipments,Precision Camshafts Ltd.,Mar,Q3
15807,PRECAM_FY2024_Q3,PRECAM,FY2024,Q3,Dec 2023,https://www.bseindia.com/xml-data/corpfiling/AttachHis/80c6a995-97cf-43f6-841e-9bdda69516af.pdf,https://www.bseindia.com/xml-data/corpfiling/AttachHis/0c629bbb-b567-47ae-8ced-37bdca2da478.pdf,Auto Components & Equipments,Precision Camshafts Ltd.,Dec,Q2
15808,PRECAM_FY2024_Q2,PRECAM,FY2024,Q2,Sep 2023,https://www.bseindia.com/xml-data/corpfiling/AttachHis/5ba9a0fb-7393-402c-8210-d98aa25206da.pdf,https://www.bseindia.com/xml-data/corpfiling/AttachHis/fd267667-c100-47fc-a992-b6182919717e.pdf,Auto Components & Equipments,Precision Camshafts Ltd.,Sep,Q1
15809,PRECAM_FY2024_Q1,PRECAM,FY2024,Q1,Jun 2023,https://www.bseindia.com/xml-data/corpfiling/AttachHis/f054dc8a-a944-4ddd-90e2-a7b4769eb7ad.pdf,https://www.bseindia.com/xml-data/corpfiling/AttachHis/e610b8e9-867f-48b7-866b-66680b53b94c.pdf,Auto Components & Equipments,Precision Camshafts Ltd.,Jun,Q4
15810,PRECAM_FY2023_Q4,PRECAM,FY2023,Q4,Mar 2023,https://www.bseindia.com/xml-data/corpfiling/AttachHis/ea060038-6993-43a0-92e3-a00be804a425.pdf,https://www.bseindia.com/xml-data/corpfiling/AttachHis/d5297bf7-3f14-4962-9d68-9283b6836d00.pdf,Auto Components & Equipments,Precision Camshafts Ltd.,Mar,Q3
15811,PRECAM_FY2023_Q3,PRECAM,FY2023,Q3,Dec 2022,https://www.bseindia.com/xml-data/corpfiling/AttachHis/702c5594-733d-46aa-a8f0-d2cfd340fb09.pdf,https://www.bseindia.com/xml-data/corpfiling/AttachHis/f5903a21-52bb-47c1-994f-b11016c18427.pdf,Auto Components & Equipments,Precision Camshafts Ltd.,Dec,Q2
15812,PRECAM_FY2023_Q2,PRECAM,FY2023,Q2,Sep 2022,https://www.bseindia.com/xml-data/corpfiling/AttachHis/b5f7daed-1f44-4fb7-9cf3-69d32d55f572.pdf,https://www.bseindia.com/xml-data/corpfiling/AttachHis/0e335f30-dd28-4621-9ebc-62930f2cf27a.pdf,Auto Components & Equipments,Precision Camshafts Ltd.,Sep,Q1
15813,PRECAM_FY2023_Q1,PRECAM,FY2023,Q1,Jun 2022,https://www.bseindia.com/xml-data/corpfiling/AttachHis/b7019ae4-8fda-428f-ae73-920b2079e761.pdf,https://www.bseindia.com/xml-data/corpfiling/AttachHis/a863e3cb-0229-49ae-aefd-1b16e5e9b124.pdf,Auto Components & Equipments,Precision Camshafts Ltd.,Jun,Q4
15814,PRECAM_FY2022_Q3,PRECAM,FY2022,Q3,Dec 2021,https://www.bseindia.com/xml-data/corpfiling/AttachHis/180351f1-b3d3-4ce8-ad45-7b466266b1e6.pdf,https://www.bseindia.com/xml-data/corpfiling/AttachHis/d6c33cf7-ae84-4146-931a-71f6564e3cb4.pdf,Auto Components & Equipments,Precision Camshafts Ltd.,Dec,Q2
15818,PRECAM_FY2020_Q4,PRECAM,FY2020,Q4,Mar 2020,https://www.bseindia.com/xml-data/corpfiling/AttachHis/f3242cee-f0a2-4f86-a261-5be31e82c817.pdf,https://www.bseindia.com/xml-data/corpfiling/AttachHis/a2cf67b2-f1ee-49aa-a90f-6cb159ef78b5.pdf,Auto Components & Equipments,Precision Camshafts Ltd.,Mar,Q3
15824,PRECAM_FY2018_Q4,PRECAM,FY2018,Q4,Mar 2018,https://www.bseindia.com/xml-data/corpfiling/CorpAttachment/2018/3/96151c46-9810-4a9f-aaae-0858057388e0.pdf,https://www.bseindia.com/xml-data/corpfiling/CorpAttachment/2018/2/e01eea86-296a-4844-a379-d95798b8aa2b.pdf,Auto Components & Equipments,Precision Camshafts Ltd.,Mar,Q3
15826,PRECAM_FY2018_Q1,PRECAM,FY2018,Q1,Jun 2017,,https://www.bseindia.com/xml-data/corpfiling/CorpAttachment/2017/6/8055eac5-3cdc-477a-a8a1-f0d2f00f8a8a.pdf,Auto Components & Equipments,Precision Camshafts Ltd.,Jun,Q4
15876,PREMEXPLN_FY2018_Q2,PREMEXPLN,FY2018,Q2,Sep 2017,https://www.bseindia.com/xml-data/corpfiling/CorpAttachment/2017/9/d56db9b1-c2cc-4c8c-8ffd-349db1759d47.pdf,https://www.bseindia.com/xml-data/corpfiling/CorpAttachment/2017/8/5ce2c5fb-1c00-43c3-997a-5df3e2cd7092.pdf,Explosives,Premier Explosives Ltd.,Sep,Q1
15877,PREMEXPLN_FY2018_Q1,PREMEXPLN,FY2018,Q1,Jun 2017,https://www.bseindia.com/xml-data/corpfiling/CorpAttachment/2017/6/62f8b2a0-921e-474c-9701-924b5050c730.pdf,https://www.bseindia.com/xml-data/corpfiling/CorpAttachment/2017/5/8b3b95a8-c871-4958-807c-c98770d8b611.pdf,Explosives,Premier Explosives Ltd.,Jun,Q4
15900,PRESTIGE_FY2017_Q2,PRESTIGE,FY2017,Q2,Sep 2016,,https://www.bseindia.com/stockinfo/AnnPdfOpen.aspx?Pname=3BFBE23A_B085_46CF_B22B_5A952920120D_145001.pdf,"Residential, Commercial Projects",Prestige Estates Projects Ltd.,Sep,Q1
15925,PRICOLLTD_FY2020_Q1,PRICOLLTD,FY2020,Q1,Jun 2019,,https://www.bseindia.com/xml-data/corpfiling/AttachHis/240cdf9e-f6a2-457d-a462-1b10871f75da.pdf,Auto Components & Equipments,Pricol Ltd.,Jun,Q4
16007,PRSMJOHNSN_FY2018_Q1,PRSMJOHNSN,FY2018,Q1,Jun 2017,,https://www.bseindia.com/xml-data/corpfiling/CorpAttachment/2017/6/11039ccf-8e09-4c03-9ba2-38d8bae4cad1.pdf,Cement & Cement Products,Prism Johnson Ltd.,Jun,Q4
16010,PRITIKAUTO_FY2022_Q1,PRITIKAUTO,FY2022,Q1,Jun 2021,,https://www.bseindia.com/xml-data/corpfiling/AttachHis/a71b482c-1ad8-48e8-9f87-8a241fb1b267.pdf,Auto Components & Equipments,Pritika Auto Inds. Ltd.,Jun,Q4
16024,PRITIKA_FY2023_Q4,PRITIKA,FY2023,Q4,Mar 2023,,https://archives.nseindia.com/corporate/PRITIKA_24032023142627_PECLPostMeetingIntimation.pdf,Auto Components & Equipments,Pritika Engineering Components Ltd.,Mar,Q3
16039,PGHL_FY2024_Q3,PGHL,FY2024,Q3,Dec 2023,,https://www.bseindia.com/xml-data/corpfiling/AttachHis/20e95e90-f6c9-4fbf-ba70-abcf726d6b78.pdf,Pharmaceuticals,Procter & Gamble Health Ltd.,Dec,Q2
16042,PGHH_FY2019_Q4,PGHH,FY2019,Q4,Mar 2019,,https://www.bseindia.com/xml-data/corpfiling/AttachHis/1f46db9c-ca85-43a8-b4ef-71066c16bbb0.pdf,Personal Care,Procter & Gamble Hygiene & Health Care Ltd.,Mar,Q3
16085,JINDWORLD_FY2023_Q4,JINDWORLD,FY2023,Q4,Mar 2023,,https://www.bseindia.com/xml-data/corpfiling/AttachHis/8af14e45-3c0f-4ad4-bdab-9395d85c0c48.pdf,Other Textile Products,Jindal Worldwide Ltd.,Mar,Q3
16186,PNB_FY2021_Q4,PNB,FY2021,Q4,Mar 2021,,https://www.pnbindia.in/downloadprocess.aspx?fid=tKPFyLksGJAwYONvLB2yig==,Public Sector Bank,Punjab National Bank,Mar,Q3
16195,PURVA_FY2024_Q2,PURVA,FY2024,Q2,Sep 2023,https://www.bseindia.com/xml-data/corpfiling/AttachHis/0f1f1a41-f0f5-47a0-b6fa-1b09663c515b.pdf,https://www.bseindia.com/xml-data/corpfiling/AttachHis/1796c7da-ef2f-47d3-be2b-4c56b06eb407.pdf,"Residential, Commercial Projects",Puravankara Ltd.,Sep,Q1
16206,PURVA_FY2021_Q1,PURVA,FY2021,Q1,Jun 2020,https://www.puravankara.com/backend/assets/uploads/investors_reports/fb7e33fd30dcb8ebc5fee58211abcced.pdf,https://www.bseindia.com/xml-data/corpfiling/AttachHis/5a9c9ec5-059e-408e-8d6d-c220a0c9f285.pdf,"Residential, Commercial Projects",Puravankara Ltd.,Jun,Q4
16243,KDDL_FY2022_Q3,KDDL,FY2022,Q3,Dec 2021,https://www.bseindia.com/xml-data/corpfiling/AttachHis/ecf24885-6db7-4001-bfd9-a5f2b148876f.pdf,https://www.bseindia.com/xml-data/corpfiling/AttachHis/35d238db-11f4-45f5-9fc8-7f898e9b5222.pdf,"Gems, Jewellery And Watches",K D D L Ltd.,Dec,Q2
16244,KDDL_FY2022_Q2,KDDL,FY2022,Q2,Sep 2021,https://www.bseindia.com/xml-data/corpfiling/AttachHis/362248a0-bf4f-44df-8ce6-87ff9f88269f.pdf,https://www.bseindia.com/xml-data/corpfiling/AttachHis/cbefaf56-2f60-45a0-b8e3-f79bd811fc76.pdf,"Gems, Jewellery And Watches",K D D L Ltd.,Sep,Q1
16245,KDDL_FY2022_Q1,KDDL,FY2022,Q1,Jun 2021,https://www.bseindia.com/xml-data/corpfiling/AttachHis/5edd2a30-81c4-4b4c-89b7-4806491ada20.pdf,https://www.bseindia.com/xml-data/corpfiling/AttachHis/9a2212a8-6b34-4157-946d-2f3bdebe5e0b.pdf,"Gems, Jewellery And Watches",K D D L Ltd.,Jun,Q4
16294,KNAGRI_FY2023_Q1,KNAGRI,FY2023,Q1,Jun 2022,https://archives.nseindia.com/corporate/KNAGRI_01062022172814_IntimationofTranscript.pdf,https://archives.nseindia.com/corporate/KNAGRI_25052022121129_Intimationofpresentationearningscall.pdf,Edible Oil,K N Agri Resources Ltd.,Jun,Q4
16327,RACLGEAR_FY2024_Q4,RACLGEAR,FY2024,Q4,Mar 2024,https://www.bseindia.com/xml-data/corpfiling/AttachHis/c01dc442-f2ff-493f-ba19-3d0edfbdc8be.pdf,https://www.bseindia.com/xml-data/corpfiling/AttachHis/5451d599-27de-459b-a1e8-98227d2ed857.pdf,Auto Components & Equipments,R A C L Geartech Ltd.,Mar,Q3
16328,RACLGEAR_FY2024_Q3,RACLGEAR,FY2024,Q3,Dec 2023,https://www.bseindia.com/xml-data/corpfiling/AttachHis/4f35d0e4-9fbd-4c29-9187-be2c7aa870e3.pdf,https://www.bseindia.com/xml-data/corpfiling/AttachHis/63055ee9-0bd5-4985-8413-b38bb87999cf.pdf,Auto Components & Equipments,R A C L Geartech Ltd.,Dec,Q2
16329,RACLGEAR_FY2024_Q2,RACLGEAR,FY2024,Q2,Sep 2023,https://www.bseindia.com/xml-data/corpfiling/AttachHis/5007481e-ecee-43f3-ac43-65259cc65a34.pdf,https://www.bseindia.com/xml-data/corpfiling/AttachHis/3cab3bd1-327f-4efd-98c7-85e51fd60fa5.pdf,Auto Components & Equipments,R A C L Geartech Ltd.,Sep,Q1
16330,RACLGEAR_FY2024_Q1,RACLGEAR,FY2024,Q1,Jun 2023,https://www.bseindia.com/xml-data/corpfiling/AttachHis/0a98331c-e33b-474c-9a9b-1d7aa17fe67b.pdf,https://www.bseindia.com/xml-data/corpfiling/AttachHis/4eba9689-79a4-454c-9c94-a5a55bd31abf.pdf,Auto Components & Equipments,R A C L Geartech Ltd.,Jun,Q4
16332,RACLGEAR_FY2023_Q3,RACLGEAR,FY2023,Q3,Dec 2022,https://www.bseindia.com/xml-data/corpfiling/AttachHis/4fe438e1-0f9a-454e-bed4-91092b37bb2b.pdf,https://www.bseindia.com/xml-data/corpfiling/AttachHis/aeb1676d-2f50-461c-886d-b57d635ad68f.pdf,Auto Components & Equipments,R A C L Geartech Ltd.,Dec,Q2
16335,RACLGEAR_FY2022_Q4,RACLGEAR,FY2022,Q4,Mar 2022,https://www.bseindia.com/xml-data/corpfiling/AttachHis/d61b1e09-9d04-4a4d-8760-d70012cb0835.pdf,https://www.bseindia.com/xml-data/corpfiling/AttachHis/7969065a-308c-4b68-988c-5c4861765fb3.pdf,Auto Components & Equipments,R A C L Geartech Ltd.,Mar,Q3
16336,RACLGEAR_FY2022_Q3,RACLGEAR,FY2022,Q3,Dec 2021,https://www.bseindia.com/xml-data/corpfiling/AttachHis/bccebfb7-5694-4843-ad14-eb044e2ece20.pdf,https://www.bseindia.com/xml-data/corpfiling/AttachHis/914cf4a7-2407-430c-8822-4cdad055f448.pdf,Auto Components & Equipments,R A C L Geartech Ltd.,Dec,Q2
16337,RACLGEAR_FY2022_Q2,RACLGEAR,FY2022,Q2,Sep 2021,https://www.bseindia.com/xml-data/corpfiling/AttachHis/9afc0bb4-0060-4f9c-a36e-a1eb02a1ac86.pdf,https://www.bseindia.com/xml-data/corpfiling/AttachHis/b5663cb0-63ab-4daa-af25-23dd85ecddd8.pdf,Auto Components & Equipments,R A C L Geartech Ltd.,Sep,Q1
16339,RACLGEAR_FY2021_Q4,RACLGEAR,FY2021,Q4,Mar 2021,https://www.bseindia.com/xml-data/corpfiling/AttachHis/e055cfb9-dc48-4fb3-902b-44639f82a853.pdf,https://www.bseindia.com/xml-data/corpfiling/AttachHis/92a84caf-c388-4dde-b529-ae53a5a4d480.pdf,Auto Components & Equipments,R A C L Geartech Ltd.,Mar,Q3
16351,KPEL_FY2020_Q4,KPEL,FY2020,Q4,Mar 2020,,https://www.bseindia.com/xml-data/corpfiling/AttachHis/47e07a60-5d7d-4d27-84d0-c4818ecda8fb.pdf,Power Generation,K P Energy Ltd.,Mar,Q3
16353,KPEL_FY2020_Q1,KPEL,FY2020,Q1,Jun 2019,https://www.bseindia.com/xml-data/corpfiling/AttachHis/c81ef340-1ada-441c-bac8-01584f3e246e.pdf,https://www.bseindia.com/xml-data/corpfiling/AttachHis/2c34f1e4-1a89-46fe-9423-d95c240f2321.pdf,Power Generation,K P Energy Ltd.,Jun,Q4
16406,RECLTD_FY2022_Q1,RECLTD,FY2022,Q1,Jun 2021,https://www.bseindia.com/xml-data/corpfiling/AttachHis/3b840ca5-82a5-422b-873c-17072e419002.pdf,https://recindia.nic.in/uploads/files/RECInvestor-Pres-Q1-FY-22Final.pdf,Financial Institution,R E C Ltd.,Jun,Q4
16411,RECLTD_FY2019_Q1,RECLTD,FY2019,Q1,Jun 2018,https://www.bseindia.com/xml-data/corpfiling/CorpAttachment/2018/6/30996d16-5810-4937-bc73-19dafe608c87.pdf,https://www.bseindia.com/xml-data/corpfiling/CorpAttachment/2018/5/8decdefa-d77d-4181-a105-e7e374d1f989.PDF,Financial Institution,R E C Ltd.,Jun,Q4
16420,RKEC_FY2020_Q1,RKEC,FY2020,Q1,Jun 2019,https://www.rkecprojects.com/_files/ugd/889c9d_b72448323dbf4f83b14c8f0c1d321320.pdf,,Civil Construction,R K E C Projects Ltd.,Jun,Q4
16434,KSB_FY2020_Q2,KSB,FY2020,Q2,Sep 2019,,https://www.bseindia.com/xml-data/corpfiling/AttachHis/35f0ccfb-1621-4251-a8b7-b864d1e4ca61.pdf,"Compressors, Pumps & Diesel Engines",K S B Ltd.,Sep,Q1
16474,RPGLIFE_FY2020_Q1,RPGLIFE,FY2020,Q1,Jun 2019,,https://www.bseindia.com/xml-data/corpfiling/AttachHis/bc7f08a8-a8b5-4a04-830a-b0cd64e59e69.pdf,Pharmaceuticals,R P G Life Sciences Ltd.,Jun,Q4
16475,RPGLIFE_FY2019_Q1,RPGLIFE,FY2019,Q1,Jun 2018,,https://www.bseindia.com/xml-data/corpfiling/CorpAttachment/2018/6/cdcbd997-94dc-4e03-9da5-62090271affb.pdf,Pharmaceuticals,R P G Life Sciences Ltd.,Jun,Q4
16477,RPGLIFE_FY2018_Q1,RPGLIFE,FY2018,Q1,Jun 2017,,https://www.bseindia.com/xml-data/corpfiling/CorpAttachment/2017/6/92d02ad2-66de-4ed1-8c6a-0db63c9207f2.pdf,Pharmaceuticals,R P G Life Sciences Ltd.,Jun,Q4
16479,RPGLIFE_FY2017_Q1,RPGLIFE,FY2017,Q1,Jun 2016,,https://www.bseindia.com/stockinfo/AnnPdfOpen.aspx?Pname=A10DE180_F1F8_49E8_BFA6_A4ABEB13B513_131200.pdf,Pharmaceuticals,R P G Life Sciences Ltd.,Jun,Q4
16485,RPPINFRA_FY2018_Q3,RPPINFRA,FY2018,Q3,Dec 2017,https://www.bseindia.com/xml-data/corpfiling/CorpAttachment/2017/12/22a944c3-82df-454d-9201-9bacd2e575aa.pdf,https://www.bseindia.com/xml-data/corpfiling/CorpAttachment/2017/11/09b539fc-9b7f-404b-814b-bc16500de4c3.pdf,Civil Construction,R P P Infra Projects Ltd.,Dec,Q2
16486,RPPINFRA_FY2018_Q1,RPPINFRA,FY2018,Q1,Jun 2017,https://www.bseindia.com/xml-data/corpfiling/CorpAttachment/2017/6/8c840a40-a0b2-47ad-b32e-469af3de7d50.pdf,https://www.bseindia.com/xml-data/corpfiling/CorpAttachment/2017/6/724247cc-262f-4693-bf52-594bb3822363.pdf,Civil Construction,R P P Infra Projects Ltd.,Jun,Q4
16491,RPSGVENT_FY2024_Q2,RPSGVENT,FY2024,Q2,Sep 2023,,https://www.bseindia.com/xml-data/corpfiling/AttachHis/ca9b96b3-b65d-4e44-ae4e-7c7eced4e27a.pdf,Business Process Outsourcing (BPO)/ Knowledge Process Outsourcing (KPO),R P S G Ventures Ltd.,Sep,Q1
16497,RSSOFTWARE_FY2024_Q4,RSSOFTWARE,FY2024,Q4,Mar 2024,,https://www.bseindia.com/xml-data/corpfiling/AttachHis/fb1a7edb-5fb7-4630-9f9e-d8c0324f737d.pdf,Computers - Software & Consulting,R S Software (India) Ltd.,Mar,Q3
16518,KAMDHENU_FY2022_Q2,KAMDHENU,FY2022,Q2,Sep 2021,https://www.bseindia.com/xml-data/corpfiling/AttachHis/0c8f2766-fefe-4426-809b-09b793241502.pdf,,Iron & Steel Products,Kamdhenu Ltd.,Sep,Q1
16520,KAMDHENU_FY2021_Q4,KAMDHENU,FY2021,Q4,Mar 2021,https://www.bseindia.com/xml-data/corpfiling/AttachHis/db015861-949c-40d3-99dd-8a50f5a22d58.pdf,https://www.bseindia.com/xml-data/corpfiling/AttachHis/72774c9f-e464-4869-bed9-59c48c726205.pdf,Iron & Steel Products,Kamdhenu Ltd.,Mar,Q3
16522,RSWM_FY2022_Q4,RSWM,FY2022,Q4,Mar 2022,https://www.bseindia.com/xml-data/corpfiling/AttachHis/47fbefb2-0a71-4e12-ab26-ca65d25cdabb.pdf,https://www.bseindia.com/xml-data/corpfiling/AttachHis/f9193f3b-600c-4a9e-b349-fef16cd104e1.pdf,Other Textile Products,R S W M Ltd.,Mar,Q3
16536,RSYSTEMS_FY2023_Q4,RSYSTEMS,FY2023,Q4,Mar 2023,https://www.bseindia.com/xml-data/corpfiling/AttachHis/cd55eab1-276d-43d6-a285-6ebf6ce3b0e5.pdf,https://www.rsystems.com/wp-content/uploads/2023/03/RSystems-Investor-Presentation-Q4-Year-2022.pdf,IT Enabled Services,R Systems International Ltd.,Mar,Q3
16537,RSYSTEMS_FY2023_Q3,RSYSTEMS,FY2023,Q3,Dec 2022,https://www.bseindia.com/xml-data/corpfiling/AttachHis/9d8bc6a0-8603-4c84-bfd5-7f4dec6bd689.pdf,,IT Enabled Services,R Systems International Ltd.,Dec,Q2
16567,RACE_FY2024_Q1,RACE,FY2024,Q1,Jun 2023,,https://www.bseindia.com/xml-data/corpfiling/AttachHis/e05b9143-94f3-43b9-b845-83317ac59c0f.pdf,Waste Management,Race Eco Chain Ltd.,Jun,Q4
16624,RPEL_FY2022_Q1,RPEL,FY2022,Q1,Jun 2021,,https://www.bseindia.com/xml-data/corpfiling/AttachHis/58ccca91-e3a9-4f40-b221-144bc065fa18.pdf,Electrodes & Refractories,Raghav Productivity Enhancers Ltd.,Jun,Q4
16635,RAILTEL_FY2024_Q1,RAILTEL,FY2024,Q1,Jun 2023,https://www.bseindia.com/xml-data/corpfiling/AttachHis/7b3c933a-acf2-4333-bd29-a4dd2a48cdbb.pdf,https://www.bseindia.com/xml-data/corpfiling/AttachHis/d34a9cb6-5f39-4846-8668-885b29fd78f1.pdf,Other Telecom Services,Railtel Corporation Of India Ltd.,Jun,Q4
16645,RAIN_FY2021_Q4,RAIN,FY2021,Q4,Mar 2021,https://www.bseindia.com/xml-data/corpfiling/AttachHis/c82e937d-9178-44dd-9053-c9e93e6dee66.pdf,https://www.bseindia.com/xml-data/corpfiling/AttachHis/71a0164d-665f-434e-a0e5-04291254ec53.pdf,Petrochemicals,Rain Industries Ltd.,Mar,Q3
16648,RAIN_FY2020_Q4,RAIN,FY2020,Q4,Mar 2020,https://www.bseindia.com/xml-data/corpfiling/AttachHis/0f2ef25b-4b60-4710-ad3c-7549cc810d5c.pdf,https://www.bseindia.com/xml-data/corpfiling/AttachHis/cb501176-5f4f-4463-b0bd-63b6950adeb6.pdf,Petrochemicals,Rain Industries Ltd.,Mar,Q3
16661,RAIN_FY2016_Q4,RAIN,FY2016,Q4,Mar 2016,https://www.bseindia.com/stockinfo/AnnPdfOpen.aspx?Pname=8E7DB7C6_879A_402A_8128_11105C349479_124038.pdf,https://www.bseindia.com/stockinfo/AnnPdfOpen.aspx?Pname=C3886026_D396_4431_B1B9_2E4D0CA6F61C_075803.pdf,Petrochemicals,Rain Industries Ltd.,Mar,Q3
16673,RAJESHEXPO_FY2017_Q1,RAJESHEXPO,FY2017,Q1,Jun 2016,,https://www.bseindia.com/stockinfo/AnnPdfOpen.aspx?Pname=56B92258_34ED_4B61_AB20_80FCEE787711_092521.pdf,"Gems, Jewellery And Watches",Rajesh Exports Ltd.,Jun,Q4
16696,RAJOOENG_FY2021_Q1,RAJOOENG,FY2021,Q1,Jun 2020,,https://www.bseindia.com/xml-data/corpfiling/AttachHis/41ed921b-bc9d-4b57-ac95-2818287d68bb.pdf,Industrial Products,Rajoo Engineers Ltd.,Jun,Q4
16740,RPPL_FY2022_Q4,RPPL,FY2022,Q4,Mar 2022,,https://archives.nseindia.com/corporate/RPPL_07032022142601_InvestorPresentationQ3RPPL.pdf,Packaging,Rajshree Polypack Ltd.,Mar,Q3
16800,RAMASTEEL_FY2022_Q2,RAMASTEEL,FY2022,Q2,Sep 2021,,https://www.bseindia.com/xml-data/corpfiling/AttachHis/59fcace9-d9d2-4403-b83a-e4271c637c56.pdf,Iron & Steel Products,Rama Steel Tubes Ltd.,Sep,Q1
16801,RAMASTEEL_FY2018_Q3,RAMASTEEL,FY2018,Q3,Dec 2017,,https://www.bseindia.com/xml-data/corpfiling/CorpAttachment/2017/12/c7d245e4-265a-4ddd-8b18-18ba0ad1c0b8.pdf,Iron & Steel Products,Rama Steel Tubes Ltd.,Dec,Q2
16802,RAMASTEEL_FY2018_Q2,RAMASTEEL,FY2018,Q2,Sep 2017,,https://www.bseindia.com/xml-data/corpfiling/CorpAttachment/2017/9/9de857ff-42fc-440f-8b5c-f857205adf41.pdf,Iron & Steel Products,Rama Steel Tubes Ltd.,Sep,Q1
16841,RKFORGE_FY2021_Q1,RKFORGE,FY2021,Q1,Jun 2020,,https://www.bseindia.com/xml-data/corpfiling/AttachHis/f33c91e3-8216-4b71-adab-f131c8c4db32.pdf,Auto Components & Equipments,Ramkrishna Forgings Ltd.,Jun,Q4
16854,RKFORGE_FY2017_Q4,RKFORGE,FY2017,Q4,Mar 2017,,https://www.bseindia.com/xml-data/corpfiling/CorpAttachment/2017/3/35f9a46b-27e2-409e-a5cd-b508d75fa8d7.pdf,Auto Components & Equipments,Ramkrishna Forgings Ltd.,Mar,Q3
16909,KOLTEPATIL_FY2017_Q2,KOLTEPATIL,FY2017,Q2,Sep 2016,https://www.bseindia.com/stockinfo/AnnPdfOpen.aspx?Pname=A19F74B4_4310_4BB0_B5A0_9978E74B8753_111030.pdf,,"Residential, Commercial Projects",Kolte Patil Developers Ltd.,Sep,Q1
16910,KOLTEPATIL_FY2017_Q1,KOLTEPATIL,FY2017,Q1,Jun 2016,https://www.bseindia.com/stockinfo/AnnPdfOpen.aspx?Pname=4790EF08_F273_4CD9_9034_6B4E4273FCAA_165012.pdf,,"Residential, Commercial Projects",Kolte Patil Developers Ltd.,Jun,Q4
16943,RATNAMANI_FY2021_Q1,RATNAMANI,FY2021,Q1,Jun 2020,https://www.bseindia.com/xml-data/corpfiling/AttachHis/6fbd80f1-5d85-40f5-9b7b-f3fc81de4e0a.pdf,,Iron & Steel Products,Ratnamani Metals & Tubes Ltd.,Jun,Q4
16946,RATNAMANI_FY2020_Q1,RATNAMANI,FY2020,Q1,Jun 2019,https://www.bseindia.com/xml-data/corpfiling/AttachHis/c0d4899b-fb9c-48de-b984-6cef9c158208.pdf,,Iron & Steel Products,Ratnamani Metals & Tubes Ltd.,Jun,Q4
16976,RAYMOND_FY2022_Q1,RAYMOND,FY2022,Q1,Jun 2021,https://www.raymond.in/sites/default/files/Raymond%20Concall%20Transcript_Q1FY22.pdf,https://www.bseindia.com/xml-data/corpfiling/AttachHis/2f9d1732-73f8-44b6-8469-ee8443c8d544.pdf,"Residential, Commercial Projects",Raymond Ltd.,Jun,Q4
16980,RAYMOND_FY2021_Q1,RAYMOND,FY2021,Q1,Jun 2020,,https://www.bseindia.com/xml-data/corpfiling/AttachHis/160aa416-1d2c-4a80-bbc1-d39f0c07c372.pdf,"Residential, Commercial Projects",Raymond Ltd.,Jun,Q4
16994,KRISHCA_FY2024_Q1,KRISHCA,FY2024,Q1,Jun 2023,https://archives.nseindia.com/corporate/KRISHCA_24062023115238_KrishcaEarningsCallTranscript20062023.pdf,https://archives.nseindia.com/corporate/KRISHCA_15062023211246_KrishcaInvestorPresentationJune2023.pdf,Iron & Steel Products,Krishca Strapping Solutions Ltd.,Jun,Q4
17062,RELCHEMQ_FY2021_Q4,RELCHEMQ,FY2021,Q4,Mar 2021,,https://www.bseindia.com/xml-data/corpfiling/AttachHis/f3e7fe47-10ed-4ac3-a1f4-c38bcc5d0860.pdf,Other Textile Products,Reliance Chemotex Inds. Ltd.,Mar,Q3
17064,RELCHEMQ_FY2020_Q1,RELCHEMQ,FY2020,Q1,Jun 2019,,https://www.bseindia.com/xml-data/corpfiling/AttachHis/708afe4c-7ecd-43b9-a66b-f074739f1c7d.pdf,Other Textile Products,Reliance Chemotex Inds. Ltd.,Jun,Q4
17069,RELCHEMQ_FY2018_Q2,RELCHEMQ,FY2018,Q2,Sep 2017,,https://www.bseindia.com/xml-data/corpfiling/CorpAttachment/2017/9/5b8c03f8-42b3-4514-b34e-f7a9359b6ebe.pdf,Other Textile Products,Reliance Chemotex Inds. Ltd.,Sep,Q1
17070,RELCHEMQ_FY2018_Q1,RELCHEMQ,FY2018,Q1,Jun 2017,,https://www.bseindia.com/xml-data/corpfiling/CorpAttachment/2017/6/ba7d2224-cc2b-4c36-b1bf-9ce822010008.pdf,Other Textile Products,Reliance Chemotex Inds. Ltd.,Jun,Q4
17114,RGL_FY2021_Q4,RGL,FY2021,Q4,Mar 2021,https://renaissanceglobal.com/wp-content/uploads/2020/08/Transcript-of-Earning-Call-on-17-08-2020.pdf,,"Gems, Jewellery And Watches",Renaissance Global Ltd.,Mar,Q3
17174,LTFOODS_FY2023_Q1,LTFOODS,FY2023,Q1,Jun 2022,https://www.bseindia.com/xml-data/corpfiling/AttachHis/07da1ea0-1f2f-4640-93b4-938d16e709a0.pdf,https://www.bseindia.com/xml-data/corpfiling/AttachHis/47242347-3b1f-4939-abcf-a5ba7b995ea1.pdf,Other Agricultural Products,L T Foods Ltd.,Jun,Q4
17179,SAKAR_FY2019_Q3,SAKAR,FY2019,Q3,Dec 2018,,https://archives.nseindia.com/corporate/SAKAR_12122018144641_SakarHealthcareInvestorPresentation_077.pdf,Pharmaceuticals,Sakar Healthcare Ltd.,Dec,Q2
17193,SAKSOFT_FY2023_Q1,SAKSOFT,FY2023,Q1,Jun 2022,https://www.bseindia.com/xml-data/corpfiling/AttachHis/b7c5c9ef-6fe6-43d2-83b4-00f9f785649f.pdf,https://www.bseindia.com/xml-data/corpfiling/AttachHis/ebaccaba-b1b5-4307-a539-3241967efe8a.pdf,Computers - Software & Consulting,Saksoft Ltd.,Jun,Q4
17196,SAKSOFT_FY2022_Q1,SAKSOFT,FY2022,Q1,Jun 2021,https://www.bseindia.com/xml-data/corpfiling/AttachHis/ddaab34d-624c-4428-aa89-ae198fcfaacc.pdf,https://www.bseindia.com/xml-data/corpfiling/AttachHis/4216aed1-bd61-46ad-a128-b921b54dc8ce.pdf,Computers - Software & Consulting,Saksoft Ltd.,Jun,Q4
17213,SALASAR_FY2020_Q1,SALASAR,FY2020,Q1,Jun 2019,https://www.bseindia.com/xml-data/corpfiling/AttachHis/93261716-543c-4569-8bf0-f038fc89a321.pdf,https://www.bseindia.com/xml-data/corpfiling/AttachHis/7ec2e7cb-55b0-4a7b-8bb2-bad5637bb2fe.pdf,Industrial Products,Salasar Techno Engg. Ltd.,Jun,Q4
17242,WESTLIFE_FY2019_Q1,WESTLIFE,FY2019,Q1,Jun 2018,http://www.westlife.co.in/download-pdf/Investor/FinancialNews/2019/Q1/WDLEarningsCallTranscript_Q1FY19.pdf,,Restaurants,Westlife Foodworld Ltd.,Jun,Q4
17245,LASA_FY2021_Q1,LASA,FY2021,Q1,Jun 2020,https://www.bseindia.com/xml-data/corpfiling/AttachHis/7da7c9d1-26e6-408b-b148-37e4d3bf2bdf.pdf,https://www.bseindia.com/xml-data/corpfiling/AttachHis/247e048d-9be9-41d5-b578-291a76d14d6d.pdf,Pharmaceuticals,Lasa Supergenerics Ltd.,Jun,Q4
17246,LASA_FY2019_Q1,LASA,FY2019,Q1,Jun 2018,https://www.bseindia.com/xml-data/corpfiling/CorpAttachment/2018/6/02394677-9b10-44eb-98db-ac41db9d9cc3.pdf,https://www.bseindia.com/xml-data/corpfiling/CorpAttachment/2018/5/47166878-e161-455c-8161-221a82c255f7.pdf,Pharmaceuticals,Lasa Supergenerics Ltd.,Jun,Q4
17247,LASA_FY2018_Q3,LASA,FY2018,Q3,Dec 2017,https://www.bseindia.com/xml-data/corpfiling/CorpAttachment/2017/12/f90549b2-3f16-426a-aefb-931012112e16.pdf,https://www.bseindia.com/xml-data/corpfiling/CorpAttachment/2017/12/09c2c570-a2d4-417e-9bd6-a24d7e76da8e.pdf,Pharmaceuticals,Lasa Supergenerics Ltd.,Dec,Q2
17261,SALZERELEC_FY2018_Q1,SALZERELEC,FY2018,Q1,Jun 2017,https://www.bseindia.com/xml-data/corpfiling/CorpAttachment/2017/6/17f26084-7ae0-4ef5-b466-d9f7f9dcd6a8.pdf,,Other Electrical Equipment,Salzer Electronics Ltd.,Jun,Q4
17309,MOTHERSON_FY2023_Q1,MOTHERSON,FY2023,Q1,Jun 2022,https://www.bseindia.com/xml-data/corpfiling/AttachHis/e7c5dcfc-e27c-4dcd-a645-36ba3e8e9ad5.pdf,https://www.bseindia.com/xml-data/corpfiling/AttachHis/5a0ca473-afb9-4041-b390-013efb1c3354.pdf,Auto Components & Equipments,Samvardhana Motherson Intl. Ltd.,Jun,Q4
17325,MOTHERSON_FY2017_Q2,MOTHERSON,FY2017,Q2,Sep 2016,,https://www.bseindia.com/stockinfo/AnnPdfOpen.aspx?Pname=C281E324_8EA1_48AD_B0D5_E609B75ED1D6_124215.pdf,Auto Components & Equipments,Samvardhana Motherson Intl. Ltd.,Sep,Q1
17399,SANGHIIND_FY2022_Q1,SANGHIIND,FY2022,Q1,Jun 2021,,https://www.bseindia.com/xml-data/corpfiling/AttachHis/5367cbff-83bd-45ec-8163-8928e367a620.pdf,Cement & Cement Products,Sanghi Industries Ltd. [Merged],Jun,Q4
17429,SANOFI_FY2021_Q4,SANOFI,FY2021,Q4,Mar 2021,,https://www.bseindia.com/xml-data/corpfiling/AttachHis/78119a4a-e60b-472a-972c-14ec75cb6f5f.pdf,Pharmaceuticals,Sanofi India Ltd.,Mar,Q3
17450,SANWARIA_FY2018_Q1,SANWARIA,FY2018,Q1,Jun 2017,,https://www.bseindia.com/xml-data/corpfiling/CorpAttachment/2017/6/02552b61-67fb-474a-bc90-e81b8e0543f7.pdf,Other Food Products,Sanwaria Consumer Ltd.,Jun,Q4
17475,SARDAEN_FY2021_Q4,SARDAEN,FY2021,Q4,Mar 2021,https://www.seml.co.in/Financials/Quartely%20Results/2020-21/SEML_Q3FY21_Earnings_Call_Transcript.pdf,,Iron & Steel,Sarda Energy & Minerals Ltd.,Mar,Q3
17485,SARDAEN_FY2019_Q1,SARDAEN,FY2019,Q1,Jun 2018,,https://www.bseindia.com/xml-data/corpfiling/CorpAttachment/2018/6/0256fefa-cd2f-4308-9749-667aeb010b8f.pdf,Iron & Steel,Sarda Energy & Minerals Ltd.,Jun,Q4
17506,LUMAXIND_FY2021_Q4,LUMAXIND,FY2021,Q4,Mar 2021,https://www.bseindia.com/xml-data/corpfiling/AttachHis/277f59bc-1f93-494a-8046-6869b9939afd.pdf,https://www.bseindia.com/xml-data/corpfiling/AttachHis/2c9767ea-7d29-4a5c-9705-e0255b2ab1e8.pdf,Auto Components & Equipments,Lumax Industries Ltd.,Mar,Q3
17509,LUMAXIND_FY2020_Q4,LUMAXIND,FY2020,Q4,Mar 2020,https://www.lumaxworld.in/lumaxindustries/pdf/Lumax-Industries-Q3-and-H1-FY20-Earnings-Call-Transcript.pdf,,Auto Components & Equipments,Lumax Industries Ltd.,Mar,Q3
17511,LUMAXIND_FY2020_Q2,LUMAXIND,FY2020,Q2,Sep 2019,https://www.lumaxworld.in/lumaxindustries/pdf/transcript-Q1-FY20.pdf,,Auto Components & Equipments,Lumax Industries Ltd.,Sep,Q1
17557,SATIA_FY2022_Q1,SATIA,FY2022,Q1,Jun 2021,,https://www.bseindia.com/xml-data/corpfiling/AttachHis/a9c87232-c423-40f2-bfa7-e8129a8198e6.pdf,Paper & Paper Products,Satia Industries Ltd.,Jun,Q4
17568,SATIA_FY2021_Q3,SATIA,FY2021,Q3,Dec 2020,https://www.bseindia.com/xml-data/corpfiling/AttachHis/f315473c-cfb4-44f2-9724-612133998467.pdf,https://www.bseindia.com/xml-data/corpfiling/AttachHis/182db577-aa33-42c5-af78-fea9adc812cd.pdf,Paper & Paper Products,Satia Industries Ltd.,Dec,Q2
17591,MOIL_FY2022_Q1,MOIL,FY2022,Q1,Jun 2021,https://www.moil.nic.in/userfiles/ConCall_Transcript_10062021.pdf,,Industrial Minerals,M O I L Ltd.,Jun,Q4
17690,SCHNEIDER_FY2020_Q1,SCHNEIDER,FY2020,Q1,Jun 2019,https://infra.schneider-electric.co.in/supervision/images/financialreport2019/financialreportQpCTWe5aXA.pdf,https://www.bseindia.com/xml-data/corpfiling/AttachHis/bf45efc7-501b-41e1-b037-af7e0d085d70.pdf,Heavy Electrical Equipment,Schneider Electric Infrastructure Ltd.,Jun,Q4
17695,SCHNEIDER_FY2018_Q1,SCHNEIDER,FY2018,Q1,Jun 2017,https://infra.schneider-electric.co.in/supervision/images/financialreport2017/financialreport1Goi6PtNmB.pdf,https://www.bseindia.com/xml-data/corpfiling/CorpAttachment/2017/6/b14ef23d-24f4-43ce-8063-59077b77999f.pdf,Heavy Electrical Equipment,Schneider Electric Infrastructure Ltd.,Jun,Q4
17768,SETCO_FY2021_Q2,SETCO,FY2021,Q2,Sep 2020,https://www.bseindia.com/xml-data/corpfiling/AttachHis/bec9c1af-4491-46e0-8035-943509a5e654.pdf,,Auto Components & Equipments,Setco Automotive Ltd.,Sep,Q1
17769,SETCO_FY2020_Q2,SETCO,FY2020,Q2,Sep 2019,https://www.bseindia.com/xml-data/corpfiling/AttachHis/8f2ed1dc-5cdb-4b60-bc83-81a2bab527ee.pdf,,Auto Components & Equipments,Setco Automotive Ltd.,Sep,Q1
17770,SETCO_FY2020_Q1,SETCO,FY2020,Q1,Jun 2019,https://www.bseindia.com/xml-data/corpfiling/AttachHis/7c8dc8b9-04cf-4bb6-81d9-cec7f6f4cab6.pdf,,Auto Components & Equipments,Setco Automotive Ltd.,Jun,Q4
17772,SETCO_FY2019_Q1,SETCO,FY2019,Q1,Jun 2018,https://www.bseindia.com/xml-data/corpfiling/CorpAttachment/2018/6/72a591f7-f72e-47f8-925f-271a678ec6df.pdf,https://www.bseindia.com/xml-data/corpfiling/CorpAttachment/2018/5/9ec06589-5761-408a-9505-2fe4d903545f.pdf,Auto Components & Equipments,Setco Automotive Ltd.,Jun,Q4
17773,SETCO_FY2018_Q4,SETCO,FY2018,Q4,Mar 2018,https://www.bseindia.com/xml-data/corpfiling/CorpAttachment/2018/3/8d9c1d46-1896-4530-8f35-8b772753ee3d.pdf,https://www.bseindia.com/xml-data/corpfiling/CorpAttachment/2018/2/e635c9ab-3fc4-4ac5-b087-27018be8d93d.pdf,Auto Components & Equipments,Setco Automotive Ltd.,Mar,Q3
17774,SETCO_FY2018_Q3,SETCO,FY2018,Q3,Dec 2017,https://www.bseindia.com/xml-data/corpfiling/CorpAttachment/2017/12/c9a00976-8c17-47b9-bdb6-30b0590ebfeb.pdf,https://www.bseindia.com/xml-data/corpfiling/CorpAttachment/2017/12/ddc18f9d-98a2-40bc-aff1-3b9d36400af7.pdf,Auto Components & Equipments,Setco Automotive Ltd.,Dec,Q2
17780,SEYAIND_FY2019_Q1,SEYAIND,FY2019,Q1,Jun 2018,,https://www.bseindia.com/xml-data/corpfiling/CorpAttachment/2018/6/d02bfdb6-3007-48ce-b010-ea84193713ca.pdf,Specialty Chemicals,Seya Industries Ltd.,Jun,Q4
17782,SEYAIND_FY2017_Q1,SEYAIND,FY2017,Q1,Jun 2016,,https://www.bseindia.com/stockinfo/AnnPdfOpen.aspx?Pname=C9C879CC_50CB_4016_A9BD_6121F3F3C115_103112.pdf,Specialty Chemicals,Seya Industries Ltd.,Jun,Q4
17793,MGL_FY2018_Q1,MGL,FY2018,Q1,Jun 2017,https://www.bseindia.com/xml-data/corpfiling/CorpAttachment/2017/6/6b138d31-545c-4d8c-86ca-b2e1affa9e3d.PDF,https://www.bseindia.com/xml-data/corpfiling/CorpAttachment/2017/6/d4c8db58-34c0-4618-b727-6816379f8e38.PDF,LPG/CNG/PNG/LNG Supplier,Mahanagar Gas Ltd.,Jun,Q4
17796,MGL_FY2017_Q2,MGL,FY2017,Q2,Sep 2016,https://www.bseindia.com/stockinfo/AnnPdfOpen.aspx?Pname=239CE926_F777_4D8B_88CD_FF4115C864ED_153640.pdf,,LPG/CNG/PNG/LNG Supplier,Mahanagar Gas Ltd.,Sep,Q1
17797,SHAILY_FY2022_Q1,SHAILY,FY2022,Q1,Jun 2021,https://www.bseindia.com/xml-data/corpfiling/AttachHis/39c61394-049a-4c4d-be56-21681f8b9fe4.pdf,https://www.bseindia.com/xml-data/corpfiling/AttachHis/d5214810-0588-4e31-9adf-535c738c325a.pdf,Plastic Products - Industrial,Shaily Engineering Plastics Ltd.,Jun,Q4
17802,SHAILY_FY2018_Q4,SHAILY,FY2018,Q4,Mar 2018,https://www.bseindia.com/xml-data/corpfiling/CorpAttachment/2018/3/24f3f879-c547-4c3f-832a-f9be70319ea1.pdf,https://www.bseindia.com/xml-data/corpfiling/CorpAttachment/2018/2/fb43d24a-2676-4b8a-a399-fdca8b277a5f.pdf,Plastic Products - Industrial,Shaily Engineering Plastics Ltd.,Mar,Q3
17823,SHAKTIPUMP_FY2020_Q1,SHAKTIPUMP,FY2020,Q1,Jun 2019,,https://www.bseindia.com/xml-data/corpfiling/AttachHis/26f15b71-1dbc-4aed-ae54-9966fed5ecad.pdf,"Compressors, Pumps & Diesel Engines",Shakti Pumps (India) Ltd.,Jun,Q4
17839,SHALBY_FY2021_Q1,SHALBY,FY2021,Q1,Jun 2020,https://app.churchgatepartners.com/Docs/Client/CLT34/CLT34TAB176CAT1096_20210203104226.pdf,https://www.bseindia.com/xml-data/corpfiling/AttachHis/3199d6b2-df6c-46d4-81ce-fbb6409c497c.pdf,Hospital,Shalby Ltd.,Jun,Q4
17890,SHANTIGEAR_FY2017_Q2,SHANTIGEAR,FY2017,Q2,Sep 2016,,https://www.bseindia.com/stockinfo/AnnPdfOpen.aspx?Pname=C81C13AD_284B_4093_ACA8_104D32A4B1DB_085900.pdf,Industrial Products,Shanthi Gears Ltd.,Sep,Q1
17962,SHAREINDIA_FY2020_Q1,SHAREINDIA,FY2020,Q1,Jun 2019,,https://www.bseindia.com/xml-data/corpfiling/AttachHis/d0fad9d1-30ad-46e5-8595-e5acd74f1fbe.pdf,Stockbroking & Allied,Share India Securities Ltd.,Jun,Q4
17963,SHAREINDIA_FY2019_Q1,SHAREINDIA,FY2019,Q1,Jun 2018,https://www.bseindia.com/xml-data/corpfiling/CorpAttachment/2018/6/b5321070-85f4-490b-a4b3-1d710ae74aa9.pdf,,Stockbroking & Allied,Share India Securities Ltd.,Jun,Q4
18009,SHEMAROO_FY2021_Q3,SHEMAROO,FY2021,Q3,Dec 2020,https://www.shemarooent.com/uploads/report_hPp7R1605771731.pdf,https://www.bseindia.com/xml-data/corpfiling/AttachHis/928b6180-0ea1-49e8-a4f0-38c67ee03a91.pdf,Media & Entertainment,Shemaroo Entertainment Ltd.,Dec,Q2
18025,SHEMAROO_FY2018_Q2,SHEMAROO,FY2018,Q2,Sep 2017,https://www.shemarooent.com/uploads/CC-June-17.pdf,https://www.bseindia.com/xml-data/corpfiling/CorpAttachment/2017/9/ce8bcb6e-24fe-4b9d-bf0a-d1fc4a94f0e4.pdf,Media & Entertainment,Shemaroo Entertainment Ltd.,Sep,Q1
18028,SHEMAROO_FY2017_Q2,SHEMAROO,FY2017,Q2,Sep 2016,,https://www.bseindia.com/stockinfo/AnnPdfOpen.aspx?Pname=592B018A_0F45_4316_8966_6043F5CBFB06_171013.pdf,Media & Entertainment,Shemaroo Entertainment Ltd.,Sep,Q1
18070,MANCREDIT_FY2020_Q1,MANCREDIT,FY2020,Q1,Jun 2019,,https://www.bseindia.com/xml-data/corpfiling/AttachHis/b018c0bc-4758-4192-8071-5b66b74b66cf.pdf,Non Banking Financial Company (NBFC),Mangal Credit & Fincorp Ltd.,Jun,Q4
18071,MANCREDIT_FY2017_Q2,MANCREDIT,FY2017,Q2,Sep 2016,,https://www.bseindia.com/stockinfo/AnnPdfOpen.aspx?Pname=02A239F0_9882_4AF5_8606_10A4F19D7F22_150303.pdf,Non Banking Financial Company (NBFC),Mangal Credit & Fincorp Ltd.,Sep,Q1
18090,SHIVALIK_FY2022_Q3,SHIVALIK,FY2022,Q3,Dec 2021,,https://www.bseindia.com/xml-data/corpfiling/AttachHis/0590c5a8-8f9f-482a-840a-f6d9e8742c40.pdf,Pesticides & Agrochemicals,Shivalik Rasayan Ltd.,Dec,Q2
18091,SHIVALIK_FY2022_Q2,SHIVALIK,FY2022,Q2,Sep 2021,,https://www.bseindia.com/xml-data/corpfiling/AttachHis/19e52072-782c-48a0-b851-4bd068aff32f.pdf,Pesticides & Agrochemicals,Shivalik Rasayan Ltd.,Sep,Q1
18093,SHIVALIK_FY2020_Q3,SHIVALIK,FY2020,Q3,Dec 2019,,https://www.bseindia.com/xml-data/corpfiling/AttachHis/5490b334-16d1-4ef9-aad1-26c329919cd5.pdf,Pesticides & Agrochemicals,Shivalik Rasayan Ltd.,Dec,Q2
18122,SHOPERSTOP_FY2018_Q2,SHOPERSTOP,FY2018,Q2,Sep 2017,https://corporate.shoppersstop.com/wp-content/uploads/sp-client-document-manager/1/e44b827-25a2.pdf,,Diversified Retail,Shoppers Stop Ltd.,Sep,Q1
18152,SHREEPUSHK_FY2022_Q1,SHREEPUSHK,FY2022,Q1,Jun 2021,https://www.bseindia.com/xml-data/corpfiling/AttachHis/3e470033-8efb-45bb-b6fd-e778a88021c9.pdf,https://www.bseindia.com/xml-data/corpfiling/AttachHis/41a37111-553f-4b11-98e4-636bb7f1c55b.pdf,Dyes And Pigments,Shree Pushkar Chemicals & Fertilisers Ltd.,Jun,Q4
18154,SHREEPUSHK_FY2019_Q1,SHREEPUSHK,FY2019,Q1,Jun 2018,https://shreepushkar.com/wp-content/uploads/2019/03/SPCFL-Q4-ECT-FY-18.pdf,https://www.bseindia.com/xml-data/corpfiling/CorpAttachment/2018/5/33159f5b-255d-49e6-96ee-757712696cfb.pdf,Dyes And Pigments,Shree Pushkar Chemicals & Fertilisers Ltd.,Jun,Q4
18156,SHREEPUSHK_FY2018_Q2,SHREEPUSHK,FY2018,Q2,Sep 2017,https://shreepushkar.com/wp-content/uploads/2019/03/SPCFL-Q1-ECT-FY-18.pdf,,Dyes And Pigments,Shree Pushkar Chemicals & Fertilisers Ltd.,Sep,Q1
18167,RENUKA_FY2023_Q1,RENUKA,FY2023,Q1,Jun 2022,,https://www.bseindia.com/xml-data/corpfiling/AttachHis/1760fe2f-a87e-4689-af18-408f7589f236.pdf,Sugar,Shree Renuka Sugars Ltd.,Jun,Q4
18176,MARUTI_FY2021_Q4,MARUTI,FY2021,Q4,Mar 2021,https://marutistoragenew.blob.core.windows.net/msilintiwebpdf/Transcript-earnings-call-Maruti-Suzuki-Q4-FY-21.pdf,,Passenger Cars & Utility Vehicles,Maruti Suzuki India Ltd.,Mar,Q3
18203,SHRIRAMFIN_FY2021_Q4,SHRIRAMFIN,FY2021,Q4,Mar 2021,https://cdn.stfc.in/common/STFC_Q4FY21_Earnings_Call_Transcript.pdf,https://www.bseindia.com/xml-data/corpfiling/AttachHis/fa75ff42-e9dd-4ebc-bf4c-c645f2c6e724.pdf,Non Banking Financial Company (NBFC),Shriram Finance Ltd.,Mar,Q3
18252,MFSL_FY2022_Q1,MFSL,FY2022,Q1,Jun 2021,,https://www.bseindia.com/xml-data/corpfiling/AttachHis/43e0654d-8770-4de8-adb1-255f926e8f15.pdf,Life Insurance,Max Financial Services Ltd.,Jun,Q4
18253,MFSL_FY2021_Q4,MFSL,FY2021,Q4,Mar 2021,,https://www.bseindia.com/xml-data/corpfiling/AttachHis/54eac603-f85e-4d9d-890c-413f17e9bb83.pdf,Life Insurance,Max Financial Services Ltd.,Mar,Q3
18258,SIEMENS_FY2023_Q3,SIEMENS,FY2023,Q3,Dec 2022,https://www.bseindia.com/xml-data/corpfiling/AttachHis/0a893831-9452-4339-baa6-90216e226646.pdf,https://www.bseindia.com/xml-data/corpfiling/AttachHis/48ed3930-73eb-4034-9ede-3abd883f95c6.pdf,Heavy Electrical Equipment,Siemens Ltd.,Dec,Q2
18259,SIEMENS_FY2023_Q1,SIEMENS,FY2023,Q1,Jun 2022,https://www.bseindia.com/xml-data/corpfiling/AttachHis/f6c3c2e3-f641-41cb-812d-0ff8d4037bad.pdf,,Heavy Electrical Equipment,Siemens Ltd.,Jun,Q4
18260,SIEMENS_FY2022_Q3,SIEMENS,FY2022,Q3,Dec 2021,https://www.bseindia.com/xml-data/corpfiling/AttachHis/a4e55cde-c3dd-41c6-a573-fd0880d2b1dc.pdf,https://www.bseindia.com/xml-data/corpfiling/AttachHis/81d8d508-4278-4633-9b22-1a5c269a120b.pdf,Heavy Electrical Equipment,Siemens Ltd.,Dec,Q2
18261,SIEMENS_FY2022_Q1,SIEMENS,FY2022,Q1,Jun 2021,https://www.bseindia.com/xml-data/corpfiling/AttachHis/885c4054-9f85-48f3-8397-ce3ae9fb45c9.pdf,https://www.bseindia.com/xml-data/corpfiling/AttachHis/3bb8b56e-996b-4b82-9f36-4a85a77671de.pdf,Heavy Electrical Equipment,Siemens Ltd.,Jun,Q4
18280,SIGMA_FY2023_Q3,SIGMA,FY2023,Q3,Dec 2022,,https://archives.nseindia.com/corporate/SIGMA_06122022140830_IP.pdf,IT Enabled Services,Sigma Solve Ltd.,Dec,Q2
18302,MAXIND_FY2021_Q2,MAXIND,FY2021,Q2,Sep 2020,,https://www.bseindia.com/xml-data/corpfiling/AttachHis/630269b4-c745-4675-931a-166e1cb81fd9.pdf,Holding Company,Max India Ltd.,Sep,Q1
18330,SINTERCOM_FY2022_Q4,SINTERCOM,FY2022,Q4,Mar 2022,,https://archives.nseindia.com/corporate/SINTERCOM_04032022182047_InvestorsPresentation.pdf,Auto Components & Equipments,Sintercom India Ltd.,Mar,Q3
18365,SIYSIL_FY2023_Q1,SIYSIL,FY2023,Q1,Jun 2022,https://www.bseindia.com/xml-data/corpfiling/AttachHis/acb20f6d-ece5-47ea-820a-4614d0749f33.pdf,https://www.bseindia.com/xml-data/corpfiling/AttachHis/9d67759f-1fb7-4d69-b688-269525a02b5c.pdf,Other Textile Products,Siyaram Silk Mills Ltd.,Jun,Q4
18366,SIYSIL_FY2018_Q1,SIYSIL,FY2018,Q1,Jun 2017,,https://www.bseindia.com/xml-data/corpfiling/CorpAttachment/2017/6/c69fa939-a74e-407f-8657-6e4d66dc5842.pdf,Other Textile Products,Siyaram Silk Mills Ltd.,Jun,Q4
18398,SKIPPER_FY2021_Q1,SKIPPER,FY2021,Q1,Jun 2020,,https://www.bseindia.com/xml-data/corpfiling/AttachHis/0f67ea96-c2f5-4268-ae8e-c08a8b59ecde.pdf,Heavy Electrical Equipment,Skipper Ltd.,Jun,Q4
18408,SKIPPER_FY2018_Q2,SKIPPER,FY2018,Q2,Sep 2017,https://www.bseindia.com/xml-data/corpfiling/CorpAttachment/2017/9/7ee2e675-44cf-4518-a981-faa0312cde65.pdf,https://www.bseindia.com/xml-data/corpfiling/CorpAttachment/2017/9/f51dfa27-4dac-469c-8bf4-a7d102c66565.pdf,Heavy Electrical Equipment,Skipper Ltd.,Sep,Q1
18440,SNOWMAN_FY2020_Q3,SNOWMAN,FY2020,Q3,Dec 2019,,https://www.adaniports.com/-/media/Project/Ports/Investor/Investor-Downloads/Investors-Presentation/Snowman-Acquisition.pdf,Logistics Solution Provider,Snowman Logistics Ltd.,Dec,Q2
18450,SOBHA_FY2022_Q1,SOBHA,FY2022,Q1,Jun 2021,https://www.bseindia.com/xml-data/corpfiling/AttachHis/e817d9ab-ffb4-44cf-87cd-cf7b6924e150.pdf,,"Residential, Commercial Projects",Sobha Ltd.,Jun,Q4
18454,SOBHA_FY2020_Q4,SOBHA,FY2020,Q4,Mar 2020,https://www.sobha.com/wp-content/uploads/2020/10/158098259920200206.pdf,,"Residential, Commercial Projects",Sobha Ltd.,Mar,Q3
18489,SOLARINDS_FY2017_Q2,SOLARINDS,FY2017,Q2,Sep 2016,,https://www.bseindia.com/stockinfo/AnnPdfOpen.aspx?Pname=2281CF31_5C41_49E1_AB11_4A06E1E546FE_171322.pdf,Explosives,Solar Industries India Ltd.,Sep,Q1
18534,MODINATUR_FY2020_Q4,MODINATUR,FY2020,Q4,Mar 2020,,https://www.bseindia.com/xml-data/corpfiling/AttachHis/4b28bf2f-f23d-4956-99e4-183fdd94603c.pdf,Other Agricultural Products,Modi Naturals Ltd.,Mar,Q3
18551,SDBL_FY2022_Q1,SDBL,FY2022,Q1,Jun 2021,https://www.somindia.com/pdf/SOM-FY2021-Conference-Call%20-Transcript.pdf,https://www.bseindia.com/xml-data/corpfiling/AttachHis/d165a84a-59ab-44e6-bf19-f86ec85d40a3.pdf,Breweries & Distilleries,Som Distilleries & Breweries Ltd.,Jun,Q4
18553,SDBL_FY2021_Q1,SDBL,FY2021,Q1,Jun 2020,https://www.somindia.com/pdf/SOM-Q4-and-Full-Year-FY2020-Conference-Call-Transcript.pdf,https://www.bseindia.com/xml-data/corpfiling/AttachHis/e641e313-40f1-41b4-bd3e-dbe87eb96d15.pdf,Breweries & Distilleries,Som Distilleries & Breweries Ltd.,Jun,Q4
18600,SONATSOFTW_FY2021_Q4,SONATSOFTW,FY2021,Q4,Mar 2021,https://www.sonata-software.com/sites/default/files/quarterly-results/2021-05/earnings-call-transcript-q4-fy21.pdf,https://www.bseindia.com/xml-data/corpfiling/AttachHis/ef86e9dd-4145-4776-b3d0-1135c1e6b493.pdf,Computers - Software & Consulting,Sonata Software Ltd.,Mar,Q3
18673,SPANDANA_FY2021_Q1,SPANDANA,FY2021,Q1,Jun 2020,,https://www.bseindia.com/xml-data/corpfiling/AttachHis/2e537d66-3554-4ef3-94d6-043d8913e50d.pdf,Microfinance Institutions,Spandana Sphoorty Financial Ltd.,Jun,Q4
18697,SPECIALITY_FY2018_Q2,SPECIALITY,FY2018,Q2,Sep 2017,https://www.bseindia.com/xml-data/corpfiling/CorpAttachment/2017/9/17a69928-2f9c-4998-9a91-a14ad5dc085c.pdf,,Restaurants,Speciality Restaurants Ltd.,Sep,Q1
18698,SPECIALITY_FY2018_Q1,SPECIALITY,FY2018,Q1,Jun 2017,https://www.bseindia.com/xml-data/corpfiling/CorpAttachment/2017/6/f21364bd-eb07-4a0a-bc16-b26e11a7ab41.pdf,,Restaurants,Speciality Restaurants Ltd.,Jun,Q4
18700,SPECIALITY_FY2017_Q1,SPECIALITY,FY2017,Q1,Jun 2016,https://www.bseindia.com/stockinfo/AnnPdfOpen.aspx?Pname=32FD0585_09A1_4072_89C2_1154A2A904EF_154156.pdf,https://www.bseindia.com/stockinfo/AnnPdfOpen.aspx?Pname=4B008180_C737_4C24_96FE_94448BFC4407_143155.pdf,Restaurants,Speciality Restaurants Ltd.,Jun,Q4
18738,BECTORFOOD_FY2022_Q1,BECTORFOOD,FY2022,Q1,Jun 2021,http://www.cremica.in/assets/pdf/Mrs-Bector-earning-call-transcript-Q4FY21.pdf,https://www.bseindia.com/xml-data/corpfiling/AttachHis/0f493ec0-3da4-4a00-9e10-7ffbbc634d8c.pdf,Packaged Foods,Mrs. Bectors Food Specialities Ltd.,Jun,Q4
18774,STARCEMENT_FY2024_Q1,STARCEMENT,FY2024,Q1,Jun 2023,https://www.bseindia.com/xml-data/corpfiling/AttachHis/cd95778e-a1cb-4322-88e9-48ef80f91ac8.pdf,https://www.bseindia.com/xml-data/corpfiling/AttachHis/d1b7a5cd-8ee4-40e5-baa0-84b8c97fc8c5.pdf,Cement & Cement Products,Star Cement Ltd.,Jun,Q4
18815,MUTHOOTFIN_FY2019_Q2,MUTHOOTFIN,FY2019,Q2,Sep 2018,,https://www.bseindia.com/xml-data/corpfiling/CorpAttachment/2018/9/78c1a204-87fc-4c1a-9ed2-5a3a58b39028.pdf,Non Banking Financial Company (NBFC),Muthoot Finance Ltd.,Sep,Q1
18847,SAIL_FY2019_Q1,SAIL,FY2019,Q1,Jun 2018,,https://www.bseindia.com/xml-data/corpfiling/CorpAttachment/2018/6/689b1698-fe24-4f39-9587-da62f069625a.pdf,Iron & Steel,Steel Authority Of India Ltd.,Jun,Q4
18873,SSWL_FY2017_Q2,SSWL,FY2017,Q2,Sep 2016,,https://www.bseindia.com/stockinfo/AnnPdfOpen.aspx?Pname=BE4A52F7_89F2_4226_9BB9_5E5A283245DB_112044.pdf,Auto Components & Equipments,Steel Strips Wheels Ltd.,Sep,Q1
18907,SWSOLAR_FY2021_Q4,SWSOLAR,FY2021,Q4,Mar 2021,https://www.sterlingandwilsonre.com/pdf/SWSL_Earnings_Call_Transcript_Q3FY21_Final.pdf,https://www.bseindia.com/xml-data/corpfiling/AttachHis/5e96d176-7370-4038-925b-ab9a859052ed.pdf,Civil Construction,Sterling & Wilson Renewable Energy Ltd.,Mar,Q3
18910,SWSOLAR_FY2021_Q1,SWSOLAR,FY2021,Q1,Jun 2020,https://www.sterlingandwilsonsolar.com/pdf/SWSL_Q4FY20_Earnings_Call_Transcript.pdf,https://www.bseindia.com/xml-data/corpfiling/AttachHis/6a6adcb9-624b-4ac3-8e96-abd210b65493.pdf,Civil Construction,Sterling & Wilson Renewable Energy Ltd.,Jun,Q4
18942,STLTECH_FY2021_Q4,STLTECH,FY2021,Q4,Mar 2021,https://www.stl.tech/pdf/Transcript-of-Sterlite-Technologies_Q4FY21_Earnings-Call_29-April-2021.pdf,,Telecom -  Equipment & Accessories,Sterlite Technologies Ltd.,Mar,Q3
18962,NLCINDIA_FY2021_Q2,NLCINDIA,FY2021,Q2,Sep 2020,https://www.nlcindia.in/new_website/IDFCSec-NLCIndia-Sep25-2020%20-%20Final%20sent%20to%20TSCMD.pdf,,Power Generation,N L C India Ltd.,Sep,Q1
18966,NLCINDIA_FY2019_Q4,NLCINDIA,FY2019,Q4,Mar 2019,https://www.nlcindia.in/new_website/news/Q3_FY_2018-19_InvestorCallTranscript.pdf,https://www.bseindia.com/xml-data/corpfiling/AttachHis/cbb89a0e-6d7c-4354-9d4f-5d4616739dc4.pdf,Power Generation,N L C India Ltd.,Mar,Q3
18968,NLCINDIA_FY2018_Q4,NLCINDIA,FY2018,Q4,Mar 2018,,https://www.bseindia.com/xml-data/corpfiling/CorpAttachment/2018/3/03f37535-623b-48dc-816a-15ddbc893c0b.pdf,Power Generation,N L C India Ltd.,Mar,Q3
18969,NLCINDIA_FY2018_Q3,NLCINDIA,FY2018,Q3,Dec 2017,,https://www.bseindia.com/xml-data/corpfiling/CorpAttachment/2017/12/b560a330-e4fa-4639-ac77-d6d892128f66.pdf,Power Generation,N L C India Ltd.,Dec,Q2
18988,STOVEKRAFT_FY2022_Q4,STOVEKRAFT,FY2022,Q4,Mar 2022,https://www.bseindia.com/xml-data/corpfiling/AttachHis/0a79b295-8cec-435f-9e75-a578d7ee400f.pdf,,Household Appliances,Stove Kraft Ltd.,Mar,Q3
19114,SUDARSCHEM_FY2022_Q1,SUDARSCHEM,FY2022,Q1,Jun 2021,https://www.bseindia.com/xml-data/corpfiling/AttachHis/9de614ce-bc04-4f73-9899-254f49004550.pdf,https://www.bseindia.com/xml-data/corpfiling/AttachHis/f88cfd1f-bcfc-4b8d-9c1f-9e854b779006.pdf,Dyes And Pigments,Sudarshan Chemical Inds. Ltd.,Jun,Q4
19137,SUDARSCHEM_FY2019_Q4,SUDARSCHEM,FY2019,Q4,Mar 2019,https://www.sudarshan.com/perch/resources/sudarshan-transcript-analyst-meet-dec-2018.pdf,,Dyes And Pigments,Sudarshan Chemical Inds. Ltd.,Mar,Q3
19152,SUKHJITS_FY2024_Q1,SUKHJITS,FY2024,Q1,Jun 2023,https://www.bseindia.com/xml-data/corpfiling/AttachHis/ed55aab6-90e7-4d20-a87d-890705be1dc9.pdf,https://www.bseindia.com/xml-data/corpfiling/AttachHis/7f610590-024d-402b-9b65-492d7237e59e.pdf,Other Agricultural Products,Sukhjit Starch & Chemicals Ltd.,Jun,Q4
19153,SUKHJITS_FY2020_Q3,SUKHJITS,FY2020,Q3,Dec 2019,,https://www.bseindia.com/xml-data/corpfiling/AttachHis/95022611-29d4-4f11-a8e5-43b99d7cf84b.pdf,Other Agricultural Products,Sukhjit Starch & Chemicals Ltd.,Dec,Q2
19163,SUMICHEM_FY2023_Q1,SUMICHEM,FY2023,Q1,Jun 2022,https://www.bseindia.com/xml-data/corpfiling/AttachHis/9d9f4c15-470c-4697-90a4-5aa6428aba8a.pdf,https://www.bseindia.com/xml-data/corpfiling/AttachHis/c3e01093-8160-47d9-865b-633808360a71.pdf,Pesticides & Agrochemicals,Sumitomo Chemical India Ltd.,Jun,Q4
19166,SUMICHEM_FY2022_Q1,SUMICHEM,FY2022,Q1,Jun 2021,https://www.bseindia.com/xml-data/corpfiling/AttachHis/edc28121-5fe1-4d7f-9a09-85dc533067bb.pdf,https://www.bseindia.com/xml-data/corpfiling/AttachHis/23ff8c6c-f4fe-4409-b32d-15ac9968deb2.pdf,Pesticides & Agrochemicals,Sumitomo Chemical India Ltd.,Jun,Q4
19172,SPARC_FY2022_Q3,SPARC,FY2022,Q3,Dec 2021,https://www.bseindia.com/xml-data/corpfiling/AttachHis/6dfde7fd-9a0f-41be-a506-aa3a9fe256f2.pdf,https://www.bseindia.com/xml-data/corpfiling/AttachHis/dfaf9b21-5781-47df-a368-228c8cae0b8f.pdf,Pharmaceuticals,Sun Pharma Advanced Research Co. Ltd.,Dec,Q2
19173,SPARC_FY2021_Q2,SPARC,FY2021,Q2,Sep 2020,,https://www.bseindia.com/xml-data/corpfiling/AttachHis/f854ce7e-c204-4c06-bd55-469c9e64fc3f.pdf,Pharmaceuticals,Sun Pharma Advanced Research Co. Ltd.,Sep,Q1
19174,SPARC_FY2020_Q2,SPARC,FY2020,Q2,Sep 2019,,https://www.bseindia.com/xml-data/corpfiling/AttachHis/51aa1c4b-f524-4f33-8fc2-25d935249fd5.pdf,Pharmaceuticals,Sun Pharma Advanced Research Co. Ltd.,Sep,Q1
19175,SPARC_FY2019_Q2,SPARC,FY2019,Q2,Sep 2018,,https://www.bseindia.com/xml-data/corpfiling/CorpAttachment/2018/9/c093f4d2-f4c2-436b-b85c-e184c40b0a87.pdf,Pharmaceuticals,Sun Pharma Advanced Research Co. Ltd.,Sep,Q1
19187,SUNPHARMA_FY2022_Q4,SUNPHARMA,FY2022,Q4,Mar 2022,,https://www.bseindia.com/xml-data/corpfiling/AttachHis/339a0c90-0174-4550-afb8-583c664106d2.pdf,Pharmaceuticals,Sun Pharmaceutical Inds. Ltd.,Mar,Q3
19218,SUNDROP_FY2021_Q3,SUNDROP,FY2021,Q3,Dec 2020,,https://www.bseindia.com/xml-data/corpfiling/AttachHis/fb2f5f8c-78c5-46c7-802e-7f8025adc904.pdf,Edible Oil,Sundrop Brands Ltd.,Dec,Q2
19219,SUNDROP_FY2020_Q3,SUNDROP,FY2020,Q3,Dec 2019,,https://www.bseindia.com/xml-data/corpfiling/AttachHis/c444e81e-b195-4539-b0e3-1cb18181d6a6.pdf,Edible Oil,Sundrop Brands Ltd.,Dec,Q2
19238,SUNTECK_FY2022_Q1,SUNTECK,FY2022,Q1,Jun 2021,https://www.sunteckindia.com/pdf/investor-relations/financial/2021/Q4/Sunteck-Realty_Q4FY21-Earnings-call-transcript_Final-Clean.pdf,https://www.bseindia.com/xml-data/corpfiling/AttachHis/ab706a99-abdf-46b4-8fe4-ac0a33e37425.pdf,"Residential, Commercial Projects",Sunteck Realty Ltd.,Jun,Q4
19254,SUNTECK_FY2017_Q3,SUNTECK,FY2017,Q3,Dec 2016,,https://www.bseindia.com/stockinfo/AnnPdfOpen.aspx?Pname=FD38D43D_ABAE_4C9D_813D_2D78D1E75444_132237.pdf,"Residential, Commercial Projects",Sunteck Realty Ltd.,Dec,Q2
19262,SUPRAJIT_FY2021_Q4,SUPRAJIT,FY2021,Q4,Mar 2021,https://www.bseindia.com/xml-data/corpfiling/AttachHis/2c31dfb0-f034-4bda-a47a-83959fa58ce0.pdf,,Auto Components & Equipments,Suprajit Engineering Ltd.,Mar,Q3
19264,SUPRAJIT_FY2021_Q1,SUPRAJIT,FY2021,Q1,Jun 2020,,https://www.bseindia.com/xml-data/corpfiling/AttachHis/d5c9bd69-f902-453f-8f1c-3192178f8189.pdf,Auto Components & Equipments,Suprajit Engineering Ltd.,Jun,Q4
19268,SUPRAJIT_FY2019_Q1,SUPRAJIT,FY2019,Q1,Jun 2018,https://www.bseindia.com/xml-data/corpfiling/CorpAttachment/2018/6/6e1a2bc4-d4c0-43a2-b0d6-3f7a09f3716e.pdf,https://www.bseindia.com/xml-data/corpfiling/CorpAttachment/2018/6/ac7d07a1-960e-4281-b555-967ce8cf953c.pdf,Auto Components & Equipments,Suprajit Engineering Ltd.,Jun,Q4
19269,SUPRAJIT_FY2018_Q1,SUPRAJIT,FY2018,Q1,Jun 2017,,https://www.bseindia.com/xml-data/corpfiling/CorpAttachment/2017/6/712e47a5-53e3-4620-b81f-58ba99091bfd.pdf,Auto Components & Equipments,Suprajit Engineering Ltd.,Jun,Q4
19270,SUPRAJIT_FY2017_Q4,SUPRAJIT,FY2017,Q4,Mar 2017,,https://www.bseindia.com/xml-data/corpfiling/CorpAttachment/2017/3/625fea8e-575f-4e3c-934e-d035533ac287.pdf,Auto Components & Equipments,Suprajit Engineering Ltd.,Mar,Q3
19274,SUPREME_FY2024_Q2,SUPREME,FY2024,Q2,Sep 2023,,https://www.bseindia.com/xml-data/corpfiling/AttachHis/792670ef-cdb4-472f-8f38-35ba01e129a4.pdf,"Residential, Commercial Projects",Supreme Holdings & Hospitality (India) Ltd.,Sep,Q1
19296,SUPREMEIND_FY2021_Q1,SUPREMEIND,FY2021,Q1,Jun 2020,,https://www.bseindia.com/xml-data/corpfiling/AttachHis/f1c35f85-265e-49a8-adc1-5f389e4125c4.pdf,Plastic Products - Industrial,Supreme Industries Ltd.,Jun,Q4
19298,SUPREMEINF_FY2017_Q3,SUPREMEINF,FY2017,Q3,Dec 2016,,https://www.bseindia.com/stockinfo/AnnPdfOpen.aspx?Pname=86F3D2D3_34A5_4A53_A9E2_163B1BEAE9FD_120743.pdf,Civil Construction,Supreme Infrastructure India Ltd.,Dec,Q2
19299,SUPREMEINF_FY2017_Q2,SUPREMEINF,FY2017,Q2,Sep 2016,,https://www.bseindia.com/stockinfo/AnnPdfOpen.aspx?Pname=E4A46D36_0277_4758_B768_807F358C4537_154716.pdf,Civil Construction,Supreme Infrastructure India Ltd.,Sep,Q1
19300,SUPREMEINF_FY2017_Q1,SUPREMEINF,FY2017,Q1,Jun 2016,,https://www.bseindia.com/stockinfo/AnnPdfOpen.aspx?Pname=873A6754_B5C2_4FA1_A9B2_10820703B702_120958.pdf,Civil Construction,Supreme Infrastructure India Ltd.,Jun,Q4
19402,SUTLEJTEX_FY2020_Q3,SUTLEJTEX,FY2020,Q3,Dec 2019,https://www.bseindia.com/xml-data/corpfiling/AttachHis/8829d4ea-66a1-414b-baab-ccf63fe7cdb5.pdf,https://www.bseindia.com/xml-data/corpfiling/AttachHis/e9298a20-2e25-4f6a-87e6-b0d0916286b4.pdf,Other Textile Products,Sutlej Textiles & Inds. Ltd.,Dec,Q2
19418,SUTLEJTEX_FY2017_Q2,SUTLEJTEX,FY2017,Q2,Sep 2016,https://www.bseindia.com/stockinfo/AnnPdfOpen.aspx?Pname=36BED1A3_C0A5_469D_B645_D2CAAC5DE969_130447.pdf,,Other Textile Products,Sutlej Textiles & Inds. Ltd.,Sep,Q1
19448,SUYOG_FY2022_Q1,SUYOG,FY2022,Q1,Jun 2021,,https://www.bseindia.com/xml-data/corpfiling/AttachHis/b2586659-8520-4160-9530-94db505f2eef.pdf,Telecom - Infrastructure,Suyog Telematics Ltd.,Jun,Q4
19484,SYMPHONY_FY2021_Q1,SYMPHONY,FY2021,Q1,Jun 2020,https://docpdfs.s3-ap-southeast-1.amazonaws.com/symphony/Results-%20Reporting/Transcripts/Interview_2019-20_Q4.pdf,https://www.bseindia.com/xml-data/corpfiling/AttachHis/65e8a945-b1bf-40fc-835f-fb5e806959d6.pdf,Household Appliances,Symphony Ltd.,Jun,Q4
19524,SYNGENE_FY2021_Q4,SYNGENE,FY2021,Q4,Mar 2021,https://syngene-aws-storage01.s3.ap-south-1.amazonaws.com/wp-content/uploads/2021/05/04013451/IR-Cal-Transcript-April-2021.pdf,https://www.bseindia.com/xml-data/corpfiling/AttachHis/658e0d6b-a564-4e6f-8911-ea9246e8ec27.pdf,"Healthcare Research, Analytics & Technology",Syngene International Ltd.,Mar,Q3
19563,OLECTRA_FY2022_Q2,OLECTRA,FY2022,Q2,Sep 2021,,https://www.bseindia.com/xml-data/corpfiling/AttachHis/88f3a36e-c9c2-40c6-bd30-582809b43640.pdf,Passenger Cars & Utility Vehicles,Olectra Greentech Ltd.,Sep,Q1
19586,TARC_FY2024_Q1,TARC,FY2024,Q1,Jun 2023,,https://www.bseindia.com/xml-data/corpfiling/AttachHis/90ec064e-5b62-4972-ab8e-2cce91c319b1.pdf,"Residential, Commercial Projects",T A R C Ltd.,Jun,Q4
19686,TRF_FY2022_Q1,TRF,FY2022,Q1,Jun 2021,https://www.bseindia.com/xml-data/corpfiling/AttachHis/c9072612-584d-4bdd-8243-b13fa8052460.pdf,,Industrial Products,T R F Ltd.,Jun,Q4
19689,TTKHLTCARE_FY2017_Q2,TTKHLTCARE,FY2017,Q2,Sep 2016,,https://www.bseindia.com/stockinfo/AnnPdfOpen.aspx?Pname=2728B9DD_8ABE_47A5_B66D_F6936DCC6A58_102540.pdf,Diversified,T T K Healthcare Ltd.,Sep,Q1
19708,TTKPRESTIG_FY2023_Q1,TTKPRESTIG,FY2023,Q1,Jun 2022,https://www.bseindia.com/xml-data/corpfiling/AttachHis/39ec5f3a-995b-4789-abd3-5fc493e80677.pdf,https://www.bseindia.com/xml-data/corpfiling/AttachHis/d2628d29-40cd-40c3-8743-9aaf7f0fd50c.pdf,Household Appliances,T T K Prestige Ltd.,Jun,Q4
19720,TFCILTD_FY2020_Q1,TFCILTD,FY2020,Q1,Jun 2019,,https://www.bseindia.com/xml-data/corpfiling/AttachHis/1865f0de-6acd-45bc-b546-ee4f80245627.pdf,Financial Institution,Tourism Finance Corpn. Of India Ltd.,Jun,Q4
19773,TALBROAUTO_FY2022_Q1,TALBROAUTO,FY2022,Q1,Jun 2021,https://www.bseindia.com/xml-data/corpfiling/AttachHis/d56376a6-79d3-4839-aba9-e7bf05a4bc23.pdf,https://www.bseindia.com/xml-data/corpfiling/AttachHis/79703159-aefc-4e63-a76c-68730b9b9c87.pdf,Auto Components & Equipments,Talbros Automotive Components Ltd.,Jun,Q4
19777,TALBROAUTO_FY2020_Q4,TALBROAUTO,FY2020,Q4,Mar 2020,https://www.bseindia.com/xml-data/corpfiling/AttachHis/155940f9-9578-4729-8e28-aa22f559b70f.pdf,,Auto Components & Equipments,Talbros Automotive Components Ltd.,Mar,Q3
19778,TALBROAUTO_FY2020_Q3,TALBROAUTO,FY2020,Q3,Dec 2019,https://www.talbros.com/wp-content/uploads/2019/11/Talbros_Automotive_Components_Q2FY20_Earnings_call_transcript.pdf,https://www.bseindia.com/xml-data/corpfiling/AttachHis/4653ef9f-2756-4394-a4ef-70504069ccfd.pdf,Auto Components & Equipments,Talbros Automotive Components Ltd.,Dec,Q2
19790,TALBROAUTO_FY2019_Q2,TALBROAUTO,FY2019,Q2,Sep 2018,https://www.talbros.com/wp-content/uploads/2018/08/Transcript-31.pdf,https://www.bseindia.com/xml-data/corpfiling/CorpAttachment/2018/11/5406cc59-3919-4f3f-b732-79ef0c4b10a9.pdf,Auto Components & Equipments,Talbros Automotive Components Ltd.,Sep,Q1
19797,TALBROAUTO_FY2016_Q3,TALBROAUTO,FY2016,Q3,Dec 2015,,https://www.bseindia.com/stockinfo/AnnPdfOpen.aspx?Pname=AB887941_9462_47BD_AD54_AC41EA6C1A6F_123831.pdf,Auto Components & Equipments,Talbros Automotive Components Ltd.,Dec,Q2
19801,TNPL_FY2023_Q2,TNPL,FY2023,Q2,Sep 2022,https://www.bseindia.com/xml-data/corpfiling/AttachHis/45095f02-7d27-4c8f-93bc-94ec0da8eeed.pdf,,Paper & Paper Products,Tamil Nadu Newsprint & Papers Ltd.,Sep,Q1
19805,TNPL_FY2021_Q2,TNPL,FY2021,Q2,Sep 2020,https://www.bseindia.com/xml-data/corpfiling/AttachHis/9a5a7d4b-bdc5-462b-a319-25f7fc3faa2d.pdf,,Paper & Paper Products,Tamil Nadu Newsprint & Papers Ltd.,Sep,Q1
19812,ORTEL_FY2017_Q3,ORTEL,FY2017,Q3,Dec 2016,https://www.bseindia.com/stockinfo/AnnPdfOpen.aspx?Pname=98CFC2AC_351F_4B63_85CD_E80881BE5C43_184236.pdf,,TV Broadcasting & Software Production,Ortel Communications Ltd.,Dec,Q2
19860,PDSL_FY2020_Q2,PDSL,FY2020,Q2,Sep 2019,,https://www.bseindia.com/xml-data/corpfiling/AttachHis/dcca75c8-637d-4478-b4eb-8e506b8d97cb.pdf,Trading - Textile Products,P D S Ltd.,Sep,Q1
19861,PDSL_FY2020_Q1,PDSL,FY2020,Q1,Jun 2019,,https://www.bseindia.com/xml-data/corpfiling/AttachHis/e107c940-d613-442c-8af7-2ea2b1339c29.pdf,Trading - Textile Products,P D S Ltd.,Jun,Q4
19864,PDSL_FY2019_Q1,PDSL,FY2019,Q1,Jun 2018,,https://www.bseindia.com/xml-data/corpfiling/CorpAttachment/2018/6/c4db37fe-c95d-445d-822d-42919cc9f3c1.pdf,Trading - Textile Products,P D S Ltd.,Jun,Q4
19890,PGEL_FY2018_Q3,PGEL,FY2018,Q3,Dec 2017,,https://www.bseindia.com/xml-data/corpfiling/CorpAttachment/2017/12/6ddfbad6-8f64-4810-b4cc-63d4ab773adc.pdf,Consumer Electronics,P G Electroplast Ltd.,Dec,Q2
19898,TATACHEM_FY2021_Q4,TATACHEM,FY2021,Q4,Mar 2021,https://www.tatachemicals.com/upload/content_pdf/tcl-q3-fy21-earnings-call-transcript-20210209.pdf,https://www.bseindia.com/xml-data/corpfiling/AttachHis/f688c124-0714-474f-b3de-1d91fbc4d1a6.pdf,Commodity Chemicals,Tata Chemicals Ltd.,Mar,Q3
19908,TATACHEM_FY2017_Q4,TATACHEM,FY2017,Q4,Mar 2017,https://www.tatachemicals.com/upload/content_pdf/Q4_FY_2016.pdf,https://www.bseindia.com/xml-data/corpfiling/CorpAttachment/2017/5/cbe9cb18-822a-4224-8172-688f58d10d3b.pdf,Commodity Chemicals,Tata Chemicals Ltd.,Mar,Q3
19919,TATACOMM_FY2021_Q1,TATACOMM,FY2021,Q1,Jun 2020,https://gamma.tatacommunications.com/assets/wp-content/uploads/2021/03/Tata-Communications-Q1FY21-Earnings-Webinar-Transcript.pdf,https://www.bseindia.com/xml-data/corpfiling/AttachHis/c37b480a-2de4-4692-93a4-9e47ff8e240c.pdf,Telecom - Cellular & Fixed line services,Tata Communications Ltd.,Jun,Q4
19922,TATACOMM_FY2019_Q3,TATACOMM,FY2019,Q3,Dec 2018,https://gamma.tatacommunications.com/assets/wp-content/uploads/2021/03/TATA-Communications-Q3FY19-Concall-Transcript.pdf,,Telecom - Cellular & Fixed line services,Tata Communications Ltd.,Dec,Q2
19970,TATACONSUM_FY2016_Q2,TATACONSUM,FY2016,Q2,Sep 2015,,https://www.bseindia.com/stockinfo/AnnPdfOpen.aspx?Pname=235E8CE4_8C41_4C48_8619_FA7963561673_141737.pdf,Tea & Coffee,Tata Consumer Products Ltd.,Sep,Q1
19981,TATAELXSI_FY2021_Q4,TATAELXSI,FY2021,Q4,Mar 2021,https://tataelxsi.com/storage/financial-statements/May2021/TataElxsi-Earnings-23Apr-2021.pdf,https://stockdiscovery.s3.amazonaws.com/insight/india/299/Investor%20Presentation/IP-Mar21.pdf,Computers - Software & Consulting,Tata Elxsi Ltd.,Mar,Q3
20022,TATAPOWER_FY2021_Q4,TATAPOWER,FY2021,Q4,Mar 2021,https://www.tatapower.com/pdf/investor-relations/analyst-call-transcript-q4-fy21.pdf,https://www.bseindia.com/xml-data/corpfiling/AttachHis/c38203a7-12fa-4b56-9154-93f0324dd2ee.pdf,Integrated Power Utilities,Tata Power Co. Ltd.,Mar,Q3
20033,TATAPOWER_FY2019_Q1,TATAPOWER,FY2019,Q1,Jun 2018,https://www.tatapower.com/pdf/investor-relations/analyst-call-transcript-q4-fy18.pdf,https://www.bseindia.com/xml-data/corpfiling/CorpAttachment/2018/6/e600ec79-139a-450d-a407-392363cc205a.pdf,Integrated Power Utilities,Tata Power Co. Ltd.,Jun,Q4
20037,TATAPOWER_FY2018_Q1,TATAPOWER,FY2018,Q1,Jun 2017,https://www.tatapower.com/pdf/investor-relations/analyst-call-transcript-q4-fy17.pdf,https://www.bseindia.com/xml-data/corpfiling/CorpAttachment/2017/8/4c26ad76-d311-4149-98c0-2040b5ca8f88.pdf,Integrated Power Utilities,Tata Power Co. Ltd.,Jun,Q4
20160,TIIL_FY2021_Q2,TIIL,FY2021,Q2,Sep 2020,,https://www.bseindia.com/xml-data/corpfiling/AttachHis/bb05bb87-ca61-443c-af2d-dc1950a9b917.pdf,Iron & Steel Products,Technocraft Industries (India) Ltd.,Sep,Q1
20163,WSTCSTPAPR_FY2023_Q4,WSTCSTPAPR,FY2023,Q4,Mar 2023,,https://www.bseindia.com/xml-data/corpfiling/AttachHis/c7ae5a3e-c27d-4cfe-8149-2233ff573598.pdf,Paper & Paper Products,West Coast Paper Mills Ltd.,Mar,Q3
20164,PARAGMILK_FY2021_Q1,PARAGMILK,FY2021,Q1,Jun 2020,,https://www.bseindia.com/xml-data/corpfiling/AttachHis/1d70a0a1-61ba-4f68-8725-1fcf88fce76f.pdf,Dairy Products,Parag Milk Foods Ltd.,Jun,Q4
20178,TEGA_FY2024_Q1,TEGA,FY2024,Q1,Jun 2023,https://www.bseindia.com/xml-data/corpfiling/AttachHis/a489eff6-489a-4cf2-ae82-647f606b440f.pdf,https://www.bseindia.com/xml-data/corpfiling/AttachHis/1e490439-96b1-462c-915a-98998e55144b.pdf,Industrial Products,Tega Industries Ltd.,Jun,Q4
20324,THYROCARE_FY2020_Q1,THYROCARE,FY2020,Q1,Jun 2019,https://www.bseindia.com/xml-data/corpfiling/AttachHis/0d7c7df1-4613-4068-a64e-fcc313e2a2a0.pdf,https://www.bseindia.com/xml-data/corpfiling/AttachHis/938bdcad-d049-403f-b942-7b3010facdc2.pdf,Healthcare Service Provider,Thyrocare Technologies Ltd.,Jun,Q4
20351,TIGERLOGS_FY2020_Q1,TIGERLOGS,FY2020,Q1,Jun 2019,,https://www.bseindia.com/xml-data/corpfiling/AttachHis/eee7d827-36ff-448d-acc3-c6edb30f1d4d.pdf,Logistics Solution Provider,Tiger Logistics (India) Ltd.,Jun,Q4
20382,PINCON_FY2018_Q1,PINCON,FY2018,Q1,Jun 2017,,https://www.bseindia.com/xml-data/corpfiling/CorpAttachment/2017/6/449cafa2-a8a2-441f-83cd-591dc93624e3.pdf,,Pincon Spirit Ltd.,Jun,Q4
20404,TIMKEN_FY2023_Q3,TIMKEN,FY2023,Q3,Dec 2022,https://www.bseindia.com/xml-data/corpfiling/AttachHis/4e747376-008e-4d4a-b0c8-b1eb6abfa592.pdf,,Abrasives & Bearings,Timken India Ltd.,Dec,Q2
20405,TIMKEN_FY2023_Q1,TIMKEN,FY2023,Q1,Jun 2022,https://www.bseindia.com/xml-data/corpfiling/AttachHis/4a2b694f-8d3f-404a-ad6b-291f622790cd.pdf,,Abrasives & Bearings,Timken India Ltd.,Jun,Q4
20406,TIMKEN_FY2017_Q1,TIMKEN,FY2017,Q1,Jun 2016,,https://www.bseindia.com/stockinfo/AnnPdfOpen.aspx?Pname=D976409B_75E0_4777_A643_56482916ADC8_160032.pdf,Abrasives & Bearings,Timken India Ltd.,Jun,Q4
20450,TIRUPATIFL_FY2023_Q4,TIRUPATIFL,FY2023,Q4,Mar 2023,,https://www.tirupatiforge.com/file/2023-24/Tirupati%20Presentation%20-%202023.pdf,Castings & Forgings,Tirupati Forge Ltd.,Mar,Q3
20451,TIRUPATIFL_FY2023_Q3,TIRUPATIFL,FY2023,Q3,Dec 2022,,https://archives.nseindia.com/corporate/TIRUPATIFL_12122022171900_Intimationunderreg30.pdf,Castings & Forgings,Tirupati Forge Ltd.,Dec,Q2
20470,TITAGARH_FY2022_Q1,TITAGARH,FY2022,Q1,Jun 2021,https://titagarh.in/storage/report/actual/1624686203_76CR4_twl-concall-transcript-for-q4-fy21-resultspdf.pdf,https://www.bseindia.com/xml-data/corpfiling/AttachHis/cdf48f62-aa59-457f-97f4-eef93f3132d7.pdf,Railway Wagons,Titagarh Rail Systems Ltd.,Jun,Q4
20473,TITAGARH_FY2020_Q4,TITAGARH,FY2020,Q4,Mar 2020,,https://www.bseindia.com/xml-data/corpfiling/AttachHis/4996DEE2-07D4-4AB4-93D5-3B039CFB5580-174427.pdf,Railway Wagons,Titagarh Rail Systems Ltd.,Mar,Q3
20476,TITAGARH_FY2020_Q1,TITAGARH,FY2020,Q1,Jun 2019,https://titagarh.in/storage/report/actual/1569307528_YRNzB_twl-concall-transcript-for-q4-fy-19-resultspdf.pdf,,Railway Wagons,Titagarh Rail Systems Ltd.,Jun,Q4
20505,TORNTPHARM_FY2023_Q2,TORNTPHARM,FY2023,Q2,Sep 2022,,https://www.bseindia.com/xml-data/corpfiling/AttachHis/dee30566-673a-4d11-b4ec-c550be8ba1ba.pdf,Pharmaceuticals,Torrent Pharmaceuticals Ltd.,Sep,Q1
20539,TORNTPOWER_FY2022_Q2,TORNTPOWER,FY2022,Q2,Sep 2021,https://www.torrentpower.com/pdf/investors/TPL_earning20210813.pdf,https://www.bseindia.com/xml-data/corpfiling/AttachHis/3138f0cc-a15c-4f27-810c-3fd01bdd90c1.pdf,Integrated Power Utilities,Torrent Power Ltd.,Sep,Q1
20566,TOTAL_FY2024_Q1,TOTAL,FY2024,Q1,Jun 2023,https://archives.nseindia.com/corporate/TOTAL_02062023172739_Total_Q4_FY23_Transcript.pdf,https://archives.nseindia.com/corporate/TOTAL_31052023111735_Total_Q4_FY23_Investor_Presentation.pdf,Logistics Solution Provider,Total Transport Systems Ltd.,Jun,Q4
20569,TOTAL_FY2023_Q1,TOTAL,FY2023,Q1,Jun 2022,https://archives.nseindia.com/corporate/TOTAL_01062022122332_TotalQ4FY22EarningsConcallTranscript.pdf,https://archives.nseindia.com/corporate/TOTAL_31052022174419_TotalQ4FY22InvestorPresentation.pdf,Logistics Solution Provider,Total Transport Systems Ltd.,Jun,Q4
20661,TCI_FY2021_Q1,TCI,FY2021,Q1,Jun 2020,http://cdn.tcil.in/website/tcil/investors-analyst-corner/concall-transcript/TCI%20Concall&#x27;s%20Transcript%2004th%20June%202020.pdf,https://www.bseindia.com/xml-data/corpfiling/AttachHis/7a97c371-2393-4ab6-8da9-4fa6d464affe.pdf,Logistics Solution Provider,Transport Corporation Of India Ltd.,Jun,Q4
20671,DIAMONDYD_FY2024_Q1,DIAMONDYD,FY2024,Q1,Jun 2023,https://www.bseindia.com/xml-data/corpfiling/AttachHis/148b013e-d16d-4d96-a7fe-13fae5d64bf1.pdf,https://www.bseindia.com/xml-data/corpfiling/AttachHis/c5972a44-90aa-4661-86bb-692fcfa1061d.pdf,Packaged Foods,Prataap Snacks Ltd.,Jun,Q4
20678,TRANSWORLD_FY2021_Q2,TRANSWORLD,FY2021,Q2,Sep 2020,https://www.bseindia.com/xml-data/corpfiling/AttachHis/f736d541-d309-4102-965a-dea5db6a841b.pdf,https://www.bseindia.com/xml-data/corpfiling/AttachHis/2400602b-f346-4c6a-9bc7-62eacce129c8.pdf,Shipping,Transworld Shipping Lines Ltd.,Sep,Q1
20730,TBZ_FY2020_Q4,TBZ,FY2020,Q4,Mar 2020,https://www.bseindia.com/xml-data/corpfiling/AttachHis/5a4419c3-fa52-4973-8431-4f5dcd220d2e.pdf,https://www.bseindia.com/xml-data/corpfiling/AttachHis/aa01e85c-dd0f-4732-8e7f-6e5c0900b35f.pdf,"Gems, Jewellery And Watches",Tribhovandas Bhimji Zaveri Ltd.,Mar,Q3
20736,TBZ_FY2018_Q4,TBZ,FY2018,Q4,Mar 2018,https://www.bseindia.com/xml-data/corpfiling/CorpAttachment/2018/3/3fd04d26-2047-4f3a-b4aa-69753395e1b3.pdf,https://www.bseindia.com/xml-data/corpfiling/CorpAttachment/2018/2/1fe99867-e4d3-49d9-bcd4-20ba1cb23e6a.pdf,"Gems, Jewellery And Watches",Tribhovandas Bhimji Zaveri Ltd.,Mar,Q3
20737,TBZ_FY2018_Q3,TBZ,FY2018,Q3,Dec 2017,https://www.bseindia.com/xml-data/corpfiling/CorpAttachment/2017/12/27a7a737-6c2d-4acd-a067-46019d24c0cb.pdf,https://www.bseindia.com/xml-data/corpfiling/CorpAttachment/2017/12/6331918f-908e-401c-abcf-381d70939d7d.pdf,"Gems, Jewellery And Watches",Tribhovandas Bhimji Zaveri Ltd.,Dec,Q2
20780,TRIDENT_FY2019_Q4,TRIDENT,FY2019,Q4,Mar 2019,https://assets.tridentindia.com/Q2_FY_19_Industry_Outlook_and_Earnings_be40df3a9c.pdf,https://www.bseindia.com/xml-data/corpfiling/AttachHis/cd267a84-ee3b-460e-92cd-a69ab873ea14.pdf,Other Textile Products,Trident Ltd.,Mar,Q3
20796,TRIVENI_FY2022_Q1,TRIVENI,FY2022,Q1,Jun 2021,https://www.trivenigroup.com/files/financial-results/TEIL_EarningsCallTranscript_FY21_4Q_Final_20210715.pdf,https://www.bseindia.com/xml-data/corpfiling/AttachHis/c10b3474-916a-4bba-9f7b-c24e45c7e6f5.pdf,Sugar,Triveni Engineering & Inds. Ltd.,Jun,Q4
20807,PRIMO_FY2024_Q1,PRIMO,FY2024,Q1,Jun 2023,,https://www.bseindia.com/xml-data/corpfiling/AttachHis/71f61c37-81f3-4950-a1f8-d71172e626d1.pdf,Commodity Chemicals,Primo Chemicals Ltd.,Jun,Q4
20859,PGHH_FY2024_Q2,PGHH,FY2024,Q2,Sep 2023,https://www.bseindia.com/xml-data/corpfiling/AttachHis/d352e79b-fb88-47fb-8f54-4d7366ecc0e4.pdf,https://www.bseindia.com/xml-data/corpfiling/AttachHis/d1b4ceee-6f8c-4ff7-89f1-6f5a0012dffc.pdf,Personal Care,Procter & Gamble Hygiene & Health Care Ltd.,Sep,Q1
20881,TRU_FY2021_Q2,TRU,FY2021,Q2,Sep 2020,https://www.bseindia.com/xml-data/corpfiling/AttachHis/daf65b37-522a-469e-8029-3e39ccbb9981.pdf,https://www.bseindia.com/xml-data/corpfiling/AttachHis/c7131551-df37-43ed-bf4b-5956d8bd56a3.pdf,Non Banking Financial Company (NBFC),Trucap Finance Ltd.,Sep,Q1
20882,TRU_FY2021_Q1,TRU,FY2021,Q1,Jun 2020,https://www.bseindia.com/xml-data/corpfiling/AttachHis/7fc69978-873c-453e-b50f-8ba387814956.pdf,,Non Banking Financial Company (NBFC),Trucap Finance Ltd.,Jun,Q4
20905,PROZONER_FY2018_Q2,PROZONER,FY2018,Q2,Sep 2017,http://www.prozoneintu.com/wp-content/uploads/2019/09/2017.09.30_Concall-Transcript_Q2-FY-2017-18.pdf,https://www.bseindia.com/xml-data/corpfiling/CorpAttachment/2017/9/6fce16e4-571b-4c8d-9dcf-c9b031001075.pdf,"Residential, Commercial Projects",Prozone Realty Ltd.,Sep,Q1
20926,UFO_FY2022_Q1,UFO,FY2022,Q1,Jun 2021,https://www.bseindia.com/xml-data/corpfiling/AttachHis/4f86c003-4016-43d2-93af-92ff21cb0be3.pdf,,"Film Production, Distribution & Exhibition",U F O Moviez India Ltd.,Jun,Q4
20935,UFO_FY2018_Q4,UFO,FY2018,Q4,Mar 2018,,https://www.bseindia.com/xml-data/corpfiling/CorpAttachment/2018/3/eb717d7c-343b-4662-8567-99584f14bbe6.pdf,"Film Production, Distribution & Exhibition",U F O Moviez India Ltd.,Mar,Q3
20936,UFO_FY2018_Q3,UFO,FY2018,Q3,Dec 2017,https://www.bseindia.com/xml-data/corpfiling/CorpAttachment/2017/12/31ce74b7-34a4-45cf-99a5-83a1b4bbe5bd.pdf,https://www.bseindia.com/xml-data/corpfiling/CorpAttachment/2017/11/c1d92382-6781-487d-b230-b842c6a18250.pdf,"Film Production, Distribution & Exhibition",U F O Moviez India Ltd.,Dec,Q2
20937,UFO_FY2018_Q2,UFO,FY2018,Q2,Sep 2017,https://www.bseindia.com/xml-data/corpfiling/CorpAttachment/2017/9/49772987-589d-484f-b135-64229634af8f.pdf,https://www.bseindia.com/xml-data/corpfiling/CorpAttachment/2017/9/536a2209-d156-4478-8c0d-e4e3473e868f.pdf,"Film Production, Distribution & Exhibition",U F O Moviez India Ltd.,Sep,Q1
20949,UEL_FY2017_Q4,UEL,FY2017,Q4,Mar 2017,,https://www.bseindia.com/xml-data/corpfiling/CorpAttachment/2017/3/35effb6c-0dcc-4ceb-ab3b-33f35afeacf8.pdf,Power Generation,Ujaas Energy Ltd.,Mar,Q3
20981,PURVA_FY2017_Q2,PURVA,FY2017,Q2,Sep 2016,https://www.puravankara.com/backend/assets/uploads/investors_reports/36b81b74aedad6022ebe1a8bba3b7ac1.pdf,,"Residential, Commercial Projects",Puravankara Ltd.,Sep,Q1
21010,UFLEX_FY2022_Q1,UFLEX,FY2022,Q1,Jun 2021,https://www.uflexltd.com/pdf/EarningsConferenceCall/2020-21/UFlex_Conference_Call_Transcript_Q4FY21_30th-Jun-21_Quantum.pdf,,Packaging,Uflex Ltd.,Jun,Q4
21047,UGROCAP_FY2022_Q1,UGROCAP,FY2022,Q1,Jun 2021,https://www.ugrocapital.com/sites/default/files/2021-07/Ugro%20Capital%20Q4%20%20FY21%20Earnings%20Call%20Transcript.pdf,https://www.bseindia.com/xml-data/corpfiling/AttachHis/8cee4a1e-b156-49f2-9a75-3fd1f7d01633.pdf,Non Banking Financial Company (NBFC),Ugro Capital Ltd.,Jun,Q4
21099,UNICHEMLAB_FY2018_Q1,UNICHEMLAB,FY2018,Q1,Jun 2017,,https://www.bseindia.com/xml-data/corpfiling/CorpAttachment/2017/6/00caf778-7c08-45d5-954f-b7bf308a4dc5.pdf,Pharmaceuticals,Unichem Laboratories Ltd.,Jun,Q4
21136,RKEC_FY2019_Q1,RKEC,FY2019,Q1,Jun 2018,https://www.rkecprojects.com/_files/ugd/889c9d_9930d24c492e4ccf86f986b80f242166.pdf,,Civil Construction,R K E C Projects Ltd.,Jun,Q4
21148,UNIONBANK_FY2021_Q4,UNIONBANK,FY2021,Q4,Mar 2021,,https://www.bseindia.com/xml-data/corpfiling/AttachHis/5f053d0c-fc89-44c7-b5ea-f2fa303478ca.pdf,Public Sector Bank,Union Bank Of India,Mar,Q3
21149,UNIONBANK_FY2021_Q3,UNIONBANK,FY2021,Q3,Dec 2020,https://www.unionbankofindia.co.in/pdf/UnionBank-Analyst%20Call-Transcript-Dec-2020.pdf,https://www.bseindia.com/xml-data/corpfiling/AttachHis/6071eb97-f4ef-4335-a231-f29b6b84bf5d.pdf,Public Sector Bank,Union Bank Of India,Dec,Q2
21192,RPPINFRA_FY2020_Q1,RPPINFRA,FY2020,Q1,Jun 2019,,https://www.bseindia.com/xml-data/corpfiling/AttachHis/d9bbea53-860e-45e1-b26c-3cf9b68199c8.pdf,Civil Construction,R P P Infra Projects Ltd.,Jun,Q4
21195,UNIDT_FY2023_Q1,UNIDT,FY2023,Q1,Jun 2022,https://www.bseindia.com/xml-data/corpfiling/AttachHis/082fd1d8-52d0-4db7-b944-0bb6fcc24ffc.pdf,https://www.bseindia.com/xml-data/corpfiling/AttachHis/bd870688-1757-4f67-a879-02c6eb23c048.pdf,Industrial Products,United Drilling Tools Ltd.,Jun,Q4
21197,UNIDT_FY2020_Q4,UNIDT,FY2020,Q4,Mar 2020,,https://www.bseindia.com/xml-data/corpfiling/AttachHis/8a8542c7-eb7e-42fe-9065-2a0161d35458.pdf,Industrial Products,United Drilling Tools Ltd.,Mar,Q3
21198,UNIDT_FY2020_Q3,UNIDT,FY2020,Q3,Dec 2019,,https://www.bseindia.com/xml-data/corpfiling/AttachHis/c09ee5ff-3796-4cc9-be17-6486aed5509e.pdf,Industrial Products,United Drilling Tools Ltd.,Dec,Q2
21228,UNITDSPR_FY2022_Q1,UNITDSPR,FY2022,Q1,Jun 2021,https://www.diageoindia.com/PR1346/aws/media/12857/united-spirits_q4fy21_earnings-call-transcript.pdf,https://www.bseindia.com/xml-data/corpfiling/AttachHis/6d144049-f14b-4424-b4fe-39da94543439.pdf,Breweries & Distilleries,United Spirits Ltd.,Jun,Q4
21231,UNITDSPR_FY2021_Q1,UNITDSPR,FY2021,Q1,Jun 2020,https://www.diageoindia.com/PR1346/aws/media/12703/unitedspiritslimit-earnings-01june-2020_call-transcript.pdf,https://www.bseindia.com/xml-data/corpfiling/AttachHis/f046de08-84d4-4cc8-9778-6ec4b680c3a3.pdf,Breweries & Distilleries,United Spirits Ltd.,Jun,Q4
21240,UNITDSPR_FY2018_Q1,UNITDSPR,FY2018,Q1,Jun 2017,,https://www.bseindia.com/xml-data/corpfiling/CorpAttachment/2017/6/e0802328-726a-4c5a-a15f-fcfa692ed6ec.pdf,Breweries & Distilleries,United Spirits Ltd.,Jun,Q4
21291,RAILTEL_FY2021_Q4,RAILTEL,FY2021,Q4,Mar 2021,https://www.bseindia.com/xml-data/corpfiling/AttachHis/1c7de81c-917d-454a-b0a7-d27561a89072.pdf,,Other Telecom Services,Railtel Corporation Of India Ltd.,Mar,Q3
21385,V2RETAIL_FY2018_Q1,V2RETAIL,FY2018,Q1,Jun 2017,,https://www.bseindia.com/xml-data/corpfiling/CorpAttachment/2017/6/2ce655b0-2b8a-4a28-9c56-146f1f056292.pdf,Speciality Retail,V 2 Retail Ltd.,Jun,Q4
21517,VSTTILLERS_FY2022_Q1,VSTTILLERS,FY2022,Q1,Jun 2021,https://www.vsttractors.com/sites/default/files/2021-07/Con-call_Transacript_22nd_June2021.pdf,,Tractors,V S T Tillers Tractors Ltd.,Jun,Q4
21518,VSTTILLERS_FY2021_Q3,VSTTILLERS,FY2021,Q3,Dec 2020,https://www.vsttractors.com/sites/default/files/2021-02/Q3FY21.concall.transcript.16022021.pdf,,Tractors,V S T Tillers Tractors Ltd.,Dec,Q2
21556,VMART_FY2023_Q1,VMART,FY2023,Q1,Jun 2022,https://www.bseindia.com/xml-data/corpfiling/AttachHis/a9f5bb27-3326-4595-b81b-a921f57c31e2.pdf,https://www.bseindia.com/xml-data/corpfiling/AttachHis/15297736-4342-4b0b-aac9-385d223270e5.pdf,Diversified Retail,V-Mart Retail Ltd.,Jun,Q4
21603,WESTLIFE_FY2021_Q4,WESTLIFE,FY2021,Q4,Mar 2021,http://www.westlife.co.in/download-pdf/Investor/FinancialNews/2021/Q4/Transcript_Westlife_Earnings_May13_2021_FINAL.pdf,,Restaurants,Westlife Foodworld Ltd.,Mar,Q3
21606,WESTLIFE_FY2021_Q1,WESTLIFE,FY2021,Q1,Jun 2020,http://www.westlife.co.in/download-pdf/Investor/FinancialNews/2020/Q4/Earnings%20Transcript_Westlife-Earnings-12June-2020_FINAL.pdf,https://www.westlife.co.in/wp-content/uploads/2023/10/Earnings-Presentation-4.pdf,Restaurants,Westlife Foodworld Ltd.,Jun,Q4
21630,RELAXO_FY2021_Q1,RELAXO,FY2021,Q1,Jun 2020,https://www.bseindia.com/xml-data/corpfiling/AttachHis/5d652a00-fce5-4c2d-a3da-78447531f2ff.pdf,https://www.bseindia.com/xml-data/corpfiling/AttachHis/1df5b559-d037-4af4-846a-cac74d5bf3ba.pdf,Footwear,Relaxo Footwears Ltd.,Jun,Q4
21631,RELAXO_FY2020_Q3,RELAXO,FY2020,Q3,Dec 2019,https://www.relaxofootwear.com/media/file/pdf/download_file/transcript-earning-call-05-11-2019-1615794510.pdf,https://www.bseindia.com/xml-data/corpfiling/AttachHis/ac4e8cd9-328b-4ee1-8d35-38e541c8b6b3.pdf,Footwear,Relaxo Footwears Ltd.,Dec,Q2
21633,RELAXO_FY2019_Q4,RELAXO,FY2019,Q4,Mar 2019,https://www.relaxofootwear.com/media/file/pdf/download_file/transcript-earning-call-(1)-1615794477.pdf,https://www.bseindia.com/xml-data/corpfiling/CorpAttachment/2019/2/b3c01344-274d-4933-bdc4-4619c298f33b.pdf,Footwear,Relaxo Footwears Ltd.,Mar,Q3
21634,RELAXO_FY2019_Q2,RELAXO,FY2019,Q2,Sep 2018,,https://www.bseindia.com/xml-data/corpfiling/CorpAttachment/2018/9/ac9420eb-68c4-440d-81bd-cd859d04ceb9.pdf,Footwear,Relaxo Footwears Ltd.,Sep,Q1
21639,VAIBHAVGBL_FY2021_Q2,VAIBHAVGBL,FY2021,Q2,Sep 2020,,https://www.bseindia.com/xml-data/corpfiling/AttachHis/4933fea9-d684-4b9c-8d15-a7304242eed7.pdf,"Gems, Jewellery And Watches",Vaibhav Global Ltd.,Sep,Q1
21669,VAKRANGEE_FY2023_Q1,VAKRANGEE,FY2023,Q1,Jun 2022,https://www.bseindia.com/xml-data/corpfiling/AttachHis/1b1495f7-057d-4e8c-8435-c17cd2336a18.pdf,https://www.bseindia.com/xml-data/corpfiling/AttachHis/6d649444-ade9-414d-a40d-24e1762d3d81.pdf,IT Enabled Services,Vakrangee Ltd.,Jun,Q4
21700,VALIANTORG_FY2022_Q2,VALIANTORG,FY2022,Q2,Sep 2021,,https://www.bseindia.com/xml-data/corpfiling/AttachHis/4843625a-4ee2-4c02-b28f-33c49e92802d.pdf,Specialty Chemicals,Valiant Organics Ltd.,Sep,Q1
21701,DBREALTY_FY2024_Q4,DBREALTY,FY2024,Q4,Mar 2024,,https://www.bseindia.com/xml-data/corpfiling/AttachHis/404990bf-591b-413a-ab02-2c4d88838a2f.pdf,"Residential, Commercial Projects",Valor Estate Ltd.,Mar,Q3
21739,VSSL_FY2019_Q3,VSSL,FY2019,Q3,Dec 2018,https://www.vardhmansteel.com/vss/uploads/tpl-buddy-011/img/Vardhman%20Special%20Steels%20Limited%20-%20Q2%20H1%20FY%20Transcript.pdf,https://www.bseindia.com/xml-data/corpfiling/CorpAttachment/2019/2/90dc6fd9-9533-4aa2-8d0f-2cae82dacf1f.pdf,Iron & Steel Products,Vardhman Special Steels Ltd.,Dec,Q2
21750,VTL_FY2022_Q1,VTL,FY2022,Q1,Jun 2021,https://www.bseindia.com/xml-data/corpfiling/AttachHis/5044bccc-3b95-4f5c-b6f1-cd49ac07e638.pdf,,Other Textile Products,Vardhman Textiles Ltd.,Jun,Q4
21784,RICOAUTO_FY2024_Q1,RICOAUTO,FY2024,Q1,Jun 2023,https://www.bseindia.com/xml-data/corpfiling/AttachHis/0b00006f-7c3a-417a-80f5-5ec15fc0cdc5.pdf,https://www.ricoauto.com/files/RICO%20PPT%20Presentation.pdf,Auto Components & Equipments,Rico Auto Inds. Ltd.,Jun,Q4
21838,VASCONEQ_FY2021_Q1,VASCONEQ,FY2021,Q1,Jun 2020,https://www.bseindia.com/xml-data/corpfiling/AttachHis/92ba5eb1-3965-498f-8f99-794147cfe453.pdf,https://www.bseindia.com/xml-data/corpfiling/AttachHis/8b7b2c61-d67f-4288-ade9-aec511ba3893.pdf,Civil Construction,Vascon Engineers Ltd.,Jun,Q4
21841,VASCONEQ_FY2020_Q1,VASCONEQ,FY2020,Q1,Jun 2019,https://www.bseindia.com/xml-data/corpfiling/AttachHis/73392587-81bd-4557-869c-725bb60fc15d.pdf,https://www.bseindia.com/xml-data/corpfiling/AttachHis/042e7c13-2c93-431d-8384-15c3e7cc1303.pdf,Civil Construction,Vascon Engineers Ltd.,Jun,Q4
21845,RITES_FY2020_Q1,RITES,FY2020,Q1,Jun 2019,https://www.bseindia.com/xml-data/corpfiling/AttachHis/a02198d8-3559-45b0-8edb-23088869ca1c.pdf,https://www.bseindia.com/xml-data/corpfiling/AttachHis/c10acbf3-2b50-4e67-ba8b-269c30b6d8bd.pdf,Civil Construction,Rites Ltd.,Jun,Q4
21874,VEDL_FY2018_Q4,VEDL,FY2018,Q4,Mar 2018,https://www.vedantalimited.com/InvestorReports/vedanta-earningscall-may03-2018_vf.pdf,https://www.bseindia.com/xml-data/corpfiling/CorpAttachment/2018/5/b5d3b34f-6748-4956-b2fa-aa5493c79d56.pdf,Diversified Metals,Vedanta Ltd.,Mar,Q3
21915,RUDRA_FY2024_Q1,RUDRA,FY2024,Q1,Jun 2023,,https://www.bseindia.com/xml-data/corpfiling/AttachHis/bd9716a3-e0d1-4736-a5bf-600eaf8530bd.pdf,Iron & Steel Products,Rudra Global Infra Products Ltd.,Jun,Q4
22023,VIMTALABS_FY2021_Q1,VIMTALABS,FY2021,Q1,Jun 2020,https://www.bseindia.com/xml-data/corpfiling/AttachHis/e1362f2f-b684-49ec-a3f9-974e6878e4f6.pdf,,"Healthcare Research, Analytics & Technology",Vimta Labs Ltd.,Jun,Q4
22029,VINCOFE_FY2024_Q4,VINCOFE,FY2024,Q4,Mar 2024,,https://www.bseindia.com/xml-data/corpfiling/AttachHis/7ae9c880-5d9d-496c-bd18-fb1502f5b34f.pdf,Trading & Distributors,Vintage Coffee & Beverages Ltd.,Mar,Q3
22035,VIPULLTD_FY2017_Q4,VIPULLTD,FY2017,Q4,Mar 2017,,https://www.bseindia.com/xml-data/corpfiling/CorpAttachment/2017/3/16155834-f836-4d51-9694-8945375fcf28.pdf,"Residential, Commercial Projects",Vipul Ltd.,Mar,Q3
22043,VIRINCHI_FY2020_Q4,VIRINCHI,FY2020,Q4,Mar 2020,https://www.bseindia.com/xml-data/corpfiling/AttachHis/510564c1-7f97-4c53-9cd3-b26c990639c9.pdf,https://www.bseindia.com/xml-data/corpfiling/AttachHis/da33bc14-84b3-460a-82e7-a361f5d73e7b.pdf,Software Products,Virinchi Ltd.,Mar,Q3
22046,VIRINCHI_FY2019_Q4,VIRINCHI,FY2019,Q4,Mar 2019,https://www.bseindia.com/xml-data/corpfiling/AttachHis/35e47e36-73ed-46c3-9cb9-729f7d4c6547.pdf,https://www.bseindia.com/xml-data/corpfiling/AttachHis/d3953bb1-9bb0-42f0-b046-ac0849e8b192.pdf,Software Products,Virinchi Ltd.,Mar,Q3
22047,VIRINCHI_FY2019_Q3,VIRINCHI,FY2019,Q3,Dec 2018,https://www.bseindia.com/xml-data/corpfiling/CorpAttachment/2018/12/be885a5a-d419-45f9-9b7c-97f91a6079d7.pdf,https://www.bseindia.com/xml-data/corpfiling/CorpAttachment/2018/11/7db9ca93-e0c6-49c3-a875-bb8f4c62a4bf.pdf,Software Products,Virinchi Ltd.,Dec,Q2
22048,VIRINCHI_FY2019_Q2,VIRINCHI,FY2019,Q2,Sep 2018,https://www.bseindia.com/xml-data/corpfiling/CorpAttachment/2018/9/52c44ff2-d90a-417c-ba0f-f94ca0ecec73.pdf,https://www.bseindia.com/xml-data/corpfiling/CorpAttachment/2018/9/77d0f961-487e-45f5-8f13-7f165f079239.pdf,Software Products,Virinchi Ltd.,Sep,Q1
22049,VIRINCHI_FY2019_Q1,VIRINCHI,FY2019,Q1,Jun 2018,https://www.bseindia.com/xml-data/corpfiling/CorpAttachment/2018/6/d3240ef2-2930-4c1f-af8b-416e271880c1.pdf,,Software Products,Virinchi Ltd.,Jun,Q4
22076,VISHAL_FY2021_Q2,VISHAL,FY2021,Q2,Sep 2020,,https://www.bseindia.com/xml-data/corpfiling/AttachHis/caa1e725-0711-46e6-8804-4d44309403b9.pdf,Garments & Apparels,Vishal Fabrics Ltd.,Sep,Q1
22081,SHK_FY2017_Q4,SHK,FY2017,Q4,Mar 2017,https://www.bseindia.com/xml-data/corpfiling/CorpAttachment/2017/3/d25c6e88-f163-4d0f-ae9c-27ccafc92e9a.pdf,https://www.bseindia.com/stockinfo/AnnPdfOpen.aspx?Pname=AEBD4AF4_46DB_4A2B_AACA_1DBC1375BD80_153504.pdf,Specialty Chemicals,S H Kelkar & Co. Ltd.,Mar,Q3
22083,SHK_FY2017_Q1,SHK,FY2017,Q1,Jun 2016,https://www.bseindia.com/stockinfo/AnnPdfOpen.aspx?Pname=12F4045E_01FA_46DE_9C36_9245FB3FA913_191558.pdf,https://www.bseindia.com/stockinfo/AnnPdfOpen.aspx?Pname=F83395D0_8756_48FD_8EA6_69C9CB3E158E_154215.pdf,Specialty Chemicals,S H Kelkar & Co. Ltd.,Jun,Q4
22084,SHK_FY2016_Q4,SHK,FY2016,Q4,Mar 2016,https://www.bseindia.com/stockinfo/AnnPdfOpen.aspx?Pname=E79BD65D_71E7_43B3_8348_3A3D64D7EDAA_170951.pdf,,Specialty Chemicals,S H Kelkar & Co. Ltd.,Mar,Q3
22124,VIVIMEDLAB_FY2019_Q4,VIVIMEDLAB,FY2019,Q4,Mar 2019,,https://www.bseindia.com/xml-data/corpfiling/AttachHis/3fc8dc06-1077-4ee9-8707-4d59f40674df.pdf,Pharmaceuticals,Vivimed Labs Ltd.,Mar,Q3
22146,SJVN_FY2024_Q1,SJVN,FY2024,Q1,Jun 2023,https://www.bseindia.com/xml-data/corpfiling/AttachHis/2aa2a0c7-c157-43c6-b052-00b549611dbf.pdf,https://www.bseindia.com/xml-data/corpfiling/AttachHis/a7b5c2a6-bc89-475c-96ab-af3dd6251073.pdf,Power Generation,S J V N Ltd.,Jun,Q4
22158,IDEA_FY2024_Q1,IDEA,FY2024,Q1,Jun 2023,https://www.bseindia.com/xml-data/corpfiling/AttachHis/08a0f4ad-a941-4840-a02e-9015c9cbac65.pdf,https://www.bseindia.com/xml-data/corpfiling/AttachHis/4ff92244-adea-4a10-9c37-f8afc990b1f0.pdf,Telecom - Cellular & Fixed line services,Vodafone Idea Ltd.,Jun,Q4
22165,IDEA_FY2022_Q1,IDEA,FY2022,Q1,Jun 2021,https://www.vodafoneidea.com/content/dam/vodafone-microsite/docs/pdf/resultspending/TranscriptQ4.pdf,,Telecom - Cellular & Fixed line services,Vodafone Idea Ltd.,Jun,Q4
22167,IDEA_FY2021_Q2,IDEA,FY2021,Q2,Sep 2020,https://www.vodafoneidea.com/content/dam/vodafone-microsite/docs/pdf/resultspending/Transcript.pdf,https://www.bseindia.com/xml-data/corpfiling/AttachHis/1c06657d-ce0e-42a2-bd4a-c11f55435a1e.pdf,Telecom - Cellular & Fixed line services,Vodafone Idea Ltd.,Sep,Q1
22171,SMLMAH_FY2021_Q2,SMLMAH,FY2021,Q2,Sep 2020,,https://www.bseindia.com/xml-data/corpfiling/AttachHis/4657f6c2-d78a-40c1-b391-e02407090929.pdf,Commercial Vehicles,S M L Mahindra Ltd.,Sep,Q1
22174,SMLMAH_FY2018_Q3,SMLMAH,FY2018,Q3,Dec 2017,,https://www.bseindia.com/xml-data/corpfiling/CorpAttachment/2017/12/3244a65f-923b-4808-a49c-152847a25805.pdf,Commercial Vehicles,S M L Mahindra Ltd.,Dec,Q2
22176,SMLMAH_FY2018_Q1,SMLMAH,FY2018,Q1,Jun 2017,,https://www.bseindia.com/xml-data/corpfiling/CorpAttachment/2017/6/650f888b-68f3-4c24-9109-b4119db10645.pdf,Commercial Vehicles,S M L Mahindra Ltd.,Jun,Q4
22177,SMLMAH_FY2017_Q4,SMLMAH,FY2017,Q4,Mar 2017,,https://www.bseindia.com/xml-data/corpfiling/CorpAttachment/2017/3/61b2ba96-e6e3-466e-8d64-b5ac11b05b32.pdf,Commercial Vehicles,S M L Mahindra Ltd.,Mar,Q3
22188,IDEA_FY2017_Q4,IDEA,FY2017,Q4,Mar 2017,https://www.vodafoneidea.com/content/dam/vodafone-microsite/docs/pdf/investor-/actual-results/earlier-results/fy-2016-17/q3fy17/TranscriptQ3.pdf,https://www.bseindia.com/xml-data/corpfiling/CorpAttachment/2017/3/a8182ff8-a7ab-434e-bdf1-85f31215a642.pdf,Telecom - Cellular & Fixed line services,Vodafone Idea Ltd.,Mar,Q3
22202,WSI_FY2024_Q1,WSI,FY2024,Q1,Jun 2023,https://www.bseindia.com/xml-data/corpfiling/AttachHis/10ff3ce6-a6ab-4f25-b65e-8def687b9e47.pdf,,Civil Construction,W S Industries (India) Ltd.,Jun,Q4
22220,WATERBASE_FY2023_Q2,WATERBASE,FY2023,Q2,Sep 2022,,https://www.bseindia.com/xml-data/corpfiling/AttachHis/528a81a1-43f2-4e3a-9a55-bc90f15d7d57.pdf,Animal Feed,Waterbase Ltd.,Sep,Q1
22221,WATERBASE_FY2022_Q2,WATERBASE,FY2022,Q2,Sep 2021,,https://www.bseindia.com/xml-data/corpfiling/AttachHis/e68d4123-5c68-4882-b2a1-691827d2dd96.pdf,Animal Feed,Waterbase Ltd.,Sep,Q1
22231,SPAL_FY2019_Q4,SPAL,FY2019,Q4,Mar 2019,https://www.bseindia.com/xml-data/corpfiling/AttachHis/6fbd5466-b4ac-432d-a939-54a761d17b5b.pdf,https://www.bseindia.com/xml-data/corpfiling/CorpAttachment/2019/2/6fbfcb71-d5df-47e7-adb8-6578d3ee8a45.pdf,Garments & Apparels,S P Apparels Ltd.,Mar,Q3
22234,SPAL_FY2018_Q4,SPAL,FY2018,Q4,Mar 2018,https://www.bseindia.com/xml-data/corpfiling/CorpAttachment/2018/2/1bb02ff7-6c32-47b8-8493-465383522ade.pdf,https://www.bseindia.com/xml-data/corpfiling/CorpAttachment/2018/3/74aca9e7-af09-4364-b660-4d2a7e15504a.pdf,Garments & Apparels,S P Apparels Ltd.,Mar,Q3
22235,SPAL_FY2018_Q3,SPAL,FY2018,Q3,Dec 2017,https://www.bseindia.com/xml-data/corpfiling/CorpAttachment/2017/12/80d16ee2-51d4-4207-b2de-a48b66db76ac.pdf,https://www.bseindia.com/xml-data/corpfiling/CorpAttachment/2017/12/ba8eb037-5831-468f-aec3-7a3ccb500a58.pdf,Garments & Apparels,S P Apparels Ltd.,Dec,Q2
22238,WATERBASE_FY2017_Q2,WATERBASE,FY2017,Q2,Sep 2016,,https://www.bseindia.com/stockinfo/AnnPdfOpen.aspx?Pname=9AC6CD04_997B_480F_BC5B_4DA527D60D72_084908.pdf,Animal Feed,Waterbase Ltd.,Sep,Q1
22250,WELCORP_FY2021_Q1,WELCORP,FY2021,Q1,Jun 2020,https://www.welspuncorp.com/uploads/investor_data/investorreport_Financial%20year%202019%20-%202020_238.pdf,https://www.bseindia.com/xml-data/corpfiling/AttachHis/8eb93e63-2073-4cd5-969d-a3b090d455ee.pdf,Iron & Steel Products,Welspun Corp Ltd.,Jun,Q4
22255,WELCORP_FY2019_Q1,WELCORP,FY2019,Q1,Jun 2018,,https://www.bseindia.com/xml-data/corpfiling/CorpAttachment/2018/6/83b84110-0083-40a6-88e0-53d745ad67c8.pdf,Iron & Steel Products,Welspun Corp Ltd.,Jun,Q4
22290,WESTLIFE_FY2019_Q2,WESTLIFE,FY2019,Q2,Sep 2018,http://www.westlife.co.in/download-pdf/Investor/FinancialNews/2019/Q2/WDLEarningsCallTranscript_Q2FY19.pdf,,Restaurants,Westlife Foodworld Ltd.,Sep,Q1
22299,WELENT_FY2017_Q2,WELENT,FY2017,Q2,Sep 2016,https://www.welspunenterprises.com/userfiles/file/Welspun%20Enterprises_Q1%20FY17_Concall_19%20Sept%202016.pdf,,Civil Construction,Welspun Enterprises Ltd.,Sep,Q1
22315,SVPGLOB_FY2018_Q4,SVPGLOB,FY2018,Q4,Mar 2018,,https://www.bseindia.com/xml-data/corpfiling/CorpAttachment/2018/3/d5b72d6f-4ca8-4071-8776-6286f6d723d5.pdf,Other Textile Products,S V P Global Textiles Ltd.,Mar,Q3
22356,SANDHAR_FY2021_Q4,SANDHAR,FY2021,Q4,Mar 2021,https://sandhargroup.com/uploads/Investor/conference-call-transcript-q4-fy-2021-results.pdf,https://www.bseindia.com/xml-data/corpfiling/AttachHis/22c2ef9d-ecdb-4acc-80d5-67d62a8f7ecf.pdf,Auto Components & Equipments,Sandhar Technologies Ltd.,Mar,Q3
22393,SATIA_FY2023_Q1,SATIA,FY2023,Q1,Jun 2022,https://www.bseindia.com/xml-data/corpfiling/AttachHis/94a9d77e-f8fe-493a-9760-08a8ae251035.pdf,,Paper & Paper Products,Satia Industries Ltd.,Jun,Q4
22413,SETCO_FY2018_Q2,SETCO,FY2018,Q2,Sep 2017,https://www.bseindia.com/stockinfo/AnnPdfOpen.aspx?Pname=D783802E_520C_4936_B711_3982041E5E61_194043.pdf,https://www.bseindia.com/xml-data/corpfiling/CorpAttachment/2017/9/3c606675-5032-42b7-8249-308097f06abe.pdf,Auto Components & Equipments,Setco Automotive Ltd.,Sep,Q1
22414,SETCO_FY2018_Q1,SETCO,FY2018,Q1,Jun 2017,,https://www.bseindia.com/xml-data/corpfiling/CorpAttachment/2017/6/bb28a26b-bc9f-407c-81e3-a23843eb5091.pdf,Auto Components & Equipments,Setco Automotive Ltd.,Jun,Q4
22423,SHANKARA_FY2021_Q4,SHANKARA,FY2021,Q4,Mar 2021,https://www.bseindia.com/xml-data/corpfiling/AttachHis/374fd959-b246-47e1-8fd4-cb3d12a61e95.pdf,,Speciality Retail,Shankara Building Products Ltd.,Mar,Q3
22424,SHANKARA_FY2021_Q3,SHANKARA,FY2021,Q3,Dec 2020,https://www.bseindia.com/xml-data/corpfiling/AttachHis/5749058c-9a1c-44d4-94c7-dd784c42b061.pdf,https://www.bseindia.com/xml-data/corpfiling/AttachHis/54926559-dc03-4c90-8021-9e5ffb3c384e.pdf,Speciality Retail,Shankara Building Products Ltd.,Dec,Q2
22426,SHANKARA_FY2020_Q4,SHANKARA,FY2020,Q4,Mar 2020,https://www.bseindia.com/xml-data/corpfiling/AttachHis/cf2781c4-e22f-48e6-ab8f-53518b424890.pdf,https://www.bseindia.com/xml-data/corpfiling/AttachHis/142b12bc-407b-4b97-9382-dcb169a48be6.pdf,Speciality Retail,Shankara Building Products Ltd.,Mar,Q3
22429,SHANKARA_FY2019_Q3,SHANKARA,FY2019,Q3,Dec 2018,https://www.bseindia.com/xml-data/corpfiling/CorpAttachment/2018/12/2245a574-cfcf-4b89-ab67-0bed35c476e4.pdf,,Speciality Retail,Shankara Building Products Ltd.,Dec,Q2
22462,SHREEPUSHK_FY2021_Q4,SHREEPUSHK,FY2021,Q4,Mar 2021,https://shreepushkar.com/wp-content/uploads/2021/03/ShreePushkarQ3FY21Earningscalltranscript.pdf,,Dyes And Pigments,Shree Pushkar Chemicals & Fertilisers Ltd.,Mar,Q3
22465,SHREEPUSHK_FY2020_Q3,SHREEPUSHK,FY2020,Q3,Dec 2019,https://www.bseindia.com/xml-data/corpfiling/AttachHis/6eb80bb6-ea06-4dcb-a16f-13014330023a.pdf,https://www.bseindia.com/xml-data/corpfiling/AttachHis/bdb9061d-2fb6-496e-a9a7-c7f6c9f45b38.pdf,Dyes And Pigments,Shree Pushkar Chemicals & Fertilisers Ltd.,Dec,Q2
22467,SHREEPUSHK_FY2020_Q1,SHREEPUSHK,FY2020,Q1,Jun 2019,https://www.bseindia.com/xml-data/corpfiling/AttachHis/a2e0db28-5e18-41e4-8f82-e530a7a601b2.pdf,https://www.bseindia.com/xml-data/corpfiling/AttachHis/93fc1126-8d25-4517-90a3-08b0dc667bb1.pdf,Dyes And Pigments,Shree Pushkar Chemicals & Fertilisers Ltd.,Jun,Q4
22468,SHREEPUSHK_FY2019_Q4,SHREEPUSHK,FY2019,Q4,Mar 2019,https://www.bseindia.com/xml-data/corpfiling/AttachHis/76423056-9f04-44e7-91ef-7c5afd8cd17f.pdf,https://www.bseindia.com/xml-data/corpfiling/AttachHis/02fcbc81-fac9-45ae-98f1-de322fb70f8a.pdf,Dyes And Pigments,Shree Pushkar Chemicals & Fertilisers Ltd.,Mar,Q3
22476,SIEMENS_FY2017_Q3,SIEMENS,FY2017,Q3,Dec 2016,,https://www.bseindia.com/stockinfo/AnnPdfOpen.aspx?Pname=DE4B8F67_61CC_40E6_BE86_DB65F4732F79_141515.pdf,Heavy Electrical Equipment,Siemens Ltd.,Dec,Q2
22477,SIEMENS_FY2016_Q4,SIEMENS,FY2016,Q4,Mar 2016,https://www.bseindia.com/stockinfo/AnnPdfOpen.aspx?Pname=CFC5320E_64E6_4AE6_B8B8_ECC099B720C0_122040.pdf,https://www.bseindia.com/stockinfo/AnnPdfOpen.aspx?Pname=AD2BAB61_BBBE_4AE7_9907_91DE45A9D376_161213.pdf,Heavy Electrical Equipment,Siemens Ltd.,Mar,Q3
22480,SINCLAIR_FY2021_Q4,SINCLAIR,FY2021,Q4,Mar 2021,,https://www.bseindia.com/xml-data/corpfiling/AttachHis/bd5b5472-086c-4d7c-8c4c-a2e88b6fc8d0.pdf,Hotels & Resorts,Sinclairs Hotels Ltd.,Mar,Q3
22543,SPENCERS_FY2021_Q2,SPENCERS,FY2021,Q2,Sep 2020,http://www.spencersretail.com/pdf/Investors%20Update/2020-21/Quarter%201/SRL%20-%20Transcript%20of%20QNA%20at%20Analyst%20Investor%20Call%2018%20Sept%202020.pdf,https://www.bseindia.com/xml-data/corpfiling/AttachHis/a6b2c1ac-5e08-4599-a4d4-6c5b184e1704.pdf,Diversified Retail,Spencer'S Retail Ltd.,Sep,Q1
22544,SPENCERS_FY2021_Q1,SPENCERS,FY2021,Q1,Jun 2020,,https://www.bseindia.com/xml-data/corpfiling/AttachHis/b01cb261-77be-425e-81e5-e9ea6c969e89.pdf,Diversified Retail,Spencer'S Retail Ltd.,Jun,Q4
22554,SPICEJET_FY2022_Q3,SPICEJET,FY2022,Q3,Dec 2021,,https://corporate.spicejet.com/Content/pdf/Q3FY21Investorpresentation.pdf,Airline,Spicejet Ltd.,Dec,Q2
22557,SBIN_FY2021_Q3,SBIN,FY2021,Q3,Dec 2020,https://sbi.co.in/documents/17836/4840865/02082020_SBI+Q1FY21+ANALYST+CONFERENCE+CALL+TRANSCRIPT.pdf,https://www.bseindia.com/xml-data/corpfiling/AttachHis/23225b11-e337-4259-9751-569175a984ad.pdf,Public Sector Bank,State Bank Of India,Dec,Q2
22558,SBIN_FY2021_Q1,SBIN,FY2021,Q1,Jun 2020,,https://www.bseindia.com/xml-data/corpfiling/AttachHis/5eac345a-7d35-4966-9803-a5085bc0a0da.pdf,Public Sector Bank,State Bank Of India,Jun,Q4
22570,STAR_FY2024_Q1,STAR,FY2024,Q1,Jun 2023,https://www.bseindia.com/xml-data/corpfiling/AttachHis/f6d49081-0415-4964-8893-1c31ae04c654.pdf,https://www.bseindia.com/xml-data/corpfiling/AttachHis/dfab43da-f524-4fb1-a63e-688c2ce1f7de.pdf,Pharmaceuticals,Strides Pharma Science Ltd.,Jun,Q4
22573,STAR_FY2023_Q1,STAR,FY2023,Q1,Jun 2022,https://www.bseindia.com/xml-data/corpfiling/AttachHis/fc5c6504-1bd1-4915-88f8-336673eb5a7e.pdf,https://www.bseindia.com/xml-data/corpfiling/AttachHis/f14edf4f-fdb8-4c9e-a26d-7fe192e8fad7.pdf,Pharmaceuticals,Strides Pharma Science Ltd.,Jun,Q4
22614,SUPRAJIT_FY2024_Q1,SUPRAJIT,FY2024,Q1,Jun 2023,https://www.bseindia.com/xml-data/corpfiling/AttachHis/9f76ca2b-b1bd-442e-ab06-104b9bb0db60.pdf,https://www.bseindia.com/xml-data/corpfiling/AttachHis/7ba28dae-bbee-4ec5-81db-4316237c1d58.pdf,Auto Components & Equipments,Suprajit Engineering Ltd.,Jun,Q4
22617,SUPRAJIT_FY2023_Q1,SUPRAJIT,FY2023,Q1,Jun 2022,https://www.bseindia.com/xml-data/corpfiling/AttachHis/cd177624-7f43-4031-a2ea-1debdc29e67e.pdf,https://www.bseindia.com/xml-data/corpfiling/AttachHis/c48c0418-c3ec-4caf-be87-e2c3f96831cf.pdf,Auto Components & Equipments,Suprajit Engineering Ltd.,Jun,Q4
22627,SURYAROSNI_FY2019_Q3,SURYAROSNI,FY2019,Q3,Dec 2018,,https://www.bseindia.com/xml-data/corpfiling/CorpAttachment/2018/12/1576771f-83fa-4016-8552-fa344f61647c.pdf,Iron & Steel Products,Surya Roshni Ltd.,Dec,Q2
22641,SUTLEJTEX_FY2019_Q1,SUTLEJTEX,FY2019,Q1,Jun 2018,https://www.bseindia.com/xml-data/corpfiling/CorpAttachment/2018/6/fdd192cd-5815-4227-83a8-2f98c9c91f8c.pdf,https://www.bseindia.com/xml-data/corpfiling/CorpAttachment/2018/8/cff19422-9563-44d6-877c-6ff77efa0c8b.pdf,Other Textile Products,Sutlej Textiles & Inds. Ltd.,Jun,Q4
22654,SGIL_FY2024_Q3,SGIL,FY2024,Q3,Dec 2023,,https://www.bseindia.com/xml-data/corpfiling/AttachHis/caeafa05-2be3-45d4-a6a0-2d109210347e.pdf,Castings & Forgings,Synergy Green Inds. Ltd.,Dec,Q2
22655,SGIL_FY2024_Q1,SGIL,FY2024,Q1,Jun 2023,,https://www.bseindia.com/xml-data/corpfiling/AttachHis/7260f709-e337-479c-96c9-2c11b4bcf908.pdf,Castings & Forgings,Synergy Green Inds. Ltd.,Jun,Q4
22656,SGIL_FY2022_Q1,SGIL,FY2022,Q1,Jun 2021,,https://www.bseindia.com/xml-data/corpfiling/AttachHis/57a27d29-781a-4153-b04f-22948450b8f4.pdf,Castings & Forgings,Synergy Green Inds. Ltd.,Jun,Q4
22683,TAKE_FY2021_Q2,TAKE,FY2021,Q2,Sep 2020,https://www.takesolutions.com/images/financial/take-sebi-qtr_1_transcript-2020-21.pdf,,"Healthcare Research, Analytics & Technology",Take Solutions Ltd.,Sep,Q1
22687,TALBROAUTO_FY2018_Q4,TALBROAUTO,FY2018,Q4,Mar 2018,https://www.talbros.com/wp-content/uploads/2018/06/Talbros-Automotive-Transcript-Q4FY18.pdf,,Auto Components & Equipments,Talbros Automotive Components Ltd.,Mar,Q3
22691,TANLA_FY2019_Q1,TANLA,FY2019,Q1,Jun 2018,https://www.bseindia.com/xml-data/corpfiling/CorpAttachment/2018/6/1ba40b71-2bf8-4e05-8390-c736e04e8fbf.pdf,https://www.bseindia.com/xml-data/corpfiling/CorpAttachment/2018/5/d7cc284f-c0ea-4cdd-9683-dc563d8cf5c8.pdf,Software Products,Tanla Platforms Ltd.,Jun,Q4
22721,TEAMLEASE_FY2022_Q2,TEAMLEASE,FY2022,Q2,Sep 2021,https://group.teamlease.com/wp-content/uploads/2021/11/TeamLease_Q2_FY22-Earnings_Call_Transcript.pdf,https://www.bseindia.com/xml-data/corpfiling/AttachHis/004e9496-1d37-4991-ba41-5a5801f83c08.pdf,Diversified Commercial Services,Teamlease Services Ltd.,Sep,Q1
22750,THOMASCOTT_FY2024_Q4,THOMASCOTT,FY2024,Q4,Mar 2024,,https://www.bseindia.com/xml-data/corpfiling/AttachHis/d4e6a4f3-598f-495e-b6c5-afe1b19cd77c.pdf,Garments & Apparels,Thomas Scott (India) Ltd.,Mar,Q3
22787,TOUCHWOOD_FY2022_Q1,TOUCHWOOD,FY2022,Q1,Jun 2021,,https://archives.nseindia.com/corporate/TOUCHWOOD_30062021173828_Final.pdf,Other Consumer Services,Touchwood Entertainment Ltd.,Jun,Q4
22802,TARIL_FY2021_Q1,TARIL,FY2021,Q1,Jun 2020,,https://www.bseindia.com/xml-data/corpfiling/AttachHis/bad9b14c-a396-47f7-8460-ff808f2f0eb2.pdf,Heavy Electrical Equipment,Transformers & Rectifiers (India) Ltd.,Jun,Q4
22808,TCI_FY2017_Q1,TCI,FY2017,Q1,Jun 2016,http://cdn.tcil.in/website/tcil/investors-analyst-corner/concall-transcript/tci-concall&#x27;s-transcript-1st-june-2016.pdf,https://www.bseindia.com/stockinfo/AnnPdfOpen.aspx?Pname=4528AF61_E644_4355_A325_6521D9363E1B_170445.pdf,Logistics Solution Provider,Transport Corporation Of India Ltd.,Jun,Q4
22833,TRITURBINE_FY2022_Q1,TRITURBINE,FY2022,Q1,Jun 2021,https://www.triveniturbines.com/sites/default/files/uploads/investor/TTL-EarningsCallTranscript-FY21-4Q.pdf,https://www.bseindia.com/xml-data/corpfiling/AttachHis/07d5eb0e-69a2-4475-8e83-2926d17dcf53.pdf,Heavy Electrical Equipment,Triveni Turbine Ltd.,Jun,Q4
22836,TIINDIA_FY2021_Q4,TIINDIA,FY2021,Q4,Mar 2021,https://tiindia.com/wp-content/uploads/2021/08/IIFL-TubeInv-Feb12-2021.pdf,,Auto Components & Equipments,Tube Investments Of India Ltd.,Mar,Q3
22840,TIINDIA_FY2020_Q3,TIINDIA,FY2020,Q3,Dec 2019,https://tiindia.com/wp-content/uploads/2021/08/Investor-Call-Transcript-Q2-2019-20.pdf,https://www.bseindia.com/xml-data/corpfiling/AttachHis/546c44e5-43ef-469b-aeb7-52d798f2c7d4.pdf,Auto Components & Equipments,Tube Investments Of India Ltd.,Dec,Q2
22908,VIPIND_FY2022_Q1,VIPIND,FY2022,Q1,Jun 2021,https://www.bseindia.com/xml-data/corpfiling/AttachHis/4473ab75-66dc-40e4-9f0d-17debac54499.pdf,https://www.bseindia.com/xml-data/corpfiling/AttachHis/cc6369a6-920a-4a47-9811-ee0402ca0774.pdf,Plastic Products - Consumer,V I P Industries Ltd.,Jun,Q4
22932,VADILALIND_FY2020_Q2,VADILALIND,FY2020,Q2,Sep 2019,,https://www.bseindia.com/xml-data/corpfiling/AttachHis/a171414a-8ca2-469b-8b9c-2ed9a3f46c3a.pdf,Dairy Products,Vadilal Industries Ltd.,Sep,Q1
22939,VAKRANGEE_FY2024_Q1,VAKRANGEE,FY2024,Q1,Jun 2023,https://www.bseindia.com/xml-data/corpfiling/AttachHis/c53dfef0-83d8-4e59-a832-4e41406943a4.pdf,https://www.bseindia.com/xml-data/corpfiling/AttachHis/8a1bd6f6-70c2-4474-943c-921bd7c7b75a.pdf,IT Enabled Services,Vakrangee Ltd.,Jun,Q4
22949,VARROC_FY2022_Q1,VARROC,FY2022,Q1,Jun 2021,https://varroc.com/wp-content/uploads/bsk-pdf-manager/2021/06/CONFERENCE-CALL-TRANSCRIPT-Q4-FY21.pdf,https://www.bseindia.com/xml-data/corpfiling/AttachHis/921e9ce3-0d08-4ffc-8c2e-1b4e4c28370b.pdf,Auto Components & Equipments,Varroc Engineering Ltd.,Jun,Q4
22968,VEDL_FY2021_Q1,VEDL,FY2021,Q1,Jun 2020,https://www.vedantalimited.com/InvestorReports/Vedanta-Earnings-Transcript_June08-2020.pdf,https://www.bseindia.com/xml-data/corpfiling/AttachHis/fee80924-9551-47c3-a44f-30f8d5976c9e.pdf,Diversified Metals,Vedanta Ltd.,Jun,Q4
22970,VEDL_FY2020_Q2,VEDL,FY2020,Q2,Sep 2019,https://www.vedantalimited.com/InvestorReports/Vedanta-Earnings-Transcript_Nov14-2019.pdf,https://www.bseindia.com/xml-data/corpfiling/AttachHis/81d4b850-11e6-4919-9a17-043a43627efc.pdf,Diversified Metals,Vedanta Ltd.,Sep,Q1
22985,VIDHIING_FY2021_Q4,VIDHIING,FY2021,Q4,Mar 2021,,https://www.bseindia.com/xml-data/corpfiling/AttachHis/26b4a972-5a39-4323-a6f4-18caf6073ef5.pdf,Specialty Chemicals,Vidhi Specialty Food Ingredients Ltd.,Mar,Q3
22987,VINDHYATEL_FY2022_Q2,VINDHYATEL,FY2022,Q2,Sep 2021,,https://www.bseindia.com/xml-data/corpfiling/AttachHis/f68279ec-fd85-4bd8-8308-da8bae0e6045.pdf,Telecom - Infrastructure,Vindhya Telelinks Ltd.,Sep,Q1
22991,VINSYS_FY2024_Q3,VINSYS,FY2024,Q3,Dec 2023,https://nsearchives.nseindia.com/corporate/VINSYS_02122023181743_Intimation.pdf,https://nsearchives.nseindia.com/corporate/VINSYS_10112023201941_Presentation.pdf,Education,Vinsys I T Services India Ltd.,Dec,Q2
22992,VINSYS_FY2024_Q2,VINSYS,FY2024,Q2,Sep 2023,,https://archives.nseindia.com/corporate/VINSYS_05092023182714_Intimation.pdf,Education,Vinsys I T Services India Ltd.,Sep,Q1
23000,VISAKAIND_FY2018_Q3,VISAKAIND,FY2018,Q3,Dec 2017,,https://www.bseindia.com/xml-data/corpfiling/CorpAttachment/2017/12/18f87ef2-fc63-4b6b-b68f-f28906a073e9.pdf,Cement & Cement Products,Visaka Industries Ltd.,Dec,Q2
23041,WHEELS_FY2024_Q1,WHEELS,FY2024,Q1,Jun 2023,https://wheelsindia.com/wp-content/uploads/2023/05/Transcript-22.05.2023.pdf,https://wheelsindia.com/wp-content/uploads/2023/06/Investor-presentation-June-2023.pdf,Auto Components & Equipments,Wheels India Ltd.,Jun,Q4
23048,WOCKPHARMA_FY2022_Q4,WOCKPHARMA,FY2022,Q4,Mar 2022,,https://www.bseindia.com/xml-data/corpfiling/AttachHis/6c17371e-4307-4abb-88e5-6d610dceb010.pdf,Pharmaceuticals,Wockhardt Ltd.,Mar,Q3
23055,XELPMOC_FY2024_Q1,XELPMOC,FY2024,Q1,Jun 2023,https://www.bseindia.com/xml-data/corpfiling/AttachHis/8c9c4731-db9a-4a79-b678-57da7c02fef7.pdf,https://www.bseindia.com/xml-data/corpfiling/AttachHis/ed790f85-77e6-4cf1-a12f-e728f39a2d50.pdf,Software Products,Xelpmoc Design & Tech Ltd.,Jun,Q4
23171,20MICRONS_FY2020_Q1,20MICRONS,FY2020,Q1,Jun 2019,https://www.bseindia.com/xml-data/corpfiling/AttachHis/fe9523d2-5e73-4f89-872f-1dcff6917852.pdf,https://www.bseindia.com/xml-data/corpfiling/AttachHis/1a34296a-e255-42c9-ab26-d29455d15fa4.pdf,Industrial Minerals,20 Microns Ltd.,Jun,Q4
23482,360ONE_FY2021_Q4,360ONE,FY2021,Q4,Mar 2021,https://www.primeinfobase.in/z_IIFLWAM/files/IIFLWAM_12022021132049_initimationoftranscript.pdf,https://www.bseindia.com/xml-data/corpfiling/AttachHis/ee64ef52-fd21-4ce0-9790-2d2d748fa7d2.pdf,Stockbroking & Allied,360 One Wam Ltd.,Mar,Q3
23806,3MINDIA_FY2024_Q1,3MINDIA,FY2024,Q1,Jun 2023,,https://www.bseindia.com/xml-data/corpfiling/AttachHis/333c8031-57c7-4503-9ccb-264554dc9830.pdf,Diversified,3M India Ltd.,Jun,Q4
23807,3MINDIA_FY2023_Q1,3MINDIA,FY2023,Q1,Jun 2022,,https://www.bseindia.com/xml-data/corpfiling/AttachHis/674d248c-6886-4d32-aeec-fb249d141ece.pdf,Diversified,3M India Ltd.,Jun,Q4
23808,3MINDIA_FY2022_Q1,3MINDIA,FY2022,Q1,Jun 2021,https://s24.q4cdn.com/834031268/files/doc_financials/quarterly/2021/Q2-2021-Transcript.pdf,,Diversified,3M India Ltd.,Jun,Q4
23810,3MINDIA_FY2020_Q4,3MINDIA,FY2020,Q4,Mar 2020,https://s24.q4cdn.com/834031268/files/doc_financials/2021/q1/Q1-2021-Transcript.pdf,,Diversified,3M India Ltd.,Mar,Q3
23826,AAATECH_FY2022_Q3,AAATECH,FY2022,Q3,Dec 2021,,https://archives.nseindia.com/corporate/AAATECH_21122021160617_INTIMATION.pdf,Consulting Services,A A A Technologies Ltd.,Dec,Q2
23978,APLAPOLLO_FY2018_Q2,APLAPOLLO,FY2018,Q2,Sep 2017,https://aplapollo.com/wp-content/uploads/2020/07/Q1-FY-2018-Results-Conference-call.pdf,https://www.bseindia.com/xml-data/corpfiling/CorpAttachment/2017/9/827ae869-0974-45c0-a5db-1a253e1a6613.pdf,Iron & Steel Products,A P L Apollo Tubes Ltd.,Sep,Q1
23981,APLAPOLLO_FY2017_Q1,APLAPOLLO,FY2017,Q1,Jun 2016,https://aplapollo.com/wp-content/uploads/2020/07/Q4-FY-16-Conference-Call.pdf,https://www.bseindia.com/stockinfo/AnnPdfOpen.aspx?Pname=5B0D7265_6B81_4655_A3A3_755DF6828110_143646.pdf,Iron & Steel Products,A P L Apollo Tubes Ltd.,Jun,Q4
24045,AARTIDRUGS_FY2022_Q1,AARTIDRUGS,FY2022,Q1,Jun 2021,https://www.bseindia.com/xml-data/corpfiling/AttachHis/5f27914f-33c1-45f9-891e-d89fc4caefe2.pdf,https://www.bseindia.com/xml-data/corpfiling/AttachHis/3956f80c-600b-4bd9-9f9f-c3539486b35c.pdf,Pharmaceuticals,Aarti Drugs Ltd.,Jun,Q4
24074,AARTIIND_FY2018_Q1,AARTIIND,FY2018,Q1,Jun 2017,https://www.bseindia.com/xml-data/corpfiling/CorpAttachment/2017/6/72400e2b-94ee-4c45-adb5-de74e149785f.pdf,https://www.bseindia.com/xml-data/corpfiling/CorpAttachment/2017/6/329d203d-7d5a-40b3-b497-08a403ba53d0.pdf,Specialty Chemicals,Aarti Industries Ltd.,Jun,Q4
24075,AARTIIND_FY2017_Q4,AARTIIND,FY2017,Q4,Mar 2017,https://www.bseindia.com/xml-data/corpfiling/CorpAttachment/2017/3/acf6739d-4461-4f72-8d9d-6e0ceca394a7.pdf,,Specialty Chemicals,Aarti Industries Ltd.,Mar,Q3
24077,AARTIIND_FY2017_Q1,AARTIIND,FY2017,Q1,Jun 2016,https://www.aarti-industries.com/Upload/PDF/Concall-Transcript-for-Quarter-ended-31st-March-2016.pdf,https://www.bseindia.com/stockinfo/AnnPdfOpen.aspx?Pname=5F510B09_DED6_4814_B5E0_661DFA37FAF3_173041.pdf,Specialty Chemicals,Aarti Industries Ltd.,Jun,Q4
24096,AATMAJ_FY2024_Q3,AATMAJ,FY2024,Q3,Dec 2023,https://nsearchives.nseindia.com/corporate/AATMAJ_07122023075513_AatmajHealthcareLimitedEarningsTranscriptH1FY2427112023.pdf,https://nsearchives.nseindia.com/corporate/AATMAJ_24112023133720_AatmajHealthcareLimitedInvestorPresentation1.pdf,Hospital,Aatmaj Healthcare Ltd.,Dec,Q2
24128,ABBOTINDIA_FY2023_Q2,ABBOTINDIA,FY2023,Q2,Sep 2022,https://www.abbott.co.in/content/dam/corp/abbott/en-ind/investors/Transcript-of-Investors-Meet-September-28-2022.pdf,,Pharmaceuticals,Abbott India Ltd.,Sep,Q1
24129,ABBOTINDIA_FY2022_Q1,ABBOTINDIA,FY2022,Q1,Jun 2021,https://dam.abbott.com/en-ind/pdf/other-info/Transcript-of-Investors-Meet-June%2028-2021.pdf,,Pharmaceuticals,Abbott India Ltd.,Jun,Q4
24150,ACCURACY_FY2023_Q1,ACCURACY,FY2023,Q1,Jun 2022,https://archives.nseindia.com/corporate/ACCURACY_09062022135722_Q4FY22EarningsCallTranscript.pdf,https://archives.nseindia.com/corporate/ACCURACY_31052022202235_AccuracyShipping_InvestorPresentation_Q4FY22.pdf,Logistics Solution Provider,Accuracy Shipping Ltd.,Jun,Q4
24164,ACE_FY2021_Q4,ACE,FY2021,Q4,Mar 2021,https://www.ace-cranes.com/public/front/pdf/ACE-Earnings%20Presentation-Q4FY21.pdf,https://www.bseindia.com/xml-data/corpfiling/AttachHis/a7478930-c692-4b9f-91d3-c7f293e1aa59.pdf,Construction Vehicles,Action Construction Equipment Ltd.,Mar,Q3
24171,ACE_FY2018_Q3,ACE,FY2018,Q3,Dec 2017,,https://www.bseindia.com/xml-data/corpfiling/CorpAttachment/2017/12/c0137ee8-16ba-4cec-893b-fb0f711761d1.pdf,Construction Vehicles,Action Construction Equipment Ltd.,Dec,Q2
24197,ADANIENT_FY2021_Q4,ADANIENT,FY2021,Q4,Mar 2021,https://www.adanienterprises.com/-/media/Project/Enterprises/Investors/Investor-Downloads/Results-Conference-Call-Transcripts/AdaniEnter-Earnings-1600-Feb03-2021.pdf,https://www.bseindia.com/xml-data/corpfiling/AttachHis/ca7db833-a710-4f50-b5c1-e9bf202e7a03.pdf,Trading - Minerals,Adani Enterprises Ltd.,Mar,Q3
24210,ADANIGREEN_FY2023_Q1,ADANIGREEN,FY2023,Q1,Jun 2022,,https://www.bseindia.com/xml-data/corpfiling/AttachHis/a4b68e10-1a62-46d0-a725-c93876d81fea.pdf,Power Generation,Adani Green Energy Ltd.,Jun,Q4
24227,ADANIPORTS_FY2021_Q3,ADANIPORTS,FY2021,Q3,Dec 2020,https://www.adaniports.com/-/media/Project/Ports/Investor/Transcripts/EarningCalls.pdf,https://www.bseindia.com/xml-data/corpfiling/AttachHis/e543cb53-1601-4a9a-b80d-21c78364fb31.pdf,Port & Port services,Adani Ports & Special Economic Zone Ltd.,Dec,Q2
24228,ADANIPORTS_FY2021_Q2,ADANIPORTS,FY2021,Q2,Sep 2020,https://www.adaniports.com/-/media/Project/Ports/Investor/Transcripts/Q1-FY21-Earnings-Call.pdf,,Port & Port services,Adani Ports & Special Economic Zone Ltd.,Sep,Q1
24240,ADANIPORTS_FY2017_Q4,ADANIPORTS,FY2017,Q4,Mar 2017,https://www.adaniports.com/-/media/Project/Ports/Investor/Transcripts/Q3F17EarningsCall.pdf,,Port & Port services,Adani Ports & Special Economic Zone Ltd.,Mar,Q3
24250,ADANIPOWER_FY2020_Q2,ADANIPOWER,FY2020,Q2,Sep 2019,https://www.adanipower.com/-/media/Project/Power/Investors/Investors-Downloads/Results-Conference-Call-Transcripts-Annual/Q1-FY20-Earnings-Call-Transcript.pdf,,Integrated Power Utilities,Adani Power Ltd.,Sep,Q1
24251,ADANIPOWER_FY2020_Q1,ADANIPOWER,FY2020,Q1,Jun 2019,https://www.adanipower.com/-/media/Project/Power/Investors/Investors-Downloads/Results-Conference-Call-Transcripts-Annual/APL-Results-Conference-Call-Transcripts-Q4-FY19.pdf,,Integrated Power Utilities,Adani Power Ltd.,Jun,Q4
24265,ATGL_FY2022_Q2,ATGL,FY2022,Q2,Sep 2021,,https://www.adanigas.com/-/media/Project/AdaniGas/Investors/Investor-download/Investor-Presentation/IR-Presentation-September.pdf?la=en,LPG/CNG/PNG/LNG Supplier,Adani Total Gas Ltd.,Sep,Q1
24322,ABREL_FY2021_Q4,ABREL,FY2021,Q4,Mar 2021,https://www.centurytextind.com/assets/pdf/news-and-events/intimation-regarding-earning-call-transcript-for-q3-for-fy-2020-2021.pdf,https://www.bseindia.com/xml-data/corpfiling/AttachHis/908e3e0b-3c1f-4581-b4ed-98a074a3f8ef.pdf,Paper & Paper Products,Aditya Birla Real Estate Ltd.,Mar,Q3
24327,ABREL_FY2019_Q4,ABREL,FY2019,Q4,Mar 2019,,https://www.bseindia.com/xml-data/corpfiling/AttachHis/40beb31e-417d-4c34-a3ba-5ab9fed18bf0.pdf,Paper & Paper Products,Aditya Birla Real Estate Ltd.,Mar,Q3
24328,ABREL_FY2019_Q1,ABREL,FY2019,Q1,Jun 2018,,https://www.bseindia.com/xml-data/corpfiling/CorpAttachment/2018/6/d80ef15e-7f88-4f33-a7af-b19169da9b8b.pdf,Paper & Paper Products,Aditya Birla Real Estate Ltd.,Jun,Q4
24345,AVL_FY2023_Q3,AVL,FY2023,Q3,Dec 2022,,https://www.bseindia.com/xml-data/corpfiling/AttachHis/bf28fbdc-c56b-4321-af49-4953251e9610.pdf,Speciality Retail,Aditya Vision Ltd.,Dec,Q2
24346,AVL_FY2023_Q2,AVL,FY2023,Q2,Sep 2022,,https://www.bseindia.com/xml-data/corpfiling/AttachHis/763ec854-7ea3-419d-97a7-b64907f87182.pdf,Speciality Retail,Aditya Vision Ltd.,Sep,Q1
24349,AFFORDABLE_FY2023_Q3,AFFORDABLE,FY2023,Q3,Dec 2022,,https://www.bseindia.com/xml-data/corpfiling/AttachHis/5bdd3281-afcb-4a78-820b-0210c062296d.pdf,Industrial Products,Affordable Robotic & Automation Ltd.,Dec,Q2
24354,ADOR_FY2023_Q1,ADOR,FY2023,Q1,Jun 2022,https://www.bseindia.com/xml-data/corpfiling/AttachHis/cadedef0-07fb-4b91-9cad-3dff6cc28162.pdf,https://www.bseindia.com/xml-data/corpfiling/AttachHis/d4b1542c-d139-42f9-ab79-8a71f4104dc3.pdf,Other Industrial Products,Ador Welding Ltd.,Jun,Q4
24355,ADOR_FY2022_Q1,ADOR,FY2022,Q1,Jun 2021,https://www.adorwelding.com/wp-content/uploads/2021/07/Investormeetpresentation10062021.pdf,https://www.bseindia.com/xml-data/corpfiling/AttachHis/aac27f8e-03ae-46a8-a507-986472d40e47.pdf,Other Industrial Products,Ador Welding Ltd.,Jun,Q4
24356,ADOR_FY2020_Q3,ADOR,FY2020,Q3,Dec 2019,https://www.adorwelding.com/wp-content/uploads/2021/07/Investormeetppt15.12.2019.pdf,https://www.bseindia.com/xml-data/corpfiling/AttachHis/10a26cf4-0edf-408a-ab5a-4ad4ba74dd6c.pdf,Other Industrial Products,Ador Welding Ltd.,Dec,Q2
24358,ADOR_FY2018_Q3,ADOR,FY2018,Q3,Dec 2017,,https://www.bseindia.com/xml-data/corpfiling/CorpAttachment/2017/12/c4641b5d-030c-4724-bb76-ea5dd234d90f.pdf,Other Industrial Products,Ador Welding Ltd.,Dec,Q2
24359,ADOR_FY2018_Q1,ADOR,FY2018,Q1,Jun 2017,,https://www.bseindia.com/xml-data/corpfiling/CorpAttachment/2017/6/9657d77b-ce13-4aab-ba1b-8b9846c1364d.pdf,Other Industrial Products,Ador Welding Ltd.,Jun,Q4
24387,ADVENZYMES_FY2022_Q1,ADVENZYMES,FY2022,Q1,Jun 2021,https://www.bseindia.com/xml-data/corpfiling/AttachHis/eb4c8288-829f-435b-b5be-550df91a7ada.pdf,https://www.bseindia.com/xml-data/corpfiling/AttachHis/0fa4a0d0-1ec1-4597-9fbd-4825be8364fb.pdf,Biotechnology,Advanced Enzyme Technologies Ltd.,Jun,Q4
24388,ADVENZYMES_FY2021_Q4,ADVENZYMES,FY2021,Q4,Mar 2021,https://www.advancedenzymes.com/wp-content/uploads/2021/06/Transcript-of-Conference-call-with-Analysts-and-Investors.pdf,,Biotechnology,Advanced Enzyme Technologies Ltd.,Mar,Q3
24392,ADVENZYMES_FY2020_Q4,ADVENZYMES,FY2020,Q4,Mar 2020,https://www.advancedenzymes.com/wp-content/uploads/2020/02/AdvancedEnzymeEarning06Feb2020.pdf,,Biotechnology,Advanced Enzyme Technologies Ltd.,Mar,Q3
24413,AEGISLOG_FY2021_Q1,AEGISLOG,FY2021,Q1,Jun 2020,http://www.aegisindia.com/Admin/Documents/Events_Pdf10413.pdf,https://www.bseindia.com/xml-data/corpfiling/AttachHis/768c0995-4d08-4390-a37e-87d8c714cb09.pdf,Trading - Gas,Aegis Logistics Ltd.,Jun,Q4
24414,AEGISLOG_FY2020_Q4,AEGISLOG,FY2020,Q4,Mar 2020,http://www.aegisindia.com/Admin/Documents/Events_Pdf10406.pdf,,Trading - Gas,Aegis Logistics Ltd.,Mar,Q3
24424,AEGISLOG_FY2018_Q2,AEGISLOG,FY2018,Q2,Sep 2017,,https://www.bseindia.com/xml-data/corpfiling/CorpAttachment/2017/9/3ca8badd-5bc9-4fcb-9c71-9e2e9590e7dd.pdf,Trading - Gas,Aegis Logistics Ltd.,Sep,Q1
24441,AEROENTER_FY2023_Q1,AEROENTER,FY2023,Q1,Jun 2022,,https://www.bseindia.com/xml-data/corpfiling/AttachHis/a561970e-0614-47c0-8dd3-752a904b4989.pdf,Iron & Steel Products,Aeroflex Enterprises Ltd.,Jun,Q4
24472,AFFLE_FY2022_Q2,AFFLE,FY2022,Q2,Sep 2021,https://www.bseindia.com/xml-data/corpfiling/AttachHis/504dc31a-8321-4047-b64e-24e1f895d248.pdf,https://www.bseindia.com/xml-data/corpfiling/AttachHis/57766a0a-8457-4d47-a73c-a90af391dbda.pdf,IT Enabled Services,Affle 3I Ltd.,Sep,Q1
24473,AFFLE_FY2022_Q1,AFFLE,FY2022,Q1,Jun 2021,https://www.bseindia.com/xml-data/corpfiling/AttachHis/5cba314d-5f56-4c91-934e-6065133be081.pdf,https://www.bseindia.com/xml-data/corpfiling/AttachHis/34fcb945-75e8-46e0-8203-5a9fd0b95071.pdf,IT Enabled Services,Affle 3I Ltd.,Jun,Q4
24489,AGARIND_FY2024_Q1,AGARIND,FY2024,Q1,Jun 2023,https://www.bseindia.com/xml-data/corpfiling/AttachHis/05c45a2b-c626-476f-8b39-9bba4016abe5.pdf,https://www.bseindia.com/xml-data/corpfiling/AttachHis/05ae8a17-812b-4e8a-aa2d-a60b54aed8f4.pdf,Petrochemicals,Agarwal Industrial Corpn. Ltd.,Jun,Q4
24503,AHLUCONT_FY2023_Q1,AHLUCONT,FY2023,Q1,Jun 2022,https://www.bseindia.com/xml-data/corpfiling/AttachHis/21333971-ad91-4a51-acd4-60f62f30449b.pdf,,Civil Construction,Ahluwalia Contracts (India) Ltd.,Jun,Q4
24561,AJOONI_FY2023_Q1,AJOONI,FY2023,Q1,Jun 2022,,https://archives.nseindia.com/corporate/AJOONI_29062022103815_Ajooni_Investorpresentation_Final.pdf,Animal Feed,Ajooni Biotech Ltd.,Jun,Q4
24572,AKSHOPTFBR_FY2018_Q4,AKSHOPTFBR,FY2018,Q4,Mar 2018,,https://www.bseindia.com/xml-data/corpfiling/CorpAttachment/2018/3/4472c2fa-0d07-4bc2-80c0-19048fff9f5a.pdf,Telecom -  Equipment & Accessories,Aksh Optifibre Ltd.,Mar,Q3
24584,ALANKIT_FY2020_Q4,ALANKIT,FY2020,Q4,Mar 2020,,https://www.bseindia.com/xml-data/corpfiling/AttachHis/76a8e84c-0c8c-44d4-95dc-ac0c379c2753.pdf,Diversified Commercial Services,Alankit Ltd.,Mar,Q3
24679,ALKYLAMINE_FY2022_Q1,ALKYLAMINE,FY2022,Q1,Jun 2021,https://www.bseindia.com/xml-data/corpfiling/AttachHis/0bc70a5d-5f5f-45dc-bb1b-fac304e19d9f.pdf,,Specialty Chemicals,Alkyl Amines Chemicals Ltd.,Jun,Q4
24685,ALKYLAMINE_FY2019_Q1,ALKYLAMINE,FY2019,Q1,Jun 2018,https://www.bseindia.com/xml-data/corpfiling/CorpAttachment/2018/6/5f23e365-6faa-4fbb-9eb8-f47bb546a1c6.pdf,,Specialty Chemicals,Alkyl Amines Chemicals Ltd.,Jun,Q4
24687,ALKYLAMINE_FY2018_Q1,ALKYLAMINE,FY2018,Q1,Jun 2017,https://www.bseindia.com/xml-data/corpfiling/CorpAttachment/2017/6/13878de8-db6e-4caf-8795-ee2d123e83fe.pdf,,Specialty Chemicals,Alkyl Amines Chemicals Ltd.,Jun,Q4
24703,ALLCARGO_FY2023_Q1,ALLCARGO,FY2023,Q1,Jun 2022,https://www.bseindia.com/xml-data/corpfiling/AttachHis/ef3292b8-317a-4dc9-9f23-ed6902428294.pdf,https://www.bseindia.com/xml-data/corpfiling/AttachHis/28443515-d324-4ad0-aea7-8e26971e0c8c.pdf,Logistics Solution Provider,Allcargo Logistics Ltd.,Jun,Q4
24707,ALLCARGO_FY2022_Q1,ALLCARGO,FY2022,Q1,Jun 2021,https://content.dionglobal.in/allcargonew/DownloadReport.aspx?reporturl=http://reports.dionglobal.in/Allcargoadmin/Reports/RE050720218ed15.pdf,https://www.bseindia.com/xml-data/corpfiling/AttachHis/0898339a-27fd-4099-a322-af13980a5a9c.pdf,Logistics Solution Provider,Allcargo Logistics Ltd.,Jun,Q4
24709,ALLCARGO_FY2021_Q2,ALLCARGO,FY2021,Q2,Sep 2020,https://www.allcargologistics.com/investors/presentationsandtranscripts/calltranscripts#202009,https://www.bseindia.com/xml-data/corpfiling/AttachHis/5dc29391-a927-4e94-8cfd-c38c89c5d89a.pdf,Logistics Solution Provider,Allcargo Logistics Ltd.,Sep,Q1
24711,ALLCARGO_FY2020_Q3,ALLCARGO,FY2020,Q3,Dec 2019,https://www.allcargologistics.com/investors/presentationsandtranscripts/calltranscripts#201912,https://www.bseindia.com/xml-data/corpfiling/AttachHis/e46f3e3b-92d4-49a0-b928-215ab4d7fc2b.pdf,Logistics Solution Provider,Allcargo Logistics Ltd.,Dec,Q2
24783,ARE&M_FY2023_Q2,ARE&M,FY2023,Q2,Sep 2022,https://www.bseindia.com/xml-data/corpfiling/AttachHis/bc294622-1bac-4f8e-ba16-64fd64b4dd45.pdf,https://www.bseindia.com/xml-data/corpfiling/AttachHis/0c5ab358-d017-461e-a43a-808b7d532779.pdf,Auto Components & Equipments,Amara Raja Energy & Mobility Ltd.,Sep,Q1
24784,ARE&M_FY2022_Q1,ARE&M,FY2022,Q1,Jun 2021,https://www.bseindia.com/xml-data/corpfiling/AttachHis/b5c7cef9-bb97-477d-b778-9497e9f7af73.pdf,https://www.bseindia.com/xml-data/corpfiling/AttachHis/df4dd145-d27b-451f-855a-9e79a046072f.pdf,Auto Components & Equipments,Amara Raja Energy & Mobility Ltd.,Jun,Q4
24785,ARE&M_FY2021_Q1,ARE&M,FY2021,Q1,Jun 2020,https://www.bseindia.com/xml-data/corpfiling/AttachHis/77c96e1d-7274-4426-aba4-5929d4dac334.pdf,,Auto Components & Equipments,Amara Raja Energy & Mobility Ltd.,Jun,Q4
24786,ARE&M_FY2020_Q3,ARE&M,FY2020,Q3,Dec 2019,,https://www.bseindia.com/xml-data/corpfiling/AttachHis/12095b31-2d1e-4b23-93ed-11ac9f5cf8ce.pdf,Auto Components & Equipments,Amara Raja Energy & Mobility Ltd.,Dec,Q2
24796,AMBER_FY2022_Q2,AMBER,FY2022,Q2,Sep 2021,https://www.bseindia.com/xml-data/corpfiling/AttachHis/a64c6b97-7aee-43f9-8873-e495190a5812.pdf,https://www.bseindia.com/xml-data/corpfiling/AttachHis/69665cb4-2265-4a07-abfb-d069ace040dc.pdf,Household Appliances,Amber Enterprises India Ltd.,Sep,Q1
24798,AMBER_FY2021_Q4,AMBER,FY2021,Q4,Mar 2021,https://www.bseindia.com/xml-data/corpfiling/AttachHis/45d14318-4f87-41c2-bdb9-85c2ee0ed85c.pdf,https://www.bseindia.com/xml-data/corpfiling/AttachHis/916487cd-5eaf-421e-bb9c-0fa8628c4a67.pdf,Household Appliances,Amber Enterprises India Ltd.,Mar,Q3
24799,AMBER_FY2021_Q3,AMBER,FY2021,Q3,Dec 2020,https://www.bseindia.com/xml-data/corpfiling/AttachHis/94ebfabb-6f5d-416f-b1ef-632ce688b437.pdf,https://www.bseindia.com/xml-data/corpfiling/AttachHis/81fa3397-2d0c-4353-a848-59c2a18b5714.pdf,Household Appliances,Amber Enterprises India Ltd.,Dec,Q2
24800,AMBER_FY2021_Q2,AMBER,FY2021,Q2,Sep 2020,https://www.bseindia.com/xml-data/corpfiling/AttachHis/4e1c8850-96f3-486c-8e38-5b350fb28cda.pdf,https://www.bseindia.com/xml-data/corpfiling/AttachHis/08441c2b-9e40-4e0a-90f0-4fc16f9de249.pdf,Household Appliances,Amber Enterprises India Ltd.,Sep,Q1
24801,AMBER_FY2021_Q1,AMBER,FY2021,Q1,Jun 2020,https://www.bseindia.com/xml-data/corpfiling/AttachHis/0fee3cce-60d5-4357-9c6b-a244f1bfef70.pdf,https://www.bseindia.com/xml-data/corpfiling/AttachHis/0bbe8ed2-e3d1-4a44-9163-9fc8384dda6e.pdf,Household Appliances,Amber Enterprises India Ltd.,Jun,Q4
24804,AMBER_FY2019_Q4,AMBER,FY2019,Q4,Mar 2019,https://www.bseindia.com/xml-data/corpfiling/AttachHis/8058a746-5e95-4308-b0eb-7c0e79d9564f.pdf,https://www.bseindia.com/xml-data/corpfiling/AttachHis/4740a5cb-9677-4a8e-b84c-29ac10d78ae2.pdf,Household Appliances,Amber Enterprises India Ltd.,Mar,Q3
24808,AMBER_FY2018_Q4,AMBER,FY2018,Q4,Mar 2018,http://ambergroupindia.com/pdf/Earnings%20Call%20Transcript%20Q2%20financial%20results%20FY%202019%20held%20on%2001.11.2018.pdf,https://www.bseindia.com/xml-data/corpfiling/CorpAttachment/2018/3/9aae489b-85b7-41d4-aa13-2b76c5c3465c.pdf,Household Appliances,Amber Enterprises India Ltd.,Mar,Q3
24891,ANNAPURNA_FY2024_Q4,ANNAPURNA,FY2024,Q4,Mar 2024,,https://nsearchives.nseindia.com/corporate/ANNAPURNA_29032024121718_Intimation_SE_IP.pdf,Packaged Foods,Annapurna Swadisht Ltd.,Mar,Q3
24893,ANNAPURNA_FY2023_Q3,ANNAPURNA,FY2023,Q3,Dec 2022,,https://archives.nseindia.com/corporate/ANNAPURNA_07122022123351_ANNAPURNA_INVESTORPRESENTATION.pdf,Packaged Foods,Annapurna Swadisht Ltd.,Dec,Q2
24937,ANUHPHR_FY2018_Q3,ANUHPHR,FY2018,Q3,Dec 2017,,https://www.bseindia.com/xml-data/corpfiling/CorpAttachment/2017/12/f9a62f37-ee05-484d-9a11-f6d959c17b52.pdf,Pharmaceuticals,Anuh Pharma Ltd.,Dec,Q2
24939,ANUHPHR_FY2016_Q2,ANUHPHR,FY2016,Q2,Sep 2015,,https://www.bseindia.com/stockinfo/AnnPdfOpen.aspx?Pname=A1F34671_6E96_42FF_AB3B_E163A546B44E_115305.pdf,Pharmaceuticals,Anuh Pharma Ltd.,Sep,Q1
24953,ANUP_FY2021_Q1,ANUP,FY2021,Q1,Jun 2020,https://www.anupengg.com/wp-content/uploads/2020/06/Post-result-Earning-call-Transcript-of-Q4-FY-2020-25.06.2020.pdf,https://www.bseindia.com/xml-data/corpfiling/AttachHis/e724dc9f-77df-4776-9909-7ec64b43d97a.pdf,Industrial Products,Anup Engineering Ltd.,Jun,Q4
24972,ANZEN_FY2024_Q1,ANZEN,FY2024,Q1,Jun 2023,,https://www.bseindia.com/xml-data/corpfiling/AttachHis/3b3fcbdc-0781-4449-a699-f09699479d73.pdf,Power - Transmission,Anzen India Energy Yield Plus Trust,Jun,Q4
24997,APARINDS_FY2017_Q4,APARINDS,FY2017,Q4,Mar 2017,https://www.bseindia.com/xml-data/corpfiling/CorpAttachment/2017/3/336fae01-532f-481d-90d2-a9c94199952b.pdf,,Other Electrical Equipment,Apar Industries Ltd.,Mar,Q3
25043,APEX_FY2022_Q3,APEX,FY2022,Q3,Dec 2021,https://www.bseindia.com/xml-data/corpfiling/AttachHis/10020b61-b58b-4a45-9d47-a03155b51ae6.pdf,https://www.bseindia.com/xml-data/corpfiling/AttachHis/a6c40d0c-bc14-4f06-b66c-185cb99a8f73.pdf,Seafood,Apex Frozen Foods Ltd.,Dec,Q2
25044,APEX_FY2022_Q2,APEX,FY2022,Q2,Sep 2021,https://www.bseindia.com/xml-data/corpfiling/AttachHis/ae0d948c-6c2b-46fe-9454-7b6cf646e522.pdf,https://www.bseindia.com/xml-data/corpfiling/AttachHis/cd4a74c7-1001-43da-a23c-34f9493dd2bc.pdf,Seafood,Apex Frozen Foods Ltd.,Sep,Q1
25045,APEX_FY2021_Q4,APEX,FY2021,Q4,Mar 2021,https://www.bseindia.com/xml-data/corpfiling/AttachHis/4e9371f9-770c-4e05-8b1b-d80413c339af.pdf,,Seafood,Apex Frozen Foods Ltd.,Mar,Q3
25046,APEX_FY2021_Q3,APEX,FY2021,Q3,Dec 2020,https://www.bseindia.com/xml-data/corpfiling/AttachHis/4c822109-f364-4a2e-8870-3cbe5e7003c0.pdf,https://www.bseindia.com/xml-data/corpfiling/AttachHis/448c08ff-470e-4ce4-b432-965deb0c3945.pdf,Seafood,Apex Frozen Foods Ltd.,Dec,Q2
25047,APEX_FY2021_Q2,APEX,FY2021,Q2,Sep 2020,https://www.bseindia.com/xml-data/corpfiling/AttachHis/491a2807-ec7b-4259-8331-d626457dc232.pdf,https://www.bseindia.com/xml-data/corpfiling/AttachHis/820b6876-0dee-4ed4-a7dd-20b1f6529264.pdf,Seafood,Apex Frozen Foods Ltd.,Sep,Q1
25049,APEX_FY2020_Q3,APEX,FY2020,Q3,Dec 2019,https://www.bseindia.com/xml-data/corpfiling/AttachHis/94c460c7-3858-4d31-81ab-30ca3ee7aca9.pdf,https://www.bseindia.com/xml-data/corpfiling/AttachHis/662d26c8-2809-43ef-a53d-7e1ac52915e2.pdf,Seafood,Apex Frozen Foods Ltd.,Dec,Q2
25051,BCPL_FY2021_Q1,BCPL,FY2021,Q1,Jun 2020,,https://www.bseindia.com/xml-data/corpfiling/AttachHis/a003abf9-4140-46fd-b118-b38d8897b3f4.pdf,,B C P L Railway Infrastructure Ltd.,Jun,Q4
25069,APOLLOHOSP_FY2021_Q1,APOLLOHOSP,FY2021,Q1,Jun 2020,https://www.apollohospitals.com/apollo_pdf/Transcript%20of%20Apollo%20Hospitals%20_%20Q4%20FY20%20Earnings%20Call.pdf,https://drupal-cdn-hfaeddcdbng5hfbg.a01.azurefd.net/sites/default/files/2025-02/ahel-q4fy20-earnings-update-new.pdf,Hospital,Apollo Hospitals Enterprise Ltd.,Jun,Q4
25113,APOLLOPIPE_FY2020_Q4,APOLLOPIPE,FY2020,Q4,Mar 2020,https://www.bseindia.com/xml-data/corpfiling/AttachHis/d6337158-f2c6-4a0b-9b0c-ee89d1e190e2.pdf,https://www.bseindia.com/xml-data/corpfiling/AttachHis/5ec89661-9dd0-4a04-9c33-7932c0a02f2e.pdf,Plastic Products - Industrial,Apollo Pipes Ltd.,Mar,Q3
25125,APOLSINHOT_FY2024_Q2,APOLSINHOT,FY2024,Q2,Sep 2023,,https://nsearchives.nseindia.com/corporate/APOLSINHOT_28092023140503_InvestorPresentation31032023NSE.pdf,Hotels & Resorts,Apollo Sindoori Hotels Ltd.,Sep,Q1
25126,APOLSINHOT_FY2023_Q2,APOLSINHOT,FY2023,Q2,Sep 2022,,https://archives.nseindia.com/corporate/APOLSINHOT_28092022141806_InvestorPresentation_31.03.2022_NSE.pdf,Hotels & Resorts,Apollo Sindoori Hotels Ltd.,Sep,Q1
25150,APOLLOTYRE_FY2017_Q1,APOLLOTYRE,FY2017,Q1,Jun 2016,https://www.bseindia.com/stockinfo/AnnPdfOpen.aspx?Pname=E96EB63B_ED76_4E05_94A4_F2878D40E68E_120326.pdf,https://www.bseindia.com/stockinfo/AnnPdfOpen.aspx?Pname=6E35712E_A92A_4A91_837E_17B6EACB33BB_132847.pdf,Tyres & Rubber Products,Apollo Tyres Ltd.,Jun,Q4
25177,ARIES_FY2019_Q4,ARIES,FY2019,Q4,Mar 2019,,https://www.bseindia.com/xml-data/corpfiling/AttachHis/bfc3c36a-a138-4b80-862a-b88c2a788222.pdf,Fertilizers,Aries Agro Ltd.,Mar,Q3
25178,ARIES_FY2019_Q3,ARIES,FY2019,Q3,Dec 2018,,https://www.bseindia.com/xml-data/corpfiling/CorpAttachment/2018/12/082e8d39-5b12-45dc-ad98-c315d411187b.pdf,Fertilizers,Aries Agro Ltd.,Dec,Q2
25206,ARIHANTSUP_FY2020_Q3,ARIHANTSUP,FY2020,Q3,Dec 2019,https://www.bseindia.com/xml-data/corpfiling/AttachHis/c625b0d3-13b2-482e-8507-1ee698a3cdab.pdf,https://www.bseindia.com/xml-data/corpfiling/AttachHis/1eb2d030-0172-42ab-97c7-4bf010df5b6a.pdf,"Residential, Commercial Projects",Arihant Superstructures Ltd.,Dec,Q2
25207,ARIHANTSUP_FY2020_Q2,ARIHANTSUP,FY2020,Q2,Sep 2019,https://www.bseindia.com/xml-data/corpfiling/AttachHis/d38ed1b9-57bf-4066-993c-973aafba520e.pdf,https://www.bseindia.com/xml-data/corpfiling/AttachHis/a6964a1f-09b7-4ef6-9c16-023d80ce975d.pdf,"Residential, Commercial Projects",Arihant Superstructures Ltd.,Sep,Q1
25208,ARIHANTSUP_FY2020_Q1,ARIHANTSUP,FY2020,Q1,Jun 2019,https://www.bseindia.com/xml-data/corpfiling/AttachHis/06954010-d35e-4066-ae41-f8d8ea59c638.pdf,https://www.bseindia.com/xml-data/corpfiling/AttachHis/b214952d-b659-425d-bf83-1b9fa6cd5cfd.pdf,"Residential, Commercial Projects",Arihant Superstructures Ltd.,Jun,Q4
25212,ARIHANTSUP_FY2018_Q4,ARIHANTSUP,FY2018,Q4,Mar 2018,https://www.bseindia.com/xml-data/corpfiling/CorpAttachment/2018/3/025c2701-d2a6-411d-a7dd-f5ec54572376.pdf,https://www.bseindia.com/xml-data/corpfiling/CorpAttachment/2018/3/412c1990-b4eb-4fc5-b11d-7fd776be82ef.PDF,"Residential, Commercial Projects",Arihant Superstructures Ltd.,Mar,Q3
25245,ARMANFIN_FY2022_Q1,ARMANFIN,FY2022,Q1,Jun 2021,https://www.armanindia.com/pdf/DynamicPages/pdf_e61c2837-1014-45b7-bcdc-e2245160c725.pdf,https://www.bseindia.com/xml-data/corpfiling/AttachHis/9ec91812-b268-426a-8337-2d2a9ecb2527.pdf,Non Banking Financial Company (NBFC),Arman Financial Services Ltd.,Jun,Q4
25246,ARMANFIN_FY2021_Q4,ARMANFIN,FY2021,Q4,Mar 2021,https://www.armanindia.com/pdf/DynamicPages/pdf_68c2f955-563d-4925-87ca-838444392be8.pdf,https://www.bseindia.com/xml-data/corpfiling/AttachHis/dbebe161-feb1-4dee-bbd4-e70ac01dc51b.pdf,Non Banking Financial Company (NBFC),Arman Financial Services Ltd.,Mar,Q3
25248,ARMANFIN_FY2021_Q2,ARMANFIN,FY2021,Q2,Sep 2020,https://www.armanindia.com/pdf/DynamicPages/pdf_0c12d152-96da-44e0-992a-5e2f36cedf43.pdf,https://www.bseindia.com/xml-data/corpfiling/AttachHis/0ebf0067-0b15-49aa-8177-6b848018daa7.pdf,Non Banking Financial Company (NBFC),Arman Financial Services Ltd.,Sep,Q1
25263,AROGRANITE_FY2016_Q4,AROGRANITE,FY2016,Q4,Mar 2016,,https://www.bseindia.com/stockinfo/AnnPdfOpen.aspx?Pname=5FE953AE_4D9E_47B4_BD9D_3A31719864C6_171807.pdf,Granites & Marbles,Aro Granite Inds. Ltd.,Mar,Q3
25273,ARROWGREEN_FY2024_Q1,ARROWGREEN,FY2024,Q1,Jun 2023,,https://www.bseindia.com/xml-data/corpfiling/AttachHis/3241816a-f445-4b82-85e6-80789824ee31.pdf,Packaging,Arrow Greentech Ltd.,Jun,Q4
25324,ARVIND_FY2021_Q4,ARVIND,FY2021,Q4,Mar 2021,https://www.arvind.com/sites/default/files/field_quarterly_reports_file/Arvind-Concall-Transcript-26th%20May%202021.pdf,https://www.bseindia.com/xml-data/corpfiling/AttachHis/8af355d9-2a91-41bb-996c-7c4ca1d17ba1.pdf,Garments & Apparels,Arvind Ltd.,Mar,Q3
25357,ARVSMART_FY2021_Q1,ARVSMART,FY2021,Q1,Jun 2020,https://arvindsmartspaces.com/wp-content/uploads/2020/07/ASL-Q4-2019-20-Conference-Call-25-06-2020.pdf,,"Residential, Commercial Projects",Arvind Smartspaces Ltd.,Jun,Q4
25368,ASAHISONG_FY2024_Q1,ASAHISONG,FY2024,Q1,Jun 2023,https://www.bseindia.com/xml-data/corpfiling/AttachHis/4cade454-3e8a-4d0c-a7d3-3170650e364c.pdf,https://www.bseindia.com/xml-data/corpfiling/AttachHis/4f34fd50-8de4-4847-8a94-4092ea764dec.pdf,Dyes And Pigments,Asahi Songwon Colors Ltd.,Jun,Q4
25373,ASAHISONG_FY2022_Q1,ASAHISONG,FY2022,Q1,Jun 2021,https://www.bseindia.com/xml-data/corpfiling/AttachHis/50201813-2849-430c-bd56-5ca36da6e33d.pdf,https://www.bseindia.com/xml-data/corpfiling/AttachHis/5c3203fe-112c-4d0d-98ab-fe24c88fabf2.pdf,Dyes And Pigments,Asahi Songwon Colors Ltd.,Jun,Q4
25376,AIFL_FY2018_Q1,AIFL,FY2018,Q1,Jun 2017,,https://www.bseindia.com/xml-data/corpfiling/CorpAttachment/2017/6/c259299a-83dc-46b9-b98e-085c68be7e55.pdf,Non Banking Financial Company (NBFC),Ashapura Intimates Fashion Ltd.,Jun,Q4
25395,ASHIANA_FY2021_Q4,ASHIANA,FY2021,Q4,Mar 2021,https://www.bseindia.com/xml-data/corpfiling/AttachHis/89937c7e-0804-4075-a767-375d7fa1d057.pdf,https://www.bseindia.com/xml-data/corpfiling/AttachHis/3a15d236-6faa-4eca-9f2c-a68ce29002ac.pdf,"Residential, Commercial Projects",Ashiana Housing Ltd.,Mar,Q3
25411,ASHIANA_FY2017_Q1,ASHIANA,FY2017,Q1,Jun 2016,https://www.ashianahousing.com/download/Concall-transcript-Q4-Jun-6-2016.pdf,,"Residential, Commercial Projects",Ashiana Housing Ltd.,Jun,Q4
25443,ASHOKA_FY2021_Q4,ASHOKA,FY2021,Q4,Mar 2021,https://www.bseindia.com/xml-data/corpfiling/AttachHis/bfcc5261-5d87-4cbd-b4f6-0f394ee4d800.pdf,https://www.bseindia.com/xml-data/corpfiling/AttachHis/c9c4d425-8afd-4c13-a134-70cca41d73aa.pdf,Civil Construction,Ashoka Buildcon Ltd.,Mar,Q3
25460,ASHOKA_FY2017_Q2,ASHOKA,FY2017,Q2,Sep 2016,https://www.ashokabuildcon.com/pdf/Ashoka_Transcript_Q1FY17-web.pdf,https://www.bseindia.com/stockinfo/AnnPdfOpen.aspx?Pname=6952B252_C2FB_4CC7_B3B5_62EC6E546D31_183822.pdf,Civil Construction,Ashoka Buildcon Ltd.,Sep,Q1
25475,ASIANENE_FY2022_Q1,ASIANENE,FY2022,Q1,Jun 2021,,https://www.bseindia.com/xml-data/corpfiling/AttachHis/67237f09-671e-4c4c-b77c-6fbe0d517152.pdf,Oil Equipment & Services,Asian Energy Services Ltd.,Jun,Q4
25477,ASIANENE_FY2020_Q4,ASIANENE,FY2020,Q4,Mar 2020,https://www.asianenergy.com/pdf/Investor-Relations/Financial-Reports/Financial-Year-2019-20/AsianOilfiled-Q3FY20-ConCall-Transcript.pdf,https://www.bseindia.com/xml-data/corpfiling/AttachHis/ec070282-2f16-4b9b-9d82-0189ea72c8a8.pdf,Oil Equipment & Services,Asian Energy Services Ltd.,Mar,Q3
25478,ASIANENE_FY2020_Q3,ASIANENE,FY2020,Q3,Dec 2019,,https://www.bseindia.com/xml-data/corpfiling/AttachHis/e74ea124-bd81-488f-9297-75e5f4ceaa0c.pdf,Oil Equipment & Services,Asian Energy Services Ltd.,Dec,Q2
25516,ASIANPAINT_FY2021_Q4,ASIANPAINT,FY2021,Q4,Mar 2021,https://www.asianpaints.com/content/dam/asianpaints/website/secondary-navigation/investors/financial-results-2/2020-2021/Conference%20call%20transcript%20-%20Q3FY21%20results.pdf,https://www.bseindia.com/xml-data/corpfiling/AttachHis/9087e9e2-2c0c-4aa7-be5a-0be45259b3ee.pdf,Paints,Asian Paints Ltd.,Mar,Q3
25549,ASALCBR_FY2017_Q4,ASALCBR,FY2017,Q4,Mar 2017,,https://www.bseindia.com/xml-data/corpfiling/CorpAttachment/2017/3/ec77f23f-6d1e-4ee1-bbd8-33052295c224.pdf,Breweries & Distilleries,Associated Alcohols & Breweries Ltd.,Mar,Q3
25563,ASTERDM_FY2021_Q4,ASTERDM,FY2021,Q4,Mar 2021,https://www.primeinfobase.in/z_Asterdm/files/AsterDM_Earnings_call_transcript_Q3_FY_2020-21.zip,,Hospital,Aster D M Healthcare Ltd.,Mar,Q3
25569,ASTRAMICRO_FY2022_Q1,ASTRAMICRO,FY2022,Q1,Jun 2021,https://www.bseindia.com/xml-data/corpfiling/AttachHis/3ba2f7f2-237f-4b5d-9f77-9f8b80343849.pdf,,Aerospace & Defense,Astra Microwave Products Ltd.,Jun,Q4
25611,ASTRAZEN_FY2021_Q2,ASTRAZEN,FY2021,Q2,Sep 2020,https://www.astrazeneca.com/content/dam/az/Investor_Relations/events/20200909-Prsn-Sstnblty-cc.pdf,,Pharmaceuticals,Astrazeneca Pharma India Ltd.,Sep,Q1
25612,ASTRAZEN_FY2020_Q3,ASTRAZEN,FY2020,Q3,Dec 2019,https://www.astrazeneca.com/content/dam/az/Investor_Relations/events/AZN%20Investor%20science%20conference%20call%20ASH%202019%20Presentation.pdf,,Pharmaceuticals,Astrazeneca Pharma India Ltd.,Dec,Q2
25614,ASTRAZEN_FY2019_Q2,ASTRAZEN,FY2019,Q2,Sep 2018,,https://www.astrazeneca.in/content/dam/az-in/pdf/files/AZPIL%20Corporate%20Presentation%20at%20the%2039th%20AGM_2018.pdf,Pharmaceuticals,Astrazeneca Pharma India Ltd.,Sep,Q1
25633,ATLANTAA_FY2018_Q2,ATLANTAA,FY2018,Q2,Sep 2017,https://www.bseindia.com/xml-data/corpfiling/CorpAttachment/2017/9/b7707180-b603-47a3-9fcc-628cb7b1c8ac.pdf,https://www.bseindia.com/xml-data/corpfiling/CorpAttachment/2017/9/c1585940-3494-4185-bfc6-3238cccdd142.pdf,"Road Assets-Toll, Annuity, Hybrid-Annuity",Atlantaa Ltd.,Sep,Q1
25636,ATULAUTO_FY2018_Q3,ATULAUTO,FY2018,Q3,Dec 2017,https://www.bseindia.com/xml-data/corpfiling/CorpAttachment/2017/12/738b1ee6-d153-4250-91de-5d113497d3a1.pdf,https://www.bseindia.com/xml-data/corpfiling/CorpAttachment/2017/12/5283c742-e00d-4bcc-b325-9778fb9e32f4.pdf,Commercial Vehicles,Atul Auto Ltd.,Dec,Q2
25637,ATULAUTO_FY2018_Q2,ATULAUTO,FY2018,Q2,Sep 2017,https://www.bseindia.com/xml-data/corpfiling/CorpAttachment/2017/9/884f5d43-2da9-487a-9919-c93844a5db95.pdf,,Commercial Vehicles,Atul Auto Ltd.,Sep,Q1
25640,ATULAUTO_FY2017_Q1,ATULAUTO,FY2017,Q1,Jun 2016,,https://www.bseindia.com/stockinfo/AnnPdfOpen.aspx?Pname=2D2B1CBC_A53D_4F2E_8A6E_3D4385CA9938_103542.pdf,Commercial Vehicles,Atul Auto Ltd.,Jun,Q4
25657,AUROIMPEX_FY2024_Q2,AUROIMPEX,FY2024,Q2,Sep 2023,,https://archives.nseindia.com/corporate/AUROIMPEX_13092023084220_IPDSC.pdf,Other Industrial Products,Auro Impex & Chemicals Ltd.,Sep,Q1
25665,AUROPHARMA_FY2022_Q1,AUROPHARMA,FY2022,Q1,Jun 2021,https://www.bseindia.com/xml-data/corpfiling/AttachHis/58f1f8e9-8272-46db-8bca-1f3c8434a55f.pdf,https://www.bseindia.com/xml-data/corpfiling/AttachHis/31e9debd-32d4-4350-a71e-3b0e06cfd30b.pdf,Pharmaceuticals,Aurobindo Pharma Ltd.,Jun,Q4
25673,AUROPHARMA_FY2019_Q4,AUROPHARMA,FY2019,Q4,Mar 2019,https://www.aurobindo.com/wp-content/uploads/2019/02/Aurobindo-Pharma_Q3FY19-earnings-conference-calltranscript.pdf,https://www.bseindia.com/xml-data/corpfiling/AttachHis/feced5d9-2a64-48b2-aa26-c588932a6591.pdf,Pharmaceuticals,Aurobindo Pharma Ltd.,Mar,Q3
25676,AUROPHARMA_FY2019_Q1,AUROPHARMA,FY2019,Q1,Jun 2018,https://www.bseindia.com/xml-data/corpfiling/CorpAttachment/2018/6/af00f383-d915-40ae-9840-fe2ffbf1eea1.pdf,https://www.bseindia.com/xml-data/corpfiling/CorpAttachment/2018/5/d7777aa8-2313-4cd3-b961-17517dc0849a.pdf,Pharmaceuticals,Aurobindo Pharma Ltd.,Jun,Q4
25677,AUROPHARMA_FY2018_Q4,AUROPHARMA,FY2018,Q4,Mar 2018,https://www.aurobindo.com/wp-content/uploads/2018/10/Aurobindo-Pharma_Q3FY18-Earings-call-transcript.pdf,https://www.bseindia.com/xml-data/corpfiling/CorpAttachment/2018/3/8f693c46-cd31-4a16-90ff-b0fde86f1104.pdf,Pharmaceuticals,Aurobindo Pharma Ltd.,Mar,Q3
25681,AUROPHARMA_FY2017_Q4,AUROPHARMA,FY2017,Q4,Mar 2017,https://www.aurobindo.com/wp-content/uploads/2018/10/aurobindo-pharma-ltd-q2-fy16-17-earnings-call-transcript.pdf,https://www.bseindia.com/xml-data/corpfiling/CorpAttachment/2017/3/5f522725-fa5e-4144-881a-74d817e39f6e.pdf,Pharmaceuticals,Aurobindo Pharma Ltd.,Mar,Q3
25684,AUROPHARMA_FY2017_Q1,AUROPHARMA,FY2017,Q1,Jun 2016,https://www.bseindia.com/stockinfo/AnnPdfOpen.aspx?Pname=3E17999B_1134_4839_A0A4_974345568593_183419.pdf,https://www.bseindia.com/stockinfo/AnnPdfOpen.aspx?Pname=158A812A_C4D1_4DEE_B81F_D3F6060CB011_175046.pdf,Pharmaceuticals,Aurobindo Pharma Ltd.,Jun,Q4
25700,AURUM_FY2021_Q3,AURUM,FY2021,Q3,Dec 2020,https://majescoltd.in/wp-content/uploads/2020/10/Transcript-Majesco-Investor-Update-Call-08-Oct-2020.pdf,,IT Enabled Services,Aurum Proptech Ltd.,Dec,Q2
25712,AURUM_FY2018_Q2,AURUM,FY2018,Q2,Sep 2017,https://majescoltd.in/wp-content/uploads/2017/08/Transcript_Majesco-Ltd._Earnings-Call-Q1FY18.pdf,https://www.bseindia.com/xml-data/corpfiling/CorpAttachment/2017/9/aead5b7d-e2f3-4298-b49b-5210310f2b65.PDF,IT Enabled Services,Aurum Proptech Ltd.,Sep,Q1
25782,AVANTIFEED_FY2021_Q4,AVANTIFEED,FY2021,Q4,Mar 2021,https://www.bseindia.com/xml-data/corpfiling/AttachHis/496956b7-7bf7-4cec-bf9e-e4f3aec62496.pdf,,Animal Feed,Avanti Feeds Ltd.,Mar,Q3
25783,AVANTIFEED_FY2021_Q3,AVANTIFEED,FY2021,Q3,Dec 2020,https://www.bseindia.com/xml-data/corpfiling/AttachHis/4779bee3-2c13-4619-b55c-2697253faec9.pdf,https://www.bseindia.com/xml-data/corpfiling/AttachHis/cc0eb5d6-17cc-4407-af2a-9e59e77e0fcb.pdf,Animal Feed,Avanti Feeds Ltd.,Dec,Q2
25784,AVANTIFEED_FY2021_Q2,AVANTIFEED,FY2021,Q2,Sep 2020,https://www.bseindia.com/xml-data/corpfiling/AttachHis/10e4049c-99da-43ef-8896-c479326b88c4.pdf,https://www.bseindia.com/xml-data/corpfiling/AttachHis/021f0093-8e52-404d-8b96-6d3400a200c4.pdf,Animal Feed,Avanti Feeds Ltd.,Sep,Q1
25786,AVANTIFEED_FY2020_Q4,AVANTIFEED,FY2020,Q4,Mar 2020,https://www.bseindia.com/xml-data/corpfiling/AttachHis/c455f35d-c7dc-4389-b18c-d0d76461a8d3.pdf,https://www.bseindia.com/xml-data/corpfiling/AttachHis/7dabf0b5-5f6b-4b6a-bbe1-172783c3234e.pdf,Animal Feed,Avanti Feeds Ltd.,Mar,Q3
25790,AVANTIFEED_FY2019_Q2,AVANTIFEED,FY2019,Q2,Sep 2018,https://avantifeeds.com/v2/wp-content/uploads/2021/04/Transcript-30-09-2018.pdf,,Animal Feed,Avanti Feeds Ltd.,Sep,Q1
25791,AVANTIFEED_FY2019_Q1,AVANTIFEED,FY2019,Q1,Jun 2018,https://avantifeeds.com/QuarterlyResults/AFL_Presentation_for_Investors_Audio_Conference_Call_on_04_06_2018.pdf,https://www.bseindia.com/xml-data/corpfiling/CorpAttachment/2018/6/1d94bc82-cb03-4079-ae2c-e4d9de2029bf.pdf,Animal Feed,Avanti Feeds Ltd.,Jun,Q4
25792,AVANTIFEED_FY2018_Q4,AVANTIFEED,FY2018,Q4,Mar 2018,https://avantifeeds.com/v2/wp-content/uploads/2021/04/Transcript-31-03-2018.pdf,,Animal Feed,Avanti Feeds Ltd.,Mar,Q3
25794,AVANTIFEED_FY2018_Q2,AVANTIFEED,FY2018,Q2,Sep 2017,https://www.bseindia.com/xml-data/corpfiling/CorpAttachment/2017/9/d2c1c428-537a-4c79-bd65-b4d5356d7367.pdf,,Animal Feed,Avanti Feeds Ltd.,Sep,Q1
25807,DMART_FY2020_Q1,DMART,FY2020,Q1,Jun 2019,https://api.dmartindia.com/corporate/content/file/v1/2/k60xmUBpQjejNOzxpKgU30FQ/Transcript%20of%20Q&amp;A%20at%20Analyst%20Meet-%20June%2012%202019.pdf,https://www.bseindia.com/xml-data/corpfiling/AttachHis/16e13482-4157-40e1-8122-5967ff9e7232.pdf,Diversified Retail,Avenue Supermarts Ltd.,Jun,Q4
25808,DMART_FY2019_Q1,DMART,FY2019,Q1,Jun 2018,,https://www.bseindia.com/xml-data/corpfiling/CorpAttachment/2018/6/28111ffc-70ec-4d72-bf73-07211191b5c2.pdf,Diversified Retail,Avenue Supermarts Ltd.,Jun,Q4
25836,BASF_FY2022_Q4,BASF,FY2022,Q4,Mar 2022,https://www.bseindia.com/xml-data/corpfiling/AttachHis/52fdf114-2aab-4122-9e7a-324ad81a1a2f.pdf,,Specialty Chemicals,B A S F India Ltd.,Mar,Q3
25848,AXISBANK_FY2019_Q4,AXISBANK,FY2019,Q4,Mar 2019,https://www.bseindia.com/xml-data/corpfiling/AttachHis/3e8456ee-2ef6-4d00-a271-90d97084b34c.pdf,,Private Sector Bank,Axis Bank Ltd.,Mar,Q3
25879,AXISCADES_FY2018_Q3,AXISCADES,FY2018,Q3,Dec 2017,https://www.axiscades.com/investors_data/announcements/ACETL_Investors_ppt_Q3_FY18.pdf,https://www.bseindia.com/xml-data/corpfiling/CorpAttachment/2017/12/e3d43b8b-7c16-487f-853e-6398d940e3df.pdf,IT Enabled Services,Axiscades Technologies Ltd.,Dec,Q2
25888,BBTCL_FY2023_Q1,BBTCL,FY2023,Q1,Jun 2022,,https://archives.nseindia.com/corporate/BBTCL_07062022170347_Investor_Presentation_Mar22..pdf,Packaging,B & B Triplewall Containers Ltd.,Jun,Q4
25890,BASF_FY2023_Q1,BASF,FY2023,Q1,Jun 2022,https://www.bseindia.com/xml-data/corpfiling/AttachHis/a2bc2140-cce2-4ec7-b7fe-0d0afb6fb0c1.pdf,https://www.bseindia.com/xml-data/corpfiling/AttachHis/594a2d13-8c6b-43bf-abfa-30714d40ef65.pdf,Specialty Chemicals,B A S F India Ltd.,Jun,Q4
25891,BASF_FY2022_Q3,BASF,FY2022,Q3,Dec 2021,https://www.bseindia.com/xml-data/corpfiling/AttachHis/cdf3b729-1f07-4310-a14d-d7ddd515d6b7.pdf,https://www.bseindia.com/xml-data/corpfiling/AttachHis/01e00f6d-eaff-4ca5-964d-4dcf0f2bfab3.pdf,Specialty Chemicals,B A S F India Ltd.,Dec,Q2
25892,BASF_FY2021_Q4,BASF,FY2021,Q4,Mar 2021,https://www.basf.com/global/documents/en/investor-relations/calendar-and-publications/presentations/2021/BASF_Q1-2021_Transcript_QA_by_Topic.pdf,https://www.bseindia.com/xml-data/corpfiling/AttachHis/2b9ac0ec-c401-49be-ae75-d9db4f4bcbf8.pdf,Specialty Chemicals,B A S F India Ltd.,Mar,Q3
25894,BASF_FY2018_Q2,BASF,FY2018,Q2,Sep 2017,https://www.basf.com/global/documents/en/investor-relations/calendar-and-publications/presentations/2017/BASF_Q2-2017_Transcript_QA_by_Topic.pdf,https://www.bseindia.com/xml-data/corpfiling/CorpAttachment/2017/9/85f24040-c266-4b67-a243-a6e7c175965d.pdf,Specialty Chemicals,B A S F India Ltd.,Sep,Q1
25906,BCLIND_FY2021_Q4,BCLIND,FY2021,Q4,Mar 2021,https://www.bcl.ind.in/wp-content/uploads/2021/07/transcript-of-31.03.2021-results-on-14.06.2021.pdf,https://www.bseindia.com/xml-data/corpfiling/AttachHis/21c26342-15ae-4daf-a904-73536c930ebf.pdf,Edible Oil,B C L Industries Ltd.,Mar,Q3
25908,BCLIND_FY2021_Q2,BCLIND,FY2021,Q2,Sep 2020,https://www.bseindia.com/xml-data/corpfiling/AttachHis/adafacc2-94af-4253-b4d4-b5277287951b.pdf,https://www.bseindia.com/xml-data/corpfiling/AttachHis/733a9332-f3bd-4816-8ea3-dfa575e72202.pdf,Edible Oil,B C L Industries Ltd.,Sep,Q1
25921,BEML_FY2024_Q3,BEML,FY2024,Q3,Dec 2023,https://www.bemlindia.in/wp-content/uploads/2023/12/Transcript_Investor_Meet_05Dec2023.pdf,https://www.bseindia.com/xml-data/corpfiling/AttachHis/d20f9c16-705b-47b5-baba-c9c18efbc963.pdf,Construction Vehicles,B E M L Ltd.,Dec,Q2
25922,BEML_FY2024_Q1,BEML,FY2024,Q1,Jun 2023,,https://www.bseindia.com/xml-data/corpfiling/AttachHis/596d37ee-1977-43e0-af27-4e02d15dc58d.pdf,Construction Vehicles,B E M L Ltd.,Jun,Q4
25923,BEML_FY2023_Q1,BEML,FY2023,Q1,Jun 2022,,https://www.bseindia.com/xml-data/corpfiling/AttachHis/2f8ef0f9-b874-4013-a5fe-473309ca3687.pdf,Construction Vehicles,B E M L Ltd.,Jun,Q4
25926,BEML_FY2020_Q2,BEML,FY2020,Q2,Sep 2019,,https://www.bseindia.com/xml-data/corpfiling/AttachHis/271ed788-dd10-44be-8493-e8162f147ab5.pdf,Construction Vehicles,B E M L Ltd.,Sep,Q1
25928,BEML_FY2019_Q1,BEML,FY2019,Q1,Jun 2018,,https://www.bseindia.com/xml-data/corpfiling/CorpAttachment/2018/6/49075d47-d758-404f-8f56-c31739ccbe0b.pdf,Construction Vehicles,B E M L Ltd.,Jun,Q4
25929,BEML_FY2018_Q2,BEML,FY2018,Q2,Sep 2017,,https://www.bseindia.com/xml-data/corpfiling/CorpAttachment/2017/9/b85b2485-5736-42a6-a166-34007bcddda6.pdf,Construction Vehicles,B E M L Ltd.,Sep,Q1
25930,BEML_FY2018_Q1,BEML,FY2018,Q1,Jun 2017,,https://www.bseindia.com/xml-data/corpfiling/CorpAttachment/2017/6/8fc0e19e-38c6-4cf3-8c60-affcf9aa5a2f.pdf,Construction Vehicles,B E M L Ltd.,Jun,Q4
25931,BEML_FY2017_Q3,BEML,FY2017,Q3,Dec 2016,,https://www.bseindia.com/stockinfo/AnnPdfOpen.aspx?Pname=D1494600_CEE9_401A_9DC2_0C4E7FD9E8AF_114107.pdf,Construction Vehicles,B E M L Ltd.,Dec,Q2
26025,BAJAJCON_FY2021_Q4,BAJAJCON,FY2021,Q4,Mar 2021,https://www.bseindia.com/xml-data/corpfiling/AttachHis/c16593c4-2685-4605-9726-8b5e1e9ce55b.pdf,https://www.bseindia.com/xml-data/corpfiling/AttachHis/31b2995d-d886-4f6f-90ea-62bced5fd932.pdf,Personal Care,Bajaj Consumer Care Ltd.,Mar,Q3
26061,BAJAJELEC_FY2017_Q1,BAJAJELEC,FY2017,Q1,Jun 2016,https://www.bseindia.com/stockinfo/AnnPdfOpen.aspx?Pname=AC6F664B_CB15_4F5C_A488_37D0CC99D311_140313.pdf,,Household Appliances,Bajaj Electricals Ltd.,Jun,Q4
26109,BAJAJFINSV_FY2019_Q1,BAJAJFINSV,FY2019,Q1,Jun 2018,,https://www.bseindia.com/xml-data/corpfiling/CorpAttachment/2018/6/8401b630-5f26-485a-a67d-b7b6bb93b28a.pdf,Holding Company,Bajaj Finserv Ltd.,Jun,Q4
26122,BAJAJHCARE_FY2023_Q1,BAJAJHCARE,FY2023,Q1,Jun 2022,,https://www.bseindia.com/xml-data/corpfiling/AttachHis/e49f6116-1ba5-470b-97ef-95d055853346.pdf,Pharmaceuticals,Bajaj Healthcare Ltd.,Jun,Q4
26130,BALPHARMA_FY2023_Q2,BALPHARMA,FY2023,Q2,Sep 2022,,https://www.bseindia.com/xml-data/corpfiling/AttachHis/4561806c-b55c-4560-aaec-2d919e9d735e.pdf,Pharmaceuticals,Bal Pharma Ltd.,Sep,Q1
26172,BALAJITELE_FY2017_Q3,BALAJITELE,FY2017,Q3,Dec 2016,,https://www.bseindia.com/stockinfo/AnnPdfOpen.aspx?Pname=DE20994F_BB14_4711_8548_7698203CF383_173612.pdf,Media & Entertainment,Balaji Telefilms Ltd.,Dec,Q2
26248,BANARBEADS_FY2023_Q3,BANARBEADS,FY2023,Q3,Dec 2022,https://www.bseindia.com/xml-data/corpfiling/AttachHis/39ceff95-ed7c-4e11-ae20-3714d94ea625.pdf,https://www.bseindia.com/xml-data/corpfiling/AttachHis/1df9cfd1-2eff-4921-95be-987c736d9f27.pdf,"Gems, Jewellery And Watches",Banaras Beads Ltd.,Dec,Q2
26302,BANKINDIA_FY2020_Q4,BANKINDIA,FY2020,Q4,Mar 2020,https://www.bseindia.com/xml-data/corpfiling/AttachHis/022c919c-4cf4-4223-b60f-60a489e32cbd.pdf,https://www.bseindia.com/xml-data/corpfiling/AttachHis/8f55b449-718f-48c5-968c-ff1679f07767.pdf,Public Sector Bank,Bank Of India,Mar,Q3
26355,BANSWRAS_FY2019_Q3,BANSWRAS,FY2019,Q3,Dec 2018,https://www.bseindia.com/xml-data/corpfiling/CorpAttachment/2018/12/aa31fe2b-4830-44c7-83f8-55d7c930c1f5.pdf,https://www.bseindia.com/xml-data/corpfiling/CorpAttachment/2018/11/846d2b66-18df-4313-97e0-e08e31204535.pdf,Other Textile Products,Banswara Syntex Ltd.,Dec,Q2
26356,BANSWRAS_FY2019_Q2,BANSWRAS,FY2019,Q2,Sep 2018,http://www.banswarasyntex.com/wp-content/uploads/2019/05/Transcripts_Earning_CC_Q1_FY19.pdf,,Other Textile Products,Banswara Syntex Ltd.,Sep,Q1
26358,BANSWRAS_FY2018_Q4,BANSWRAS,FY2018,Q4,Mar 2018,https://www.bseindia.com/xml-data/corpfiling/CorpAttachment/2018/3/0db243bb-2ec3-48ed-a68e-52926c065482.pdf,https://www.bseindia.com/xml-data/corpfiling/CorpAttachment/2018/2/8f91ff22-b302-444b-955c-40cd9e1f8f56.pdf,Other Textile Products,Banswara Syntex Ltd.,Mar,Q3
26359,BANSWRAS_FY2018_Q3,BANSWRAS,FY2018,Q3,Dec 2017,http://www.banswarasyntex.com/wp-content/uploads/2019/05/Transcripts_Earning_CC_Q2_FY18.pdf,https://www.bseindia.com/xml-data/corpfiling/CorpAttachment/2017/12/83d67422-d9aa-48b9-b4dc-ef2385b30802.pdf,Other Textile Products,Banswara Syntex Ltd.,Dec,Q2
26360,BANSWRAS_FY2018_Q2,BANSWRAS,FY2018,Q2,Sep 2017,http://www.banswarasyntex.com/wp-content/uploads/2019/05/Transcripts_Earning_CC_Q1_FY18.pdf,https://www.bseindia.com/xml-data/corpfiling/CorpAttachment/2017/9/da5e42a6-afbc-46c7-985d-75a512483fe5.pdf,Other Textile Products,Banswara Syntex Ltd.,Sep,Q1
26361,BANSWRAS_FY2018_Q1,BANSWRAS,FY2018,Q1,Jun 2017,https://www.bseindia.com/xml-data/corpfiling/CorpAttachment/2017/6/60e2d33a-7432-4831-9083-1164841e55b5.pdf,https://www.bseindia.com/xml-data/corpfiling/CorpAttachment/2017/5/9df97965-a087-4fc5-8365-7f656d4619aa.pdf,Other Textile Products,Banswara Syntex Ltd.,Jun,Q4
26362,BANSWRAS_FY2017_Q4,BANSWRAS,FY2017,Q4,Mar 2017,https://www.bseindia.com/xml-data/corpfiling/CorpAttachment/2017/3/8797df56-41fc-4dfb-978e-16f7532ae485.pdf,https://www.bseindia.com/stockinfo/AnnPdfOpen.aspx?Pname=D0568E13_DF9D_48B8_85CD_FA0C30FD3955_115234.pdf,Other Textile Products,Banswara Syntex Ltd.,Mar,Q3
26364,BANSWRAS_FY2017_Q1,BANSWRAS,FY2017,Q1,Jun 2016,https://www.bseindia.com/stockinfo/AnnPdfOpen.aspx?Pname=0AB7437B_4459_4F5F_A928_38251E6B41E0_163402.pdf,https://www.bseindia.com/stockinfo/AnnPdfOpen.aspx?Pname=15FB7909_57DE_430A_B1E4_47671D5A65A7_164640.pdf,Other Textile Products,Banswara Syntex Ltd.,Jun,Q4
26365,BANSWRAS_FY2016_Q3,BANSWRAS,FY2016,Q3,Dec 2015,,https://www.bseindia.com/stockinfo/AnnPdfOpen.aspx?Pname=436E4ACD_E2D5_4480_B9AB_59BCC09F1A64_115745.pdf,Other Textile Products,Banswara Syntex Ltd.,Dec,Q2
26373,BAYERCROP_FY2024_Q1,BAYERCROP,FY2024,Q1,Jun 2023,https://www.bseindia.com/xml-data/corpfiling/AttachHis/d8c4adfa-4f03-442e-872d-3aa2902647fa.pdf,https://www.bseindia.com/xml-data/corpfiling/AttachHis/33431a2d-c2bc-44dc-bc52-047ab747686f.pdf,Pesticides & Agrochemicals,Bayer Cropscience Ltd.,Jun,Q4
26374,BAYERCROP_FY2023_Q1,BAYERCROP,FY2023,Q1,Jun 2022,https://www.bseindia.com/xml-data/corpfiling/AttachHis/5cb4bea9-5be8-4c5b-8871-1a2842606e59.pdf,https://www.bseindia.com/xml-data/corpfiling/AttachHis/a9dd35ab-3ff5-4a2b-b33c-c054eb562bd2.pdf,Pesticides & Agrochemicals,Bayer Cropscience Ltd.,Jun,Q4
26378,BAYERCROP_FY2019_Q1,BAYERCROP,FY2019,Q1,Jun 2018,,https://www.bseindia.com/xml-data/corpfiling/CorpAttachment/2018/6/a548ea8f-3fcd-4364-9333-22aa26e3e68a.pdf,Pesticides & Agrochemicals,Bayer Cropscience Ltd.,Jun,Q4
26385,BEARDSELL_FY2019_Q2,BEARDSELL,FY2019,Q2,Sep 2018,,https://www.bseindia.com/xml-data/corpfiling/CorpAttachment/2018/9/147dc7f6-e0f4-4c1c-8a65-5f3376326b07.pdf,Other Industrial Products,Beardsell Ltd.,Sep,Q1
26387,BEARDSELL_FY2018_Q2,BEARDSELL,FY2018,Q2,Sep 2017,,https://www.bseindia.com/xml-data/corpfiling/CorpAttachment/2017/9/78c1e2bb-60c1-455a-ada6-f8bd99d6ff9e.pdf,Other Industrial Products,Beardsell Ltd.,Sep,Q1
26392,BELLACASA_FY2024_Q2,BELLACASA,FY2024,Q2,Sep 2023,,https://www.bseindia.com/xml-data/corpfiling/AttachHis/405d3ee3-0b42-4274-9989-080b7264190b.pdf,Garments & Apparels,Bella Casa Fashion & Retail Ltd.,Sep,Q1
26422,BESTAGRO_FY2024_Q3,BESTAGRO,FY2024,Q3,Dec 2023,,https://www.bestagrolife.com/investorss/Investor-Presentation-Q2-FY-23-24.pdf,Pesticides & Agrochemicals,Best Agrolife Ltd.,Dec,Q2
26427,BESTAGRO_FY2021_Q2,BESTAGRO,FY2021,Q2,Sep 2020,,https://www.bseindia.com/xml-data/corpfiling/AttachHis/7cf14243-a629-4359-b226-ec15b6824236.pdf,Pesticides & Agrochemicals,Best Agrolife Ltd.,Sep,Q1
26436,BETA_FY2022_Q3,BETA,FY2022,Q3,Dec 2021,https://archives.nseindia.com/corporate/BETA_17122021111848_transcript.pdf,https://archives.nseindia.com/corporate/BETA_03122021182853_Corporatepresentation21.pdf,Pharmaceuticals,Beta Drugs Ltd.,Dec,Q2
26456,BEL_FY2023_Q2,BEL,FY2023,Q2,Sep 2022,,https://www.bseindia.com/xml-data/corpfiling/AttachHis/db003c2f-e880-4afb-b01f-8f407cc35fa2.pdf,Aerospace & Defense,Bharat Electronics Ltd.,Sep,Q1
26459,BEL_FY2022_Q2,BEL,FY2022,Q2,Sep 2021,,https://www.bseindia.com/xml-data/corpfiling/AttachHis/f1bda87d-a60d-47f1-866b-f5d043ed23a0.pdf,Aerospace & Defense,Bharat Electronics Ltd.,Sep,Q1
26460,BEL_FY2020_Q2,BEL,FY2020,Q2,Sep 2019,,https://www.bseindia.com/xml-data/corpfiling/AttachHis/4d68b85a-516b-41f0-b80a-36d6fd2c0f8b.pdf,Aerospace & Defense,Bharat Electronics Ltd.,Sep,Q1
26461,BEL_FY2019_Q2,BEL,FY2019,Q2,Sep 2018,,https://www.bseindia.com/xml-data/corpfiling/CorpAttachment/2018/9/334f0487-1f89-4ccd-8574-4e0b95f4ad2a.pdf,Aerospace & Defense,Bharat Electronics Ltd.,Sep,Q1
26464,BEL_FY2017_Q1,BEL,FY2017,Q1,Jun 2016,,https://www.bseindia.com/stockinfo/AnnPdfOpen.aspx?Pname=16D3A16F_54B1_4203_BCB8_CB226EDC5023_123503.pdf,Aerospace & Defense,Bharat Electronics Ltd.,Jun,Q4
26465,BEL_FY2016_Q2,BEL,FY2016,Q2,Sep 2015,,https://www.bseindia.com/stockinfo/AnnPdfOpen.aspx?Pname=CE9AB62A_AFF8_48E5_AEA6_2D7C95DE9828_183636.pdf,Aerospace & Defense,Bharat Electronics Ltd.,Sep,Q1
26467,BHARATFORG_FY2024_Q1,BHARATFORG,FY2024,Q1,Jun 2023,,https://stockdiscovery.s3.amazonaws.com/insight/india/345/Investor%20Presentation/IP-Jun23.pdf,Auto Components & Equipments,Bharat Forge Ltd.,Jun,Q4
26490,BHARATFORG_FY2016_Q3,BHARATFORG,FY2016,Q3,Dec 2015,,https://www.bseindia.com/stockinfo/AnnPdfOpen.aspx?Pname=34902F1D_EFC0_423B_893F_83CCE6B958D8_085315.pdf,Auto Components & Equipments,Bharat Forge Ltd.,Dec,Q2
26495,BHEL_FY2021_Q2,BHEL,FY2021,Q2,Sep 2020,https://www.bhel.com/sites/default/files/Q1FY21_BHEL_ConCall_transcript_110920_130920.pdf,,Heavy Electrical Equipment,Bharat Heavy Electricals Ltd.,Sep,Q1
26496,BHEL_FY2021_Q1,BHEL,FY2021,Q1,Jun 2020,https://www.bhel.com/sites/default/files/BHEL-Q4FY20-ConCall-transcript-130620.pdf,,Heavy Electrical Equipment,Bharat Heavy Electricals Ltd.,Jun,Q4
26501,BPCL_FY2023_Q4,BPCL,FY2023,Q4,Mar 2023,,https://www.bharatpetroleum.in/images/files/Investor%20Presentation%20Q4%20%20FY%2022-23.pdf,Refineries & Marketing,Bharat Petroleum Corpn. Ltd.,Mar,Q3
26502,BPCL_FY2023_Q3,BPCL,FY2023,Q3,Dec 2022,,https://www.bharatpetroleum.in/images/files/Investor%20Presentation%20Q3%20FY%2022-23.pdf,Refineries & Marketing,Bharat Petroleum Corpn. Ltd.,Dec,Q2
26503,BPCL_FY2023_Q2,BPCL,FY2023,Q2,Sep 2022,,https://www.bharatpetroleum.in/images/files/Presentation-to-investors-01-Sept-2022.pdf,Refineries & Marketing,Bharat Petroleum Corpn. Ltd.,Sep,Q1
26504,BPCL_FY2023_Q1,BPCL,FY2023,Q1,Jun 2022,,https://www.bharatpetroleum.in/images/files/Investor%20Presentation%20Q1%20FY%2023.pdf,Refineries & Marketing,Bharat Petroleum Corpn. Ltd.,Jun,Q4
26505,BPCL_FY2022_Q4,BPCL,FY2022,Q4,Mar 2022,,https://www.bharatpetroleum.in/images/files/Investor%20Presentation%20Q4%20FY%2022.pdf,Refineries & Marketing,Bharat Petroleum Corpn. Ltd.,Mar,Q3
26506,BPCL_FY2022_Q3,BPCL,FY2022,Q3,Dec 2021,,https://www.bharatpetroleum.in/images/files/Investor%20Presentation%20Q3%20FY%2022.pdf,Refineries & Marketing,Bharat Petroleum Corpn. Ltd.,Dec,Q2
26542,BHARATWIRE_FY2018_Q1,BHARATWIRE,FY2018,Q1,Jun 2017,,https://www.bseindia.com/stockinfo/AnnPdfOpen.aspx?Pname=9252B915_5CAB_40C5_9D6F_952D635F2294_111933.pdf,Iron & Steel Products,Bharat Wire Ropes Ltd.,Jun,Q4
26556,BHARTIARTL_FY2018_Q1,BHARTIARTL,FY2018,Q1,Jun 2017,,https://www.bseindia.com/xml-data/corpfiling/CorpAttachment/2017/6/dd73a026-0d59-4dcf-b95e-50a2654b2ecf.pdf,Telecom - Cellular & Fixed line services,Bharti Airtel Ltd.,Jun,Q4
26557,BHARTIARTL_FY2017_Q4,BHARTIARTL,FY2017,Q4,Mar 2017,,https://www.bseindia.com/xml-data/corpfiling/CorpAttachment/2017/3/4e160327-3a78-4fd6-8172-79f91943d800.pdf,Telecom - Cellular & Fixed line services,Bharti Airtel Ltd.,Mar,Q3
26558,BHARTIARTL_FY2017_Q2,BHARTIARTL,FY2017,Q2,Sep 2016,,https://www.bseindia.com/stockinfo/AnnPdfOpen.aspx?Pname=CDCC5491_08EF_4854_8954_3EA79CB00EC8_185311.pdf,Telecom - Cellular & Fixed line services,Bharti Airtel Ltd.,Sep,Q1
26559,BHARTIARTL_FY2017_Q1,BHARTIARTL,FY2017,Q1,Jun 2016,,https://www.bseindia.com/stockinfo/AnnPdfOpen.aspx?Pname=FD4A9351_85EB_482B_B0DA_5F19C4097A11_191033.pdf,Telecom - Cellular & Fixed line services,Bharti Airtel Ltd.,Jun,Q4
26560,BHARTIARTL_FY2016_Q3,BHARTIARTL,FY2016,Q3,Dec 2015,,https://www.bseindia.com/stockinfo/AnnPdfOpen.aspx?Pname=4573E50E_9465_411A_8A8E_73626A0870D0_125710.pdf,Telecom - Cellular & Fixed line services,Bharti Airtel Ltd.,Dec,Q2
26563,BIL_FY2018_Q3,BIL,FY2018,Q3,Dec 2017,,https://www.bseindia.com/xml-data/corpfiling/CorpAttachment/2017/12/457090f3-072a-43ce-aa08-797e8895a1e3.pdf,Leather And Leather Products,Bhartiya International Ltd.,Dec,Q2
26601,BIOCON_FY2021_Q1,BIOCON,FY2021,Q1,Jun 2020,https://archive.biocon.com/docs/Biocon_Q4%20FY20%20Earnings%20Call_Transcript.pdf,https://www.bseindia.com/xml-data/corpfiling/AttachHis/38db1fc0-3ea3-42aa-ac52-dc66df8270b0.pdf,Pharmaceuticals,Biocon Ltd.,Jun,Q4
26608,BIOCON_FY2019_Q1,BIOCON,FY2019,Q1,Jun 2018,https://archive.biocon.com/docs/Biocon_Earnings%20Call%20Transcript_Q1FY19%20Results_Final.pdf,https://www.bseindia.com/xml-data/corpfiling/CorpAttachment/2018/5/5a268c7d-398d-4d99-a1b8-11960ba2945b.pdf,Pharmaceuticals,Biocon Ltd.,Jun,Q4
26609,BIOCON_FY2018_Q4,BIOCON,FY2018,Q4,Mar 2018,https://archive.biocon.com/docs/Transcript_Biocon%20Q4FY18%20Earnings%20Call_27%20Apr%202018_Final.pdf,,Pharmaceuticals,Biocon Ltd.,Mar,Q3
26611,BIOCON_FY2018_Q2,BIOCON,FY2018,Q2,Sep 2017,https://archive.biocon.com/docs/transcript_biocon-earnings-28july-2017_final.pdf,https://www.bseindia.com/xml-data/corpfiling/CorpAttachment/2017/9/f3674fc6-b23c-4d05-b01e-3c5a0b5089bb.pdf,Pharmaceuticals,Biocon Ltd.,Sep,Q1
26612,BIOCON_FY2017_Q4,BIOCON,FY2017,Q4,Mar 2017,https://archive.biocon.com/docs/biocon_ltd_earnings_call_transcript_q4fy17_final.pdf,https://www.bseindia.com/xml-data/corpfiling/CorpAttachment/2017/4/e18475d2-da5a-4e3e-af86-3a6a72a6cfd2.pdf,Pharmaceuticals,Biocon Ltd.,Mar,Q3
26641,BIRLANU_FY2020_Q4,BIRLANU,FY2020,Q4,Mar 2020,https://www.bseindia.com/xml-data/corpfiling/AttachHis/e52049d3-ba73-4c4e-b5fd-3753ae9a23b0.pdf,https://www.bseindia.com/xml-data/corpfiling/AttachHis/a1dd16c6-ab88-4cb6-8621-a24212cb6bc0.pdf,"Furniture, Home Furnishing",Birlanu Ltd.,Mar,Q3
26698,BLUEDART_FY2020_Q2,BLUEDART,FY2020,Q2,Sep 2019,,https://www.bseindia.com/xml-data/corpfiling/AttachHis/2d504d63-831e-45e2-a1c3-96d94634a7e7.pdf,Logistics Solution Provider,Blue Dart Express Ltd.,Sep,Q1
26699,BLUEDART_FY2019_Q4,BLUEDART,FY2019,Q4,Mar 2019,,https://www.bseindia.com/xml-data/corpfiling/AttachHis/2312a882-7e11-4ac0-86db-82f006b225bc.pdf,Logistics Solution Provider,Blue Dart Express Ltd.,Mar,Q3
26703,BLUEDART_FY2018_Q1,BLUEDART,FY2018,Q1,Jun 2017,,https://www.bseindia.com/xml-data/corpfiling/CorpAttachment/2017/6/54c9b409-dc23-4aa2-b0de-5fd9771cf276.pdf,Logistics Solution Provider,Blue Dart Express Ltd.,Jun,Q4
26734,BLUESTARCO_FY2017_Q2,BLUESTARCO,FY2017,Q2,Sep 2016,https://www.bluestarindia.com/media/56479/blue-star_q1fy17_transcript.pdf,,Household Appliances,Blue Star Ltd.,Sep,Q1
26764,BODALCHEM_FY2020_Q4,BODALCHEM,FY2020,Q4,Mar 2020,https://www.bodal.com/files/1581685534_5e469b1e3545a.pdf,https://www.bseindia.com/xml-data/corpfiling/AttachHis/7b572108-c011-43d2-b999-ae9a2dc5a077.pdf,Dyes And Pigments,Bodal Chemicals Ltd.,Mar,Q3
26784,BTML_FY2023_Q3,BTML,FY2023,Q3,Dec 2022,,https://archives.nseindia.com/corporate/BTML_21122022130518_BTMLInvestorPPTFINAL.pdf,Digital Entertainment,Bodhi Tree Multimedia Ltd.,Dec,Q2
26785,BBTC_FY2024_Q2,BBTC,FY2024,Q2,Sep 2023,https://bbtcl.com/wp-content/uploads/2023/11/Transcript_AGM_2023.pdf,,Packaged Foods,Bombay Burmah Trdg. Corpn. Ltd.,Sep,Q1
26786,BRFL_FY2018_Q4,BRFL,FY2018,Q4,Mar 2018,,https://www.bseindia.com/xml-data/corpfiling/CorpAttachment/2018/3/a8fe774e-1651-41f9-85db-7fba51d592e7.pdf,Other Textile Products,Bombay Rayon Fashions Ltd.,Mar,Q3
26793,BOROLTD_FY2024_Q1,BOROLTD,FY2024,Q1,Jun 2023,https://www.bseindia.com/xml-data/corpfiling/AttachHis/d67f2852-4042-4619-86bb-edadb6484793.pdf,https://www.bseindia.com/xml-data/corpfiling/AttachHis/2fb4618e-a3d4-435d-9e2c-2293ae537dec.pdf,Glass - Consumer,Borosil Ltd.,Jun,Q4
26819,BORORENEW_FY2017_Q2,BORORENEW,FY2017,Q2,Sep 2016,,https://www.bseindia.com/stockinfo/AnnPdfOpen.aspx?Pname=23B4B1B5_A50F_467C_B18E_276E3C048E85_170250.pdf,Glass - Industrial,Borosil Renewables Ltd.,Sep,Q1
26903,BCG_FY2023_Q1,BCG,FY2023,Q1,Jun 2022,,https://www.bseindia.com/xml-data/corpfiling/AttachHis/9b5db9a6-fa66-4f68-a069-46f09053afb7.pdf,IT Enabled Services,Brightcom Group Ltd.,Jun,Q4
26906,BCG_FY2021_Q3,BCG,FY2021,Q3,Dec 2020,,https://www.bseindia.com/xml-data/corpfiling/AttachHis/ada21439-684c-44b2-bf64-f13ede53cbc7.pdf,IT Enabled Services,Brightcom Group Ltd.,Dec,Q2
26909,BCG_FY2017_Q1,BCG,FY2017,Q1,Jun 2016,https://www.brightcomgroup.com/wp-content/uploads/2021/03/Transcription-of-LYCOS-1st-June-2016.pdf,https://www.bseindia.com/stockinfo/AnnPdfOpen.aspx?Pname=F6A6E089_626C_4606_8CDA_DE6D3E1AB012_171509.pdf,IT Enabled Services,Brightcom Group Ltd.,Jun,Q4
26945,BUTTERFLY_FY2023_Q4,BUTTERFLY,FY2023,Q4,Mar 2023,,https://www.bseindia.com/xml-data/corpfiling/AttachHis/fb9607a6-f920-48a2-8a5d-f3108d02dcba.pdf,Household Appliances,Butterfly Gandhimathi Appliances Ltd.,Mar,Q3
26965,BYKE_FY2020_Q1,BYKE,FY2020,Q1,Jun 2019,,https://www.bseindia.com/xml-data/corpfiling/AttachHis/f8834900-d861-4df8-899a-86a9d993811e.pdf,Hotels & Resorts,Byke Hospitality Ltd.,Jun,Q4
27072,CLEDUCATE_FY2021_Q1,CLEDUCATE,FY2021,Q1,Jun 2020,http://www.cleducate.com/pdf/2019-20/q4/CL_Q4_FY20_Audio-Transcript.pdf,,Education,C L Educate Ltd.,Jun,Q4
27080,CMICABLES_FY2016_Q4,CMICABLES,FY2016,Q4,Mar 2016,,https://www.bseindia.com/stockinfo/AnnPdfOpen.aspx?Pname=6E3BBD02_F405_4DE6_9933_AE9F440000FE_180540.pdf,Cables - Electricals,C M I Ltd.,Mar,Q3
27135,CSLFINANCE_FY2023_Q1,CSLFINANCE,FY2023,Q1,Jun 2022,https://www.bseindia.com/xml-data/corpfiling/AttachHis/d5f31806-727c-43e1-842d-432416f4d3c9.pdf,https://www.bseindia.com/xml-data/corpfiling/AttachHis/3dc96dd2-d0bc-4f35-9bf5-37d3a9e515ed.pdf,Non Banking Financial Company (NBFC),C S L Finance Ltd.,Jun,Q4
27143,CSLFINANCE_FY2020_Q2,CSLFINANCE,FY2020,Q2,Sep 2019,,https://www.bseindia.com/xml-data/corpfiling/AttachHis/5c065f84-da04-44b5-965e-16b1ee16b3f7.pdf,Non Banking Financial Company (NBFC),C S L Finance Ltd.,Sep,Q1
27144,CSLFINANCE_FY2020_Q1,CSLFINANCE,FY2020,Q1,Jun 2019,https://www.bseindia.com/xml-data/corpfiling/AttachHis/8e3ea5cc-b276-47c9-a87d-b6c45b715226.pdf,https://www.bseindia.com/xml-data/corpfiling/AttachHis/13e4959d-a7a1-4bc5-b8c6-b66f5988c8b5.pdf,Non Banking Financial Company (NBFC),C S L Finance Ltd.,Jun,Q4
27147,CSLFINANCE_FY2019_Q1,CSLFINANCE,FY2019,Q1,Jun 2018,https://www.bseindia.com/xml-data/corpfiling/CorpAttachment/2018/6/2c0e0a2a-a1d5-47ad-8e84-3ad4cc6bcd68.pdf,https://www.bseindia.com/xml-data/corpfiling/CorpAttachment/2018/5/e84d5461-8d14-4950-951a-8266d1eba265.pdf,Non Banking Financial Company (NBFC),C S L Finance Ltd.,Jun,Q4
27153,CADSYS_FY2023_Q1,CADSYS,FY2023,Q1,Jun 2022,,https://archives.nseindia.com/corporate/CADSYS_02062022005055_20220530InvestorPresentationCadsysIndLtd.pdf,Business Process Outsourcing (BPO)/ Knowledge Process Outsourcing (KPO),Cadsys (India) Ltd.,Jun,Q4
27155,CADSYS_FY2021_Q1,CADSYS,FY2021,Q1,Jun 2020,,https://archives.nseindia.com/corporate/CADSYS_26062020091123_Cadsys_India_Ltd_InvestorPresentation25June2020.pdf,Business Process Outsourcing (BPO)/ Knowledge Process Outsourcing (KPO),Cadsys (India) Ltd.,Jun,Q4
27268,CAPACITE_FY2022_Q4,CAPACITE,FY2022,Q4,Mar 2022,https://www.bseindia.com/xml-data/corpfiling/AttachHis/5cfa56ff-9d63-4d23-99b3-7efc1b455802.pdf,https://www.bseindia.com/xml-data/corpfiling/AttachHis/55be5479-58e7-4057-a39e-45bdea4c353f.pdf,Civil Construction,Capacit'E Infraprojects Ltd.,Mar,Q3
27269,CAPACITE_FY2022_Q3,CAPACITE,FY2022,Q3,Dec 2021,https://www.bseindia.com/xml-data/corpfiling/AttachHis/eea08b32-59cb-40a8-85bc-91d874fbe9c8.pdf,https://www.bseindia.com/xml-data/corpfiling/AttachHis/f70c2547-761a-4392-b530-cbdad5bafc26.pdf,Civil Construction,Capacit'E Infraprojects Ltd.,Dec,Q2
27274,CAPACITE_FY2020_Q4,CAPACITE,FY2020,Q4,Mar 2020,https://www.capacite.in/themencode-pdf-viewer/?file=https://www.capacite.in/wp-content/uploads/2020/02/IntimationofEarningCallTranscriptQ3FY20.pdf,,Civil Construction,Capacit'E Infraprojects Ltd.,Mar,Q3
27289,CIFL_FY2021_Q1,CIFL,FY2021,Q1,Jun 2020,,https://www.bseindia.com/xml-data/corpfiling/AttachHis/c7d14db7-c1fe-4fc2-9685-33b5665d9e23.pdf,Non Banking Financial Company (NBFC),Capital India Finance Ltd.,Jun,Q4
27316,CAPTRUST_FY2021_Q1,CAPTRUST,FY2021,Q1,Jun 2020,,https://www.bseindia.com/xml-data/corpfiling/AttachHis/90c05318-d5f3-4473-ad60-ffa90df8c078.pdf,Non Banking Financial Company (NBFC),Capital Trust Ltd.,Jun,Q4
27318,CAPTRUST_FY2020_Q2,CAPTRUST,FY2020,Q2,Sep 2019,,https://www.bseindia.com/xml-data/corpfiling/AttachHis/f053ebbb-4aca-4d86-93aa-cb0acbf47368.pdf,Non Banking Financial Company (NBFC),Capital Trust Ltd.,Sep,Q1
27349,CGCL_FY2020_Q1,CGCL,FY2020,Q1,Jun 2019,https://www.bseindia.com/xml-data/corpfiling/AttachHis/8dfa08bc-6c29-442f-b53e-a50001c136b8.pdf,https://www.bseindia.com/xml-data/corpfiling/AttachHis/389eb500-1635-45f1-96a0-067dada45d38.pdf,Non Banking Financial Company (NBFC),Capri Global Capital Ltd.,Jun,Q4
27368,CARBORUNIV_FY2020_Q4,CARBORUNIV,FY2020,Q4,Mar 2020,https://www.cumi-murugappa.com/wp-content/themes/CUMI/pdf/ct/concall-transcript-q3-2019-20.pdf,,Abrasives & Bearings,Carborundum Universal Ltd.,Mar,Q3
27369,CARBORUNIV_FY2020_Q3,CARBORUNIV,FY2020,Q3,Dec 2019,https://www.cumi-murugappa.com/wp-content/themes/CUMI/pdf/ct/concall-transcript-q2-2019-20.pdf,,Abrasives & Bearings,Carborundum Universal Ltd.,Dec,Q2
27373,CARBORUNIV_FY2018_Q1,CARBORUNIV,FY2018,Q1,Jun 2017,,https://www.bseindia.com/xml-data/corpfiling/CorpAttachment/2017/6/49314c76-fc59-47f6-a174-4aec9466818e.pdf,Abrasives & Bearings,Carborundum Universal Ltd.,Jun,Q4
27395,CARERATING_FY2021_Q1,CARERATING,FY2021,Q1,Jun 2020,https://www.careratings.com/Uploads/newsfiles/QuickLinks/28112020122813_Transcript_investor_call_26_june_2020.pdf,https://www.bseindia.com/xml-data/corpfiling/AttachHis/c6c71791-8c3e-468a-8166-be803154ec86.pdf,Ratings,Care Ratings Ltd.,Jun,Q4
27433,CARYSIL_FY2022_Q3,CARYSIL,FY2022,Q3,Dec 2021,https://www.bseindia.com/xml-data/corpfiling/AttachHis/b0ab53e1-3d40-449a-af05-e602b5d9e2a4.pdf,https://www.bseindia.com/xml-data/corpfiling/AttachHis/e53ec9c3-763f-4493-b900-e4bd4a63b741.pdf,Household Appliances,Carysil Ltd.,Dec,Q2
27434,CARYSIL_FY2022_Q2,CARYSIL,FY2022,Q2,Sep 2021,,https://www.bseindia.com/xml-data/corpfiling/AttachHis/b0d3fbf3-2040-4d5b-af89-7e12fb1f677e.pdf,Household Appliances,Carysil Ltd.,Sep,Q1
27435,CARYSIL_FY2022_Q1,CARYSIL,FY2022,Q1,Jun 2021,https://www.bseindia.com/xml-data/corpfiling/AttachHis/6ea08912-5651-472b-8a8c-5ab3ad213704.pdf,https://www.bseindia.com/xml-data/corpfiling/AttachHis/723c4708-65b0-4ae7-be85-5cfe5bd75f07.pdf,Household Appliances,Carysil Ltd.,Jun,Q4
27436,CARYSIL_FY2021_Q4,CARYSIL,FY2021,Q4,Mar 2021,http://www.acrysilcorporateinfo.com/public/upload/pdf/1812AcrysilLimitedInvestorPresentationQ1%20FY22Final.pdf,,Household Appliances,Carysil Ltd.,Mar,Q3
27437,CARYSIL_FY2021_Q3,CARYSIL,FY2021,Q3,Dec 2020,http://www.acrysilcorporateinfo.com/public/upload/pdf/8422Acrysil%20Ltd._Q3%20&amp;%209M%20FY21_Investor%20Presentation.pdf,https://www.bseindia.com/xml-data/corpfiling/AttachHis/c52409f4-f6fa-4dca-9d49-ec3d70a53ca1.pdf,Household Appliances,Carysil Ltd.,Dec,Q2
27441,CARYSIL_FY2020_Q3,CARYSIL,FY2020,Q3,Dec 2019,https://www.bseindia.com/xml-data/corpfiling/AttachHis/32ff5294-70ae-44fc-8f6a-a2a37691eb65.pdf,https://www.bseindia.com/xml-data/corpfiling/AttachHis/a40a5a63-b930-4205-b8ff-2295e1b588a8.pdf,Household Appliances,Carysil Ltd.,Dec,Q2
27443,CARYSIL_FY2020_Q1,CARYSIL,FY2020,Q1,Jun 2019,https://www.bseindia.com/xml-data/corpfiling/AttachHis/164a1741-ee6f-44cd-8413-2afb2da2aa38.pdf,https://www.bseindia.com/xml-data/corpfiling/AttachHis/d06e50a4-c457-40b3-9f83-cacebeef6067.pdf,Household Appliances,Carysil Ltd.,Jun,Q4
27446,COLPAL_FY2021_Q2,COLPAL,FY2021,Q2,Sep 2020,,https://www.bseindia.com/xml-data/corpfiling/AttachHis/283fbe8f-488c-442e-aa07-e47d8235ae75.pdf,Personal Care,Colgate-Palmolive (India) Ltd.,Sep,Q1
27447,CARYSIL_FY2019_Q1,CARYSIL,FY2019,Q1,Jun 2018,https://www.bseindia.com/xml-data/corpfiling/CorpAttachment/2018/6/dea132ac-4417-4295-9c03-499baaaa35b9.pdf,https://www.bseindia.com/xml-data/corpfiling/CorpAttachment/2018/5/80e583bf-102c-46ba-bdc3-cc39563dc579.pdf,Household Appliances,Carysil Ltd.,Jun,Q4
27449,CARYSIL_FY2018_Q3,CARYSIL,FY2018,Q3,Dec 2017,http://www.acrysilcorporateinfo.com/public/upload/pdf/3215Investor%20Meet.pdf,https://www.bseindia.com/xml-data/corpfiling/CorpAttachment/2018/2/7c9ddda8-b569-4895-b26a-735480c116e8.pdf,Household Appliances,Carysil Ltd.,Dec,Q2
27458,CASTROLIND_FY2018_Q1,CASTROLIND,FY2018,Q1,Jun 2017,,https://www.bseindia.com/xml-data/corpfiling/CorpAttachment/2017/6/0be90f04-114c-493c-8db0-d5101b7e4be1.pdf,Lubricants,Castrol India Ltd.,Jun,Q4
27483,CEATLTD_FY2020_Q1,CEATLTD,FY2020,Q1,Jun 2019,https://www.ceat.com/content/dam/ceat/pdf/Quarterly_Results/FY19/Q4_FY19/CEAT%20Earnings%20Call%20Transcript%20Q4%20FY19.pdf,https://www.bseindia.com/xml-data/corpfiling/AttachHis/ee03250e-e3a0-4d8e-9a69-cefd48f114e2.pdf,Tyres & Rubber Products,Ceat Ltd.,Jun,Q4
27506,CELLECOR_FY2024_Q3,CELLECOR,FY2024,Q3,Dec 2023,,https://nsearchives.nseindia.com/corporate/CELLECOR_17122023165225_Investorpresentationcellecor17122023.pdf,Consumer Electronics,Cellecor Gadgets Ltd.,Dec,Q2
27522,CEMPRO_FY2021_Q2,CEMPRO,FY2021,Q2,Sep 2020,http://www.itdcem.co.in/wp-content/uploads/2016/06/ICICI-Sec-ITD-Cementation-Sep18-2020-2.pdf,https://www.bseindia.com/xml-data/corpfiling/AttachHis/756f9ab0-f1a4-42a9-a9de-0261b48e1e95.pdf,Civil Construction,Cemindia Projects Ltd.,Sep,Q1
27523,CEMPRO_FY2021_Q1,CEMPRO,FY2021,Q1,Jun 2020,http://www.itdcem.co.in/wp-content/uploads/2020/06/ICICISec-ITDCementation-19June-2020.pdf,https://www.bseindia.com/xml-data/corpfiling/AttachHis/16a106bb-2a38-4b5f-a684-0aa070fd9def.pdf,Civil Construction,Cemindia Projects Ltd.,Jun,Q4
27565,CENTUM_FY2024_Q4,CENTUM,FY2024,Q4,Mar 2024,https://www.bseindia.com/xml-data/corpfiling/AttachHis/bb7ce47a-c304-4714-a1b2-2884091b94aa.pdf,https://www.bseindia.com/xml-data/corpfiling/AttachHis/5ab13109-f51c-40a2-91cd-7edfaeee011a.pdf,Industrial Products,Centum Electronics Ltd.,Mar,Q3
27608,CENTURYPLY_FY2021_Q1,CENTURYPLY,FY2021,Q1,Jun 2020,https://www.centuryply.com/earnings-con-call/EARNINGS-CON-CALL%E2%80%93Q4%20FY-19-20.pdf,https://www.bseindia.com/xml-data/corpfiling/AttachHis/227d990f-6e77-448e-9fac-20f06593b91c.pdf,Plywood Boards/ Laminates,Century Plyboards (India) Ltd.,Jun,Q4
27609,CENTURYPLY_FY2020_Q4,CENTURYPLY,FY2020,Q4,Mar 2020,https://www.centuryply.com/earnings-con-call/Earnings-call-transcript-Q3-19-20.pdf,,Plywood Boards/ Laminates,Century Plyboards (India) Ltd.,Mar,Q3
27647,CEREBRAINT_FY2018_Q2,CEREBRAINT,FY2018,Q2,Sep 2017,,https://www.bseindia.com/xml-data/corpfiling/CorpAttachment/2017/9/c3fb8feb-7cdd-4716-81d5-7de6ba77490c.pdf,Computers Hardware & Equipments,Cerebra Integrated Technologies Ltd.,Sep,Q1
27649,COALINDIA_FY2017_Q3,COALINDIA,FY2017,Q3,Dec 2016,,https://www.bseindia.com/stockinfo/AnnPdfOpen.aspx?Pname=3292926F_A05F_4D49_A6C5_B941A5803137_171328.pdf,Coal,Coal India Ltd.,Dec,Q2
27669,CHALET_FY2020_Q4,CHALET,FY2020,Q4,Mar 2020,https://www.chalethotels.com/wp-content/uploads/2020/02/ChaletHotels-Earnings-Feb10-2020-Transcript.pdf,https://www.bseindia.com/xml-data/corpfiling/AttachHis/2d28ed90-505a-4486-a33d-ccea8b9fc10c.pdf,Hotels & Resorts,Chalet Hotels Ltd.,Mar,Q3
27678,CLSEL_FY2020_Q1,CLSEL,FY2020,Q1,Jun 2019,https://www.bseindia.com/xml-data/corpfiling/AttachHis/18c05ff3-7a00-413a-9bb2-dd0fb7ec91ae.pdf,,Other Agricultural Products,Chaman Lal Setia Exports Ltd.,Jun,Q4
27734,CHEMCON_FY2023_Q1,CHEMCON,FY2023,Q1,Jun 2022,https://www.bseindia.com/xml-data/corpfiling/AttachHis/fa5e406c-3c88-4443-abe0-10b570e910b3.pdf,https://www.bseindia.com/xml-data/corpfiling/AttachHis/78bce8e3-9a04-4647-929b-c8e905f5878d.pdf,Specialty Chemicals,Chemcon Speciality Chemicals Ltd.,Jun,Q4
27768,CHOLAHLDNG_FY2021_Q1,CHOLAHLDNG,FY2021,Q1,Jun 2020,https://www.cholamandalam.com/files/MEDIA/Call-Transcript-Q4FY20-June-2020.pdf,,Investment Company,Cholamandalam Financial Holdings Ltd.,Jun,Q4
27769,CHOLAHLDNG_FY2018_Q1,CHOLAHLDNG,FY2018,Q1,Jun 2017,,https://www.bseindia.com/xml-data/corpfiling/CorpAttachment/2017/6/2ecbdce8-3ab6-423e-b3a7-532830a74fe4.pdf,Investment Company,Cholamandalam Financial Holdings Ltd.,Jun,Q4
27867,CUB_FY2020_Q1,CUB,FY2020,Q1,Jun 2019,https://www.cityunionbank.com/downloads/CUBK_Q&amp;A_1QFY20.pdf,,Private Sector Bank,City Union Bank Ltd.,Jun,Q4
27869,CUB_FY2019_Q3,CUB,FY2019,Q3,Dec 2018,https://www.cityunionbank.com/downloads/Consoln%20Concall%20MD_CFO_QA-1.pdf,https://www.bseindia.com/xml-data/corpfiling/CorpAttachment/2019/1/1af60a7b-f65f-440d-b379-47ca28d07d8a.pdf,Private Sector Bank,City Union Bank Ltd.,Dec,Q2
27870,CUB_FY2019_Q2,CUB,FY2019,Q2,Sep 2018,https://www.cityunionbank.com/downloads/CUB_Q2FY19_CONCALL_TRANSCRIPT.pdf,https://www.bseindia.com/xml-data/corpfiling/CorpAttachment/2018/11/bc08318d-627f-4da4-9a50-eb504216c825.pdf,Private Sector Bank,City Union Bank Ltd.,Sep,Q1
27888,COLPAL_FY2021_Q3,COLPAL,FY2021,Q3,Dec 2020,,https://www.bseindia.com/xml-data/corpfiling/AttachHis/468b1df0-4999-4290-95ca-90b32fa33086.pdf,Personal Care,Colgate-Palmolive (India) Ltd.,Dec,Q2
27899,COALINDIA_FY2023_Q2,COALINDIA,FY2023,Q2,Sep 2022,https://www.bseindia.com/xml-data/corpfiling/AttachHis/570566aa-6f2f-4bc1-917d-1ca4b6db77c9.pdf,https://www.bseindia.com/xml-data/corpfiling/AttachHis/6a9e61bc-e054-4a61-9740-eea2ee4b7a12.pdf,Coal,Coal India Ltd.,Sep,Q1
27907,COALINDIA_FY2021_Q1,COALINDIA,FY2021,Q1,Jun 2020,https://www.coalindia.in/media/documents/ICICISec-CoalIndiaLtd-June29-2020_2.docx,https://www.bseindia.com/xml-data/corpfiling/AttachHis/8cc8fb6c-8b59-4390-af3e-257c6fdaab86.pdf,Coal,Coal India Ltd.,Jun,Q4
27919,COASTCORP_FY2024_Q4,COASTCORP,FY2024,Q4,Mar 2024,,https://www.bseindia.com/xml-data/corpfiling/AttachHis/2617d9b7-a87c-4bb6-9db2-cbcf8e4b7911.pdf,Seafood,Coastal Corporation Ltd.,Mar,Q3
27922,COASTCORP_FY2022_Q3,COASTCORP,FY2022,Q3,Dec 2021,,https://www.bseindia.com/xml-data/corpfiling/AttachHis/50e30c44-5cc3-4d26-a75a-0f2b193c1436.pdf,Seafood,Coastal Corporation Ltd.,Dec,Q2
27923,COASTCORP_FY2022_Q2,COASTCORP,FY2022,Q2,Sep 2021,,https://www.bseindia.com/xml-data/corpfiling/AttachHis/1d24c76e-45ca-4cde-b853-c9dcee7f8403.pdf,Seafood,Coastal Corporation Ltd.,Sep,Q1
27928,COCHINSHIP_FY2023_Q1,COCHINSHIP,FY2023,Q1,Jun 2022,https://www.bseindia.com/xml-data/corpfiling/AttachHis/e9e8124b-d4bf-41c2-bd97-b2b5a27dff96.pdf,https://www.bseindia.com/xml-data/corpfiling/AttachHis/43f1a6ba-fad4-4e5c-9cf2-7742b8e4ebd9.pdf,Ship Building & Allied Services,Cochin Shipyard Ltd.,Jun,Q4
27931,COCHINSHIP_FY2021_Q3,COCHINSHIP,FY2021,Q3,Dec 2020,https://www.bseindia.com/xml-data/corpfiling/AttachHis/7ca6b1f6-176c-4720-82d7-106a917d842c.pdf,https://www.bseindia.com/xml-data/corpfiling/AttachHis/7e012826-d565-4bb8-b320-334b77a3c11c.pdf,Ship Building & Allied Services,Cochin Shipyard Ltd.,Dec,Q2
27956,COFORGE_FY2017_Q1,COFORGE,FY2017,Q1,Jun 2016,,https://www.bseindia.com/stockinfo/AnnPdfOpen.aspx?Pname=799DBEE7_5653_47BA_9C63_B8D04AA775EE_190240.pdf,Computers - Software & Consulting,Coforge Ltd.,Jun,Q4
27958,COHANCE_FY2024_Q4,COHANCE,FY2024,Q4,Mar 2024,https://www.bseindia.com/xml-data/corpfiling/AttachHis/d83b089f-2829-4d1b-bb8e-1cb38f9427e7.pdf,https://www.bseindia.com/xml-data/corpfiling/AttachHis/197c3ef9-292f-409f-a9ca-312f1c8b0e05.pdf,Pharmaceuticals,Cohance Lifesciences Ltd.,Mar,Q3
27968,COHANCE_FY2022_Q1,COHANCE,FY2022,Q1,Jun 2021,https://www.suvenpharm.com/images/pdf/NewsEvents/2020-2021-04/SuvenPharma-Q4-FY21-concall%20transcript.pdf,https://www.bseindia.com/xml-data/corpfiling/AttachHis/e3c8790c-35b2-423f-a3bd-93ae5df38f3b.pdf,Pharmaceuticals,Cohance Lifesciences Ltd.,Jun,Q4
27972,COLPAL_FY2023_Q3,COLPAL,FY2023,Q3,Dec 2022,https://www.bseindia.com/xml-data/corpfiling/AttachHis/9d543ff7-7f69-4c61-ab9f-de3c30655e94.pdf,https://www.bseindia.com/xml-data/corpfiling/AttachHis/12a5f7ba-41ab-4f19-abaf-753a41f801f1.pdf,Personal Care,Colgate-Palmolive (India) Ltd.,Dec,Q2
27977,COMSYN_FY2022_Q4,COMSYN,FY2022,Q4,Mar 2022,,https://www.bseindia.com/xml-data/corpfiling/AttachHis/753f0a9c-1396-4fb2-b508-e58be8de5d19.pdf,Packaging,Commercial Syn Bags Ltd.,Mar,Q3
27986,COMSYN_FY2020_Q1,COMSYN,FY2020,Q1,Jun 2019,,https://www.bseindia.com/xml-data/corpfiling/AttachHis/b89ac7fe-5ce1-4d7f-bd92-b16e72a2d886.PDF,Packaging,Commercial Syn Bags Ltd.,Jun,Q4
27999,COMPINFO_FY2020_Q4,COMPINFO,FY2020,Q4,Mar 2020,https://www.bseindia.com/xml-data/corpfiling/AttachHis/e3684ac8-7d5b-4bd2-998b-2a342c7f011d.pdf,https://www.bseindia.com/xml-data/corpfiling/AttachHis/71f28699-94b0-49d1-b817-17cc476a5479.pdf,Computers Hardware & Equipments,Compuage Infocom Ltd.,Mar,Q3
28000,COMPINFO_FY2020_Q3,COMPINFO,FY2020,Q3,Dec 2019,https://www.bseindia.com/xml-data/corpfiling/AttachHis/36246d50-b27e-44d3-aa83-a57a8bb5881b.pdf,https://www.bseindia.com/xml-data/corpfiling/AttachHis/9ecae9c1-71d0-42f6-bc8d-f6a1506130e0.pdf,Computers Hardware & Equipments,Compuage Infocom Ltd.,Dec,Q2
28001,COMPINFO_FY2020_Q2,COMPINFO,FY2020,Q2,Sep 2019,https://www.compuageindia.com/downloads/analyst-meet/Analyst%20Transcript%20Conference%20Call_22.05.2019.pdf,https://www.bseindia.com/xml-data/corpfiling/AttachHis/c1779501-50aa-4442-aee6-808165b317b9.pdf,Computers Hardware & Equipments,Compuage Infocom Ltd.,Sep,Q1
28027,CONFIPET_FY2023_Q2,CONFIPET,FY2023,Q2,Sep 2022,,https://www.bseindia.com/xml-data/corpfiling/AttachHis/70b5e1ac-4f52-47a1-830b-c5fcd4ad09ec.pdf,LPG/CNG/PNG/LNG Supplier,Confidence Petroleum India Ltd.,Sep,Q1
28028,CONFIPET_FY2022_Q2,CONFIPET,FY2022,Q2,Sep 2021,,https://www.bseindia.com/xml-data/corpfiling/AttachHis/a618eece-205e-414e-8707-4386f3660427.pdf,LPG/CNG/PNG/LNG Supplier,Confidence Petroleum India Ltd.,Sep,Q1
28039,CONCOR_FY2021_Q4,CONCOR,FY2021,Q4,Mar 2021,https://concorindia.co.in/upload/investor/340picCON2021.pdf,,Logistics Solution Provider,Container Corpn. Of India Ltd.,Mar,Q3
28045,CONCOR_FY2019_Q4,CONCOR,FY2019,Q4,Mar 2019,https://www.bseindia.com/xml-data/corpfiling/AttachHis/8b94c19d-d505-4875-912f-157a445e7e83.pdf,,Logistics Solution Provider,Container Corpn. Of India Ltd.,Mar,Q3
28050,CONCOR_FY2018_Q1,CONCOR,FY2018,Q1,Jun 2017,https://www.bseindia.com/xml-data/corpfiling/CorpAttachment/2017/6/8f47ba94-fc26-4da7-b2ad-7d9f75dc6d87.pdf,https://www.bseindia.com/xml-data/corpfiling/CorpAttachment/2017/6/fc174c3f-fe65-4232-a8f5-e90ff0ae1d80.pdf,Logistics Solution Provider,Container Corpn. Of India Ltd.,Jun,Q4
28051,CONCOR_FY2017_Q4,CONCOR,FY2017,Q4,Mar 2017,https://www.bseindia.com/stockinfo/AnnPdfOpen.aspx?Pname=737713D7_56C4_4020_A6B9_943574CF8BDB_132655.pdf,https://www.bseindia.com/xml-data/corpfiling/CorpAttachment/2017/3/b93164b1-ae23-4c93-aeca-d2882b275e7a.pdf,Logistics Solution Provider,Container Corpn. Of India Ltd.,Mar,Q3
28053,CONCOR_FY2017_Q1,CONCOR,FY2017,Q1,Jun 2016,https://www.bseindia.com/stockinfo/AnnPdfOpen.aspx?Pname=87A8C695_BA29_42EE_A86F_73136EE39979_110610.pdf,https://www.bseindia.com/stockinfo/AnnPdfOpen.aspx?Pname=D139092C_BE36_495A_93A7_D21E3384776C_085631.pdf,Logistics Solution Provider,Container Corpn. Of India Ltd.,Jun,Q4
28083,CORDSCABLE_FY2023_Q1,CORDSCABLE,FY2023,Q1,Jun 2022,,https://www.bseindia.com/xml-data/corpfiling/AttachHis/15167688-a350-4d14-9153-8420311295d7.pdf,Cables - Electricals,Cords Cable Inds. Ltd.,Jun,Q4
28084,CORDSCABLE_FY2022_Q4,CORDSCABLE,FY2022,Q4,Mar 2022,,https://www.bseindia.com/xml-data/corpfiling/AttachHis/9d496a1a-e80f-4a93-8414-84da4a6e12f6.pdf,Cables - Electricals,Cords Cable Inds. Ltd.,Mar,Q3
28087,CORDSCABLE_FY2021_Q4,CORDSCABLE,FY2021,Q4,Mar 2021,,https://www.bseindia.com/xml-data/corpfiling/AttachHis/e4dbce9f-a3ab-4d17-b9e1-6f6c87446c1d.pdf,Cables - Electricals,Cords Cable Inds. Ltd.,Mar,Q3
28088,CORDSCABLE_FY2021_Q3,CORDSCABLE,FY2021,Q3,Dec 2020,,https://www.bseindia.com/xml-data/corpfiling/AttachHis/c07a84b8-8750-4b9d-9afc-8aabfcf251b1.pdf,Cables - Electricals,Cords Cable Inds. Ltd.,Dec,Q2
28092,CORDSCABLE_FY2019_Q4,CORDSCABLE,FY2019,Q4,Mar 2019,,https://www.bseindia.com/xml-data/corpfiling/AttachHis/9eb77010-72b9-44c8-bac6-8251204137c0.pdf,Cables - Electricals,Cords Cable Inds. Ltd.,Mar,Q3
28096,CORDSCABLE_FY2018_Q2,CORDSCABLE,FY2018,Q2,Sep 2017,,https://www.bseindia.com/xml-data/corpfiling/CorpAttachment/2017/9/2d71e52b-418f-42a3-b9f1-a85f5fe172cc.pdf,Cables - Electricals,Cords Cable Inds. Ltd.,Sep,Q1
28136,COSMOFIRST_FY2021_Q1,COSMOFIRST,FY2021,Q1,Jun 2020,https://www.cosmofilms.com/uploads/investor_relations/Q4FY20_Conference_Call_Transcript.pdf,https://www.bseindia.com/xml-data/corpfiling/AttachHis/924c05c2-e776-4630-aa22-7c4ee8a4ed05.pdf,Packaging,Cosmo First Ltd.,Jun,Q4
28183,CNL_FY2021_Q1,CNL,FY2021,Q1,Jun 2020,https://archives.nseindia.com/corporate/CREATIVE_30062020115204_CPDLQ4FY20EarningsConCallTranscript.pdf,,Trading & Distributors,Creative Newtech Ltd.,Jun,Q4
28243,CROMPTON_FY2019_Q4,CROMPTON,FY2019,Q4,Mar 2019,https://www.crompton.co.in/wp-content/uploads/2019/11/Transcript-of-Earning-call-for-the-quarter-ended-March-2019.pdf,,Household Appliances,Crompton Greaves Consumer Electricals Ltd.,Mar,Q3
28248,CROMPTON_FY2018_Q3,CROMPTON,FY2018,Q3,Dec 2017,https://www.crompton.co.in/wp-content/uploads/2019/11/Transcript-of-Earning-call-for-the-quarter-ended-September-2017.pdf,https://www.bseindia.com/xml-data/corpfiling/CorpAttachment/2017/12/f74f5696-1397-45d2-9041-bf706cb32a21.pdf,Household Appliances,Crompton Greaves Consumer Electricals Ltd.,Dec,Q2
28251,CROMPTON_FY2017_Q4,CROMPTON,FY2017,Q4,Mar 2017,https://www.crompton.co.in/wp-content/uploads/2019/11/Transcript-of-Earning-call-for-the-quarter-ended-March-2017.pdf,,Household Appliances,Crompton Greaves Consumer Electricals Ltd.,Mar,Q3
28258,CROWN_FY2024_Q4,CROWN,FY2024,Q4,Mar 2024,,https://nsearchives.nseindia.com/corporate/CROWN_05032024210900_IntimationInvestorMeeting.pdf,Industrial Products,Crown Lifters Ltd.,Mar,Q3
28281,CUPID_FY2024_Q1,CUPID,FY2024,Q1,Jun 2023,https://www.bseindia.com/xml-data/corpfiling/AttachHis/0f620d66-1e65-41f4-82cc-be672bfa4926.pdf,https://www.bseindia.com/xml-data/corpfiling/AttachHis/af8c937a-609b-49af-a152-761263395534.pdf,Personal Care,Cupid Ltd.,Jun,Q4
28313,CMRSL_FY2023_Q4,CMRSL,FY2023,Q4,Mar 2023,https://archives.nseindia.com/corporate/CMRSL_03032023160235_Transcripttonse.pdf,,Advertising & Media Agencies,Cyber Media Research & Services Ltd.,Mar,Q3
28343,CYBERTECH_FY2019_Q1,CYBERTECH,FY2019,Q1,Jun 2018,https://www.cybertech.com/financialReports/Disclosure/TranscriptConcallF.pdf,https://www.bseindia.com/xml-data/corpfiling/CorpAttachment/2018/6/c63abfef-5112-40d8-90a2-35325c7ee72f.pdf,Computers - Software & Consulting,Cybertech Systems & Software Ltd.,Jun,Q4
28441,DCI_FY2024_Q4,DCI,FY2024,Q4,Mar 2024,,https://www.bseindia.com/xml-data/corpfiling/AttachHis/0f38a337-bf62-4345-b2fb-e33d10b24151.pdf,Computers Hardware & Equipments,D C Infotech & Communication Ltd.,Mar,Q3
28442,DCI_FY2024_Q3,DCI,FY2024,Q3,Dec 2023,,https://www.bseindia.com/xml-data/corpfiling/AttachHis/de203b13-aec9-4967-94b3-95ba3cefd84f.pdf,Computers Hardware & Equipments,D C Infotech & Communication Ltd.,Dec,Q2
28445,DCI_FY2023_Q3,DCI,FY2023,Q3,Dec 2022,,https://archives.nseindia.com/corporate/DCI_02122022113054_DC_Info_Result_Update_Presentation_Q2H1_FY23.pdf,Computers Hardware & Equipments,D C Infotech & Communication Ltd.,Dec,Q2
28460,DCMSHRIRAM_FY2018_Q4,DCMSHRIRAM,FY2018,Q4,Mar 2018,https://www.dcmshriram.com/sites/default/files/DCM%20Shriram%20Limited%20-%20Q3%20%26%209M%20FY18%20-%20Concall%20Transcript_0.pdf,https://www.bseindia.com/xml-data/corpfiling/CorpAttachment/2018/3/d27add68-f71b-4ce0-9bf1-73ee5fe2e4f6.pdf,Diversified,D C M Shriram Ltd.,Mar,Q3
28510,DLF_FY2021_Q1,DLF,FY2021,Q1,Jun 2020,,https://www.bseindia.com/xml-data/corpfiling/AttachHis/bf31762a-8e19-403e-a7f9-63793a69fe1e.pdf,"Residential, Commercial Projects",D L F Ltd.,Jun,Q4
28533,DMCC_FY2023_Q1,DMCC,FY2023,Q1,Jun 2022,https://www.bseindia.com/xml-data/corpfiling/AttachHis/58e137c6-feea-45d5-9b0e-e799358974d9.pdf,https://www.bseindia.com/xml-data/corpfiling/AttachHis/c9b2024f-9091-4ded-8587-9037fcd9e28c.pdf,Specialty Chemicals,D M C C Speciality Chemicals Ltd.,Jun,Q4
28549,DPWIRES_FY2024_Q4,DPWIRES,FY2024,Q4,Mar 2024,,https://www.bseindia.com/xml-data/corpfiling/AttachHis/f8c23e46-5c17-4c75-98b2-93ca91650293.pdf,Iron & Steel Products,D P Wires Ltd.,Mar,Q3
28551,DPWIRES_FY2024_Q1,DPWIRES,FY2024,Q1,Jun 2023,https://www.dpwires.co.in/wp-content/uploads/2023/07/DP_Wires_Investors_Presentation_Q4FY23.pdf,https://www.dpwires.co.in/wp-content/uploads/2023/08/DP_Wires_Investor_Presentation_Q1FY2324.pdf,Iron & Steel Products,D P Wires Ltd.,Jun,Q4
28570,DABUR_FY2021_Q1,DABUR,FY2021,Q1,Jun 2020,https://www.bseindia.com/xml-data/corpfiling/AttachHis/38d84a94-1652-4d7e-acfa-215efaee5555.pdf,https://www.bseindia.com/xml-data/corpfiling/AttachHis/f77bae99-67eb-4402-a29f-dbd98c4e215f.pdf,Personal Care,Dabur India Ltd.,Jun,Q4
28601,DALBHARAT_FY2022_Q2,DALBHARAT,FY2022,Q2,Sep 2021,,https://www.bseindia.com/xml-data/corpfiling/AttachHis/5fd98c00-c8db-4446-99ac-baf6d21559ce.pdf,Cement & Cement Products,Dalmia Bharat Ltd.,Sep,Q1
28630,DATAMATICS_FY2021_Q1,DATAMATICS,FY2021,Q1,Jun 2020,https://www.datamatics.com/hubfs/Investors/earnings-call/Transcript-Q4FY20-Earnings-Call-04-June-2020.pdf,https://www.bseindia.com/xml-data/corpfiling/AttachHis/63801626-4388-47d5-9175-7f69fab45920.pdf,IT Enabled Services,Datamatics Global Services Ltd.,Jun,Q4
28690,DEEPAKFERT_FY2020_Q2,DEEPAKFERT,FY2020,Q2,Sep 2019,,https://www.bseindia.com/xml-data/corpfiling/AttachHis/53fb7c69-e497-43e5-ad60-0112ecb8be4f.pdf,Commodity Chemicals,Deepak Fertilisers & Petrochemicals Corpn. Ltd.,Sep,Q1
28731,DELPHIFX_FY2018_Q4,DELPHIFX,FY2018,Q4,Mar 2018,,https://www.bseindia.com/xml-data/corpfiling/CorpAttachment/2018/3/d7951aee-a156-474f-8dfa-0600afcc0102.pdf,Other Financial Services,Delphi World Money Ltd.,Mar,Q3
28785,DEN_FY2017_Q2,DEN,FY2017,Q2,Sep 2016,,https://www.bseindia.com/stockinfo/AnnPdfOpen.aspx?Pname=3A1D2477_FE48_4326_A266_3A182E453376_104832.pdf,TV Broadcasting & Software Production,Den Networks Ltd.,Sep,Q1
28786,DEN_FY2017_Q1,DEN,FY2017,Q1,Jun 2016,,https://www.bseindia.com/stockinfo/AnnPdfOpen.aspx?Pname=9832BF9E_A559_4307_B8C6_356E306706FD_104317.pdf,TV Broadcasting & Software Production,Den Networks Ltd.,Jun,Q4
28869,DHARAN_FY2020_Q1,DHARAN,FY2020,Q1,Jun 2019,,https://www.bseindia.com/xml-data/corpfiling/AttachHis/08c9821e-4332-449d-b3a8-633314eb2e18.pdf,"Residential, Commercial Projects",Dharan Infra-E P C Ltd.,Jun,Q4
28871,DHARAN_FY2019_Q2,DHARAN,FY2019,Q2,Sep 2018,https://www.bseindia.com/xml-data/corpfiling/CorpAttachment/2018/8/6b270065-e414-4f9e-9632-57224a69d482.pdf,https://www.bseindia.com/xml-data/corpfiling/CorpAttachment/2018/9/0e182b9f-b588-44d7-b656-95b6373c9d6f.pdf,"Residential, Commercial Projects",Dharan Infra-E P C Ltd.,Sep,Q1
28884,DHRUV_FY2024_Q4,DHRUV,FY2024,Q4,Mar 2024,https://www.bseindia.com/xml-data/corpfiling/AttachHis/12466d15-eb3b-4b49-afd3-3b57cd5d11f8.pdf,https://www.bseindia.com/xml-data/corpfiling/AttachHis/8f7de2ec-01a1-4a4d-8141-80e7eb605e1e.pdf,Consulting Services,Dhruv Consultancy Services Ltd.,Mar,Q3
28916,DIGISPICE_FY2023_Q1,DIGISPICE,FY2023,Q1,Jun 2022,https://www.bseindia.com/xml-data/corpfiling/AttachHis/f23adafd-8f2e-4933-a021-7dfc66e7b1df.pdf,https://www.bseindia.com/xml-data/corpfiling/AttachHis/1d985a17-855c-4fad-833f-47e5df752ed4.pdf,IT Enabled Services,Digispice Technologies Ltd.,Jun,Q4
28951,DCAL_FY2021_Q1,DCAL,FY2021,Q1,Jun 2020,https://www.bseindia.com/xml-data/corpfiling/AttachHis/724fbdee-9228-4d29-97f6-612738c50cb7.pdf,https://www.bseindia.com/xml-data/corpfiling/AttachHis/ca82c3d1-16a4-4238-a4d8-3ea6d79ab6d4.pdf,Pharmaceuticals,Dishman Carbogen Amcis Ltd.,Jun,Q4
28997,KAMDHENU_FY2021_Q1,KAMDHENU,FY2021,Q1,Jun 2020,https://www.kamdhenulimited.com/pdf/Q-4_FY20_Earnings_Call_Transcript.pdf,https://www.bseindia.com/xml-data/corpfiling/AttachHis/52ab0fc5-5a36-4af7-8e31-67cdf407e8a7.pdf,Iron & Steel Products,Kamdhenu Ltd.,Jun,Q4
29022,KANORICHEM_FY2024_Q2,KANORICHEM,FY2024,Q2,Sep 2023,,https://www.bseindia.com/xml-data/corpfiling/AttachHis/8533c148-41c0-4b27-a2f2-251cb47977d4.pdf,Commodity Chemicals,Kanoria Chemicals & Inds. Ltd.,Sep,Q1
29050,KANSAINER_FY2018_Q1,KANSAINER,FY2018,Q1,Jun 2017,,https://www.bseindia.com/xml-data/corpfiling/CorpAttachment/2017/6/e11fa475-1154-469a-9b78-51b472dee00d.pdf,Paints,Kansai Nerolac Paints Ltd.,Jun,Q4
29059,KAPSTON_FY2021_Q1,KAPSTON,FY2021,Q1,Jun 2020,,https://archives.nseindia.com/corporate/KAPSTON_26062020161402_InvestorpresentaionMarch2020.pdf,Diversified Commercial Services,Kapston Services Ltd.,Jun,Q4
29104,KSCL_FY2020_Q3,KSCL,FY2020,Q3,Dec 2019,https://www.bseindia.com/xml-data/corpfiling/AttachHis/834e1d04-e7c3-4c74-9c0e-960464657353.pdf,https://www.bseindia.com/xml-data/corpfiling/AttachHis/946e5766-cabf-4789-8aeb-05666974a296.pdf,Other Agricultural Products,Kaveri Seed Co. Ltd.,Dec,Q2
29105,KSCL_FY2020_Q2,KSCL,FY2020,Q2,Sep 2019,https://www.bseindia.com/xml-data/corpfiling/AttachHis/29a393e0-ac9a-4cd4-8ac0-96b1aba894c7.pdf,,Other Agricultural Products,Kaveri Seed Co. Ltd.,Sep,Q1
29106,KSCL_FY2020_Q1,KSCL,FY2020,Q1,Jun 2019,https://www.bseindia.com/xml-data/corpfiling/AttachHis/b52af04c-0b30-4a0a-a2a6-7cf70ba24178.pdf,https://www.bseindia.com/xml-data/corpfiling/AttachHis/03ba823f-b775-40b3-bd91-100349e559c9.pdf,Other Agricultural Products,Kaveri Seed Co. Ltd.,Jun,Q4
29107,KSCL_FY2019_Q4,KSCL,FY2019,Q4,Mar 2019,https://www.bseindia.com/xml-data/corpfiling/AttachHis/455096fb-b639-44d2-b2cc-b2da9a3b3329.pdf,,Other Agricultural Products,Kaveri Seed Co. Ltd.,Mar,Q3
29108,KSCL_FY2019_Q3,KSCL,FY2019,Q3,Dec 2018,https://www.bseindia.com/xml-data/corpfiling/CorpAttachment/2018/12/e582df76-68d7-4e65-b2bd-a5f74db8edc4.pdf,https://www.bseindia.com/xml-data/corpfiling/CorpAttachment/2018/11/8fafe002-aee7-4fb6-bc60-0879d76f3998.pdf,Other Agricultural Products,Kaveri Seed Co. Ltd.,Dec,Q2
29109,KSCL_FY2019_Q2,KSCL,FY2019,Q2,Sep 2018,https://www.kaveriseeds.in/images/pdf/images/con-call/q1-fy-2019-earnings-call-transcript.pdf,,Other Agricultural Products,Kaveri Seed Co. Ltd.,Sep,Q1
29110,KSCL_FY2019_Q1,KSCL,FY2019,Q1,Jun 2018,https://www.bseindia.com/xml-data/corpfiling/CorpAttachment/2018/6/3b43c00c-ec05-4729-8335-d0bdd6547bef.pdf,https://www.bseindia.com/xml-data/corpfiling/CorpAttachment/2018/5/5ec65620-9f8c-4ca2-b558-cadaac55df00.pdf,Other Agricultural Products,Kaveri Seed Co. Ltd.,Jun,Q4
29111,KSCL_FY2018_Q4,KSCL,FY2018,Q4,Mar 2018,https://www.kaveriseeds.in/images/pdf/images/con-call/q3_concall_transcript_03_2018.pdf,https://www.bseindia.com/xml-data/corpfiling/CorpAttachment/2018/5/c9b7ea4c-e585-4ba8-a10f-04c26d60101e.pdf,Other Agricultural Products,Kaveri Seed Co. Ltd.,Mar,Q3
29114,KSCL_FY2018_Q1,KSCL,FY2018,Q1,Jun 2017,https://www.bseindia.com/xml-data/corpfiling/CorpAttachment/2017/6/f73ba626-92ce-4131-a09b-2bbe03e2aa93.pdf,,Other Agricultural Products,Kaveri Seed Co. Ltd.,Jun,Q4
29118,KSCL_FY2017_Q1,KSCL,FY2017,Q1,Jun 2016,https://www.bseindia.com/stockinfo/AnnPdfOpen.aspx?Pname=9B37E06A_D659_4BCF_8E73_365D8455E4B5_133124.pdf,,Other Agricultural Products,Kaveri Seed Co. Ltd.,Jun,Q4
29119,KSCL_FY2016_Q4,KSCL,FY2016,Q4,Mar 2016,https://www.bseindia.com/stockinfo/AnnPdfOpen.aspx?Pname=E57EED4A_ADFF_4AA6_A650_413A1BEFD841_162123.pdf,https://www.kaveriseeds.in/images/pdf/images/result%20presentation/q4.pdf,Other Agricultural Products,Kaveri Seed Co. Ltd.,Mar,Q3
29120,KSCL_FY2016_Q3,KSCL,FY2016,Q3,Dec 2015,https://www.bseindia.com/stockinfo/AnnPdfOpen.aspx?Pname=778B4819_F76A_4D61_BE5D_EF9FF162E3B9_161932.pdf,,Other Agricultural Products,Kaveri Seed Co. Ltd.,Dec,Q2
29138,KEI_FY2021_Q1,KEI,FY2021,Q1,Jun 2020,https://www.kei-ind.com/wp-content/uploads/2020/06/Edelweiss-Kei-02Jun-2020.doc,,Cables - Electricals,Kei Industries Ltd.,Jun,Q4
29163,KELLTONTEC_FY2024_Q1,KELLTONTEC,FY2024,Q1,Jun 2023,https://www.bseindia.com/xml-data/corpfiling/AttachHis/c75c2386-3702-47ca-b162-04a58c840d84.pdf,https://d1ugv6dopk5bx0.cloudfront.net/s3fs-public/Earnings%20Presentation%20FY23_Q4FY23.pptx%20.pdf,Computers - Software & Consulting,Kellton Tech Solutions Ltd.,Jun,Q4
29167,KELLTONTEC_FY2022_Q1,KELLTONTEC,FY2022,Q1,Jun 2021,https://d3tj4wnms16o5e.cloudfront.net/s3fs-public/ConcallQ4FY21-Kellton%20Tech%20SolutionsLtd-transcript_0.docx,,Computers - Software & Consulting,Kellton Tech Solutions Ltd.,Jun,Q4
29174,KELLTONTEC_FY2019_Q4,KELLTONTEC,FY2019,Q4,Mar 2019,https://kellton-revamp-prod.s3.amazonaws.com/s3fs-public/inline-images/Earnings%20Call%20Q3FY19.pdf,https://www.bseindia.com/xml-data/corpfiling/AttachHis/9196c933-0349-442b-a2b2-733f938c65d5.pdf,Computers - Software & Consulting,Kellton Tech Solutions Ltd.,Mar,Q3
29181,KENNAMET_FY2024_Q4,KENNAMET,FY2024,Q4,Mar 2024,https://www.bseindia.com/xml-data/corpfiling/AttachHis/825ff746-7726-41b4-921d-de9bd6b6dbbb.pdf,,Industrial Products,Kennametal India Ltd.,Mar,Q3
29182,KENNAMET_FY2024_Q1,KENNAMET,FY2024,Q1,Jun 2023,https://www.bseindia.com/xml-data/corpfiling/AttachHis/a5c5766a-ba8b-4d41-a666-5cdcdaaa693a.pdf,,Industrial Products,Kennametal India Ltd.,Jun,Q4
29184,KENNAMET_FY2023_Q2,KENNAMET,FY2023,Q2,Sep 2022,https://www.bseindia.com/xml-data/corpfiling/AttachHis/94b70b20-845f-48ff-b431-fa4bd862ad77.pdf,,Industrial Products,Kennametal India Ltd.,Sep,Q1
29185,KENNAMET_FY2023_Q1,KENNAMET,FY2023,Q1,Jun 2022,https://www.bseindia.com/xml-data/corpfiling/AttachHis/8881231a-6717-46fd-9caf-ac04b498d093.pdf,,Industrial Products,Kennametal India Ltd.,Jun,Q4
29189,KESORAMIND_FY2022_Q4,KESORAMIND,FY2022,Q4,Mar 2022,https://www.bseindia.com/xml-data/corpfiling/AttachHis/44f3683a-129f-4f9d-998c-d7433abee259.pdf,,Cement & Cement Products,Kesoram Industries Ltd.,Mar,Q3
29190,KESORAMIND_FY2022_Q3,KESORAMIND,FY2022,Q3,Dec 2021,https://www.bseindia.com/xml-data/corpfiling/AttachHis/cf26b080-dddf-4263-88e6-9735816d657e.pdf,,Cement & Cement Products,Kesoram Industries Ltd.,Dec,Q2
29227,KHADIM_FY2023_Q1,KHADIM,FY2023,Q1,Jun 2022,https://www.bseindia.com/xml-data/corpfiling/AttachHis/0f9c83bd-ace9-4c68-a204-ca828c5ae64d.pdf,https://www.bseindia.com/xml-data/corpfiling/AttachHis/736d261f-405f-4ee1-8f23-523afc15410f.pdf,Footwear,Khadim India Ltd.,Jun,Q4
29228,KHADIM_FY2022_Q4,KHADIM,FY2022,Q4,Mar 2022,https://www.bseindia.com/xml-data/corpfiling/AttachHis/3387c1ab-378f-43d6-ad14-b15c6177d282.pdf,https://www.bseindia.com/xml-data/corpfiling/AttachHis/2e218675-83cf-43f0-ba67-dbf2cd71ba46.pdf,Footwear,Khadim India Ltd.,Mar,Q3
29229,KHADIM_FY2022_Q3,KHADIM,FY2022,Q3,Dec 2021,https://www.bseindia.com/xml-data/corpfiling/AttachHis/3a6a9fe5-e50e-44af-ac5c-d239a64900ed.pdf,https://www.bseindia.com/xml-data/corpfiling/AttachHis/23b3b13c-4d67-452d-9e84-8ec077504a54.pdf,Footwear,Khadim India Ltd.,Dec,Q2
29232,KHADIM_FY2021_Q3,KHADIM,FY2021,Q3,Dec 2020,https://www.bseindia.com/xml-data/corpfiling/AttachHis/d3ce7301-9b19-4d88-bf97-02d764b57a0a.pdf,https://www.bseindia.com/xml-data/corpfiling/AttachHis/f478c135-8ee2-480e-99a0-665f6194b6d0.pdf,Footwear,Khadim India Ltd.,Dec,Q2
29238,KHADIM_FY2019_Q2,KHADIM,FY2019,Q2,Sep 2018,https://cdn.khadims.com//live/image/catalog/brandstore/khadims/INVESTOR-RELATIONS/SEBI-Disclosure/Disclosures-under-REG-30-of-the-SEBI-(LODR)-Regulations-2015/INSTITUTIONAL-INVESTORS-concall-transcript-w-r-t-investor-meet-17-08-2018.pdf,https://www.bseindia.com/xml-data/corpfiling/CorpAttachment/2018/11/225c2929-9782-4d3f-8a8f-49b9db417920.pdf,Footwear,Khadim India Ltd.,Sep,Q1
29247,KILITCH_FY2024_Q1,KILITCH,FY2024,Q1,Jun 2023,https://www.bseindia.com/xml-data/corpfiling/AttachHis/53873c09-59e7-4d79-90a0-5b111f13ce0d.pdf,,Pharmaceuticals,Kilitch Drugs (India) Ltd.,Jun,Q4
29331,KMEW_FY2024_Q1,KMEW,FY2024,Q1,Jun 2023,https://www.bseindia.com/xml-data/corpfiling/AttachHis/cf87571d-a0da-443c-aafc-28f38e9ff2a6.pdf,https://www.bseindia.com/xml-data/corpfiling/AttachHis/3547116f-63fa-46c7-9477-9d3079ceed08.pdf,Dredging,Knowledge Marine & Engg. Works Ltd.,Jun,Q4
29333,KMEW_FY2023_Q1,KMEW,FY2023,Q1,Jun 2022,https://www.bseindia.com/xml-data/corpfiling/AttachHis/69c61a35-aa35-4853-98ae-1e0fd4f378d0.pdf,https://www.bseindia.com/xml-data/corpfiling/AttachHis/37afc673-94cd-44d6-bed2-8b8de0aad791.pdf,Dredging,Knowledge Marine & Engg. Works Ltd.,Jun,Q4
29363,KOPRAN_FY2022_Q1,KOPRAN,FY2022,Q1,Jun 2021,,https://www.bseindia.com/xml-data/corpfiling/AttachHis/8b624462-13a9-4851-bf5e-e594348041df.pdf,Pharmaceuticals,Kopran Ltd.,Jun,Q4
29424,KRISHNADEF_FY2024_Q1,KRISHNADEF,FY2024,Q1,Jun 2023,https://archives.nseindia.com/corporate/KRISHNADEF_02062023214828_Untitled.pdf,https://archives.nseindia.com/corporate/KRISHNADEF_25052023221804_Update.pdf,Aerospace & Defense,Krishna Defence & Allied Inds. Ltd.,Jun,Q4
29427,KRISHNADEF_FY2023_Q1,KRISHNADEF,FY2023,Q1,Jun 2022,https://archives.nseindia.com/corporate/KRISHNADEF_08062022120445_Transcript.pdf,https://archives.nseindia.com/corporate/KRISHNADEF_02062022123937_IntimationInvestorPresentation.pdf,Aerospace & Defense,Krishna Defence & Allied Inds. Ltd.,Jun,Q4
29445,LGBBROSLTD_FY2024_Q1,LGBBROSLTD,FY2024,Q1,Jun 2023,,https://www.bseindia.com/xml-data/corpfiling/AttachHis/94820ee3-6060-49fd-bef0-edeb244faa6e.pdf,Auto Components & Equipments,L G Balakrishnan & Bros. Ltd.,Jun,Q4
29470,KRSNAA_FY2022_Q4,KRSNAA,FY2022,Q4,Mar 2022,,https://www.bseindia.com/xml-data/corpfiling/AttachHis/58e0fcff-17c1-418f-a517-b662a3b120e3.pdf,Healthcare Service Provider,Krsnaa Diagnostics Ltd.,Mar,Q3
29491,KSOLVES_FY2022_Q4,KSOLVES,FY2022,Q4,Mar 2022,,https://archives.nseindia.com/corporate/KSOLVES_14032022083252_InvestorPPTMarch2022.pdf,Computers - Software & Consulting,Ksolves India Ltd.,Mar,Q3
29557,REPRO_FY2018_Q3,REPRO,FY2018,Q3,Dec 2017,https://www.bseindia.com/xml-data/corpfiling/CorpAttachment/2017/12/35854600-ead5-4ad7-b9bf-a4328c3c2089.pdf,https://www.bseindia.com/xml-data/corpfiling/CorpAttachment/2017/12/076b4366-ff80-4a32-9928-f5b2903af7cd.pdf,Printing & Publication,Repro India Ltd.,Dec,Q2
29558,REPRO_FY2018_Q2,REPRO,FY2018,Q2,Sep 2017,https://www.bseindia.com/xml-data/corpfiling/CorpAttachment/2017/9/2af5d49c-f13d-4974-95e4-00aab3b2b7c3.pdf,https://www.bseindia.com/xml-data/corpfiling/CorpAttachment/2017/8/5cc37e0f-f127-40c5-b532-c2558176f70f.pdf,Printing & Publication,Repro India Ltd.,Sep,Q1
29569,RESPONIND_FY2024_Q2,RESPONIND,FY2024,Q2,Sep 2023,,https://www.bseindia.com/xml-data/corpfiling/AttachHis/51a162d5-561f-4820-b997-495a7280fd09.pdf,"Furniture, Home Furnishing",Responsive Industries Ltd.,Sep,Q1
29577,RBA_FY2022_Q1,RBA,FY2022,Q1,Jun 2021,https://www.bseindia.com/xml-data/corpfiling/AttachHis/9c6813f7-0ffd-4b83-9835-5153205d269d.pdf,https://www.bseindia.com/xml-data/corpfiling/AttachHis/ec811544-703b-4a2d-9967-c5c7d7e7bed2.pdf,Restaurants,Restaurant Brands Asia Ltd.,Jun,Q4
29578,RBA_FY2021_Q4,RBA,FY2021,Q4,Mar 2021,https://www.bseindia.com/xml-data/corpfiling/AttachHis/445040e4-8baa-406f-8d40-22736c42bd60.pdf,,Restaurants,Restaurant Brands Asia Ltd.,Mar,Q3
29586,RICOAUTO_FY2019_Q4,RICOAUTO,FY2019,Q4,Mar 2019,https://www.bseindia.com/xml-data/corpfiling/AttachHis/a345c3bd-bb81-484a-9edf-1116a8bcccbe.pdf,https://www.bseindia.com/xml-data/corpfiling/CorpAttachment/2019/2/9ed93292-c257-4355-b606-8ca011c97f16.pdf,Auto Components & Equipments,Rico Auto Inds. Ltd.,Mar,Q3
29590,RICOAUTO_FY2018_Q3,RICOAUTO,FY2018,Q3,Dec 2017,,https://www.bseindia.com/xml-data/corpfiling/CorpAttachment/2017/12/6940e565-7724-419e-804f-337c08cdfb5e.pdf,Auto Components & Equipments,Rico Auto Inds. Ltd.,Dec,Q2
29598,RISHABH_FY2024_Q4,RISHABH,FY2024,Q4,Mar 2024,https://www.bseindia.com/xml-data/corpfiling/AttachHis/ff37cd66-a702-4d54-a802-f89d7ae60cae.pdf,https://www.bseindia.com/xml-data/corpfiling/AttachHis/c188125b-d064-427c-8bfd-216cfd039e4c.pdf,Other Electrical Equipment,Rishabh Instruments Ltd.,Mar,Q3
29609,RITES_FY2022_Q4,RITES,FY2022,Q4,Mar 2022,https://www.bseindia.com/xml-data/corpfiling/AttachHis/9c67a99e-c500-42da-83f6-5f7dd06f1410.pdf,,Civil Construction,Rites Ltd.,Mar,Q3
29610,RITES_FY2022_Q3,RITES,FY2022,Q3,Dec 2021,https://www.bseindia.com/xml-data/corpfiling/AttachHis/7d737412-60b9-4f0c-9c75-a047895f9873.pdf,https://www.bseindia.com/xml-data/corpfiling/AttachHis/8738680c-b08a-4620-879b-c312e8fa7eee.pdf,Civil Construction,Rites Ltd.,Dec,Q2
29612,RITES_FY2021_Q4,RITES,FY2021,Q4,Mar 2021,https://www.bseindia.com/xml-data/corpfiling/AttachHis/42438721-a431-4107-9f28-fc611cfcb457.pdf,https://www.bseindia.com/xml-data/corpfiling/AttachHis/0b480624-007a-44dc-987c-f71e408f4dc9.pdf,Civil Construction,Rites Ltd.,Mar,Q3
29613,RITES_FY2021_Q3,RITES,FY2021,Q3,Dec 2020,https://rites.com/upload/misc/Balancesheet/RITES-Q2ConCallTranscript.pdf,,Civil Construction,Rites Ltd.,Dec,Q2
29614,RITES_FY2021_Q2,RITES,FY2021,Q2,Sep 2020,https://www.bseindia.com/xml-data/corpfiling/AttachHis/70637ff4-b20f-4e4d-afb5-8341e409ef02.pdf,https://www.bseindia.com/xml-data/corpfiling/AttachHis/8fca6e9c-78f5-48d3-b401-44bb2c144bed.pdf,Civil Construction,Rites Ltd.,Sep,Q1
29616,RITES_FY2020_Q4,RITES,FY2020,Q4,Mar 2020,https://www.bseindia.com/xml-data/corpfiling/AttachHis/c6a85077-109e-4c6a-ae97-951485b19e8d.pdf,,Civil Construction,Rites Ltd.,Mar,Q3
29617,RITES_FY2020_Q3,RITES,FY2020,Q3,Dec 2019,https://www.bseindia.com/xml-data/corpfiling/AttachHis/5c424fdd-a555-421c-abec-2b6b521a7cd0.pdf,https://www.bseindia.com/xml-data/corpfiling/AttachHis/4ae86a70-4fd2-438c-8fd8-18f512a7cbd0.pdf,Civil Construction,Rites Ltd.,Dec,Q2
29618,RITES_FY2020_Q2,RITES,FY2020,Q2,Sep 2019,https://www.bseindia.com/xml-data/corpfiling/AttachHis/f79ff680-e1cf-484e-86b7-9be05f7ade63.pdf,https://www.bseindia.com/xml-data/corpfiling/AttachHis/b08c69d1-d801-4e02-9d89-8a7da83d9c41.pdf,Civil Construction,Rites Ltd.,Sep,Q1
29619,RITES_FY2019_Q4,RITES,FY2019,Q4,Mar 2019,https://www.bseindia.com/xml-data/corpfiling/AttachHis/bdc3ddf6-2c9e-424e-bdfd-dc54f93bd70c.pdf,https://www.bseindia.com/xml-data/corpfiling/CorpAttachment/2019/2/c8ffefc8-09dc-4405-be0a-13e869e4744b.pdf,Civil Construction,Rites Ltd.,Mar,Q3
29711,RUCHIRA_FY2018_Q1,RUCHIRA,FY2018,Q1,Jun 2017,https://www.bseindia.com/xml-data/corpfiling/CorpAttachment/2017/5/dd658b56-329f-4a0e-b7e5-6d135a564be5.pdf,https://www.bseindia.com/xml-data/corpfiling/CorpAttachment/2017/6/01ee58fd-fd48-44e9-a159-392c94674df7.pdf,Paper & Paper Products,Ruchira Papers Ltd.,Jun,Q4
29741,RUPA_FY2022_Q1,RUPA,FY2022,Q1,Jun 2021,http://rupa.co.in/livesite/wp-content/uploads/2021/07/Rupa-Earnings_Call_Transcript_Q4FY2021.pdf,https://www.bseindia.com/xml-data/corpfiling/AttachHis/542d461a-130d-4ff0-af16-202bf7f51d2e.pdf,Garments & Apparels,Rupa & Co. Ltd.,Jun,Q4
29757,RUSHIL_FY2020_Q4,RUSHIL,FY2020,Q4,Mar 2020,,https://www.bseindia.com/xml-data/corpfiling/AttachHis/c19f5357-4b17-42d1-bc42-00df09ee9695.pdf,Plywood Boards/ Laminates,Rushil Decor Ltd.,Mar,Q3
29768,SKMEGGPROD_FY2018_Q1,SKMEGGPROD,FY2018,Q1,Jun 2017,,https://www.skmegg.com/admin/upload/New_Product_Launch_08-06-2017.pdf,Meat Products including Poultry,S K M Egg Products Export (India) Ltd.,Jun,Q4
29802,SCHAND_FY2021_Q4,SCHAND,FY2021,Q4,Mar 2021,https://schandgroup.com/wp-content/uploads/Earnings-Call-Transcript-Q3-FY-2020-21.pdf,,Printing & Publication,S Chand & Co. Ltd.,Mar,Q3
29811,SCHAND_FY2019_Q1,SCHAND,FY2019,Q1,Jun 2018,https://www.bseindia.com/xml-data/corpfiling/CorpAttachment/2018/6/c26dedde-7ed2-4186-b548-af530963b277.pdf,https://www.bseindia.com/xml-data/corpfiling/CorpAttachment/2018/6/be02e7dc-acc2-4413-a580-10d70dc4ffdf.pdf,Printing & Publication,S Chand & Co. Ltd.,Jun,Q4
29812,SCHAND_FY2018_Q4,SCHAND,FY2018,Q4,Mar 2018,http://schandgroup.com/wp-content/uploads/Transcript-of-investors-call-12.02.2018.pdf,https://www.bseindia.com/xml-data/corpfiling/CorpAttachment/2018/2/aef4d19e-d418-4e78-a633-66d722fb2197.pdf,Printing & Publication,S Chand & Co. Ltd.,Mar,Q3
29813,SCHAND_FY2018_Q3,SCHAND,FY2018,Q3,Dec 2017,https://www.bseindia.com/xml-data/corpfiling/CorpAttachment/2017/12/0eca9aaa-71e8-46fa-8769-470d7e147138.pdf,https://www.bseindia.com/xml-data/corpfiling/CorpAttachment/2017/11/59d789ba-9505-42a5-b649-045305476b3c.pdf,Printing & Publication,S Chand & Co. Ltd.,Dec,Q2
29814,SCHAND_FY2018_Q2,SCHAND,FY2018,Q2,Sep 2017,,https://www.bseindia.com/xml-data/corpfiling/CorpAttachment/2017/9/7406666b-26e9-4899-aaa4-02e3f1bd6938.pdf,Printing & Publication,S Chand & Co. Ltd.,Sep,Q1
29858,SHK_FY2021_Q2,SHK,FY2021,Q2,Sep 2020,https://www.bseindia.com/xml-data/corpfiling/AttachHis/4c23507a-781e-486e-bdfd-9e6cb8dcff1e.pdf,https://www.bseindia.com/xml-data/corpfiling/AttachHis/9e37a3b1-2c86-4523-9987-9e48e32683ac.pdf,Specialty Chemicals,S H Kelkar & Co. Ltd.,Sep,Q1
29862,SHK_FY2020_Q1,SHK,FY2020,Q1,Jun 2019,https://www.bseindia.com/xml-data/corpfiling/AttachHis/e0d50ab4-1a32-4413-a791-baa56822ff0c.pdf,,Specialty Chemicals,S H Kelkar & Co. Ltd.,Jun,Q4
29865,SHK_FY2019_Q2,SHK,FY2019,Q2,Sep 2018,https://www.keva.co.in/sites/default/files/investor-pdf/Q1%20%26%20FY2019%20Concall%20Transcript.pdf,https://www.bseindia.com/xml-data/corpfiling/CorpAttachment/2018/8/ce5b7e01-e7de-4a96-821a-fd46a8bca37b.pdf,Specialty Chemicals,S H Kelkar & Co. Ltd.,Sep,Q1
29866,SHK_FY2019_Q1,SHK,FY2019,Q1,Jun 2018,https://www.bseindia.com/xml-data/corpfiling/CorpAttachment/2018/6/2136d644-ea24-46f6-8c9a-33fa613d70a1.pdf,https://www.bseindia.com/xml-data/corpfiling/CorpAttachment/2018/5/451142e8-05e7-4979-8c09-5b96cf6ce627.pdf,Specialty Chemicals,S H Kelkar & Co. Ltd.,Jun,Q4
29868,SHK_FY2018_Q2,SHK,FY2018,Q2,Sep 2017,https://www.bseindia.com/xml-data/corpfiling/CorpAttachment/2017/9/76effdee-f7ff-49e2-a6a5-3d5d853246f8.pdf,https://www.bseindia.com/xml-data/corpfiling/CorpAttachment/2017/8/cf5dbf87-b77a-448d-bace-a01e6827b80c.pdf,Specialty Chemicals,S H Kelkar & Co. Ltd.,Sep,Q1
29869,SHK_FY2018_Q1,SHK,FY2018,Q1,Jun 2017,https://www.bseindia.com/xml-data/corpfiling/CorpAttachment/2017/6/44242ded-958c-4a49-bddf-9740a7ec42dd.pdf,,Specialty Chemicals,S H Kelkar & Co. Ltd.,Jun,Q4
29886,SADHNANIQ_FY2020_Q1,SADHNANIQ,FY2020,Q1,Jun 2019,,https://www.bseindia.com/xml-data/corpfiling/AttachHis/180801fd-9233-444a-86eb-3b4396406fb9.pdf,Commodity Chemicals,Sadhana Nitro Chem Ltd.,Jun,Q4
29916,SKFINDIA_FY2023_Q4,SKFINDIA,FY2023,Q4,Mar 2023,https://www.bseindia.com/xml-data/corpfiling/AttachHis/fe665644-6487-4228-a960-8de3cdd1d71a.pdf,,Abrasives & Bearings,S K F India Ltd.,Mar,Q3
29925,SKMEGGPROD_FY2019_Q2,SKMEGGPROD,FY2019,Q2,Sep 2018,,https://www.bseindia.com/xml-data/corpfiling/CorpAttachment/2018/9/4b8a93ed-164f-431d-b19b-41a499d3e4dd.pdf,Meat Products including Poultry,S K M Egg Products Export (India) Ltd.,Sep,Q1
29940,SMCGLOBAL_FY2023_Q4,SMCGLOBAL,FY2023,Q4,Mar 2023,https://www.bseindia.com/xml-data/corpfiling/AttachHis/5d1647dd-65a5-4825-9001-ed6425b5e572.pdf,https://www.bseindia.com/xml-data/corpfiling/AttachHis/89ca8284-45fd-49b7-8591-696951a68fb4.pdf,Stockbroking & Allied,S M C Global Securities Ltd.,Mar,Q3
30000,SREINFRA_FY2019_Q2,SREINFRA,FY2019,Q2,Sep 2018,https://www.srei.com/storage/app/uploads/public/5de/4b8/6f7/5de4b86f728e8632065799.pdf,https://www.bseindia.com/xml-data/corpfiling/CorpAttachment/2018/9/77ecda48-b412-40a7-8a4b-796c527eba97.pdf,Financial Institution,S R E I Infrastructure Finance Ltd.,Sep,Q1
30040,SRGHFL_FY2020_Q2,SRGHFL,FY2020,Q2,Sep 2019,,https://www.bseindia.com/xml-data/corpfiling/AttachHis/5165c362-cbc0-4123-962c-a911c33ed4e5.pdf,Housing Finance Company,S R G Housing Finance Ltd.,Sep,Q1
30041,SRGHFL_FY2020_Q1,SRGHFL,FY2020,Q1,Jun 2019,,https://www.bseindia.com/xml-data/corpfiling/AttachHis/8a0345ea-4ecb-429f-98ad-6f41608da20c.pdf,Housing Finance Company,S R G Housing Finance Ltd.,Jun,Q4
30044,SRGHFL_FY2019_Q1,SRGHFL,FY2019,Q1,Jun 2018,,https://www.bseindia.com/xml-data/corpfiling/CorpAttachment/2018/6/b4e3f100-b1eb-4e7d-8844-40aede77b948.pdf,Housing Finance Company,S R G Housing Finance Ltd.,Jun,Q4
30050,SVPGLOB_FY2022_Q4,SVPGLOB,FY2022,Q4,Mar 2022,,https://www.bseindia.com/xml-data/corpfiling/AttachHis/e6683e3d-17d7-48a7-9c6c-52be52ea1c72.pdf,Other Textile Products,S V P Global Textiles Ltd.,Mar,Q3
30054,SVPGLOB_FY2017_Q4,SVPGLOB,FY2017,Q4,Mar 2017,https://www.bseindia.com/xml-data/corpfiling/CorpAttachment/2017/3/9b45d528-7cbf-4b13-8d9f-24fa7640a715.pdf,https://www.bseindia.com/xml-data/corpfiling/CorpAttachment/2017/3/a843427f-78ea-4811-866b-17e38527888b.pdf,Other Textile Products,S V P Global Textiles Ltd.,Mar,Q3
30062,SAAKSHI_FY2024_Q3,SAAKSHI,FY2024,Q3,Dec 2023,https://nsearchives.nseindia.com/corporate/SAAKSHI_03122023224816_Saakshitranscriptsigned.pdf,https://nsearchives.nseindia.com/corporate/SAAKSHI_29112023091326_SaakshiInvestorPresentationsigned.pdf,Other Electrical Equipment,Saakshi Medtech & Panels Ltd.,Dec,Q2
30069,SADBHAV_FY2021_Q2,SADBHAV,FY2021,Q2,Sep 2020,https://www.sadbhaveng.com/wp-content/uploads/2018/01/Concall-transcript_Q1FY21_SELnSIPL.pdf,,Civil Construction,Sadbhav Engineering Ltd.,Sep,Q1
30168,WONDERLA_FY2021_Q1,WONDERLA,FY2021,Q1,Jun 2020,https://www.bseindia.com/xml-data/corpfiling/AttachHis/9cbe7a1f-91d6-43b8-b9d4-9453a944a0fd.pdf,https://www.bseindia.com/xml-data/corpfiling/AttachHis/a91ce721-2c32-4ece-b4d0-5e005aa33e3d.pdf,Amusement Parks/ Other Recreation,Wonderla Holidays Ltd.,Jun,Q4
30194,XPROINDIA_FY2024_Q1,XPROINDIA,FY2024,Q1,Jun 2023,https://www.bseindia.com/xml-data/corpfiling/AttachHis/c6fc8338-86b1-4943-83af-763f941690c7.pdf,https://www.bseindia.com/xml-data/corpfiling/AttachHis/5b427bf5-3b8b-4d19-a2bb-caa651e87a42.pdf,Packaging,Xpro India Ltd.,Jun,Q4
30195,XPROINDIA_FY2023_Q1,XPROINDIA,FY2023,Q1,Jun 2022,https://www.bseindia.com/xml-data/corpfiling/AttachHis/778ffa7a-6f82-463f-b0cf-74c91ec6ca28.pdf,https://www.bseindia.com/xml-data/corpfiling/AttachHis/5b427bf5-3b8b-4d19-a2bb-caa651e87a42.pdf,Packaging,Xpro India Ltd.,Jun,Q4
30247,YESBANK_FY2021_Q1,YESBANK,FY2021,Q1,Jun 2020,,https://www.bseindia.com/xml-data/corpfiling/AttachHis/1f20a55e-da5c-4ec3-9cce-33a55a400b9f.pdf,Private Sector Bank,Yes Bank Ltd.,Jun,Q4
30248,YESBANK_FY2020_Q4,YESBANK,FY2020,Q4,Mar 2020,,https://www.bseindia.com/xml-data/corpfiling/AttachHis/00d68f6c-9f24-4ac4-9ece-ad5035139b9d.pdf,Private Sector Bank,Yes Bank Ltd.,Mar,Q3
30265,ZFCVINDIA_FY2019_Q1,ZFCVINDIA,FY2019,Q1,Jun 2018,,https://www.bseindia.com/xml-data/corpfiling/CorpAttachment/2018/6/841c75c1-156d-4389-8326-1c4a286ca526.pdf,Auto Components & Equipments,Z F Commercial Vehicle Control Systems India Ltd.,Jun,Q4
30266,ZFCVINDIA_FY2018_Q2,ZFCVINDIA,FY2018,Q2,Sep 2017,,https://www.bseindia.com/xml-data/corpfiling/CorpAttachment/2017/9/70cc8aeb-cde5-4728-ad03-8fd8129b359b.pdf,Auto Components & Equipments,Z F Commercial Vehicle Control Systems India Ltd.,Sep,Q1
30281,ZEEL_FY2019_Q2,ZEEL,FY2019,Q2,Sep 2018,https://assets.zee.com/wp-content/uploads/2018/07/ZEEL-Q1FY19-Earnings-Conference-Call-Transcript.pdf,https://www.bseindia.com/xml-data/corpfiling/CorpAttachment/2018/9/502592b6-9287-4ef6-bf9d-896cd068f1d6.pdf,TV Broadcasting & Software Production,Zee Entertainment Enterprises Ltd.,Sep,Q1
30303,ZENTEC_FY2020_Q2,ZENTEC,FY2020,Q2,Sep 2019,,https://www.bseindia.com/xml-data/corpfiling/AttachHis/05e6837e-ebc8-4023-948b-1b7e5a4c0c2a.pdf,Aerospace & Defense,Zen Technologies Ltd.,Sep,Q1
30317,ZENSARTECH_FY2022_Q2,ZENSARTECH,FY2022,Q2,Sep 2021,https://www.zensar.com/sites/default/files/investor/annual/files/Zensar_AGM_transcript_2021.pdf,https://www.bseindia.com/xml-data/corpfiling/AttachHis/026ba61e-622c-42ef-8e27-9daa58f3796f.pdf,Computers - Software & Consulting,Zensar Technologies Ltd.,Sep,Q1
30319,ZENSARTECH_FY2021_Q4,ZENSARTECH,FY2021,Q4,Mar 2021,https://www.zensar.com/sites/default/files/investor/analyst-meet/Zensar-Earnings-Call-Transcript-Q4-FY21.pdf,https://www.bseindia.com/xml-data/corpfiling/AttachHis/85d66f63-e0bd-4c02-b8ba-d49d1da9df6e.pdf,Computers - Software & Consulting,Zensar Technologies Ltd.,Mar,Q3
30355,ZOTA_FY2024_Q1,ZOTA,FY2024,Q1,Jun 2023,,https://archives.nseindia.com/corporate/ZOTA_26062023224853_ZotaIP26062023.pdf,Pharmaceuticals,Zota Health Care Ltd.,Jun,Q4
30358,ZOTA_FY2023_Q1,ZOTA,FY2023,Q1,Jun 2022,,https://archives.nseindia.com/corporate/ZOTA_10062022111824_ZHCLQ4FY22.pdf,Pharmaceuticals,Zota Health Care Ltd.,Jun,Q4
30362,ZOTA_FY2021_Q2,ZOTA,FY2021,Q2,Sep 2020,,https://archives.nseindia.com/corporate/ZOTA_09092020172722_ResultsPresentationQ1FY21.pdf,Pharmaceuticals,Zota Health Care Ltd.,Sep,Q1
30363,ZOTA_FY2021_Q1,ZOTA,FY2021,Q1,Jun 2020,,https://archives.nseindia.com/corporate/ZOTA_27062020174713_ResultsPresentationQ4andFY20.pdf,Pharmaceuticals,Zota Health Care Ltd.,Jun,Q4
30388,ZYDUSLIFE_FY2020_Q4,ZYDUSLIFE,FY2020,Q4,Mar 2020,https://www.zyduscadila.com/public/pdf/teleconferences/CadilaHealthcareQ3_2019-20ResultsConference_Call.pdf,,Pharmaceuticals,Zydus Lifesciences Ltd.,Mar,Q3
30390,ZYDUSLIFE_FY2020_Q1,ZYDUSLIFE,FY2020,Q1,Jun 2019,https://www.zyduscadila.com/public/pdf/teleconferences/CHL-Q4-FY-19-Transcript.pdf,https://www.bseindia.com/xml-data/corpfiling/AttachHis/c88b8319-b51e-42d9-8551-b397e672d247.pdf,Pharmaceuticals,Zydus Lifesciences Ltd.,Jun,Q4
30392,ZYDUSLIFE_FY2019_Q1,ZYDUSLIFE,FY2019,Q1,Jun 2018,,https://www.bseindia.com/xml-data/corpfiling/CorpAttachment/2018/6/a9a696d1-3cb4-4274-8cc0-527cc2a3124e.pdf,Pharmaceuticals,Zydus Lifesciences Ltd.,Jun,Q4
30395,ZYDUSLIFE_FY2018_Q1,ZYDUSLIFE,FY2018,Q1,Jun 2017,https://www.zyduscadila.com/public/pdf/teleconferences/CHL-Transcript-Q1-FY18-Final.pdf,https://www.bseindia.com/xml-data/corpfiling/CorpAttachment/2017/6/931731ed-ad4f-425e-a4c3-c57158ef40cd.pdf,Pharmaceuticals,Zydus Lifesciences Ltd.,Jun,Q4
30396,ZYDUSLIFE_FY2017_Q4,ZYDUSLIFE,FY2017,Q4,Mar 2017,,https://www.bseindia.com/xml-data/corpfiling/CorpAttachment/2017/3/ebca1722-0ccc-46bc-9e76-bfa76af90be5.pdf,Pharmaceuticals,Zydus Lifesciences Ltd.,Mar,Q3
31568,TMPV_FY2024_Q2,TMPV,FY2024,Q2,Sep 2023,https://www.bseindia.com/xml-data/corpfiling/AttachHis/3a82121b-4528-440d-ad7f-22728f47a946.pdf,https://www.tatamotors.com/wp-content/uploads/2023/11/q2fy24-presentation.pdf,Passenger Cars & Utility Vehicles,Tata Motors Passenger Vehicles Ltd.,Sep,Q1